route;date;hour;prediction
1;2025-11-01;0;3
1;2025-11-01;1;0
1;2025-11-01;2;0
1;2025-11-01;3;0
1;2025-11-01;4;6
1;2025-11-01;5;115
1;2025-11-01;6;405
1;2025-11-01;7;1276
1;2025-11-01;8;1549
1;2025-11-01;9;1205
1;2025-11-01;10;1073
1;2025-11-01;11;1145
1;2025-11-01;12;1141
1;2025-11-01;13;1182
1;2025-11-01;14;1110
1;2025-11-01;15;1252
1;2025-11-01;16;1349
1;2025-11-01;17;1542
1;2025-11-01;18;1247
1;2025-11-01;19;1042
1;2025-11-01;20;668
1;2025-11-01;21;407
1;2025-11-01;22;149
1;2025-11-01;23;33
1;2025-11-02;0;0
1;2025-11-02;1;0
1;2025-11-02;2;0
1;2025-11-02;3;0
1;2025-11-02;4;0
1;2025-11-02;5;21
1;2025-11-02;6;115
1;2025-11-02;7;263
1;2025-11-02;8;355
1;2025-11-02;9;614
1;2025-11-02;10;683
1;2025-11-02;11;722
1;2025-11-02;12;831
1;2025-11-02;13;863
1;2025-11-02;14;804
1;2025-11-02;15;717
1;2025-11-02;16;661
1;2025-11-02;17;579
1;2025-11-02;18;502
1;2025-11-02;19;436
1;2025-11-02;20;334
1;2025-11-02;21;273
1;2025-11-02;22;99
1;2025-11-02;23;26
1;2025-11-03;0;0
1;2025-11-03;1;0
1;2025-11-03;2;0
1;2025-11-03;3;0
1;2025-11-03;4;0
1;2025-11-03;5;20
1;2025-11-03;6;111
1;2025-11-03;7;254
1;2025-11-03;8;343
1;2025-11-03;9;594
1;2025-11-03;10;661
1;2025-11-03;11;698
1;2025-11-03;12;804
1;2025-11-03;13;835
1;2025-11-03;14;777
1;2025-11-03;15;694
1;2025-11-03;16;639
1;2025-11-03;17;561
1;2025-11-03;18;485
1;2025-11-03;19;421
1;2025-11-03;20;322
1;2025-11-03;21;265
1;2025-11-03;22;96
1;2025-11-03;23;25
1;2025-11-04;0;0
1;2025-11-04;1;0
1;2025-11-04;2;0
1;2025-11-04;3;0
1;2025-11-04;4;0
1;2025-11-04;5;20
1;2025-11-04;6;111
1;2025-11-04;7;254
1;2025-11-04;8;343
1;2025-11-04;9;594
1;2025-11-04;10;661
1;2025-11-04;11;698
1;2025-11-04;12;804
1;2025-11-04;13;835
1;2025-11-04;14;777
1;2025-11-04;15;694
1;2025-11-04;16;639
1;2025-11-04;17;561
1;2025-11-04;18;485
1;2025-11-04;19;421
1;2025-11-04;20;322
1;2025-11-04;21;265
1;2025-11-04;22;96
1;2025-11-04;23;25
1;2025-11-05;0;4
1;2025-11-05;1;0
1;2025-11-05;2;0
1;2025-11-05;3;0
1;2025-11-05;4;10
1;2025-11-05;5;112
1;2025-11-05;6;496
1;2025-11-05;7;1515
1;2025-11-05;8;1977
1;2025-11-05;9;1464
1;2025-11-05;10;1354
1;2025-11-05;11;1333
1;2025-11-05;12;1394
1;2025-11-05;13;1432
1;2025-11-05;14;1352
1;2025-11-05;15;1469
1;2025-11-05;16;1483
1;2025-11-05;17;1759
1;2025-11-05;18;1788
1;2025-11-05;19;1335
1;2025-11-05;20;874
1;2025-11-05;21;475
1;2025-11-05;22;172
1;2025-11-05;23;34
1;2025-11-06;0;4
1;2025-11-06;1;0
1;2025-11-06;2;0
1;2025-11-06;3;0
1;2025-11-06;4;10
1;2025-11-06;5;112
1;2025-11-06;6;496
1;2025-11-06;7;1515
1;2025-11-06;8;1977
1;2025-11-06;9;1464
1;2025-11-06;10;1354
1;2025-11-06;11;1333
1;2025-11-06;12;1394
1;2025-11-06;13;1432
1;2025-11-06;14;1352
1;2025-11-06;15;1469
1;2025-11-06;16;1483
1;2025-11-06;17;1759
1;2025-11-06;18;1788
1;2025-11-06;19;1335
1;2025-11-06;20;874
1;2025-11-06;21;475
1;2025-11-06;22;172
1;2025-11-06;23;34
1;2025-11-07;0;4
1;2025-11-07;1;0
1;2025-11-07;2;0
1;2025-11-07;3;0
1;2025-11-07;4;7
1;2025-11-07;5;135
1;2025-11-07;6;476
1;2025-11-07;7;1500
1;2025-11-07;8;1823
1;2025-11-07;9;1418
1;2025-11-07;10;1262
1;2025-11-07;11;1347
1;2025-11-07;12;1343
1;2025-11-07;13;1390
1;2025-11-07;14;1306
1;2025-11-07;15;1474
1;2025-11-07;16;1588
1;2025-11-07;17;1814
1;2025-11-07;18;1466
1;2025-11-07;19;1226
1;2025-11-07;20;786
1;2025-11-07;21;478
1;2025-11-07;22;175
1;2025-11-07;23;39
1;2025-11-08;0;4
1;2025-11-08;1;0
1;2025-11-08;2;0
1;2025-11-08;3;0
1;2025-11-08;4;1
1;2025-11-08;5;30
1;2025-11-08;6;151
1;2025-11-08;7;350
1;2025-11-08;8;484
1;2025-11-08;9;747
1;2025-11-08;10;915
1;2025-11-08;11;898
1;2025-11-08;12;1084
1;2025-11-08;13;1132
1;2025-11-08;14;1052
1;2025-11-08;15;911
1;2025-11-08;16;776
1;2025-11-08;17;728
1;2025-11-08;18;638
1;2025-11-08;19;550
1;2025-11-08;20;422
1;2025-11-08;21;296
1;2025-11-08;22;118
1;2025-11-08;23;24
1;2025-11-09;0;0
1;2025-11-09;1;0
1;2025-11-09;2;0
1;2025-11-09;3;0
1;2025-11-09;4;0
1;2025-11-09;5;21
1;2025-11-09;6;115
1;2025-11-09;7;263
1;2025-11-09;8;355
1;2025-11-09;9;614
1;2025-11-09;10;683
1;2025-11-09;11;722
1;2025-11-09;12;831
1;2025-11-09;13;863
1;2025-11-09;14;804
1;2025-11-09;15;717
1;2025-11-09;16;661
1;2025-11-09;17;579
1;2025-11-09;18;502
1;2025-11-09;19;436
1;2025-11-09;20;334
1;2025-11-09;21;273
1;2025-11-09;22;99
1;2025-11-09;23;26
1;2025-11-10;0;0
1;2025-11-10;1;0
1;2025-11-10;2;0
1;2025-11-10;3;0
1;2025-11-10;4;9
1;2025-11-10;5;132
1;2025-11-10;6;478
1;2025-11-10;7;1424
1;2025-11-10;8;1933
1;2025-11-10;9;1457
1;2025-11-10;10;1234
1;2025-11-10;11;1238
1;2025-11-10;12;1366
1;2025-11-10;13;1448
1;2025-11-10;14;1454
1;2025-11-10;15;1563
1;2025-11-10;16;1609
1;2025-11-10;17;1848
1;2025-11-10;18;2013
1;2025-11-10;19;1423
1;2025-11-10;20;892
1;2025-11-10;21;438
1;2025-11-10;22;174
1;2025-11-10;23;52
1;2025-11-11;0;4
1;2025-11-11;1;0
1;2025-11-11;2;0
1;2025-11-11;3;0
1;2025-11-11;4;10
1;2025-11-11;5;112
1;2025-11-11;6;496
1;2025-11-11;7;1515
1;2025-11-11;8;1977
1;2025-11-11;9;1464
1;2025-11-11;10;1354
1;2025-11-11;11;1333
1;2025-11-11;12;1394
1;2025-11-11;13;1432
1;2025-11-11;14;1352
1;2025-11-11;15;1469
1;2025-11-11;16;1483
1;2025-11-11;17;1759
1;2025-11-11;18;1788
1;2025-11-11;19;1335
1;2025-11-11;20;874
1;2025-11-11;21;475
1;2025-11-11;22;172
1;2025-11-11;23;34
1;2025-11-12;0;4
1;2025-11-12;1;0
1;2025-11-12;2;0
1;2025-11-12;3;0
1;2025-11-12;4;10
1;2025-11-12;5;112
1;2025-11-12;6;496
1;2025-11-12;7;1515
1;2025-11-12;8;1977
1;2025-11-12;9;1464
1;2025-11-12;10;1354
1;2025-11-12;11;1333
1;2025-11-12;12;1394
1;2025-11-12;13;1432
1;2025-11-12;14;1352
1;2025-11-12;15;1469
1;2025-11-12;16;1483
1;2025-11-12;17;1759
1;2025-11-12;18;1788
1;2025-11-12;19;1335
1;2025-11-12;20;874
1;2025-11-12;21;475
1;2025-11-12;22;172
1;2025-11-12;23;34
1;2025-11-13;0;4
1;2025-11-13;1;0
1;2025-11-13;2;0
1;2025-11-13;3;0
1;2025-11-13;4;10
1;2025-11-13;5;112
1;2025-11-13;6;496
1;2025-11-13;7;1515
1;2025-11-13;8;1977
1;2025-11-13;9;1464
1;2025-11-13;10;1354
1;2025-11-13;11;1333
1;2025-11-13;12;1394
1;2025-11-13;13;1432
1;2025-11-13;14;1352
1;2025-11-13;15;1469
1;2025-11-13;16;1483
1;2025-11-13;17;1759
1;2025-11-13;18;1788
1;2025-11-13;19;1335
1;2025-11-13;20;874
1;2025-11-13;21;475
1;2025-11-13;22;172
1;2025-11-13;23;34
1;2025-11-14;0;4
1;2025-11-14;1;0
1;2025-11-14;2;0
1;2025-11-14;3;0
1;2025-11-14;4;7
1;2025-11-14;5;135
1;2025-11-14;6;476
1;2025-11-14;7;1500
1;2025-11-14;8;1823
1;2025-11-14;9;1418
1;2025-11-14;10;1262
1;2025-11-14;11;1347
1;2025-11-14;12;1343
1;2025-11-14;13;1390
1;2025-11-14;14;1306
1;2025-11-14;15;1474
1;2025-11-14;16;1588
1;2025-11-14;17;1814
1;2025-11-14;18;1466
1;2025-11-14;19;1226
1;2025-11-14;20;786
1;2025-11-14;21;478
1;2025-11-14;22;175
1;2025-11-14;23;39
1;2025-11-15;0;4
1;2025-11-15;1;0
1;2025-11-15;2;0
1;2025-11-15;3;0
1;2025-11-15;4;0
1;2025-11-15;5;29
1;2025-11-15;6;143
1;2025-11-15;7;332
1;2025-11-15;8;460
1;2025-11-15;9;709
1;2025-11-15;10;868
1;2025-11-15;11;852
1;2025-11-15;12;1027
1;2025-11-15;13;1074
1;2025-11-15;14;997
1;2025-11-15;15;864
1;2025-11-15;16;736
1;2025-11-15;17;691
1;2025-11-15;18;605
1;2025-11-15;19;521
1;2025-11-15;20;400
1;2025-11-15;21;281
1;2025-11-15;22;111
1;2025-11-15;23;24
1;2025-11-16;0;0
1;2025-11-16;1;0
1;2025-11-16;2;0
1;2025-11-16;3;0
1;2025-11-16;4;0
1;2025-11-16;5;21
1;2025-11-16;6;115
1;2025-11-16;7;263
1;2025-11-16;8;355
1;2025-11-16;9;614
1;2025-11-16;10;683
1;2025-11-16;11;722
1;2025-11-16;12;831
1;2025-11-16;13;863
1;2025-11-16;14;804
1;2025-11-16;15;717
1;2025-11-16;16;661
1;2025-11-16;17;579
1;2025-11-16;18;502
1;2025-11-16;19;436
1;2025-11-16;20;334
1;2025-11-16;21;273
1;2025-11-16;22;99
1;2025-11-16;23;26
1;2025-11-17;0;0
1;2025-11-17;1;0
1;2025-11-17;2;0
1;2025-11-17;3;0
1;2025-11-17;4;9
1;2025-11-17;5;132
1;2025-11-17;6;478
1;2025-11-17;7;1424
1;2025-11-17;8;1933
1;2025-11-17;9;1457
1;2025-11-17;10;1234
1;2025-11-17;11;1238
1;2025-11-17;12;1366
1;2025-11-17;13;1448
1;2025-11-17;14;1454
1;2025-11-17;15;1563
1;2025-11-17;16;1609
1;2025-11-17;17;1848
1;2025-11-17;18;2013
1;2025-11-17;19;1423
1;2025-11-17;20;892
1;2025-11-17;21;438
1;2025-11-17;22;174
1;2025-11-17;23;52
1;2025-11-18;0;4
1;2025-11-18;1;0
1;2025-11-18;2;0
1;2025-11-18;3;0
1;2025-11-18;4;10
1;2025-11-18;5;112
1;2025-11-18;6;496
1;2025-11-18;7;1515
1;2025-11-18;8;1977
1;2025-11-18;9;1464
1;2025-11-18;10;1354
1;2025-11-18;11;1333
1;2025-11-18;12;1394
1;2025-11-18;13;1432
1;2025-11-18;14;1352
1;2025-11-18;15;1469
1;2025-11-18;16;1483
1;2025-11-18;17;1759
1;2025-11-18;18;1788
1;2025-11-18;19;1335
1;2025-11-18;20;874
1;2025-11-18;21;475
1;2025-11-18;22;172
1;2025-11-18;23;34
1;2025-11-19;0;4
1;2025-11-19;1;0
1;2025-11-19;2;0
1;2025-11-19;3;0
1;2025-11-19;4;10
1;2025-11-19;5;112
1;2025-11-19;6;496
1;2025-11-19;7;1515
1;2025-11-19;8;1977
1;2025-11-19;9;1464
1;2025-11-19;10;1354
1;2025-11-19;11;1333
1;2025-11-19;12;1394
1;2025-11-19;13;1432
1;2025-11-19;14;1352
1;2025-11-19;15;1469
1;2025-11-19;16;1483
1;2025-11-19;17;1759
1;2025-11-19;18;1788
1;2025-11-19;19;1335
1;2025-11-19;20;874
1;2025-11-19;21;475
1;2025-11-19;22;172
1;2025-11-19;23;34
1;2025-11-20;0;4
1;2025-11-20;1;0
1;2025-11-20;2;0
1;2025-11-20;3;0
1;2025-11-20;4;10
1;2025-11-20;5;112
1;2025-11-20;6;496
1;2025-11-20;7;1515
1;2025-11-20;8;1977
1;2025-11-20;9;1464
1;2025-11-20;10;1354
1;2025-11-20;11;1333
1;2025-11-20;12;1394
1;2025-11-20;13;1432
1;2025-11-20;14;1352
1;2025-11-20;15;1469
1;2025-11-20;16;1483
1;2025-11-20;17;1759
1;2025-11-20;18;1788
1;2025-11-20;19;1335
1;2025-11-20;20;874
1;2025-11-20;21;475
1;2025-11-20;22;172
1;2025-11-20;23;34
1;2025-11-21;0;4
1;2025-11-21;1;0
1;2025-11-21;2;0
1;2025-11-21;3;0
1;2025-11-21;4;7
1;2025-11-21;5;135
1;2025-11-21;6;476
1;2025-11-21;7;1500
1;2025-11-21;8;1823
1;2025-11-21;9;1418
1;2025-11-21;10;1262
1;2025-11-21;11;1347
1;2025-11-21;12;1343
1;2025-11-21;13;1390
1;2025-11-21;14;1306
1;2025-11-21;15;1474
1;2025-11-21;16;1588
1;2025-11-21;17;1814
1;2025-11-21;18;1466
1;2025-11-21;19;1226
1;2025-11-21;20;786
1;2025-11-21;21;478
1;2025-11-21;22;175
1;2025-11-21;23;39
1;2025-11-22;0;4
1;2025-11-22;1;0
1;2025-11-22;2;0
1;2025-11-22;3;0
1;2025-11-22;4;1
1;2025-11-22;5;30
1;2025-11-22;6;151
1;2025-11-22;7;350
1;2025-11-22;8;484
1;2025-11-22;9;747
1;2025-11-22;10;915
1;2025-11-22;11;898
1;2025-11-22;12;1084
1;2025-11-22;13;1132
1;2025-11-22;14;1052
1;2025-11-22;15;911
1;2025-11-22;16;776
1;2025-11-22;17;728
1;2025-11-22;18;638
1;2025-11-22;19;550
1;2025-11-22;20;422
1;2025-11-22;21;296
1;2025-11-22;22;118
1;2025-11-22;23;24
1;2025-11-23;0;0
1;2025-11-23;1;0
1;2025-11-23;2;0
1;2025-11-23;3;0
1;2025-11-23;4;0
1;2025-11-23;5;21
1;2025-11-23;6;115
1;2025-11-23;7;263
1;2025-11-23;8;355
1;2025-11-23;9;614
1;2025-11-23;10;683
1;2025-11-23;11;722
1;2025-11-23;12;831
1;2025-11-23;13;863
1;2025-11-23;14;804
1;2025-11-23;15;717
1;2025-11-23;16;661
1;2025-11-23;17;579
1;2025-11-23;18;502
1;2025-11-23;19;436
1;2025-11-23;20;334
1;2025-11-23;21;273
1;2025-11-23;22;99
1;2025-11-23;23;26
1;2025-11-24;0;0
1;2025-11-24;1;0
1;2025-11-24;2;0
1;2025-11-24;3;0
1;2025-11-24;4;9
1;2025-11-24;5;132
1;2025-11-24;6;478
1;2025-11-24;7;1424
1;2025-11-24;8;1933
1;2025-11-24;9;1457
1;2025-11-24;10;1234
1;2025-11-24;11;1238
1;2025-11-24;12;1366
1;2025-11-24;13;1448
1;2025-11-24;14;1454
1;2025-11-24;15;1563
1;2025-11-24;16;1609
1;2025-11-24;17;1848
1;2025-11-24;18;2013
1;2025-11-24;19;1423
1;2025-11-24;20;892
1;2025-11-24;21;438
1;2025-11-24;22;174
1;2025-11-24;23;52
1;2025-11-25;0;4
1;2025-11-25;1;0
1;2025-11-25;2;0
1;2025-11-25;3;0
1;2025-11-25;4;10
1;2025-11-25;5;112
1;2025-11-25;6;496
1;2025-11-25;7;1515
1;2025-11-25;8;1977
1;2025-11-25;9;1464
1;2025-11-25;10;1354
1;2025-11-25;11;1333
1;2025-11-25;12;1394
1;2025-11-25;13;1432
1;2025-11-25;14;1352
1;2025-11-25;15;1469
1;2025-11-25;16;1483
1;2025-11-25;17;1759
1;2025-11-25;18;1788
1;2025-11-25;19;1335
1;2025-11-25;20;874
1;2025-11-25;21;475
1;2025-11-25;22;172
1;2025-11-25;23;34
1;2025-11-26;0;4
1;2025-11-26;1;0
1;2025-11-26;2;0
1;2025-11-26;3;0
1;2025-11-26;4;10
1;2025-11-26;5;112
1;2025-11-26;6;496
1;2025-11-26;7;1515
1;2025-11-26;8;1977
1;2025-11-26;9;1464
1;2025-11-26;10;1354
1;2025-11-26;11;1333
1;2025-11-26;12;1394
1;2025-11-26;13;1432
1;2025-11-26;14;1352
1;2025-11-26;15;1469
1;2025-11-26;16;1483
1;2025-11-26;17;1759
1;2025-11-26;18;1788
1;2025-11-26;19;1335
1;2025-11-26;20;874
1;2025-11-26;21;475
1;2025-11-26;22;172
1;2025-11-26;23;34
1;2025-11-27;0;4
1;2025-11-27;1;0
1;2025-11-27;2;0
1;2025-11-27;3;0
1;2025-11-27;4;10
1;2025-11-27;5;112
1;2025-11-27;6;496
1;2025-11-27;7;1515
1;2025-11-27;8;1977
1;2025-11-27;9;1464
1;2025-11-27;10;1354
1;2025-11-27;11;1333
1;2025-11-27;12;1394
1;2025-11-27;13;1432
1;2025-11-27;14;1352
1;2025-11-27;15;1469
1;2025-11-27;16;1483
1;2025-11-27;17;1759
1;2025-11-27;18;1788
1;2025-11-27;19;1335
1;2025-11-27;20;874
1;2025-11-27;21;475
1;2025-11-27;22;172
1;2025-11-27;23;34
1;2025-11-28;0;4
1;2025-11-28;1;0
1;2025-11-28;2;0
1;2025-11-28;3;0
1;2025-11-28;4;7
1;2025-11-28;5;135
1;2025-11-28;6;476
1;2025-11-28;7;1500
1;2025-11-28;8;1823
1;2025-11-28;9;1418
1;2025-11-28;10;1262
1;2025-11-28;11;1347
1;2025-11-28;12;1343
1;2025-11-28;13;1390
1;2025-11-28;14;1306
1;2025-11-28;15;1474
1;2025-11-28;16;1588
1;2025-11-28;17;1814
1;2025-11-28;18;1466
1;2025-11-28;19;1226
1;2025-11-28;20;786
1;2025-11-28;21;478
1;2025-11-28;22;175
1;2025-11-28;23;39
1;2025-11-29;0;4
1;2025-11-29;1;0
1;2025-11-29;2;0
1;2025-11-29;3;0
1;2025-11-29;4;1
1;2025-11-29;5;30
1;2025-11-29;6;151
1;2025-11-29;7;350
1;2025-11-29;8;484
1;2025-11-29;9;747
1;2025-11-29;10;915
1;2025-11-29;11;898
1;2025-11-29;12;1084
1;2025-11-29;13;1132
1;2025-11-29;14;1052
1;2025-11-29;15;911
1;2025-11-29;16;776
1;2025-11-29;17;728
1;2025-11-29;18;638
1;2025-11-29;19;550
1;2025-11-29;20;422
1;2025-11-29;21;296
1;2025-11-29;22;118
1;2025-11-29;23;24
1;2025-11-30;0;0
1;2025-11-30;1;0
1;2025-11-30;2;0
1;2025-11-30;3;0
1;2025-11-30;4;0
1;2025-11-30;5;21
1;2025-11-30;6;115
1;2025-11-30;7;263
1;2025-11-30;8;355
1;2025-11-30;9;614
1;2025-11-30;10;683
1;2025-11-30;11;722
1;2025-11-30;12;831
1;2025-11-30;13;863
1;2025-11-30;14;804
1;2025-11-30;15;717
1;2025-11-30;16;661
1;2025-11-30;17;579
1;2025-11-30;18;502
1;2025-11-30;19;436
1;2025-11-30;20;334
1;2025-11-30;21;273
1;2025-11-30;22;99
1;2025-11-30;23;26
1;2025-12-01;0;0
1;2025-12-01;1;0
1;2025-12-01;2;0
1;2025-12-01;3;0
1;2025-12-01;4;9
1;2025-12-01;5;132
1;2025-12-01;6;478
1;2025-12-01;7;1424
1;2025-12-01;8;1933
1;2025-12-01;9;1457
1;2025-12-01;10;1234
1;2025-12-01;11;1238
1;2025-12-01;12;1366
1;2025-12-01;13;1448
1;2025-12-01;14;1454
1;2025-12-01;15;1563
1;2025-12-01;16;1609
1;2025-12-01;17;1848
1;2025-12-01;18;2013
1;2025-12-01;19;1423
1;2025-12-01;20;892
1;2025-12-01;21;438
1;2025-12-01;22;174
1;2025-12-01;23;52
1;2025-12-02;0;4
1;2025-12-02;1;0
1;2025-12-02;2;0
1;2025-12-02;3;0
1;2025-12-02;4;10
1;2025-12-02;5;112
1;2025-12-02;6;496
1;2025-12-02;7;1515
1;2025-12-02;8;1977
1;2025-12-02;9;1464
1;2025-12-02;10;1354
1;2025-12-02;11;1333
1;2025-12-02;12;1394
1;2025-12-02;13;1432
1;2025-12-02;14;1352
1;2025-12-02;15;1469
1;2025-12-02;16;1483
1;2025-12-02;17;1759
1;2025-12-02;18;1788
1;2025-12-02;19;1335
1;2025-12-02;20;874
1;2025-12-02;21;475
1;2025-12-02;22;172
1;2025-12-02;23;34
1;2025-12-03;0;4
1;2025-12-03;1;0
1;2025-12-03;2;0
1;2025-12-03;3;0
1;2025-12-03;4;10
1;2025-12-03;5;112
1;2025-12-03;6;496
1;2025-12-03;7;1515
1;2025-12-03;8;1977
1;2025-12-03;9;1464
1;2025-12-03;10;1354
1;2025-12-03;11;1333
1;2025-12-03;12;1394
1;2025-12-03;13;1432
1;2025-12-03;14;1352
1;2025-12-03;15;1469
1;2025-12-03;16;1483
1;2025-12-03;17;1759
1;2025-12-03;18;1788
1;2025-12-03;19;1335
1;2025-12-03;20;874
1;2025-12-03;21;475
1;2025-12-03;22;172
1;2025-12-03;23;34
1;2025-12-04;0;4
1;2025-12-04;1;0
1;2025-12-04;2;0
1;2025-12-04;3;0
1;2025-12-04;4;10
1;2025-12-04;5;112
1;2025-12-04;6;496
1;2025-12-04;7;1515
1;2025-12-04;8;1977
1;2025-12-04;9;1464
1;2025-12-04;10;1354
1;2025-12-04;11;1333
1;2025-12-04;12;1394
1;2025-12-04;13;1432
1;2025-12-04;14;1352
1;2025-12-04;15;1469
1;2025-12-04;16;1483
1;2025-12-04;17;1759
1;2025-12-04;18;1788
1;2025-12-04;19;1335
1;2025-12-04;20;874
1;2025-12-04;21;475
1;2025-12-04;22;172
1;2025-12-04;23;34
1;2025-12-05;0;4
1;2025-12-05;1;0
1;2025-12-05;2;0
1;2025-12-05;3;0
1;2025-12-05;4;7
1;2025-12-05;5;135
1;2025-12-05;6;476
1;2025-12-05;7;1500
1;2025-12-05;8;1823
1;2025-12-05;9;1418
1;2025-12-05;10;1262
1;2025-12-05;11;1347
1;2025-12-05;12;1343
1;2025-12-05;13;1390
1;2025-12-05;14;1306
1;2025-12-05;15;1474
1;2025-12-05;16;1588
1;2025-12-05;17;1814
1;2025-12-05;18;1466
1;2025-12-05;19;1226
1;2025-12-05;20;786
1;2025-12-05;21;478
1;2025-12-05;22;175
1;2025-12-05;23;39
1;2025-12-06;0;4
1;2025-12-06;1;0
1;2025-12-06;2;0
1;2025-12-06;3;0
1;2025-12-06;4;1
1;2025-12-06;5;30
1;2025-12-06;6;151
1;2025-12-06;7;350
1;2025-12-06;8;484
1;2025-12-06;9;747
1;2025-12-06;10;915
1;2025-12-06;11;898
1;2025-12-06;12;1084
1;2025-12-06;13;1132
1;2025-12-06;14;1052
1;2025-12-06;15;911
1;2025-12-06;16;776
1;2025-12-06;17;728
1;2025-12-06;18;638
1;2025-12-06;19;550
1;2025-12-06;20;422
1;2025-12-06;21;296
1;2025-12-06;22;118
1;2025-12-06;23;24
1;2025-12-07;0;0
1;2025-12-07;1;0
1;2025-12-07;2;0
1;2025-12-07;3;0
1;2025-12-07;4;0
1;2025-12-07;5;21
1;2025-12-07;6;115
1;2025-12-07;7;263
1;2025-12-07;8;355
1;2025-12-07;9;614
1;2025-12-07;10;683
1;2025-12-07;11;722
1;2025-12-07;12;831
1;2025-12-07;13;863
1;2025-12-07;14;804
1;2025-12-07;15;717
1;2025-12-07;16;661
1;2025-12-07;17;579
1;2025-12-07;18;502
1;2025-12-07;19;436
1;2025-12-07;20;334
1;2025-12-07;21;273
1;2025-12-07;22;99
1;2025-12-07;23;26
1;2025-12-08;0;0
1;2025-12-08;1;0
1;2025-12-08;2;0
1;2025-12-08;3;0
1;2025-12-08;4;9
1;2025-12-08;5;132
1;2025-12-08;6;478
1;2025-12-08;7;1424
1;2025-12-08;8;1933
1;2025-12-08;9;1457
1;2025-12-08;10;1234
1;2025-12-08;11;1238
1;2025-12-08;12;1366
1;2025-12-08;13;1448
1;2025-12-08;14;1454
1;2025-12-08;15;1563
1;2025-12-08;16;1609
1;2025-12-08;17;1848
1;2025-12-08;18;2013
1;2025-12-08;19;1423
1;2025-12-08;20;892
1;2025-12-08;21;438
1;2025-12-08;22;174
1;2025-12-08;23;52
1;2025-12-09;0;4
1;2025-12-09;1;0
1;2025-12-09;2;0
1;2025-12-09;3;0
1;2025-12-09;4;10
1;2025-12-09;5;112
1;2025-12-09;6;496
1;2025-12-09;7;1515
1;2025-12-09;8;1977
1;2025-12-09;9;1464
1;2025-12-09;10;1354
1;2025-12-09;11;1333
1;2025-12-09;12;1394
1;2025-12-09;13;1432
1;2025-12-09;14;1352
1;2025-12-09;15;1469
1;2025-12-09;16;1483
1;2025-12-09;17;1759
1;2025-12-09;18;1788
1;2025-12-09;19;1335
1;2025-12-09;20;874
1;2025-12-09;21;475
1;2025-12-09;22;172
1;2025-12-09;23;34
1;2025-12-10;0;4
1;2025-12-10;1;0
1;2025-12-10;2;0
1;2025-12-10;3;0
1;2025-12-10;4;10
1;2025-12-10;5;112
1;2025-12-10;6;496
1;2025-12-10;7;1515
1;2025-12-10;8;1977
1;2025-12-10;9;1464
1;2025-12-10;10;1354
1;2025-12-10;11;1333
1;2025-12-10;12;1394
1;2025-12-10;13;1432
1;2025-12-10;14;1352
1;2025-12-10;15;1469
1;2025-12-10;16;1483
1;2025-12-10;17;1759
1;2025-12-10;18;1788
1;2025-12-10;19;1335
1;2025-12-10;20;874
1;2025-12-10;21;475
1;2025-12-10;22;172
1;2025-12-10;23;34
1;2025-12-11;0;4
1;2025-12-11;1;0
1;2025-12-11;2;0
1;2025-12-11;3;0
1;2025-12-11;4;10
1;2025-12-11;5;112
1;2025-12-11;6;496
1;2025-12-11;7;1515
1;2025-12-11;8;1977
1;2025-12-11;9;1464
1;2025-12-11;10;1354
1;2025-12-11;11;1333
1;2025-12-11;12;1394
1;2025-12-11;13;1432
1;2025-12-11;14;1352
1;2025-12-11;15;1469
1;2025-12-11;16;1483
1;2025-12-11;17;1759
1;2025-12-11;18;1788
1;2025-12-11;19;1335
1;2025-12-11;20;874
1;2025-12-11;21;475
1;2025-12-11;22;172
1;2025-12-11;23;34
1;2025-12-12;0;4
1;2025-12-12;1;0
1;2025-12-12;2;0
1;2025-12-12;3;0
1;2025-12-12;4;7
1;2025-12-12;5;135
1;2025-12-12;6;476
1;2025-12-12;7;1500
1;2025-12-12;8;1823
1;2025-12-12;9;1418
1;2025-12-12;10;1262
1;2025-12-12;11;1347
1;2025-12-12;12;1343
1;2025-12-12;13;1390
1;2025-12-12;14;1306
1;2025-12-12;15;1474
1;2025-12-12;16;1588
1;2025-12-12;17;1814
1;2025-12-12;18;1466
1;2025-12-12;19;1226
1;2025-12-12;20;786
1;2025-12-12;21;478
1;2025-12-12;22;175
1;2025-12-12;23;39
1;2025-12-13;0;4
1;2025-12-13;1;0
1;2025-12-13;2;0
1;2025-12-13;3;0
1;2025-12-13;4;1
1;2025-12-13;5;30
1;2025-12-13;6;151
1;2025-12-13;7;350
1;2025-12-13;8;484
1;2025-12-13;9;747
1;2025-12-13;10;915
1;2025-12-13;11;898
1;2025-12-13;12;1084
1;2025-12-13;13;1132
1;2025-12-13;14;1052
1;2025-12-13;15;911
1;2025-12-13;16;776
1;2025-12-13;17;728
1;2025-12-13;18;638
1;2025-12-13;19;550
1;2025-12-13;20;422
1;2025-12-13;21;296
1;2025-12-13;22;118
1;2025-12-13;23;24
1;2025-12-14;0;0
1;2025-12-14;1;0
1;2025-12-14;2;0
1;2025-12-14;3;0
1;2025-12-14;4;0
1;2025-12-14;5;21
1;2025-12-14;6;115
1;2025-12-14;7;263
1;2025-12-14;8;355
1;2025-12-14;9;614
1;2025-12-14;10;683
1;2025-12-14;11;722
1;2025-12-14;12;831
1;2025-12-14;13;863
1;2025-12-14;14;804
1;2025-12-14;15;717
1;2025-12-14;16;661
1;2025-12-14;17;579
1;2025-12-14;18;502
1;2025-12-14;19;436
1;2025-12-14;20;334
1;2025-12-14;21;273
1;2025-12-14;22;99
1;2025-12-14;23;26
1;2025-12-15;0;0
1;2025-12-15;1;0
1;2025-12-15;2;0
1;2025-12-15;3;0
1;2025-12-15;4;9
1;2025-12-15;5;132
1;2025-12-15;6;478
1;2025-12-15;7;1424
1;2025-12-15;8;1933
1;2025-12-15;9;1457
1;2025-12-15;10;1234
1;2025-12-15;11;1238
1;2025-12-15;12;1366
1;2025-12-15;13;1448
1;2025-12-15;14;1454
1;2025-12-15;15;1563
1;2025-12-15;16;1609
1;2025-12-15;17;1848
1;2025-12-15;18;2013
1;2025-12-15;19;1423
1;2025-12-15;20;892
1;2025-12-15;21;438
1;2025-12-15;22;174
1;2025-12-15;23;52
1;2025-12-16;0;4
1;2025-12-16;1;0
1;2025-12-16;2;0
1;2025-12-16;3;0
1;2025-12-16;4;10
1;2025-12-16;5;112
1;2025-12-16;6;496
1;2025-12-16;7;1515
1;2025-12-16;8;1977
1;2025-12-16;9;1464
1;2025-12-16;10;1354
1;2025-12-16;11;1333
1;2025-12-16;12;1394
1;2025-12-16;13;1432
1;2025-12-16;14;1352
1;2025-12-16;15;1469
1;2025-12-16;16;1483
1;2025-12-16;17;1759
1;2025-12-16;18;1788
1;2025-12-16;19;1335
1;2025-12-16;20;874
1;2025-12-16;21;475
1;2025-12-16;22;172
1;2025-12-16;23;34
1;2025-12-17;0;4
1;2025-12-17;1;0
1;2025-12-17;2;0
1;2025-12-17;3;0
1;2025-12-17;4;10
1;2025-12-17;5;112
1;2025-12-17;6;496
1;2025-12-17;7;1515
1;2025-12-17;8;1977
1;2025-12-17;9;1464
1;2025-12-17;10;1354
1;2025-12-17;11;1333
1;2025-12-17;12;1394
1;2025-12-17;13;1432
1;2025-12-17;14;1352
1;2025-12-17;15;1469
1;2025-12-17;16;1483
1;2025-12-17;17;1759
1;2025-12-17;18;1788
1;2025-12-17;19;1335
1;2025-12-17;20;874
1;2025-12-17;21;475
1;2025-12-17;22;172
1;2025-12-17;23;34
1;2025-12-18;0;4
1;2025-12-18;1;0
1;2025-12-18;2;0
1;2025-12-18;3;0
1;2025-12-18;4;10
1;2025-12-18;5;112
1;2025-12-18;6;496
1;2025-12-18;7;1515
1;2025-12-18;8;1977
1;2025-12-18;9;1464
1;2025-12-18;10;1354
1;2025-12-18;11;1333
1;2025-12-18;12;1394
1;2025-12-18;13;1432
1;2025-12-18;14;1352
1;2025-12-18;15;1469
1;2025-12-18;16;1483
1;2025-12-18;17;1759
1;2025-12-18;18;1788
1;2025-12-18;19;1335
1;2025-12-18;20;874
1;2025-12-18;21;475
1;2025-12-18;22;172
1;2025-12-18;23;34
1;2025-12-19;0;4
1;2025-12-19;1;0
1;2025-12-19;2;0
1;2025-12-19;3;0
1;2025-12-19;4;7
1;2025-12-19;5;135
1;2025-12-19;6;476
1;2025-12-19;7;1500
1;2025-12-19;8;1823
1;2025-12-19;9;1418
1;2025-12-19;10;1262
1;2025-12-19;11;1347
1;2025-12-19;12;1343
1;2025-12-19;13;1390
1;2025-12-19;14;1306
1;2025-12-19;15;1474
1;2025-12-19;16;1588
1;2025-12-19;17;1814
1;2025-12-19;18;1466
1;2025-12-19;19;1226
1;2025-12-19;20;786
1;2025-12-19;21;478
1;2025-12-19;22;175
1;2025-12-19;23;39
1;2025-12-20;0;4
1;2025-12-20;1;0
1;2025-12-20;2;0
1;2025-12-20;3;0
1;2025-12-20;4;1
1;2025-12-20;5;30
1;2025-12-20;6;151
1;2025-12-20;7;350
1;2025-12-20;8;484
1;2025-12-20;9;747
1;2025-12-20;10;915
1;2025-12-20;11;898
1;2025-12-20;12;1084
1;2025-12-20;13;1132
1;2025-12-20;14;1052
1;2025-12-20;15;911
1;2025-12-20;16;776
1;2025-12-20;17;728
1;2025-12-20;18;638
1;2025-12-20;19;550
1;2025-12-20;20;422
1;2025-12-20;21;296
1;2025-12-20;22;118
1;2025-12-20;23;24
1;2025-12-21;0;0
1;2025-12-21;1;0
1;2025-12-21;2;0
1;2025-12-21;3;0
1;2025-12-21;4;0
1;2025-12-21;5;21
1;2025-12-21;6;115
1;2025-12-21;7;263
1;2025-12-21;8;355
1;2025-12-21;9;614
1;2025-12-21;10;683
1;2025-12-21;11;722
1;2025-12-21;12;831
1;2025-12-21;13;863
1;2025-12-21;14;804
1;2025-12-21;15;717
1;2025-12-21;16;661
1;2025-12-21;17;579
1;2025-12-21;18;502
1;2025-12-21;19;436
1;2025-12-21;20;334
1;2025-12-21;21;273
1;2025-12-21;22;99
1;2025-12-21;23;26
1;2025-12-22;0;0
1;2025-12-22;1;0
1;2025-12-22;2;0
1;2025-12-22;3;0
1;2025-12-22;4;9
1;2025-12-22;5;132
1;2025-12-22;6;478
1;2025-12-22;7;1424
1;2025-12-22;8;1933
1;2025-12-22;9;1457
1;2025-12-22;10;1234
1;2025-12-22;11;1238
1;2025-12-22;12;1366
1;2025-12-22;13;1448
1;2025-12-22;14;1454
1;2025-12-22;15;1563
1;2025-12-22;16;1609
1;2025-12-22;17;1848
1;2025-12-22;18;2013
1;2025-12-22;19;1423
1;2025-12-22;20;892
1;2025-12-22;21;438
1;2025-12-22;22;174
1;2025-12-22;23;52
1;2025-12-23;0;4
1;2025-12-23;1;0
1;2025-12-23;2;0
1;2025-12-23;3;0
1;2025-12-23;4;10
1;2025-12-23;5;112
1;2025-12-23;6;496
1;2025-12-23;7;1515
1;2025-12-23;8;1977
1;2025-12-23;9;1464
1;2025-12-23;10;1354
1;2025-12-23;11;1333
1;2025-12-23;12;1394
1;2025-12-23;13;1432
1;2025-12-23;14;1352
1;2025-12-23;15;1469
1;2025-12-23;16;1483
1;2025-12-23;17;1759
1;2025-12-23;18;1788
1;2025-12-23;19;1335
1;2025-12-23;20;874
1;2025-12-23;21;475
1;2025-12-23;22;172
1;2025-12-23;23;34
1;2025-12-24;0;4
1;2025-12-24;1;0
1;2025-12-24;2;0
1;2025-12-24;3;0
1;2025-12-24;4;10
1;2025-12-24;5;112
1;2025-12-24;6;496
1;2025-12-24;7;1515
1;2025-12-24;8;1977
1;2025-12-24;9;1464
1;2025-12-24;10;1354
1;2025-12-24;11;1333
1;2025-12-24;12;1394
1;2025-12-24;13;1432
1;2025-12-24;14;1352
1;2025-12-24;15;1469
1;2025-12-24;16;1483
1;2025-12-24;17;1759
1;2025-12-24;18;1788
1;2025-12-24;19;1335
1;2025-12-24;20;874
1;2025-12-24;21;475
1;2025-12-24;22;172
1;2025-12-24;23;34
1;2025-12-25;0;4
1;2025-12-25;1;0
1;2025-12-25;2;0
1;2025-12-25;3;0
1;2025-12-25;4;10
1;2025-12-25;5;112
1;2025-12-25;6;496
1;2025-12-25;7;1515
1;2025-12-25;8;1977
1;2025-12-25;9;1464
1;2025-12-25;10;1354
1;2025-12-25;11;1333
1;2025-12-25;12;1394
1;2025-12-25;13;1432
1;2025-12-25;14;1352
1;2025-12-25;15;1469
1;2025-12-25;16;1483
1;2025-12-25;17;1759
1;2025-12-25;18;1788
1;2025-12-25;19;1335
1;2025-12-25;20;874
1;2025-12-25;21;475
1;2025-12-25;22;172
1;2025-12-25;23;34
1;2025-12-26;0;4
1;2025-12-26;1;0
1;2025-12-26;2;0
1;2025-12-26;3;0
1;2025-12-26;4;7
1;2025-12-26;5;135
1;2025-12-26;6;476
1;2025-12-26;7;1500
1;2025-12-26;8;1823
1;2025-12-26;9;1418
1;2025-12-26;10;1262
1;2025-12-26;11;1347
1;2025-12-26;12;1343
1;2025-12-26;13;1390
1;2025-12-26;14;1306
1;2025-12-26;15;1474
1;2025-12-26;16;1588
1;2025-12-26;17;1814
1;2025-12-26;18;1466
1;2025-12-26;19;1226
1;2025-12-26;20;786
1;2025-12-26;21;478
1;2025-12-26;22;175
1;2025-12-26;23;39
1;2025-12-27;0;4
1;2025-12-27;1;0
1;2025-12-27;2;0
1;2025-12-27;3;0
1;2025-12-27;4;1
1;2025-12-27;5;30
1;2025-12-27;6;151
1;2025-12-27;7;350
1;2025-12-27;8;484
1;2025-12-27;9;747
1;2025-12-27;10;915
1;2025-12-27;11;898
1;2025-12-27;12;1084
1;2025-12-27;13;1132
1;2025-12-27;14;1052
1;2025-12-27;15;911
1;2025-12-27;16;776
1;2025-12-27;17;728
1;2025-12-27;18;638
1;2025-12-27;19;550
1;2025-12-27;20;422
1;2025-12-27;21;296
1;2025-12-27;22;118
1;2025-12-27;23;24
1;2025-12-28;0;0
1;2025-12-28;1;0
1;2025-12-28;2;0
1;2025-12-28;3;0
1;2025-12-28;4;0
1;2025-12-28;5;21
1;2025-12-28;6;115
1;2025-12-28;7;263
1;2025-12-28;8;355
1;2025-12-28;9;614
1;2025-12-28;10;683
1;2025-12-28;11;722
1;2025-12-28;12;831
1;2025-12-28;13;863
1;2025-12-28;14;804
1;2025-12-28;15;717
1;2025-12-28;16;661
1;2025-12-28;17;579
1;2025-12-28;18;502
1;2025-12-28;19;436
1;2025-12-28;20;334
1;2025-12-28;21;273
1;2025-12-28;22;99
1;2025-12-28;23;26
1;2025-12-29;0;3
1;2025-12-29;1;0
1;2025-12-29;2;0
1;2025-12-29;3;0
1;2025-12-29;4;6
1;2025-12-29;5;117
1;2025-12-29;6;410
1;2025-12-29;7;1291
1;2025-12-29;8;1567
1;2025-12-29;9;1219
1;2025-12-29;10;1085
1;2025-12-29;11;1158
1;2025-12-29;12;1154
1;2025-12-29;13;1196
1;2025-12-29;14;1123
1;2025-12-29;15;1267
1;2025-12-29;16;1365
1;2025-12-29;17;1560
1;2025-12-29;18;1261
1;2025-12-29;19;1054
1;2025-12-29;20;676
1;2025-12-29;21;412
1;2025-12-29;22;151
1;2025-12-29;23;34
1;2025-12-30;0;3
1;2025-12-30;1;0
1;2025-12-30;2;0
1;2025-12-30;3;0
1;2025-12-30;4;6
1;2025-12-30;5;117
1;2025-12-30;6;410
1;2025-12-30;7;1291
1;2025-12-30;8;1567
1;2025-12-30;9;1219
1;2025-12-30;10;1085
1;2025-12-30;11;1158
1;2025-12-30;12;1154
1;2025-12-30;13;1196
1;2025-12-30;14;1123
1;2025-12-30;15;1267
1;2025-12-30;16;1365
1;2025-12-30;17;1560
1;2025-12-30;18;1261
1;2025-12-30;19;1054
1;2025-12-30;20;676
1;2025-12-30;21;412
1;2025-12-30;22;151
1;2025-12-30;23;34
1;2025-12-31;0;3
1;2025-12-31;1;0
1;2025-12-31;2;0
1;2025-12-31;3;0
1;2025-12-31;4;0
1;2025-12-31;5;26
1;2025-12-31;6;128
1;2025-12-31;7;298
1;2025-12-31;8;412
1;2025-12-31;9;635
1;2025-12-31;10;778
1;2025-12-31;11;763
1;2025-12-31;12;921
1;2025-12-31;13;962
1;2025-12-31;14;894
1;2025-12-31;15;775
1;2025-12-31;16;660
1;2025-12-31;17;619
1;2025-12-31;18;542
1;2025-12-31;19;257
1;2025-12-31;20;197
1;2025-12-31;21;138
1;2025-12-31;22;55
1;2025-12-31;23;12
5;2025-11-01;0;0
5;2025-11-01;1;0
5;2025-11-01;2;0
5;2025-11-01;3;0
5;2025-11-01;4;0
5;2025-11-01;5;0
5;2025-11-01;6;0
5;2025-11-01;7;0
5;2025-11-01;8;0
5;2025-11-01;9;0
5;2025-11-01;10;0
5;2025-11-01;11;0
5;2025-11-01;12;0
5;2025-11-01;13;0
5;2025-11-01;14;0
5;2025-11-01;15;0
5;2025-11-01;16;0
5;2025-11-01;17;0
5;2025-11-01;18;0
5;2025-11-01;19;0
5;2025-11-01;20;0
5;2025-11-01;21;0
5;2025-11-01;22;0
5;2025-11-01;23;0
5;2025-11-02;0;0
5;2025-11-02;1;0
5;2025-11-02;2;0
5;2025-11-02;3;0
5;2025-11-02;4;0
5;2025-11-02;5;0
5;2025-11-02;6;0
5;2025-11-02;7;0
5;2025-11-02;8;0
5;2025-11-02;9;0
5;2025-11-02;10;0
5;2025-11-02;11;0
5;2025-11-02;12;0
5;2025-11-02;13;0
5;2025-11-02;14;0
5;2025-11-02;15;0
5;2025-11-02;16;0
5;2025-11-02;17;0
5;2025-11-02;18;0
5;2025-11-02;19;0
5;2025-11-02;20;0
5;2025-11-02;21;0
5;2025-11-02;22;0
5;2025-11-02;23;0
5;2025-11-03;0;0
5;2025-11-03;1;0
5;2025-11-03;2;0
5;2025-11-03;3;0
5;2025-11-03;4;0
5;2025-11-03;5;0
5;2025-11-03;6;0
5;2025-11-03;7;0
5;2025-11-03;8;0
5;2025-11-03;9;0
5;2025-11-03;10;0
5;2025-11-03;11;0
5;2025-11-03;12;0
5;2025-11-03;13;0
5;2025-11-03;14;0
5;2025-11-03;15;0
5;2025-11-03;16;0
5;2025-11-03;17;0
5;2025-11-03;18;0
5;2025-11-03;19;0
5;2025-11-03;20;0
5;2025-11-03;21;0
5;2025-11-03;22;0
5;2025-11-03;23;0
5;2025-11-04;0;0
5;2025-11-04;1;0
5;2025-11-04;2;0
5;2025-11-04;3;0
5;2025-11-04;4;0
5;2025-11-04;5;0
5;2025-11-04;6;0
5;2025-11-04;7;0
5;2025-11-04;8;0
5;2025-11-04;9;0
5;2025-11-04;10;0
5;2025-11-04;11;0
5;2025-11-04;12;0
5;2025-11-04;13;0
5;2025-11-04;14;0
5;2025-11-04;15;0
5;2025-11-04;16;0
5;2025-11-04;17;0
5;2025-11-04;18;0
5;2025-11-04;19;0
5;2025-11-04;20;0
5;2025-11-04;21;0
5;2025-11-04;22;0
5;2025-11-04;23;0
5;2025-11-05;0;0
5;2025-11-05;1;0
5;2025-11-05;2;0
5;2025-11-05;3;0
5;2025-11-05;4;0
5;2025-11-05;5;0
5;2025-11-05;6;0
5;2025-11-05;7;0
5;2025-11-05;8;0
5;2025-11-05;9;0
5;2025-11-05;10;0
5;2025-11-05;11;0
5;2025-11-05;12;0
5;2025-11-05;13;0
5;2025-11-05;14;0
5;2025-11-05;15;0
5;2025-11-05;16;0
5;2025-11-05;17;0
5;2025-11-05;18;0
5;2025-11-05;19;0
5;2025-11-05;20;0
5;2025-11-05;21;0
5;2025-11-05;22;0
5;2025-11-05;23;0
5;2025-11-06;0;0
5;2025-11-06;1;0
5;2025-11-06;2;0
5;2025-11-06;3;0
5;2025-11-06;4;0
5;2025-11-06;5;0
5;2025-11-06;6;0
5;2025-11-06;7;0
5;2025-11-06;8;0
5;2025-11-06;9;0
5;2025-11-06;10;0
5;2025-11-06;11;0
5;2025-11-06;12;0
5;2025-11-06;13;0
5;2025-11-06;14;0
5;2025-11-06;15;0
5;2025-11-06;16;0
5;2025-11-06;17;0
5;2025-11-06;18;0
5;2025-11-06;19;0
5;2025-11-06;20;0
5;2025-11-06;21;0
5;2025-11-06;22;0
5;2025-11-06;23;0
5;2025-11-07;0;0
5;2025-11-07;1;0
5;2025-11-07;2;0
5;2025-11-07;3;0
5;2025-11-07;4;0
5;2025-11-07;5;0
5;2025-11-07;6;0
5;2025-11-07;7;0
5;2025-11-07;8;0
5;2025-11-07;9;0
5;2025-11-07;10;0
5;2025-11-07;11;0
5;2025-11-07;12;0
5;2025-11-07;13;0
5;2025-11-07;14;0
5;2025-11-07;15;0
5;2025-11-07;16;0
5;2025-11-07;17;0
5;2025-11-07;18;0
5;2025-11-07;19;0
5;2025-11-07;20;0
5;2025-11-07;21;0
5;2025-11-07;22;0
5;2025-11-07;23;0
5;2025-11-08;0;0
5;2025-11-08;1;0
5;2025-11-08;2;0
5;2025-11-08;3;0
5;2025-11-08;4;0
5;2025-11-08;5;0
5;2025-11-08;6;0
5;2025-11-08;7;0
5;2025-11-08;8;0
5;2025-11-08;9;0
5;2025-11-08;10;0
5;2025-11-08;11;0
5;2025-11-08;12;0
5;2025-11-08;13;0
5;2025-11-08;14;0
5;2025-11-08;15;0
5;2025-11-08;16;0
5;2025-11-08;17;0
5;2025-11-08;18;0
5;2025-11-08;19;0
5;2025-11-08;20;0
5;2025-11-08;21;0
5;2025-11-08;22;0
5;2025-11-08;23;0
5;2025-11-09;0;0
5;2025-11-09;1;0
5;2025-11-09;2;0
5;2025-11-09;3;0
5;2025-11-09;4;0
5;2025-11-09;5;0
5;2025-11-09;6;0
5;2025-11-09;7;0
5;2025-11-09;8;0
5;2025-11-09;9;0
5;2025-11-09;10;0
5;2025-11-09;11;0
5;2025-11-09;12;0
5;2025-11-09;13;0
5;2025-11-09;14;0
5;2025-11-09;15;0
5;2025-11-09;16;0
5;2025-11-09;17;0
5;2025-11-09;18;0
5;2025-11-09;19;0
5;2025-11-09;20;0
5;2025-11-09;21;0
5;2025-11-09;22;0
5;2025-11-09;23;0
5;2025-11-10;0;0
5;2025-11-10;1;0
5;2025-11-10;2;0
5;2025-11-10;3;0
5;2025-11-10;4;0
5;2025-11-10;5;0
5;2025-11-10;6;0
5;2025-11-10;7;0
5;2025-11-10;8;0
5;2025-11-10;9;0
5;2025-11-10;10;0
5;2025-11-10;11;0
5;2025-11-10;12;0
5;2025-11-10;13;0
5;2025-11-10;14;0
5;2025-11-10;15;0
5;2025-11-10;16;0
5;2025-11-10;17;0
5;2025-11-10;18;0
5;2025-11-10;19;0
5;2025-11-10;20;0
5;2025-11-10;21;0
5;2025-11-10;22;0
5;2025-11-10;23;0
5;2025-11-11;0;0
5;2025-11-11;1;0
5;2025-11-11;2;0
5;2025-11-11;3;0
5;2025-11-11;4;0
5;2025-11-11;5;0
5;2025-11-11;6;0
5;2025-11-11;7;0
5;2025-11-11;8;0
5;2025-11-11;9;0
5;2025-11-11;10;0
5;2025-11-11;11;0
5;2025-11-11;12;0
5;2025-11-11;13;0
5;2025-11-11;14;0
5;2025-11-11;15;0
5;2025-11-11;16;0
5;2025-11-11;17;0
5;2025-11-11;18;0
5;2025-11-11;19;0
5;2025-11-11;20;0
5;2025-11-11;21;0
5;2025-11-11;22;0
5;2025-11-11;23;0
5;2025-11-12;0;0
5;2025-11-12;1;0
5;2025-11-12;2;0
5;2025-11-12;3;0
5;2025-11-12;4;0
5;2025-11-12;5;0
5;2025-11-12;6;0
5;2025-11-12;7;0
5;2025-11-12;8;0
5;2025-11-12;9;0
5;2025-11-12;10;0
5;2025-11-12;11;0
5;2025-11-12;12;0
5;2025-11-12;13;0
5;2025-11-12;14;0
5;2025-11-12;15;0
5;2025-11-12;16;0
5;2025-11-12;17;0
5;2025-11-12;18;0
5;2025-11-12;19;0
5;2025-11-12;20;0
5;2025-11-12;21;0
5;2025-11-12;22;0
5;2025-11-12;23;0
5;2025-11-13;0;0
5;2025-11-13;1;0
5;2025-11-13;2;0
5;2025-11-13;3;0
5;2025-11-13;4;0
5;2025-11-13;5;0
5;2025-11-13;6;0
5;2025-11-13;7;0
5;2025-11-13;8;0
5;2025-11-13;9;0
5;2025-11-13;10;0
5;2025-11-13;11;0
5;2025-11-13;12;0
5;2025-11-13;13;0
5;2025-11-13;14;0
5;2025-11-13;15;0
5;2025-11-13;16;0
5;2025-11-13;17;0
5;2025-11-13;18;0
5;2025-11-13;19;0
5;2025-11-13;20;0
5;2025-11-13;21;0
5;2025-11-13;22;0
5;2025-11-13;23;0
5;2025-11-14;0;0
5;2025-11-14;1;0
5;2025-11-14;2;0
5;2025-11-14;3;0
5;2025-11-14;4;0
5;2025-11-14;5;0
5;2025-11-14;6;0
5;2025-11-14;7;0
5;2025-11-14;8;0
5;2025-11-14;9;0
5;2025-11-14;10;0
5;2025-11-14;11;0
5;2025-11-14;12;0
5;2025-11-14;13;0
5;2025-11-14;14;0
5;2025-11-14;15;0
5;2025-11-14;16;0
5;2025-11-14;17;0
5;2025-11-14;18;0
5;2025-11-14;19;0
5;2025-11-14;20;0
5;2025-11-14;21;0
5;2025-11-14;22;0
5;2025-11-14;23;0
5;2025-11-15;0;0
5;2025-11-15;1;0
5;2025-11-15;2;0
5;2025-11-15;3;0
5;2025-11-15;4;0
5;2025-11-15;5;0
5;2025-11-15;6;0
5;2025-11-15;7;0
5;2025-11-15;8;0
5;2025-11-15;9;0
5;2025-11-15;10;0
5;2025-11-15;11;0
5;2025-11-15;12;0
5;2025-11-15;13;0
5;2025-11-15;14;0
5;2025-11-15;15;0
5;2025-11-15;16;0
5;2025-11-15;17;0
5;2025-11-15;18;0
5;2025-11-15;19;0
5;2025-11-15;20;0
5;2025-11-15;21;0
5;2025-11-15;22;0
5;2025-11-15;23;0
5;2025-11-16;0;0
5;2025-11-16;1;0
5;2025-11-16;2;0
5;2025-11-16;3;0
5;2025-11-16;4;0
5;2025-11-16;5;0
5;2025-11-16;6;0
5;2025-11-16;7;0
5;2025-11-16;8;0
5;2025-11-16;9;0
5;2025-11-16;10;0
5;2025-11-16;11;0
5;2025-11-16;12;0
5;2025-11-16;13;0
5;2025-11-16;14;0
5;2025-11-16;15;0
5;2025-11-16;16;0
5;2025-11-16;17;0
5;2025-11-16;18;0
5;2025-11-16;19;0
5;2025-11-16;20;0
5;2025-11-16;21;0
5;2025-11-16;22;0
5;2025-11-16;23;0
5;2025-11-17;0;0
5;2025-11-17;1;0
5;2025-11-17;2;0
5;2025-11-17;3;0
5;2025-11-17;4;0
5;2025-11-17;5;0
5;2025-11-17;6;0
5;2025-11-17;7;0
5;2025-11-17;8;0
5;2025-11-17;9;0
5;2025-11-17;10;0
5;2025-11-17;11;0
5;2025-11-17;12;0
5;2025-11-17;13;0
5;2025-11-17;14;0
5;2025-11-17;15;0
5;2025-11-17;16;0
5;2025-11-17;17;0
5;2025-11-17;18;0
5;2025-11-17;19;0
5;2025-11-17;20;0
5;2025-11-17;21;0
5;2025-11-17;22;0
5;2025-11-17;23;0
5;2025-11-18;0;0
5;2025-11-18;1;0
5;2025-11-18;2;0
5;2025-11-18;3;0
5;2025-11-18;4;0
5;2025-11-18;5;0
5;2025-11-18;6;0
5;2025-11-18;7;0
5;2025-11-18;8;0
5;2025-11-18;9;0
5;2025-11-18;10;0
5;2025-11-18;11;0
5;2025-11-18;12;0
5;2025-11-18;13;0
5;2025-11-18;14;0
5;2025-11-18;15;0
5;2025-11-18;16;0
5;2025-11-18;17;0
5;2025-11-18;18;0
5;2025-11-18;19;0
5;2025-11-18;20;0
5;2025-11-18;21;0
5;2025-11-18;22;0
5;2025-11-18;23;0
5;2025-11-19;0;0
5;2025-11-19;1;0
5;2025-11-19;2;0
5;2025-11-19;3;0
5;2025-11-19;4;0
5;2025-11-19;5;0
5;2025-11-19;6;0
5;2025-11-19;7;0
5;2025-11-19;8;0
5;2025-11-19;9;0
5;2025-11-19;10;0
5;2025-11-19;11;0
5;2025-11-19;12;0
5;2025-11-19;13;0
5;2025-11-19;14;0
5;2025-11-19;15;0
5;2025-11-19;16;0
5;2025-11-19;17;0
5;2025-11-19;18;0
5;2025-11-19;19;0
5;2025-11-19;20;0
5;2025-11-19;21;0
5;2025-11-19;22;0
5;2025-11-19;23;0
5;2025-11-20;0;0
5;2025-11-20;1;0
5;2025-11-20;2;0
5;2025-11-20;3;0
5;2025-11-20;4;0
5;2025-11-20;5;0
5;2025-11-20;6;0
5;2025-11-20;7;0
5;2025-11-20;8;0
5;2025-11-20;9;0
5;2025-11-20;10;0
5;2025-11-20;11;0
5;2025-11-20;12;0
5;2025-11-20;13;0
5;2025-11-20;14;0
5;2025-11-20;15;0
5;2025-11-20;16;0
5;2025-11-20;17;0
5;2025-11-20;18;0
5;2025-11-20;19;0
5;2025-11-20;20;0
5;2025-11-20;21;0
5;2025-11-20;22;0
5;2025-11-20;23;0
5;2025-11-21;0;0
5;2025-11-21;1;0
5;2025-11-21;2;0
5;2025-11-21;3;0
5;2025-11-21;4;0
5;2025-11-21;5;0
5;2025-11-21;6;0
5;2025-11-21;7;0
5;2025-11-21;8;0
5;2025-11-21;9;0
5;2025-11-21;10;0
5;2025-11-21;11;0
5;2025-11-21;12;0
5;2025-11-21;13;0
5;2025-11-21;14;0
5;2025-11-21;15;0
5;2025-11-21;16;0
5;2025-11-21;17;0
5;2025-11-21;18;0
5;2025-11-21;19;0
5;2025-11-21;20;0
5;2025-11-21;21;0
5;2025-11-21;22;0
5;2025-11-21;23;0
5;2025-11-22;0;0
5;2025-11-22;1;0
5;2025-11-22;2;0
5;2025-11-22;3;0
5;2025-11-22;4;0
5;2025-11-22;5;0
5;2025-11-22;6;0
5;2025-11-22;7;0
5;2025-11-22;8;0
5;2025-11-22;9;0
5;2025-11-22;10;0
5;2025-11-22;11;0
5;2025-11-22;12;0
5;2025-11-22;13;0
5;2025-11-22;14;0
5;2025-11-22;15;0
5;2025-11-22;16;0
5;2025-11-22;17;0
5;2025-11-22;18;0
5;2025-11-22;19;0
5;2025-11-22;20;0
5;2025-11-22;21;0
5;2025-11-22;22;0
5;2025-11-22;23;0
5;2025-11-23;0;0
5;2025-11-23;1;0
5;2025-11-23;2;0
5;2025-11-23;3;0
5;2025-11-23;4;0
5;2025-11-23;5;0
5;2025-11-23;6;0
5;2025-11-23;7;0
5;2025-11-23;8;0
5;2025-11-23;9;0
5;2025-11-23;10;0
5;2025-11-23;11;0
5;2025-11-23;12;0
5;2025-11-23;13;0
5;2025-11-23;14;0
5;2025-11-23;15;0
5;2025-11-23;16;0
5;2025-11-23;17;0
5;2025-11-23;18;0
5;2025-11-23;19;0
5;2025-11-23;20;0
5;2025-11-23;21;0
5;2025-11-23;22;0
5;2025-11-23;23;0
5;2025-11-24;0;0
5;2025-11-24;1;0
5;2025-11-24;2;0
5;2025-11-24;3;0
5;2025-11-24;4;0
5;2025-11-24;5;0
5;2025-11-24;6;0
5;2025-11-24;7;0
5;2025-11-24;8;0
5;2025-11-24;9;0
5;2025-11-24;10;0
5;2025-11-24;11;0
5;2025-11-24;12;0
5;2025-11-24;13;0
5;2025-11-24;14;0
5;2025-11-24;15;0
5;2025-11-24;16;0
5;2025-11-24;17;0
5;2025-11-24;18;0
5;2025-11-24;19;0
5;2025-11-24;20;0
5;2025-11-24;21;0
5;2025-11-24;22;0
5;2025-11-24;23;0
5;2025-11-25;0;0
5;2025-11-25;1;0
5;2025-11-25;2;0
5;2025-11-25;3;0
5;2025-11-25;4;0
5;2025-11-25;5;0
5;2025-11-25;6;0
5;2025-11-25;7;0
5;2025-11-25;8;0
5;2025-11-25;9;0
5;2025-11-25;10;0
5;2025-11-25;11;0
5;2025-11-25;12;0
5;2025-11-25;13;0
5;2025-11-25;14;0
5;2025-11-25;15;0
5;2025-11-25;16;0
5;2025-11-25;17;0
5;2025-11-25;18;0
5;2025-11-25;19;0
5;2025-11-25;20;0
5;2025-11-25;21;0
5;2025-11-25;22;0
5;2025-11-25;23;0
5;2025-11-26;0;0
5;2025-11-26;1;0
5;2025-11-26;2;0
5;2025-11-26;3;0
5;2025-11-26;4;0
5;2025-11-26;5;0
5;2025-11-26;6;0
5;2025-11-26;7;0
5;2025-11-26;8;0
5;2025-11-26;9;0
5;2025-11-26;10;0
5;2025-11-26;11;0
5;2025-11-26;12;0
5;2025-11-26;13;0
5;2025-11-26;14;0
5;2025-11-26;15;0
5;2025-11-26;16;0
5;2025-11-26;17;0
5;2025-11-26;18;0
5;2025-11-26;19;0
5;2025-11-26;20;0
5;2025-11-26;21;0
5;2025-11-26;22;0
5;2025-11-26;23;0
5;2025-11-27;0;0
5;2025-11-27;1;0
5;2025-11-27;2;0
5;2025-11-27;3;0
5;2025-11-27;4;0
5;2025-11-27;5;0
5;2025-11-27;6;0
5;2025-11-27;7;0
5;2025-11-27;8;0
5;2025-11-27;9;0
5;2025-11-27;10;0
5;2025-11-27;11;0
5;2025-11-27;12;0
5;2025-11-27;13;0
5;2025-11-27;14;0
5;2025-11-27;15;0
5;2025-11-27;16;0
5;2025-11-27;17;0
5;2025-11-27;18;0
5;2025-11-27;19;0
5;2025-11-27;20;0
5;2025-11-27;21;0
5;2025-11-27;22;0
5;2025-11-27;23;0
5;2025-11-28;0;0
5;2025-11-28;1;0
5;2025-11-28;2;0
5;2025-11-28;3;0
5;2025-11-28;4;0
5;2025-11-28;5;0
5;2025-11-28;6;0
5;2025-11-28;7;0
5;2025-11-28;8;0
5;2025-11-28;9;0
5;2025-11-28;10;0
5;2025-11-28;11;0
5;2025-11-28;12;0
5;2025-11-28;13;0
5;2025-11-28;14;0
5;2025-11-28;15;0
5;2025-11-28;16;0
5;2025-11-28;17;0
5;2025-11-28;18;0
5;2025-11-28;19;0
5;2025-11-28;20;0
5;2025-11-28;21;0
5;2025-11-28;22;0
5;2025-11-28;23;0
5;2025-11-29;0;0
5;2025-11-29;1;0
5;2025-11-29;2;0
5;2025-11-29;3;0
5;2025-11-29;4;0
5;2025-11-29;5;0
5;2025-11-29;6;0
5;2025-11-29;7;0
5;2025-11-29;8;0
5;2025-11-29;9;0
5;2025-11-29;10;0
5;2025-11-29;11;0
5;2025-11-29;12;0
5;2025-11-29;13;0
5;2025-11-29;14;0
5;2025-11-29;15;0
5;2025-11-29;16;0
5;2025-11-29;17;0
5;2025-11-29;18;0
5;2025-11-29;19;0
5;2025-11-29;20;0
5;2025-11-29;21;0
5;2025-11-29;22;0
5;2025-11-29;23;0
5;2025-11-30;0;0
5;2025-11-30;1;0
5;2025-11-30;2;0
5;2025-11-30;3;0
5;2025-11-30;4;0
5;2025-11-30;5;0
5;2025-11-30;6;0
5;2025-11-30;7;0
5;2025-11-30;8;0
5;2025-11-30;9;0
5;2025-11-30;10;0
5;2025-11-30;11;0
5;2025-11-30;12;0
5;2025-11-30;13;0
5;2025-11-30;14;0
5;2025-11-30;15;0
5;2025-11-30;16;0
5;2025-11-30;17;0
5;2025-11-30;18;0
5;2025-11-30;19;0
5;2025-11-30;20;0
5;2025-11-30;21;0
5;2025-11-30;22;0
5;2025-11-30;23;0
5;2025-12-01;0;0
5;2025-12-01;1;0
5;2025-12-01;2;0
5;2025-12-01;3;0
5;2025-12-01;4;0
5;2025-12-01;5;0
5;2025-12-01;6;0
5;2025-12-01;7;0
5;2025-12-01;8;0
5;2025-12-01;9;0
5;2025-12-01;10;0
5;2025-12-01;11;0
5;2025-12-01;12;0
5;2025-12-01;13;0
5;2025-12-01;14;0
5;2025-12-01;15;0
5;2025-12-01;16;0
5;2025-12-01;17;0
5;2025-12-01;18;0
5;2025-12-01;19;0
5;2025-12-01;20;0
5;2025-12-01;21;0
5;2025-12-01;22;0
5;2025-12-01;23;0
5;2025-12-02;0;0
5;2025-12-02;1;0
5;2025-12-02;2;0
5;2025-12-02;3;0
5;2025-12-02;4;0
5;2025-12-02;5;0
5;2025-12-02;6;0
5;2025-12-02;7;0
5;2025-12-02;8;0
5;2025-12-02;9;0
5;2025-12-02;10;0
5;2025-12-02;11;0
5;2025-12-02;12;0
5;2025-12-02;13;0
5;2025-12-02;14;0
5;2025-12-02;15;0
5;2025-12-02;16;0
5;2025-12-02;17;0
5;2025-12-02;18;0
5;2025-12-02;19;0
5;2025-12-02;20;0
5;2025-12-02;21;0
5;2025-12-02;22;0
5;2025-12-02;23;0
5;2025-12-03;0;0
5;2025-12-03;1;0
5;2025-12-03;2;0
5;2025-12-03;3;0
5;2025-12-03;4;0
5;2025-12-03;5;0
5;2025-12-03;6;0
5;2025-12-03;7;0
5;2025-12-03;8;0
5;2025-12-03;9;0
5;2025-12-03;10;0
5;2025-12-03;11;0
5;2025-12-03;12;0
5;2025-12-03;13;0
5;2025-12-03;14;0
5;2025-12-03;15;0
5;2025-12-03;16;0
5;2025-12-03;17;0
5;2025-12-03;18;0
5;2025-12-03;19;0
5;2025-12-03;20;0
5;2025-12-03;21;0
5;2025-12-03;22;0
5;2025-12-03;23;0
5;2025-12-04;0;0
5;2025-12-04;1;0
5;2025-12-04;2;0
5;2025-12-04;3;0
5;2025-12-04;4;0
5;2025-12-04;5;0
5;2025-12-04;6;0
5;2025-12-04;7;0
5;2025-12-04;8;0
5;2025-12-04;9;0
5;2025-12-04;10;0
5;2025-12-04;11;0
5;2025-12-04;12;0
5;2025-12-04;13;0
5;2025-12-04;14;0
5;2025-12-04;15;0
5;2025-12-04;16;0
5;2025-12-04;17;0
5;2025-12-04;18;0
5;2025-12-04;19;0
5;2025-12-04;20;0
5;2025-12-04;21;0
5;2025-12-04;22;0
5;2025-12-04;23;0
5;2025-12-05;0;0
5;2025-12-05;1;0
5;2025-12-05;2;0
5;2025-12-05;3;0
5;2025-12-05;4;0
5;2025-12-05;5;0
5;2025-12-05;6;0
5;2025-12-05;7;0
5;2025-12-05;8;0
5;2025-12-05;9;0
5;2025-12-05;10;0
5;2025-12-05;11;0
5;2025-12-05;12;0
5;2025-12-05;13;0
5;2025-12-05;14;0
5;2025-12-05;15;0
5;2025-12-05;16;0
5;2025-12-05;17;0
5;2025-12-05;18;0
5;2025-12-05;19;0
5;2025-12-05;20;0
5;2025-12-05;21;0
5;2025-12-05;22;0
5;2025-12-05;23;0
5;2025-12-06;0;0
5;2025-12-06;1;0
5;2025-12-06;2;0
5;2025-12-06;3;0
5;2025-12-06;4;0
5;2025-12-06;5;0
5;2025-12-06;6;0
5;2025-12-06;7;0
5;2025-12-06;8;0
5;2025-12-06;9;0
5;2025-12-06;10;0
5;2025-12-06;11;0
5;2025-12-06;12;0
5;2025-12-06;13;0
5;2025-12-06;14;0
5;2025-12-06;15;0
5;2025-12-06;16;0
5;2025-12-06;17;0
5;2025-12-06;18;0
5;2025-12-06;19;0
5;2025-12-06;20;0
5;2025-12-06;21;0
5;2025-12-06;22;0
5;2025-12-06;23;0
5;2025-12-07;0;0
5;2025-12-07;1;0
5;2025-12-07;2;0
5;2025-12-07;3;0
5;2025-12-07;4;0
5;2025-12-07;5;0
5;2025-12-07;6;0
5;2025-12-07;7;0
5;2025-12-07;8;0
5;2025-12-07;9;0
5;2025-12-07;10;0
5;2025-12-07;11;0
5;2025-12-07;12;0
5;2025-12-07;13;0
5;2025-12-07;14;0
5;2025-12-07;15;0
5;2025-12-07;16;0
5;2025-12-07;17;0
5;2025-12-07;18;0
5;2025-12-07;19;0
5;2025-12-07;20;0
5;2025-12-07;21;0
5;2025-12-07;22;0
5;2025-12-07;23;0
5;2025-12-08;0;0
5;2025-12-08;1;0
5;2025-12-08;2;0
5;2025-12-08;3;0
5;2025-12-08;4;0
5;2025-12-08;5;0
5;2025-12-08;6;0
5;2025-12-08;7;0
5;2025-12-08;8;0
5;2025-12-08;9;0
5;2025-12-08;10;0
5;2025-12-08;11;0
5;2025-12-08;12;0
5;2025-12-08;13;0
5;2025-12-08;14;0
5;2025-12-08;15;0
5;2025-12-08;16;0
5;2025-12-08;17;0
5;2025-12-08;18;0
5;2025-12-08;19;0
5;2025-12-08;20;0
5;2025-12-08;21;0
5;2025-12-08;22;0
5;2025-12-08;23;0
5;2025-12-09;0;0
5;2025-12-09;1;0
5;2025-12-09;2;0
5;2025-12-09;3;0
5;2025-12-09;4;0
5;2025-12-09;5;0
5;2025-12-09;6;0
5;2025-12-09;7;0
5;2025-12-09;8;0
5;2025-12-09;9;0
5;2025-12-09;10;0
5;2025-12-09;11;0
5;2025-12-09;12;0
5;2025-12-09;13;0
5;2025-12-09;14;0
5;2025-12-09;15;0
5;2025-12-09;16;0
5;2025-12-09;17;0
5;2025-12-09;18;0
5;2025-12-09;19;0
5;2025-12-09;20;0
5;2025-12-09;21;0
5;2025-12-09;22;0
5;2025-12-09;23;0
5;2025-12-10;0;0
5;2025-12-10;1;0
5;2025-12-10;2;0
5;2025-12-10;3;0
5;2025-12-10;4;0
5;2025-12-10;5;0
5;2025-12-10;6;0
5;2025-12-10;7;0
5;2025-12-10;8;0
5;2025-12-10;9;0
5;2025-12-10;10;0
5;2025-12-10;11;0
5;2025-12-10;12;0
5;2025-12-10;13;0
5;2025-12-10;14;0
5;2025-12-10;15;0
5;2025-12-10;16;0
5;2025-12-10;17;0
5;2025-12-10;18;0
5;2025-12-10;19;0
5;2025-12-10;20;0
5;2025-12-10;21;0
5;2025-12-10;22;0
5;2025-12-10;23;0
5;2025-12-11;0;0
5;2025-12-11;1;0
5;2025-12-11;2;0
5;2025-12-11;3;0
5;2025-12-11;4;0
5;2025-12-11;5;0
5;2025-12-11;6;0
5;2025-12-11;7;0
5;2025-12-11;8;0
5;2025-12-11;9;0
5;2025-12-11;10;0
5;2025-12-11;11;0
5;2025-12-11;12;0
5;2025-12-11;13;0
5;2025-12-11;14;0
5;2025-12-11;15;0
5;2025-12-11;16;0
5;2025-12-11;17;0
5;2025-12-11;18;0
5;2025-12-11;19;0
5;2025-12-11;20;0
5;2025-12-11;21;0
5;2025-12-11;22;0
5;2025-12-11;23;0
5;2025-12-12;0;0
5;2025-12-12;1;0
5;2025-12-12;2;0
5;2025-12-12;3;0
5;2025-12-12;4;0
5;2025-12-12;5;0
5;2025-12-12;6;0
5;2025-12-12;7;0
5;2025-12-12;8;0
5;2025-12-12;9;0
5;2025-12-12;10;0
5;2025-12-12;11;0
5;2025-12-12;12;0
5;2025-12-12;13;0
5;2025-12-12;14;0
5;2025-12-12;15;0
5;2025-12-12;16;0
5;2025-12-12;17;0
5;2025-12-12;18;0
5;2025-12-12;19;0
5;2025-12-12;20;0
5;2025-12-12;21;0
5;2025-12-12;22;0
5;2025-12-12;23;0
5;2025-12-13;0;0
5;2025-12-13;1;0
5;2025-12-13;2;0
5;2025-12-13;3;0
5;2025-12-13;4;0
5;2025-12-13;5;0
5;2025-12-13;6;0
5;2025-12-13;7;0
5;2025-12-13;8;0
5;2025-12-13;9;0
5;2025-12-13;10;0
5;2025-12-13;11;0
5;2025-12-13;12;0
5;2025-12-13;13;0
5;2025-12-13;14;0
5;2025-12-13;15;0
5;2025-12-13;16;0
5;2025-12-13;17;0
5;2025-12-13;18;0
5;2025-12-13;19;0
5;2025-12-13;20;0
5;2025-12-13;21;0
5;2025-12-13;22;0
5;2025-12-13;23;0
5;2025-12-14;0;0
5;2025-12-14;1;0
5;2025-12-14;2;0
5;2025-12-14;3;0
5;2025-12-14;4;0
5;2025-12-14;5;0
5;2025-12-14;6;0
5;2025-12-14;7;0
5;2025-12-14;8;0
5;2025-12-14;9;0
5;2025-12-14;10;0
5;2025-12-14;11;0
5;2025-12-14;12;0
5;2025-12-14;13;0
5;2025-12-14;14;0
5;2025-12-14;15;0
5;2025-12-14;16;0
5;2025-12-14;17;0
5;2025-12-14;18;0
5;2025-12-14;19;0
5;2025-12-14;20;0
5;2025-12-14;21;0
5;2025-12-14;22;0
5;2025-12-14;23;0
5;2025-12-15;0;0
5;2025-12-15;1;0
5;2025-12-15;2;0
5;2025-12-15;3;0
5;2025-12-15;4;0
5;2025-12-15;5;0
5;2025-12-15;6;0
5;2025-12-15;7;0
5;2025-12-15;8;0
5;2025-12-15;9;0
5;2025-12-15;10;0
5;2025-12-15;11;0
5;2025-12-15;12;0
5;2025-12-15;13;0
5;2025-12-15;14;0
5;2025-12-15;15;0
5;2025-12-15;16;0
5;2025-12-15;17;0
5;2025-12-15;18;0
5;2025-12-15;19;0
5;2025-12-15;20;0
5;2025-12-15;21;0
5;2025-12-15;22;0
5;2025-12-15;23;0
5;2025-12-16;0;0
5;2025-12-16;1;0
5;2025-12-16;2;0
5;2025-12-16;3;0
5;2025-12-16;4;0
5;2025-12-16;5;0
5;2025-12-16;6;0
5;2025-12-16;7;0
5;2025-12-16;8;0
5;2025-12-16;9;0
5;2025-12-16;10;0
5;2025-12-16;11;0
5;2025-12-16;12;0
5;2025-12-16;13;0
5;2025-12-16;14;0
5;2025-12-16;15;0
5;2025-12-16;16;0
5;2025-12-16;17;0
5;2025-12-16;18;0
5;2025-12-16;19;0
5;2025-12-16;20;0
5;2025-12-16;21;0
5;2025-12-16;22;0
5;2025-12-16;23;0
5;2025-12-17;0;0
5;2025-12-17;1;0
5;2025-12-17;2;0
5;2025-12-17;3;0
5;2025-12-17;4;0
5;2025-12-17;5;0
5;2025-12-17;6;0
5;2025-12-17;7;0
5;2025-12-17;8;0
5;2025-12-17;9;0
5;2025-12-17;10;0
5;2025-12-17;11;0
5;2025-12-17;12;0
5;2025-12-17;13;0
5;2025-12-17;14;0
5;2025-12-17;15;0
5;2025-12-17;16;0
5;2025-12-17;17;0
5;2025-12-17;18;0
5;2025-12-17;19;0
5;2025-12-17;20;0
5;2025-12-17;21;0
5;2025-12-17;22;0
5;2025-12-17;23;0
5;2025-12-18;0;0
5;2025-12-18;1;0
5;2025-12-18;2;0
5;2025-12-18;3;0
5;2025-12-18;4;0
5;2025-12-18;5;0
5;2025-12-18;6;0
5;2025-12-18;7;0
5;2025-12-18;8;0
5;2025-12-18;9;0
5;2025-12-18;10;0
5;2025-12-18;11;0
5;2025-12-18;12;0
5;2025-12-18;13;0
5;2025-12-18;14;0
5;2025-12-18;15;0
5;2025-12-18;16;0
5;2025-12-18;17;0
5;2025-12-18;18;0
5;2025-12-18;19;0
5;2025-12-18;20;0
5;2025-12-18;21;0
5;2025-12-18;22;0
5;2025-12-18;23;0
5;2025-12-19;0;0
5;2025-12-19;1;0
5;2025-12-19;2;0
5;2025-12-19;3;0
5;2025-12-19;4;0
5;2025-12-19;5;0
5;2025-12-19;6;0
5;2025-12-19;7;0
5;2025-12-19;8;0
5;2025-12-19;9;0
5;2025-12-19;10;0
5;2025-12-19;11;0
5;2025-12-19;12;0
5;2025-12-19;13;0
5;2025-12-19;14;0
5;2025-12-19;15;0
5;2025-12-19;16;0
5;2025-12-19;17;0
5;2025-12-19;18;0
5;2025-12-19;19;0
5;2025-12-19;20;0
5;2025-12-19;21;0
5;2025-12-19;22;0
5;2025-12-19;23;0
5;2025-12-20;0;0
5;2025-12-20;1;0
5;2025-12-20;2;0
5;2025-12-20;3;0
5;2025-12-20;4;0
5;2025-12-20;5;0
5;2025-12-20;6;0
5;2025-12-20;7;0
5;2025-12-20;8;0
5;2025-12-20;9;0
5;2025-12-20;10;0
5;2025-12-20;11;0
5;2025-12-20;12;0
5;2025-12-20;13;0
5;2025-12-20;14;0
5;2025-12-20;15;0
5;2025-12-20;16;0
5;2025-12-20;17;0
5;2025-12-20;18;0
5;2025-12-20;19;0
5;2025-12-20;20;0
5;2025-12-20;21;0
5;2025-12-20;22;0
5;2025-12-20;23;0
5;2025-12-21;0;0
5;2025-12-21;1;0
5;2025-12-21;2;0
5;2025-12-21;3;0
5;2025-12-21;4;0
5;2025-12-21;5;0
5;2025-12-21;6;0
5;2025-12-21;7;0
5;2025-12-21;8;0
5;2025-12-21;9;0
5;2025-12-21;10;0
5;2025-12-21;11;0
5;2025-12-21;12;0
5;2025-12-21;13;0
5;2025-12-21;14;0
5;2025-12-21;15;0
5;2025-12-21;16;0
5;2025-12-21;17;0
5;2025-12-21;18;0
5;2025-12-21;19;0
5;2025-12-21;20;0
5;2025-12-21;21;0
5;2025-12-21;22;0
5;2025-12-21;23;0
5;2025-12-22;0;0
5;2025-12-22;1;0
5;2025-12-22;2;0
5;2025-12-22;3;0
5;2025-12-22;4;0
5;2025-12-22;5;0
5;2025-12-22;6;0
5;2025-12-22;7;0
5;2025-12-22;8;0
5;2025-12-22;9;0
5;2025-12-22;10;0
5;2025-12-22;11;0
5;2025-12-22;12;0
5;2025-12-22;13;0
5;2025-12-22;14;0
5;2025-12-22;15;0
5;2025-12-22;16;0
5;2025-12-22;17;0
5;2025-12-22;18;0
5;2025-12-22;19;0
5;2025-12-22;20;0
5;2025-12-22;21;0
5;2025-12-22;22;0
5;2025-12-22;23;0
5;2025-12-23;0;0
5;2025-12-23;1;0
5;2025-12-23;2;0
5;2025-12-23;3;0
5;2025-12-23;4;0
5;2025-12-23;5;0
5;2025-12-23;6;0
5;2025-12-23;7;0
5;2025-12-23;8;0
5;2025-12-23;9;0
5;2025-12-23;10;0
5;2025-12-23;11;0
5;2025-12-23;12;0
5;2025-12-23;13;0
5;2025-12-23;14;0
5;2025-12-23;15;0
5;2025-12-23;16;0
5;2025-12-23;17;0
5;2025-12-23;18;0
5;2025-12-23;19;0
5;2025-12-23;20;0
5;2025-12-23;21;0
5;2025-12-23;22;0
5;2025-12-23;23;0
5;2025-12-24;0;0
5;2025-12-24;1;0
5;2025-12-24;2;0
5;2025-12-24;3;0
5;2025-12-24;4;0
5;2025-12-24;5;0
5;2025-12-24;6;0
5;2025-12-24;7;0
5;2025-12-24;8;0
5;2025-12-24;9;0
5;2025-12-24;10;0
5;2025-12-24;11;0
5;2025-12-24;12;0
5;2025-12-24;13;0
5;2025-12-24;14;0
5;2025-12-24;15;0
5;2025-12-24;16;0
5;2025-12-24;17;0
5;2025-12-24;18;0
5;2025-12-24;19;0
5;2025-12-24;20;0
5;2025-12-24;21;0
5;2025-12-24;22;0
5;2025-12-24;23;0
5;2025-12-25;0;0
5;2025-12-25;1;0
5;2025-12-25;2;0
5;2025-12-25;3;0
5;2025-12-25;4;0
5;2025-12-25;5;0
5;2025-12-25;6;0
5;2025-12-25;7;0
5;2025-12-25;8;0
5;2025-12-25;9;0
5;2025-12-25;10;0
5;2025-12-25;11;0
5;2025-12-25;12;0
5;2025-12-25;13;0
5;2025-12-25;14;0
5;2025-12-25;15;0
5;2025-12-25;16;0
5;2025-12-25;17;0
5;2025-12-25;18;0
5;2025-12-25;19;0
5;2025-12-25;20;0
5;2025-12-25;21;0
5;2025-12-25;22;0
5;2025-12-25;23;0
5;2025-12-26;0;0
5;2025-12-26;1;0
5;2025-12-26;2;0
5;2025-12-26;3;0
5;2025-12-26;4;0
5;2025-12-26;5;0
5;2025-12-26;6;0
5;2025-12-26;7;0
5;2025-12-26;8;0
5;2025-12-26;9;0
5;2025-12-26;10;0
5;2025-12-26;11;0
5;2025-12-26;12;0
5;2025-12-26;13;0
5;2025-12-26;14;0
5;2025-12-26;15;0
5;2025-12-26;16;0
5;2025-12-26;17;0
5;2025-12-26;18;0
5;2025-12-26;19;0
5;2025-12-26;20;0
5;2025-12-26;21;0
5;2025-12-26;22;0
5;2025-12-26;23;0
5;2025-12-27;0;0
5;2025-12-27;1;0
5;2025-12-27;2;0
5;2025-12-27;3;0
5;2025-12-27;4;0
5;2025-12-27;5;0
5;2025-12-27;6;0
5;2025-12-27;7;0
5;2025-12-27;8;0
5;2025-12-27;9;0
5;2025-12-27;10;0
5;2025-12-27;11;0
5;2025-12-27;12;0
5;2025-12-27;13;0
5;2025-12-27;14;0
5;2025-12-27;15;0
5;2025-12-27;16;0
5;2025-12-27;17;0
5;2025-12-27;18;0
5;2025-12-27;19;0
5;2025-12-27;20;0
5;2025-12-27;21;0
5;2025-12-27;22;0
5;2025-12-27;23;0
5;2025-12-28;0;0
5;2025-12-28;1;0
5;2025-12-28;2;0
5;2025-12-28;3;0
5;2025-12-28;4;0
5;2025-12-28;5;0
5;2025-12-28;6;0
5;2025-12-28;7;0
5;2025-12-28;8;0
5;2025-12-28;9;0
5;2025-12-28;10;0
5;2025-12-28;11;0
5;2025-12-28;12;0
5;2025-12-28;13;0
5;2025-12-28;14;0
5;2025-12-28;15;0
5;2025-12-28;16;0
5;2025-12-28;17;0
5;2025-12-28;18;0
5;2025-12-28;19;0
5;2025-12-28;20;0
5;2025-12-28;21;0
5;2025-12-28;22;0
5;2025-12-28;23;0
5;2025-12-29;0;0
5;2025-12-29;1;0
5;2025-12-29;2;0
5;2025-12-29;3;0
5;2025-12-29;4;0
5;2025-12-29;5;0
5;2025-12-29;6;0
5;2025-12-29;7;0
5;2025-12-29;8;0
5;2025-12-29;9;0
5;2025-12-29;10;0
5;2025-12-29;11;0
5;2025-12-29;12;0
5;2025-12-29;13;0
5;2025-12-29;14;0
5;2025-12-29;15;0
5;2025-12-29;16;0
5;2025-12-29;17;0
5;2025-12-29;18;0
5;2025-12-29;19;0
5;2025-12-29;20;0
5;2025-12-29;21;0
5;2025-12-29;22;0
5;2025-12-29;23;0
5;2025-12-30;0;0
5;2025-12-30;1;0
5;2025-12-30;2;0
5;2025-12-30;3;0
5;2025-12-30;4;0
5;2025-12-30;5;0
5;2025-12-30;6;0
5;2025-12-30;7;0
5;2025-12-30;8;0
5;2025-12-30;9;0
5;2025-12-30;10;0
5;2025-12-30;11;0
5;2025-12-30;12;0
5;2025-12-30;13;0
5;2025-12-30;14;0
5;2025-12-30;15;0
5;2025-12-30;16;0
5;2025-12-30;17;0
5;2025-12-30;18;0
5;2025-12-30;19;0
5;2025-12-30;20;0
5;2025-12-30;21;0
5;2025-12-30;22;0
5;2025-12-30;23;0
5;2025-12-31;0;0
5;2025-12-31;1;0
5;2025-12-31;2;0
5;2025-12-31;3;0
5;2025-12-31;4;0
5;2025-12-31;5;0
5;2025-12-31;6;0
5;2025-12-31;7;0
5;2025-12-31;8;0
5;2025-12-31;9;0
5;2025-12-31;10;0
5;2025-12-31;11;0
5;2025-12-31;12;0
5;2025-12-31;13;0
5;2025-12-31;14;0
5;2025-12-31;15;0
5;2025-12-31;16;0
5;2025-12-31;17;0
5;2025-12-31;18;0
5;2025-12-31;19;0
5;2025-12-31;20;0
5;2025-12-31;21;0
5;2025-12-31;22;0
5;2025-12-31;23;0
7;2025-11-01;0;64
7;2025-11-01;1;12
7;2025-11-01;2;0
7;2025-11-01;3;0
7;2025-11-01;4;1
7;2025-11-01;5;143
7;2025-11-01;6;489
7;2025-11-01;7;1226
7;2025-11-01;8;1858
7;2025-11-01;9;1380
7;2025-11-01;10;1413
7;2025-11-01;11;1296
7;2025-11-01;12;1366
7;2025-11-01;13;1382
7;2025-11-01;14;1426
7;2025-11-01;15;1546
7;2025-11-01;16;1725
7;2025-11-01;17;1903
7;2025-11-01;18;1640
7;2025-11-01;19;1116
7;2025-11-01;20;806
7;2025-11-01;21;486
7;2025-11-01;22;268
7;2025-11-01;23;203
7;2025-11-02;0;100
7;2025-11-02;1;24
7;2025-11-02;2;0
7;2025-11-02;3;0
7;2025-11-02;4;1
7;2025-11-02;5;29
7;2025-11-02;6;125
7;2025-11-02;7;169
7;2025-11-02;8;380
7;2025-11-02;9;504
7;2025-11-02;10;390
7;2025-11-02;11;579
7;2025-11-02;12;626
7;2025-11-02;13;622
7;2025-11-02;14;650
7;2025-11-02;15;705
7;2025-11-02;16;607
7;2025-11-02;17;617
7;2025-11-02;18;640
7;2025-11-02;19;474
7;2025-11-02;20;392
7;2025-11-02;21;287
7;2025-11-02;22;148
7;2025-11-02;23;119
7;2025-11-03;0;97
7;2025-11-03;1;23
7;2025-11-03;2;0
7;2025-11-03;3;0
7;2025-11-03;4;1
7;2025-11-03;5;28
7;2025-11-03;6;122
7;2025-11-03;7;164
7;2025-11-03;8;368
7;2025-11-03;9;487
7;2025-11-03;10;377
7;2025-11-03;11;561
7;2025-11-03;12;606
7;2025-11-03;13;602
7;2025-11-03;14;628
7;2025-11-03;15;681
7;2025-11-03;16;586
7;2025-11-03;17;597
7;2025-11-03;18;619
7;2025-11-03;19;459
7;2025-11-03;20;379
7;2025-11-03;21;277
7;2025-11-03;22;143
7;2025-11-03;23;115
7;2025-11-04;0;97
7;2025-11-04;1;23
7;2025-11-04;2;0
7;2025-11-04;3;0
7;2025-11-04;4;1
7;2025-11-04;5;28
7;2025-11-04;6;122
7;2025-11-04;7;164
7;2025-11-04;8;368
7;2025-11-04;9;487
7;2025-11-04;10;377
7;2025-11-04;11;561
7;2025-11-04;12;606
7;2025-11-04;13;602
7;2025-11-04;14;628
7;2025-11-04;15;681
7;2025-11-04;16;586
7;2025-11-04;17;597
7;2025-11-04;18;619
7;2025-11-04;19;459
7;2025-11-04;20;379
7;2025-11-04;21;277
7;2025-11-04;22;143
7;2025-11-04;23;115
7;2025-11-05;0;57
7;2025-11-05;1;13
7;2025-11-05;2;0
7;2025-11-05;3;0
7;2025-11-05;4;2
7;2025-11-05;5;182
7;2025-11-05;6;580
7;2025-11-05;7;1585
7;2025-11-05;8;2436
7;2025-11-05;9;1841
7;2025-11-05;10;1652
7;2025-11-05;11;1540
7;2025-11-05;12;1721
7;2025-11-05;13;1551
7;2025-11-05;14;1656
7;2025-11-05;15;1752
7;2025-11-05;16;1825
7;2025-11-05;17;2334
7;2025-11-05;18;2567
7;2025-11-05;19;1680
7;2025-11-05;20;1054
7;2025-11-05;21;626
7;2025-11-05;22;298
7;2025-11-05;23;200
7;2025-11-06;0;57
7;2025-11-06;1;13
7;2025-11-06;2;0
7;2025-11-06;3;0
7;2025-11-06;4;2
7;2025-11-06;5;182
7;2025-11-06;6;580
7;2025-11-06;7;1585
7;2025-11-06;8;2436
7;2025-11-06;9;1841
7;2025-11-06;10;1652
7;2025-11-06;11;1540
7;2025-11-06;12;1721
7;2025-11-06;13;1551
7;2025-11-06;14;1656
7;2025-11-06;15;1752
7;2025-11-06;16;1825
7;2025-11-06;17;2334
7;2025-11-06;18;2567
7;2025-11-06;19;1680
7;2025-11-06;20;1054
7;2025-11-06;21;626
7;2025-11-06;22;298
7;2025-11-06;23;200
7;2025-11-07;0;74
7;2025-11-07;1;15
7;2025-11-07;2;1
7;2025-11-07;3;0
7;2025-11-07;4;2
7;2025-11-07;5;169
7;2025-11-07;6;575
7;2025-11-07;7;1443
7;2025-11-07;8;2186
7;2025-11-07;9;1623
7;2025-11-07;10;1663
7;2025-11-07;11;1525
7;2025-11-07;12;1607
7;2025-11-07;13;1626
7;2025-11-07;14;1677
7;2025-11-07;15;1819
7;2025-11-07;16;2030
7;2025-11-07;17;2239
7;2025-11-07;18;1929
7;2025-11-07;19;1313
7;2025-11-07;20;948
7;2025-11-07;21;571
7;2025-11-07;22;315
7;2025-11-07;23;239
7;2025-11-08;0;120
7;2025-11-08;1;26
7;2025-11-08;2;0
7;2025-11-08;3;0
7;2025-11-08;4;1
7;2025-11-08;5;49
7;2025-11-08;6;264
7;2025-11-08;7;293
7;2025-11-08;8;699
7;2025-11-08;9;564
7;2025-11-08;10;626
7;2025-11-08;11;664
7;2025-11-08;12;924
7;2025-11-08;13;869
7;2025-11-08;14;831
7;2025-11-08;15;815
7;2025-11-08;16;814
7;2025-11-08;17;802
7;2025-11-08;18;753
7;2025-11-08;19;596
7;2025-11-08;20;528
7;2025-11-08;21;369
7;2025-11-08;22;208
7;2025-11-08;23;169
7;2025-11-09;0;100
7;2025-11-09;1;24
7;2025-11-09;2;0
7;2025-11-09;3;0
7;2025-11-09;4;1
7;2025-11-09;5;29
7;2025-11-09;6;125
7;2025-11-09;7;169
7;2025-11-09;8;380
7;2025-11-09;9;504
7;2025-11-09;10;390
7;2025-11-09;11;579
7;2025-11-09;12;626
7;2025-11-09;13;622
7;2025-11-09;14;650
7;2025-11-09;15;705
7;2025-11-09;16;607
7;2025-11-09;17;617
7;2025-11-09;18;640
7;2025-11-09;19;474
7;2025-11-09;20;392
7;2025-11-09;21;287
7;2025-11-09;22;148
7;2025-11-09;23;119
7;2025-11-10;0;58
7;2025-11-10;1;10
7;2025-11-10;2;0
7;2025-11-10;3;0
7;2025-11-10;4;1
7;2025-11-10;5;181
7;2025-11-10;6;560
7;2025-11-10;7;1567
7;2025-11-10;8;2540
7;2025-11-10;9;1753
7;2025-11-10;10;1580
7;2025-11-10;11;1499
7;2025-11-10;12;1491
7;2025-11-10;13;1512
7;2025-11-10;14;1544
7;2025-11-10;15;1697
7;2025-11-10;16;1738
7;2025-11-10;17;2424
7;2025-11-10;18;2505
7;2025-11-10;19;1692
7;2025-11-10;20;1030
7;2025-11-10;21;582
7;2025-11-10;22;282
7;2025-11-10;23;146
7;2025-11-11;0;57
7;2025-11-11;1;13
7;2025-11-11;2;0
7;2025-11-11;3;0
7;2025-11-11;4;2
7;2025-11-11;5;182
7;2025-11-11;6;580
7;2025-11-11;7;1585
7;2025-11-11;8;2436
7;2025-11-11;9;1841
7;2025-11-11;10;1652
7;2025-11-11;11;1540
7;2025-11-11;12;1721
7;2025-11-11;13;1551
7;2025-11-11;14;1656
7;2025-11-11;15;1752
7;2025-11-11;16;1825
7;2025-11-11;17;2334
7;2025-11-11;18;2567
7;2025-11-11;19;1680
7;2025-11-11;20;1054
7;2025-11-11;21;626
7;2025-11-11;22;298
7;2025-11-11;23;200
7;2025-11-12;0;57
7;2025-11-12;1;13
7;2025-11-12;2;0
7;2025-11-12;3;0
7;2025-11-12;4;2
7;2025-11-12;5;182
7;2025-11-12;6;580
7;2025-11-12;7;1585
7;2025-11-12;8;2436
7;2025-11-12;9;1841
7;2025-11-12;10;1652
7;2025-11-12;11;1540
7;2025-11-12;12;1721
7;2025-11-12;13;1551
7;2025-11-12;14;1656
7;2025-11-12;15;1752
7;2025-11-12;16;1825
7;2025-11-12;17;2334
7;2025-11-12;18;2567
7;2025-11-12;19;1680
7;2025-11-12;20;1054
7;2025-11-12;21;626
7;2025-11-12;22;298
7;2025-11-12;23;200
7;2025-11-13;0;57
7;2025-11-13;1;13
7;2025-11-13;2;0
7;2025-11-13;3;0
7;2025-11-13;4;2
7;2025-11-13;5;182
7;2025-11-13;6;580
7;2025-11-13;7;1585
7;2025-11-13;8;2436
7;2025-11-13;9;1841
7;2025-11-13;10;1652
7;2025-11-13;11;1540
7;2025-11-13;12;1721
7;2025-11-13;13;1551
7;2025-11-13;14;1656
7;2025-11-13;15;1752
7;2025-11-13;16;1825
7;2025-11-13;17;2334
7;2025-11-13;18;2567
7;2025-11-13;19;1680
7;2025-11-13;20;1054
7;2025-11-13;21;626
7;2025-11-13;22;298
7;2025-11-13;23;200
7;2025-11-14;0;74
7;2025-11-14;1;15
7;2025-11-14;2;1
7;2025-11-14;3;0
7;2025-11-14;4;2
7;2025-11-14;5;169
7;2025-11-14;6;575
7;2025-11-14;7;1443
7;2025-11-14;8;2186
7;2025-11-14;9;1623
7;2025-11-14;10;1663
7;2025-11-14;11;1525
7;2025-11-14;12;1607
7;2025-11-14;13;1626
7;2025-11-14;14;1677
7;2025-11-14;15;1819
7;2025-11-14;16;2030
7;2025-11-14;17;2239
7;2025-11-14;18;1929
7;2025-11-14;19;1313
7;2025-11-14;20;948
7;2025-11-14;21;571
7;2025-11-14;22;315
7;2025-11-14;23;239
7;2025-11-15;0;114
7;2025-11-15;1;25
7;2025-11-15;2;0
7;2025-11-15;3;0
7;2025-11-15;4;1
7;2025-11-15;5;46
7;2025-11-15;6;250
7;2025-11-15;7;278
7;2025-11-15;8;663
7;2025-11-15;9;534
7;2025-11-15;10;594
7;2025-11-15;11;630
7;2025-11-15;12;877
7;2025-11-15;13;824
7;2025-11-15;14;788
7;2025-11-15;15;773
7;2025-11-15;16;772
7;2025-11-15;17;760
7;2025-11-15;18;714
7;2025-11-15;19;565
7;2025-11-15;20;501
7;2025-11-15;21;350
7;2025-11-15;22;197
7;2025-11-15;23;160
7;2025-11-16;0;100
7;2025-11-16;1;24
7;2025-11-16;2;0
7;2025-11-16;3;0
7;2025-11-16;4;1
7;2025-11-16;5;29
7;2025-11-16;6;125
7;2025-11-16;7;169
7;2025-11-16;8;380
7;2025-11-16;9;504
7;2025-11-16;10;390
7;2025-11-16;11;579
7;2025-11-16;12;626
7;2025-11-16;13;622
7;2025-11-16;14;650
7;2025-11-16;15;705
7;2025-11-16;16;607
7;2025-11-16;17;617
7;2025-11-16;18;640
7;2025-11-16;19;474
7;2025-11-16;20;392
7;2025-11-16;21;287
7;2025-11-16;22;148
7;2025-11-16;23;119
7;2025-11-17;0;58
7;2025-11-17;1;10
7;2025-11-17;2;0
7;2025-11-17;3;0
7;2025-11-17;4;1
7;2025-11-17;5;181
7;2025-11-17;6;560
7;2025-11-17;7;1567
7;2025-11-17;8;2540
7;2025-11-17;9;1753
7;2025-11-17;10;1580
7;2025-11-17;11;1499
7;2025-11-17;12;1491
7;2025-11-17;13;1512
7;2025-11-17;14;1544
7;2025-11-17;15;1697
7;2025-11-17;16;1738
7;2025-11-17;17;2424
7;2025-11-17;18;2505
7;2025-11-17;19;1692
7;2025-11-17;20;1030
7;2025-11-17;21;582
7;2025-11-17;22;282
7;2025-11-17;23;146
7;2025-11-18;0;57
7;2025-11-18;1;13
7;2025-11-18;2;0
7;2025-11-18;3;0
7;2025-11-18;4;2
7;2025-11-18;5;182
7;2025-11-18;6;580
7;2025-11-18;7;1585
7;2025-11-18;8;2436
7;2025-11-18;9;1841
7;2025-11-18;10;1652
7;2025-11-18;11;1540
7;2025-11-18;12;1721
7;2025-11-18;13;1551
7;2025-11-18;14;1656
7;2025-11-18;15;1752
7;2025-11-18;16;1825
7;2025-11-18;17;2334
7;2025-11-18;18;2567
7;2025-11-18;19;1680
7;2025-11-18;20;1054
7;2025-11-18;21;626
7;2025-11-18;22;298
7;2025-11-18;23;200
7;2025-11-19;0;57
7;2025-11-19;1;13
7;2025-11-19;2;0
7;2025-11-19;3;0
7;2025-11-19;4;2
7;2025-11-19;5;182
7;2025-11-19;6;580
7;2025-11-19;7;1585
7;2025-11-19;8;2436
7;2025-11-19;9;1841
7;2025-11-19;10;1652
7;2025-11-19;11;1540
7;2025-11-19;12;1721
7;2025-11-19;13;1551
7;2025-11-19;14;1656
7;2025-11-19;15;1752
7;2025-11-19;16;1825
7;2025-11-19;17;2334
7;2025-11-19;18;2567
7;2025-11-19;19;1680
7;2025-11-19;20;1054
7;2025-11-19;21;626
7;2025-11-19;22;298
7;2025-11-19;23;200
7;2025-11-20;0;57
7;2025-11-20;1;13
7;2025-11-20;2;0
7;2025-11-20;3;0
7;2025-11-20;4;2
7;2025-11-20;5;182
7;2025-11-20;6;580
7;2025-11-20;7;1585
7;2025-11-20;8;2436
7;2025-11-20;9;1841
7;2025-11-20;10;1652
7;2025-11-20;11;1540
7;2025-11-20;12;1721
7;2025-11-20;13;1551
7;2025-11-20;14;1656
7;2025-11-20;15;1752
7;2025-11-20;16;1825
7;2025-11-20;17;2334
7;2025-11-20;18;2567
7;2025-11-20;19;1680
7;2025-11-20;20;1054
7;2025-11-20;21;626
7;2025-11-20;22;298
7;2025-11-20;23;200
7;2025-11-21;0;74
7;2025-11-21;1;15
7;2025-11-21;2;1
7;2025-11-21;3;0
7;2025-11-21;4;2
7;2025-11-21;5;169
7;2025-11-21;6;575
7;2025-11-21;7;1443
7;2025-11-21;8;2186
7;2025-11-21;9;1623
7;2025-11-21;10;1663
7;2025-11-21;11;1525
7;2025-11-21;12;1607
7;2025-11-21;13;1626
7;2025-11-21;14;1677
7;2025-11-21;15;1819
7;2025-11-21;16;2030
7;2025-11-21;17;2239
7;2025-11-21;18;1929
7;2025-11-21;19;1313
7;2025-11-21;20;948
7;2025-11-21;21;571
7;2025-11-21;22;315
7;2025-11-21;23;239
7;2025-11-22;0;120
7;2025-11-22;1;26
7;2025-11-22;2;0
7;2025-11-22;3;0
7;2025-11-22;4;1
7;2025-11-22;5;49
7;2025-11-22;6;264
7;2025-11-22;7;293
7;2025-11-22;8;699
7;2025-11-22;9;564
7;2025-11-22;10;626
7;2025-11-22;11;664
7;2025-11-22;12;924
7;2025-11-22;13;869
7;2025-11-22;14;831
7;2025-11-22;15;815
7;2025-11-22;16;814
7;2025-11-22;17;802
7;2025-11-22;18;753
7;2025-11-22;19;596
7;2025-11-22;20;528
7;2025-11-22;21;369
7;2025-11-22;22;208
7;2025-11-22;23;169
7;2025-11-23;0;100
7;2025-11-23;1;24
7;2025-11-23;2;0
7;2025-11-23;3;0
7;2025-11-23;4;1
7;2025-11-23;5;29
7;2025-11-23;6;125
7;2025-11-23;7;169
7;2025-11-23;8;380
7;2025-11-23;9;504
7;2025-11-23;10;390
7;2025-11-23;11;579
7;2025-11-23;12;626
7;2025-11-23;13;622
7;2025-11-23;14;650
7;2025-11-23;15;705
7;2025-11-23;16;607
7;2025-11-23;17;617
7;2025-11-23;18;640
7;2025-11-23;19;474
7;2025-11-23;20;392
7;2025-11-23;21;287
7;2025-11-23;22;148
7;2025-11-23;23;119
7;2025-11-24;0;58
7;2025-11-24;1;10
7;2025-11-24;2;0
7;2025-11-24;3;0
7;2025-11-24;4;1
7;2025-11-24;5;181
7;2025-11-24;6;560
7;2025-11-24;7;1567
7;2025-11-24;8;2540
7;2025-11-24;9;1753
7;2025-11-24;10;1580
7;2025-11-24;11;1499
7;2025-11-24;12;1491
7;2025-11-24;13;1512
7;2025-11-24;14;1544
7;2025-11-24;15;1697
7;2025-11-24;16;1738
7;2025-11-24;17;2424
7;2025-11-24;18;2505
7;2025-11-24;19;1692
7;2025-11-24;20;1030
7;2025-11-24;21;582
7;2025-11-24;22;282
7;2025-11-24;23;146
7;2025-11-25;0;57
7;2025-11-25;1;13
7;2025-11-25;2;0
7;2025-11-25;3;0
7;2025-11-25;4;2
7;2025-11-25;5;182
7;2025-11-25;6;580
7;2025-11-25;7;1585
7;2025-11-25;8;2436
7;2025-11-25;9;1841
7;2025-11-25;10;1652
7;2025-11-25;11;1540
7;2025-11-25;12;1721
7;2025-11-25;13;1551
7;2025-11-25;14;1656
7;2025-11-25;15;1752
7;2025-11-25;16;1825
7;2025-11-25;17;2334
7;2025-11-25;18;2567
7;2025-11-25;19;1680
7;2025-11-25;20;1054
7;2025-11-25;21;626
7;2025-11-25;22;298
7;2025-11-25;23;200
7;2025-11-26;0;57
7;2025-11-26;1;13
7;2025-11-26;2;0
7;2025-11-26;3;0
7;2025-11-26;4;2
7;2025-11-26;5;182
7;2025-11-26;6;580
7;2025-11-26;7;1585
7;2025-11-26;8;2436
7;2025-11-26;9;1841
7;2025-11-26;10;1652
7;2025-11-26;11;1540
7;2025-11-26;12;1721
7;2025-11-26;13;1551
7;2025-11-26;14;1656
7;2025-11-26;15;1752
7;2025-11-26;16;1825
7;2025-11-26;17;2334
7;2025-11-26;18;2567
7;2025-11-26;19;1680
7;2025-11-26;20;1054
7;2025-11-26;21;626
7;2025-11-26;22;298
7;2025-11-26;23;200
7;2025-11-27;0;57
7;2025-11-27;1;13
7;2025-11-27;2;0
7;2025-11-27;3;0
7;2025-11-27;4;2
7;2025-11-27;5;182
7;2025-11-27;6;580
7;2025-11-27;7;1585
7;2025-11-27;8;2436
7;2025-11-27;9;1841
7;2025-11-27;10;1652
7;2025-11-27;11;1540
7;2025-11-27;12;1721
7;2025-11-27;13;1551
7;2025-11-27;14;1656
7;2025-11-27;15;1752
7;2025-11-27;16;1825
7;2025-11-27;17;2334
7;2025-11-27;18;2567
7;2025-11-27;19;1680
7;2025-11-27;20;1054
7;2025-11-27;21;626
7;2025-11-27;22;298
7;2025-11-27;23;200
7;2025-11-28;0;74
7;2025-11-28;1;15
7;2025-11-28;2;1
7;2025-11-28;3;0
7;2025-11-28;4;2
7;2025-11-28;5;169
7;2025-11-28;6;575
7;2025-11-28;7;1443
7;2025-11-28;8;2186
7;2025-11-28;9;1623
7;2025-11-28;10;1663
7;2025-11-28;11;1525
7;2025-11-28;12;1607
7;2025-11-28;13;1626
7;2025-11-28;14;1677
7;2025-11-28;15;1819
7;2025-11-28;16;2030
7;2025-11-28;17;2239
7;2025-11-28;18;1929
7;2025-11-28;19;1313
7;2025-11-28;20;948
7;2025-11-28;21;571
7;2025-11-28;22;315
7;2025-11-28;23;239
7;2025-11-29;0;120
7;2025-11-29;1;26
7;2025-11-29;2;0
7;2025-11-29;3;0
7;2025-11-29;4;1
7;2025-11-29;5;49
7;2025-11-29;6;264
7;2025-11-29;7;293
7;2025-11-29;8;699
7;2025-11-29;9;564
7;2025-11-29;10;626
7;2025-11-29;11;664
7;2025-11-29;12;924
7;2025-11-29;13;869
7;2025-11-29;14;831
7;2025-11-29;15;815
7;2025-11-29;16;814
7;2025-11-29;17;802
7;2025-11-29;18;753
7;2025-11-29;19;596
7;2025-11-29;20;528
7;2025-11-29;21;369
7;2025-11-29;22;208
7;2025-11-29;23;169
7;2025-11-30;0;100
7;2025-11-30;1;24
7;2025-11-30;2;0
7;2025-11-30;3;0
7;2025-11-30;4;1
7;2025-11-30;5;29
7;2025-11-30;6;125
7;2025-11-30;7;169
7;2025-11-30;8;380
7;2025-11-30;9;504
7;2025-11-30;10;390
7;2025-11-30;11;579
7;2025-11-30;12;626
7;2025-11-30;13;622
7;2025-11-30;14;650
7;2025-11-30;15;705
7;2025-11-30;16;607
7;2025-11-30;17;617
7;2025-11-30;18;640
7;2025-11-30;19;474
7;2025-11-30;20;392
7;2025-11-30;21;287
7;2025-11-30;22;148
7;2025-11-30;23;119
7;2025-12-01;0;58
7;2025-12-01;1;10
7;2025-12-01;2;0
7;2025-12-01;3;0
7;2025-12-01;4;1
7;2025-12-01;5;181
7;2025-12-01;6;560
7;2025-12-01;7;1567
7;2025-12-01;8;2540
7;2025-12-01;9;1753
7;2025-12-01;10;1580
7;2025-12-01;11;1499
7;2025-12-01;12;1491
7;2025-12-01;13;1512
7;2025-12-01;14;1544
7;2025-12-01;15;1697
7;2025-12-01;16;1738
7;2025-12-01;17;2424
7;2025-12-01;18;2505
7;2025-12-01;19;1692
7;2025-12-01;20;1030
7;2025-12-01;21;582
7;2025-12-01;22;282
7;2025-12-01;23;146
7;2025-12-02;0;57
7;2025-12-02;1;13
7;2025-12-02;2;0
7;2025-12-02;3;0
7;2025-12-02;4;2
7;2025-12-02;5;182
7;2025-12-02;6;580
7;2025-12-02;7;1585
7;2025-12-02;8;2436
7;2025-12-02;9;1841
7;2025-12-02;10;1652
7;2025-12-02;11;1540
7;2025-12-02;12;1721
7;2025-12-02;13;1551
7;2025-12-02;14;1656
7;2025-12-02;15;1752
7;2025-12-02;16;1825
7;2025-12-02;17;2334
7;2025-12-02;18;2567
7;2025-12-02;19;1680
7;2025-12-02;20;1054
7;2025-12-02;21;626
7;2025-12-02;22;298
7;2025-12-02;23;200
7;2025-12-03;0;57
7;2025-12-03;1;13
7;2025-12-03;2;0
7;2025-12-03;3;0
7;2025-12-03;4;2
7;2025-12-03;5;182
7;2025-12-03;6;580
7;2025-12-03;7;1585
7;2025-12-03;8;2436
7;2025-12-03;9;1841
7;2025-12-03;10;1652
7;2025-12-03;11;1540
7;2025-12-03;12;1721
7;2025-12-03;13;1551
7;2025-12-03;14;1656
7;2025-12-03;15;1752
7;2025-12-03;16;1825
7;2025-12-03;17;2334
7;2025-12-03;18;2567
7;2025-12-03;19;1680
7;2025-12-03;20;1054
7;2025-12-03;21;626
7;2025-12-03;22;298
7;2025-12-03;23;200
7;2025-12-04;0;57
7;2025-12-04;1;13
7;2025-12-04;2;0
7;2025-12-04;3;0
7;2025-12-04;4;2
7;2025-12-04;5;182
7;2025-12-04;6;580
7;2025-12-04;7;1585
7;2025-12-04;8;2436
7;2025-12-04;9;1841
7;2025-12-04;10;1652
7;2025-12-04;11;1540
7;2025-12-04;12;1721
7;2025-12-04;13;1551
7;2025-12-04;14;1656
7;2025-12-04;15;1752
7;2025-12-04;16;1825
7;2025-12-04;17;2334
7;2025-12-04;18;2567
7;2025-12-04;19;1680
7;2025-12-04;20;1054
7;2025-12-04;21;626
7;2025-12-04;22;298
7;2025-12-04;23;200
7;2025-12-05;0;74
7;2025-12-05;1;15
7;2025-12-05;2;1
7;2025-12-05;3;0
7;2025-12-05;4;2
7;2025-12-05;5;169
7;2025-12-05;6;575
7;2025-12-05;7;1443
7;2025-12-05;8;2186
7;2025-12-05;9;1623
7;2025-12-05;10;1663
7;2025-12-05;11;1525
7;2025-12-05;12;1607
7;2025-12-05;13;1626
7;2025-12-05;14;1677
7;2025-12-05;15;1819
7;2025-12-05;16;2030
7;2025-12-05;17;2239
7;2025-12-05;18;1929
7;2025-12-05;19;1313
7;2025-12-05;20;948
7;2025-12-05;21;571
7;2025-12-05;22;315
7;2025-12-05;23;239
7;2025-12-06;0;120
7;2025-12-06;1;26
7;2025-12-06;2;0
7;2025-12-06;3;0
7;2025-12-06;4;1
7;2025-12-06;5;49
7;2025-12-06;6;264
7;2025-12-06;7;293
7;2025-12-06;8;699
7;2025-12-06;9;564
7;2025-12-06;10;626
7;2025-12-06;11;664
7;2025-12-06;12;924
7;2025-12-06;13;869
7;2025-12-06;14;831
7;2025-12-06;15;815
7;2025-12-06;16;814
7;2025-12-06;17;802
7;2025-12-06;18;753
7;2025-12-06;19;596
7;2025-12-06;20;528
7;2025-12-06;21;369
7;2025-12-06;22;208
7;2025-12-06;23;169
7;2025-12-07;0;100
7;2025-12-07;1;24
7;2025-12-07;2;0
7;2025-12-07;3;0
7;2025-12-07;4;1
7;2025-12-07;5;29
7;2025-12-07;6;125
7;2025-12-07;7;169
7;2025-12-07;8;380
7;2025-12-07;9;504
7;2025-12-07;10;390
7;2025-12-07;11;579
7;2025-12-07;12;626
7;2025-12-07;13;622
7;2025-12-07;14;650
7;2025-12-07;15;705
7;2025-12-07;16;607
7;2025-12-07;17;617
7;2025-12-07;18;640
7;2025-12-07;19;474
7;2025-12-07;20;392
7;2025-12-07;21;287
7;2025-12-07;22;148
7;2025-12-07;23;119
7;2025-12-08;0;58
7;2025-12-08;1;10
7;2025-12-08;2;0
7;2025-12-08;3;0
7;2025-12-08;4;1
7;2025-12-08;5;181
7;2025-12-08;6;560
7;2025-12-08;7;1567
7;2025-12-08;8;2540
7;2025-12-08;9;1753
7;2025-12-08;10;1580
7;2025-12-08;11;1499
7;2025-12-08;12;1491
7;2025-12-08;13;1512
7;2025-12-08;14;1544
7;2025-12-08;15;1697
7;2025-12-08;16;1738
7;2025-12-08;17;2424
7;2025-12-08;18;2505
7;2025-12-08;19;1692
7;2025-12-08;20;1030
7;2025-12-08;21;582
7;2025-12-08;22;282
7;2025-12-08;23;146
7;2025-12-09;0;57
7;2025-12-09;1;13
7;2025-12-09;2;0
7;2025-12-09;3;0
7;2025-12-09;4;2
7;2025-12-09;5;182
7;2025-12-09;6;580
7;2025-12-09;7;1585
7;2025-12-09;8;2436
7;2025-12-09;9;1841
7;2025-12-09;10;1652
7;2025-12-09;11;1540
7;2025-12-09;12;1721
7;2025-12-09;13;1551
7;2025-12-09;14;1656
7;2025-12-09;15;1752
7;2025-12-09;16;1825
7;2025-12-09;17;2334
7;2025-12-09;18;2567
7;2025-12-09;19;1680
7;2025-12-09;20;1054
7;2025-12-09;21;626
7;2025-12-09;22;298
7;2025-12-09;23;200
7;2025-12-10;0;57
7;2025-12-10;1;13
7;2025-12-10;2;0
7;2025-12-10;3;0
7;2025-12-10;4;2
7;2025-12-10;5;182
7;2025-12-10;6;580
7;2025-12-10;7;1585
7;2025-12-10;8;2436
7;2025-12-10;9;1841
7;2025-12-10;10;1652
7;2025-12-10;11;1540
7;2025-12-10;12;1721
7;2025-12-10;13;1551
7;2025-12-10;14;1656
7;2025-12-10;15;1752
7;2025-12-10;16;1825
7;2025-12-10;17;2334
7;2025-12-10;18;2567
7;2025-12-10;19;1680
7;2025-12-10;20;1054
7;2025-12-10;21;626
7;2025-12-10;22;298
7;2025-12-10;23;200
7;2025-12-11;0;57
7;2025-12-11;1;13
7;2025-12-11;2;0
7;2025-12-11;3;0
7;2025-12-11;4;2
7;2025-12-11;5;182
7;2025-12-11;6;580
7;2025-12-11;7;1585
7;2025-12-11;8;2436
7;2025-12-11;9;1841
7;2025-12-11;10;1652
7;2025-12-11;11;1540
7;2025-12-11;12;1721
7;2025-12-11;13;1551
7;2025-12-11;14;1656
7;2025-12-11;15;1752
7;2025-12-11;16;1825
7;2025-12-11;17;2334
7;2025-12-11;18;2567
7;2025-12-11;19;1680
7;2025-12-11;20;1054
7;2025-12-11;21;626
7;2025-12-11;22;298
7;2025-12-11;23;200
7;2025-12-12;0;74
7;2025-12-12;1;15
7;2025-12-12;2;1
7;2025-12-12;3;0
7;2025-12-12;4;2
7;2025-12-12;5;169
7;2025-12-12;6;575
7;2025-12-12;7;1443
7;2025-12-12;8;2186
7;2025-12-12;9;1623
7;2025-12-12;10;1663
7;2025-12-12;11;1525
7;2025-12-12;12;1607
7;2025-12-12;13;1626
7;2025-12-12;14;1677
7;2025-12-12;15;1819
7;2025-12-12;16;2030
7;2025-12-12;17;2239
7;2025-12-12;18;1929
7;2025-12-12;19;1313
7;2025-12-12;20;948
7;2025-12-12;21;571
7;2025-12-12;22;315
7;2025-12-12;23;239
7;2025-12-13;0;120
7;2025-12-13;1;26
7;2025-12-13;2;0
7;2025-12-13;3;0
7;2025-12-13;4;1
7;2025-12-13;5;49
7;2025-12-13;6;264
7;2025-12-13;7;293
7;2025-12-13;8;699
7;2025-12-13;9;564
7;2025-12-13;10;626
7;2025-12-13;11;664
7;2025-12-13;12;924
7;2025-12-13;13;869
7;2025-12-13;14;831
7;2025-12-13;15;815
7;2025-12-13;16;814
7;2025-12-13;17;802
7;2025-12-13;18;753
7;2025-12-13;19;596
7;2025-12-13;20;528
7;2025-12-13;21;369
7;2025-12-13;22;208
7;2025-12-13;23;169
7;2025-12-14;0;100
7;2025-12-14;1;24
7;2025-12-14;2;0
7;2025-12-14;3;0
7;2025-12-14;4;1
7;2025-12-14;5;29
7;2025-12-14;6;125
7;2025-12-14;7;169
7;2025-12-14;8;380
7;2025-12-14;9;504
7;2025-12-14;10;390
7;2025-12-14;11;579
7;2025-12-14;12;626
7;2025-12-14;13;622
7;2025-12-14;14;650
7;2025-12-14;15;705
7;2025-12-14;16;607
7;2025-12-14;17;617
7;2025-12-14;18;640
7;2025-12-14;19;474
7;2025-12-14;20;392
7;2025-12-14;21;287
7;2025-12-14;22;148
7;2025-12-14;23;119
7;2025-12-15;0;58
7;2025-12-15;1;10
7;2025-12-15;2;0
7;2025-12-15;3;0
7;2025-12-15;4;1
7;2025-12-15;5;181
7;2025-12-15;6;560
7;2025-12-15;7;1567
7;2025-12-15;8;2540
7;2025-12-15;9;1753
7;2025-12-15;10;1580
7;2025-12-15;11;1499
7;2025-12-15;12;1491
7;2025-12-15;13;1512
7;2025-12-15;14;1544
7;2025-12-15;15;1697
7;2025-12-15;16;1738
7;2025-12-15;17;2424
7;2025-12-15;18;2505
7;2025-12-15;19;1692
7;2025-12-15;20;1030
7;2025-12-15;21;582
7;2025-12-15;22;282
7;2025-12-15;23;146
7;2025-12-16;0;57
7;2025-12-16;1;13
7;2025-12-16;2;0
7;2025-12-16;3;0
7;2025-12-16;4;2
7;2025-12-16;5;182
7;2025-12-16;6;580
7;2025-12-16;7;1585
7;2025-12-16;8;2436
7;2025-12-16;9;1841
7;2025-12-16;10;1652
7;2025-12-16;11;1540
7;2025-12-16;12;1721
7;2025-12-16;13;1551
7;2025-12-16;14;1656
7;2025-12-16;15;1752
7;2025-12-16;16;1825
7;2025-12-16;17;2334
7;2025-12-16;18;2567
7;2025-12-16;19;1680
7;2025-12-16;20;1054
7;2025-12-16;21;626
7;2025-12-16;22;298
7;2025-12-16;23;200
7;2025-12-17;0;57
7;2025-12-17;1;13
7;2025-12-17;2;0
7;2025-12-17;3;0
7;2025-12-17;4;2
7;2025-12-17;5;182
7;2025-12-17;6;580
7;2025-12-17;7;1585
7;2025-12-17;8;2436
7;2025-12-17;9;1841
7;2025-12-17;10;1652
7;2025-12-17;11;1540
7;2025-12-17;12;1721
7;2025-12-17;13;1551
7;2025-12-17;14;1656
7;2025-12-17;15;1752
7;2025-12-17;16;1825
7;2025-12-17;17;2334
7;2025-12-17;18;2567
7;2025-12-17;19;1680
7;2025-12-17;20;1054
7;2025-12-17;21;626
7;2025-12-17;22;298
7;2025-12-17;23;200
7;2025-12-18;0;57
7;2025-12-18;1;13
7;2025-12-18;2;0
7;2025-12-18;3;0
7;2025-12-18;4;2
7;2025-12-18;5;182
7;2025-12-18;6;580
7;2025-12-18;7;1585
7;2025-12-18;8;2436
7;2025-12-18;9;1841
7;2025-12-18;10;1652
7;2025-12-18;11;1540
7;2025-12-18;12;1721
7;2025-12-18;13;1551
7;2025-12-18;14;1656
7;2025-12-18;15;1752
7;2025-12-18;16;1825
7;2025-12-18;17;2334
7;2025-12-18;18;2567
7;2025-12-18;19;1680
7;2025-12-18;20;1054
7;2025-12-18;21;626
7;2025-12-18;22;298
7;2025-12-18;23;200
7;2025-12-19;0;74
7;2025-12-19;1;15
7;2025-12-19;2;1
7;2025-12-19;3;0
7;2025-12-19;4;2
7;2025-12-19;5;169
7;2025-12-19;6;575
7;2025-12-19;7;1443
7;2025-12-19;8;2186
7;2025-12-19;9;1623
7;2025-12-19;10;1663
7;2025-12-19;11;1525
7;2025-12-19;12;1607
7;2025-12-19;13;1626
7;2025-12-19;14;1677
7;2025-12-19;15;1819
7;2025-12-19;16;2030
7;2025-12-19;17;2239
7;2025-12-19;18;1929
7;2025-12-19;19;1313
7;2025-12-19;20;948
7;2025-12-19;21;571
7;2025-12-19;22;315
7;2025-12-19;23;239
7;2025-12-20;0;120
7;2025-12-20;1;26
7;2025-12-20;2;0
7;2025-12-20;3;0
7;2025-12-20;4;1
7;2025-12-20;5;49
7;2025-12-20;6;264
7;2025-12-20;7;293
7;2025-12-20;8;699
7;2025-12-20;9;564
7;2025-12-20;10;626
7;2025-12-20;11;664
7;2025-12-20;12;924
7;2025-12-20;13;869
7;2025-12-20;14;831
7;2025-12-20;15;815
7;2025-12-20;16;814
7;2025-12-20;17;802
7;2025-12-20;18;753
7;2025-12-20;19;596
7;2025-12-20;20;528
7;2025-12-20;21;369
7;2025-12-20;22;208
7;2025-12-20;23;169
7;2025-12-21;0;100
7;2025-12-21;1;24
7;2025-12-21;2;0
7;2025-12-21;3;0
7;2025-12-21;4;1
7;2025-12-21;5;29
7;2025-12-21;6;125
7;2025-12-21;7;169
7;2025-12-21;8;380
7;2025-12-21;9;504
7;2025-12-21;10;390
7;2025-12-21;11;579
7;2025-12-21;12;626
7;2025-12-21;13;622
7;2025-12-21;14;650
7;2025-12-21;15;705
7;2025-12-21;16;607
7;2025-12-21;17;617
7;2025-12-21;18;640
7;2025-12-21;19;474
7;2025-12-21;20;392
7;2025-12-21;21;287
7;2025-12-21;22;148
7;2025-12-21;23;119
7;2025-12-22;0;58
7;2025-12-22;1;10
7;2025-12-22;2;0
7;2025-12-22;3;0
7;2025-12-22;4;1
7;2025-12-22;5;181
7;2025-12-22;6;560
7;2025-12-22;7;1567
7;2025-12-22;8;2540
7;2025-12-22;9;1753
7;2025-12-22;10;1580
7;2025-12-22;11;1499
7;2025-12-22;12;1491
7;2025-12-22;13;1512
7;2025-12-22;14;1544
7;2025-12-22;15;1697
7;2025-12-22;16;1738
7;2025-12-22;17;2424
7;2025-12-22;18;2505
7;2025-12-22;19;1692
7;2025-12-22;20;1030
7;2025-12-22;21;582
7;2025-12-22;22;282
7;2025-12-22;23;146
7;2025-12-23;0;57
7;2025-12-23;1;13
7;2025-12-23;2;0
7;2025-12-23;3;0
7;2025-12-23;4;2
7;2025-12-23;5;182
7;2025-12-23;6;580
7;2025-12-23;7;1585
7;2025-12-23;8;2436
7;2025-12-23;9;1841
7;2025-12-23;10;1652
7;2025-12-23;11;1540
7;2025-12-23;12;1721
7;2025-12-23;13;1551
7;2025-12-23;14;1656
7;2025-12-23;15;1752
7;2025-12-23;16;1825
7;2025-12-23;17;2334
7;2025-12-23;18;2567
7;2025-12-23;19;1680
7;2025-12-23;20;1054
7;2025-12-23;21;626
7;2025-12-23;22;298
7;2025-12-23;23;200
7;2025-12-24;0;57
7;2025-12-24;1;13
7;2025-12-24;2;0
7;2025-12-24;3;0
7;2025-12-24;4;2
7;2025-12-24;5;182
7;2025-12-24;6;580
7;2025-12-24;7;1585
7;2025-12-24;8;2436
7;2025-12-24;9;1841
7;2025-12-24;10;1652
7;2025-12-24;11;1540
7;2025-12-24;12;1721
7;2025-12-24;13;1551
7;2025-12-24;14;1656
7;2025-12-24;15;1752
7;2025-12-24;16;1825
7;2025-12-24;17;2334
7;2025-12-24;18;2567
7;2025-12-24;19;1680
7;2025-12-24;20;1054
7;2025-12-24;21;626
7;2025-12-24;22;298
7;2025-12-24;23;200
7;2025-12-25;0;57
7;2025-12-25;1;13
7;2025-12-25;2;0
7;2025-12-25;3;0
7;2025-12-25;4;2
7;2025-12-25;5;182
7;2025-12-25;6;580
7;2025-12-25;7;1585
7;2025-12-25;8;2436
7;2025-12-25;9;1841
7;2025-12-25;10;1652
7;2025-12-25;11;1540
7;2025-12-25;12;1721
7;2025-12-25;13;1551
7;2025-12-25;14;1656
7;2025-12-25;15;1752
7;2025-12-25;16;1825
7;2025-12-25;17;2334
7;2025-12-25;18;2567
7;2025-12-25;19;1680
7;2025-12-25;20;1054
7;2025-12-25;21;626
7;2025-12-25;22;298
7;2025-12-25;23;200
7;2025-12-26;0;74
7;2025-12-26;1;15
7;2025-12-26;2;1
7;2025-12-26;3;0
7;2025-12-26;4;2
7;2025-12-26;5;169
7;2025-12-26;6;575
7;2025-12-26;7;1443
7;2025-12-26;8;2186
7;2025-12-26;9;1623
7;2025-12-26;10;1663
7;2025-12-26;11;1525
7;2025-12-26;12;1607
7;2025-12-26;13;1626
7;2025-12-26;14;1677
7;2025-12-26;15;1819
7;2025-12-26;16;2030
7;2025-12-26;17;2239
7;2025-12-26;18;1929
7;2025-12-26;19;1313
7;2025-12-26;20;948
7;2025-12-26;21;571
7;2025-12-26;22;315
7;2025-12-26;23;239
7;2025-12-27;0;120
7;2025-12-27;1;26
7;2025-12-27;2;0
7;2025-12-27;3;0
7;2025-12-27;4;1
7;2025-12-27;5;49
7;2025-12-27;6;264
7;2025-12-27;7;293
7;2025-12-27;8;699
7;2025-12-27;9;564
7;2025-12-27;10;626
7;2025-12-27;11;664
7;2025-12-27;12;924
7;2025-12-27;13;869
7;2025-12-27;14;831
7;2025-12-27;15;815
7;2025-12-27;16;814
7;2025-12-27;17;802
7;2025-12-27;18;753
7;2025-12-27;19;596
7;2025-12-27;20;528
7;2025-12-27;21;369
7;2025-12-27;22;208
7;2025-12-27;23;169
7;2025-12-28;0;100
7;2025-12-28;1;24
7;2025-12-28;2;0
7;2025-12-28;3;0
7;2025-12-28;4;1
7;2025-12-28;5;29
7;2025-12-28;6;125
7;2025-12-28;7;169
7;2025-12-28;8;380
7;2025-12-28;9;504
7;2025-12-28;10;390
7;2025-12-28;11;579
7;2025-12-28;12;626
7;2025-12-28;13;622
7;2025-12-28;14;650
7;2025-12-28;15;705
7;2025-12-28;16;607
7;2025-12-28;17;617
7;2025-12-28;18;640
7;2025-12-28;19;474
7;2025-12-28;20;392
7;2025-12-28;21;287
7;2025-12-28;22;148
7;2025-12-28;23;119
7;2025-12-29;0;64
7;2025-12-29;1;12
7;2025-12-29;2;0
7;2025-12-29;3;0
7;2025-12-29;4;2
7;2025-12-29;5;145
7;2025-12-29;6;495
7;2025-12-29;7;1241
7;2025-12-29;8;1880
7;2025-12-29;9;1396
7;2025-12-29;10;1430
7;2025-12-29;11;1311
7;2025-12-29;12;1382
7;2025-12-29;13;1398
7;2025-12-29;14;1443
7;2025-12-29;15;1564
7;2025-12-29;16;1745
7;2025-12-29;17;1926
7;2025-12-29;18;1659
7;2025-12-29;19;1130
7;2025-12-29;20;815
7;2025-12-29;21;492
7;2025-12-29;22;270
7;2025-12-29;23;205
7;2025-12-30;0;64
7;2025-12-30;1;12
7;2025-12-30;2;0
7;2025-12-30;3;0
7;2025-12-30;4;2
7;2025-12-30;5;145
7;2025-12-30;6;495
7;2025-12-30;7;1241
7;2025-12-30;8;1880
7;2025-12-30;9;1396
7;2025-12-30;10;1430
7;2025-12-30;11;1311
7;2025-12-30;12;1382
7;2025-12-30;13;1398
7;2025-12-30;14;1443
7;2025-12-30;15;1564
7;2025-12-30;16;1745
7;2025-12-30;17;1926
7;2025-12-30;18;1659
7;2025-12-30;19;1130
7;2025-12-30;20;815
7;2025-12-30;21;492
7;2025-12-30;22;270
7;2025-12-30;23;205
7;2025-12-31;0;102
7;2025-12-31;1;23
7;2025-12-31;2;0
7;2025-12-31;3;0
7;2025-12-31;4;1
7;2025-12-31;5;41
7;2025-12-31;6;224
7;2025-12-31;7;249
7;2025-12-31;8;594
7;2025-12-31;9;479
7;2025-12-31;10;532
7;2025-12-31;11;564
7;2025-12-31;12;786
7;2025-12-31;13;739
7;2025-12-31;14;706
7;2025-12-31;15;693
7;2025-12-31;16;692
7;2025-12-31;17;682
7;2025-12-31;18;640
7;2025-12-31;19;278
7;2025-12-31;20;247
7;2025-12-31;21;172
7;2025-12-31;22;97
7;2025-12-31;23;79
11;2025-11-01;0;58
11;2025-11-01;1;2
11;2025-11-01;2;0
11;2025-11-01;3;0
11;2025-11-01;4;0
11;2025-11-01;5;213
11;2025-11-01;6;1079
11;2025-11-01;7;2015
11;2025-11-01;8;2732
11;2025-11-01;9;1846
11;2025-11-01;10;1533
11;2025-11-01;11;1448
11;2025-11-01;12;1575
11;2025-11-01;13;1546
11;2025-11-01;14;1721
11;2025-11-01;15;1708
11;2025-11-01;16;1896
11;2025-11-01;17;2402
11;2025-11-01;18;2007
11;2025-11-01;19;1503
11;2025-11-01;20;1093
11;2025-11-01;21;682
11;2025-11-01;22;308
11;2025-11-01;23;277
11;2025-11-02;0;112
11;2025-11-02;1;16
11;2025-11-02;2;0
11;2025-11-02;3;0
11;2025-11-02;4;0
11;2025-11-02;5;106
11;2025-11-02;6;489
11;2025-11-02;7;484
11;2025-11-02;8;679
11;2025-11-02;9;924
11;2025-11-02;10;1022
11;2025-11-02;11;1500
11;2025-11-02;12;1574
11;2025-11-02;13;1521
11;2025-11-02;14;1627
11;2025-11-02;15;1596
11;2025-11-02;16;1504
11;2025-11-02;17;1674
11;2025-11-02;18;1231
11;2025-11-02;19;982
11;2025-11-02;20;758
11;2025-11-02;21;580
11;2025-11-02;22;339
11;2025-11-02;23;236
11;2025-11-03;0;108
11;2025-11-03;1;15
11;2025-11-03;2;0
11;2025-11-03;3;0
11;2025-11-03;4;0
11;2025-11-03;5;102
11;2025-11-03;6;472
11;2025-11-03;7;467
11;2025-11-03;8;657
11;2025-11-03;9;894
11;2025-11-03;10;989
11;2025-11-03;11;1450
11;2025-11-03;12;1522
11;2025-11-03;13;1470
11;2025-11-03;14;1573
11;2025-11-03;15;1544
11;2025-11-03;16;1455
11;2025-11-03;17;1618
11;2025-11-03;18;1191
11;2025-11-03;19;950
11;2025-11-03;20;733
11;2025-11-03;21;561
11;2025-11-03;22;328
11;2025-11-03;23;228
11;2025-11-04;0;108
11;2025-11-04;1;15
11;2025-11-04;2;0
11;2025-11-04;3;0
11;2025-11-04;4;0
11;2025-11-04;5;102
11;2025-11-04;6;472
11;2025-11-04;7;467
11;2025-11-04;8;657
11;2025-11-04;9;894
11;2025-11-04;10;989
11;2025-11-04;11;1450
11;2025-11-04;12;1522
11;2025-11-04;13;1470
11;2025-11-04;14;1573
11;2025-11-04;15;1544
11;2025-11-04;16;1455
11;2025-11-04;17;1618
11;2025-11-04;18;1191
11;2025-11-04;19;950
11;2025-11-04;20;733
11;2025-11-04;21;561
11;2025-11-04;22;328
11;2025-11-04;23;228
11;2025-11-05;0;55
11;2025-11-05;1;0
11;2025-11-05;2;0
11;2025-11-05;3;0
11;2025-11-05;4;0
11;2025-11-05;5;236
11;2025-11-05;6;1252
11;2025-11-05;7;2414
11;2025-11-05;8;3119
11;2025-11-05;9;2388
11;2025-11-05;10;1979
11;2025-11-05;11;1861
11;2025-11-05;12;1916
11;2025-11-05;13;2035
11;2025-11-05;14;1991
11;2025-11-05;15;1871
11;2025-11-05;16;2112
11;2025-11-05;17;2689
11;2025-11-05;18;2974
11;2025-11-05;19;2190
11;2025-11-05;20;1396
11;2025-11-05;21;770
11;2025-11-05;22;372
11;2025-11-05;23;230
11;2025-11-06;0;55
11;2025-11-06;1;0
11;2025-11-06;2;0
11;2025-11-06;3;0
11;2025-11-06;4;0
11;2025-11-06;5;236
11;2025-11-06;6;1252
11;2025-11-06;7;2414
11;2025-11-06;8;3119
11;2025-11-06;9;2388
11;2025-11-06;10;1979
11;2025-11-06;11;1861
11;2025-11-06;12;1916
11;2025-11-06;13;2035
11;2025-11-06;14;1991
11;2025-11-06;15;1871
11;2025-11-06;16;2112
11;2025-11-06;17;2689
11;2025-11-06;18;2974
11;2025-11-06;19;2190
11;2025-11-06;20;1396
11;2025-11-06;21;770
11;2025-11-06;22;372
11;2025-11-06;23;230
11;2025-11-07;0;68
11;2025-11-07;1;3
11;2025-11-07;2;0
11;2025-11-07;3;0
11;2025-11-07;4;0
11;2025-11-07;5;250
11;2025-11-07;6;1270
11;2025-11-07;7;2370
11;2025-11-07;8;3214
11;2025-11-07;9;2173
11;2025-11-07;10;1803
11;2025-11-07;11;1704
11;2025-11-07;12;1852
11;2025-11-07;13;1820
11;2025-11-07;14;2025
11;2025-11-07;15;2010
11;2025-11-07;16;2230
11;2025-11-07;17;2826
11;2025-11-07;18;2361
11;2025-11-07;19;1769
11;2025-11-07;20;1286
11;2025-11-07;21;802
11;2025-11-07;22;363
11;2025-11-07;23;326
11;2025-11-08;0;105
11;2025-11-08;1;1
11;2025-11-08;2;0
11;2025-11-08;3;0
11;2025-11-08;4;0
11;2025-11-08;5;165
11;2025-11-08;6;821
11;2025-11-08;7;746
11;2025-11-08;8;1024
11;2025-11-08;9;1147
11;2025-11-08;10;1369
11;2025-11-08;11;1687
11;2025-11-08;12;1924
11;2025-11-08;13;1789
11;2025-11-08;14;2028
11;2025-11-08;15;1877
11;2025-11-08;16;1759
11;2025-11-08;17;1863
11;2025-11-08;18;1479
11;2025-11-08;19;1440
11;2025-11-08;20;962
11;2025-11-08;21;698
11;2025-11-08;22;408
11;2025-11-08;23;272
11;2025-11-09;0;112
11;2025-11-09;1;16
11;2025-11-09;2;0
11;2025-11-09;3;0
11;2025-11-09;4;0
11;2025-11-09;5;106
11;2025-11-09;6;489
11;2025-11-09;7;484
11;2025-11-09;8;679
11;2025-11-09;9;924
11;2025-11-09;10;1022
11;2025-11-09;11;1500
11;2025-11-09;12;1574
11;2025-11-09;13;1521
11;2025-11-09;14;1627
11;2025-11-09;15;1596
11;2025-11-09;16;1504
11;2025-11-09;17;1674
11;2025-11-09;18;1231
11;2025-11-09;19;982
11;2025-11-09;20;758
11;2025-11-09;21;580
11;2025-11-09;22;339
11;2025-11-09;23;236
11;2025-11-10;0;71
11;2025-11-10;1;13
11;2025-11-10;2;0
11;2025-11-10;3;0
11;2025-11-10;4;1
11;2025-11-10;5;228
11;2025-11-10;6;1298
11;2025-11-10;7;2300
11;2025-11-10;8;3079
11;2025-11-10;9;2282
11;2025-11-10;10;1834
11;2025-11-10;11;1821
11;2025-11-10;12;1750
11;2025-11-10;13;1806
11;2025-11-10;14;1935
11;2025-11-10;15;2011
11;2025-11-10;16;2141
11;2025-11-10;17;2685
11;2025-11-10;18;2842
11;2025-11-10;19;2084
11;2025-11-10;20;1130
11;2025-11-10;21;741
11;2025-11-10;22;312
11;2025-11-10;23;196
11;2025-11-11;0;55
11;2025-11-11;1;0
11;2025-11-11;2;0
11;2025-11-11;3;0
11;2025-11-11;4;0
11;2025-11-11;5;236
11;2025-11-11;6;1252
11;2025-11-11;7;2414
11;2025-11-11;8;3119
11;2025-11-11;9;2388
11;2025-11-11;10;1979
11;2025-11-11;11;1861
11;2025-11-11;12;1916
11;2025-11-11;13;2035
11;2025-11-11;14;1991
11;2025-11-11;15;1871
11;2025-11-11;16;2112
11;2025-11-11;17;2689
11;2025-11-11;18;2974
11;2025-11-11;19;2190
11;2025-11-11;20;1396
11;2025-11-11;21;770
11;2025-11-11;22;372
11;2025-11-11;23;230
11;2025-11-12;0;55
11;2025-11-12;1;0
11;2025-11-12;2;0
11;2025-11-12;3;0
11;2025-11-12;4;0
11;2025-11-12;5;236
11;2025-11-12;6;1252
11;2025-11-12;7;2414
11;2025-11-12;8;3119
11;2025-11-12;9;2388
11;2025-11-12;10;1979
11;2025-11-12;11;1861
11;2025-11-12;12;1916
11;2025-11-12;13;2035
11;2025-11-12;14;1991
11;2025-11-12;15;1871
11;2025-11-12;16;2112
11;2025-11-12;17;2689
11;2025-11-12;18;2974
11;2025-11-12;19;2190
11;2025-11-12;20;1396
11;2025-11-12;21;770
11;2025-11-12;22;372
11;2025-11-12;23;230
11;2025-11-13;0;55
11;2025-11-13;1;0
11;2025-11-13;2;0
11;2025-11-13;3;0
11;2025-11-13;4;0
11;2025-11-13;5;236
11;2025-11-13;6;1252
11;2025-11-13;7;2414
11;2025-11-13;8;3119
11;2025-11-13;9;2388
11;2025-11-13;10;1979
11;2025-11-13;11;1861
11;2025-11-13;12;1916
11;2025-11-13;13;2035
11;2025-11-13;14;1991
11;2025-11-13;15;1871
11;2025-11-13;16;2112
11;2025-11-13;17;2689
11;2025-11-13;18;2974
11;2025-11-13;19;2190
11;2025-11-13;20;1396
11;2025-11-13;21;770
11;2025-11-13;22;372
11;2025-11-13;23;230
11;2025-11-14;0;68
11;2025-11-14;1;3
11;2025-11-14;2;0
11;2025-11-14;3;0
11;2025-11-14;4;0
11;2025-11-14;5;250
11;2025-11-14;6;1270
11;2025-11-14;7;2370
11;2025-11-14;8;3214
11;2025-11-14;9;2173
11;2025-11-14;10;1803
11;2025-11-14;11;1704
11;2025-11-14;12;1852
11;2025-11-14;13;1820
11;2025-11-14;14;2025
11;2025-11-14;15;2010
11;2025-11-14;16;2230
11;2025-11-14;17;2826
11;2025-11-14;18;2361
11;2025-11-14;19;1769
11;2025-11-14;20;1286
11;2025-11-14;21;802
11;2025-11-14;22;363
11;2025-11-14;23;326
11;2025-11-15;0;100
11;2025-11-15;1;1
11;2025-11-15;2;0
11;2025-11-15;3;0
11;2025-11-15;4;0
11;2025-11-15;5;156
11;2025-11-15;6;779
11;2025-11-15;7;708
11;2025-11-15;8;971
11;2025-11-15;9;1088
11;2025-11-15;10;1298
11;2025-11-15;11;1599
11;2025-11-15;12;1824
11;2025-11-15;13;1696
11;2025-11-15;14;1923
11;2025-11-15;15;1780
11;2025-11-15;16;1669
11;2025-11-15;17;1767
11;2025-11-15;18;1402
11;2025-11-15;19;1365
11;2025-11-15;20;912
11;2025-11-15;21;662
11;2025-11-15;22;386
11;2025-11-15;23;259
11;2025-11-16;0;112
11;2025-11-16;1;16
11;2025-11-16;2;0
11;2025-11-16;3;0
11;2025-11-16;4;0
11;2025-11-16;5;106
11;2025-11-16;6;489
11;2025-11-16;7;484
11;2025-11-16;8;679
11;2025-11-16;9;924
11;2025-11-16;10;1022
11;2025-11-16;11;1500
11;2025-11-16;12;1574
11;2025-11-16;13;1521
11;2025-11-16;14;1627
11;2025-11-16;15;1596
11;2025-11-16;16;1504
11;2025-11-16;17;1674
11;2025-11-16;18;1231
11;2025-11-16;19;982
11;2025-11-16;20;758
11;2025-11-16;21;580
11;2025-11-16;22;339
11;2025-11-16;23;236
11;2025-11-17;0;71
11;2025-11-17;1;13
11;2025-11-17;2;0
11;2025-11-17;3;0
11;2025-11-17;4;1
11;2025-11-17;5;228
11;2025-11-17;6;1298
11;2025-11-17;7;2300
11;2025-11-17;8;3079
11;2025-11-17;9;2282
11;2025-11-17;10;1834
11;2025-11-17;11;1821
11;2025-11-17;12;1750
11;2025-11-17;13;1806
11;2025-11-17;14;1935
11;2025-11-17;15;2011
11;2025-11-17;16;2141
11;2025-11-17;17;2685
11;2025-11-17;18;2842
11;2025-11-17;19;2084
11;2025-11-17;20;1130
11;2025-11-17;21;741
11;2025-11-17;22;312
11;2025-11-17;23;196
11;2025-11-18;0;55
11;2025-11-18;1;0
11;2025-11-18;2;0
11;2025-11-18;3;0
11;2025-11-18;4;0
11;2025-11-18;5;236
11;2025-11-18;6;1252
11;2025-11-18;7;2414
11;2025-11-18;8;3119
11;2025-11-18;9;2388
11;2025-11-18;10;1979
11;2025-11-18;11;1861
11;2025-11-18;12;1916
11;2025-11-18;13;2035
11;2025-11-18;14;1991
11;2025-11-18;15;1871
11;2025-11-18;16;2112
11;2025-11-18;17;2689
11;2025-11-18;18;2974
11;2025-11-18;19;2190
11;2025-11-18;20;1396
11;2025-11-18;21;770
11;2025-11-18;22;372
11;2025-11-18;23;230
11;2025-11-19;0;55
11;2025-11-19;1;0
11;2025-11-19;2;0
11;2025-11-19;3;0
11;2025-11-19;4;0
11;2025-11-19;5;236
11;2025-11-19;6;1252
11;2025-11-19;7;2414
11;2025-11-19;8;3119
11;2025-11-19;9;2388
11;2025-11-19;10;1979
11;2025-11-19;11;1861
11;2025-11-19;12;1916
11;2025-11-19;13;2035
11;2025-11-19;14;1991
11;2025-11-19;15;1871
11;2025-11-19;16;2112
11;2025-11-19;17;2689
11;2025-11-19;18;2974
11;2025-11-19;19;2190
11;2025-11-19;20;1396
11;2025-11-19;21;770
11;2025-11-19;22;372
11;2025-11-19;23;230
11;2025-11-20;0;55
11;2025-11-20;1;0
11;2025-11-20;2;0
11;2025-11-20;3;0
11;2025-11-20;4;0
11;2025-11-20;5;236
11;2025-11-20;6;1252
11;2025-11-20;7;2414
11;2025-11-20;8;3119
11;2025-11-20;9;2388
11;2025-11-20;10;1979
11;2025-11-20;11;1861
11;2025-11-20;12;1916
11;2025-11-20;13;2035
11;2025-11-20;14;1991
11;2025-11-20;15;1871
11;2025-11-20;16;2112
11;2025-11-20;17;2689
11;2025-11-20;18;2974
11;2025-11-20;19;2190
11;2025-11-20;20;1396
11;2025-11-20;21;770
11;2025-11-20;22;372
11;2025-11-20;23;230
11;2025-11-21;0;68
11;2025-11-21;1;3
11;2025-11-21;2;0
11;2025-11-21;3;0
11;2025-11-21;4;0
11;2025-11-21;5;250
11;2025-11-21;6;1270
11;2025-11-21;7;2370
11;2025-11-21;8;3214
11;2025-11-21;9;2173
11;2025-11-21;10;1803
11;2025-11-21;11;1704
11;2025-11-21;12;1852
11;2025-11-21;13;1820
11;2025-11-21;14;2025
11;2025-11-21;15;2010
11;2025-11-21;16;2230
11;2025-11-21;17;2826
11;2025-11-21;18;2361
11;2025-11-21;19;1769
11;2025-11-21;20;1286
11;2025-11-21;21;802
11;2025-11-21;22;363
11;2025-11-21;23;326
11;2025-11-22;0;105
11;2025-11-22;1;1
11;2025-11-22;2;0
11;2025-11-22;3;0
11;2025-11-22;4;0
11;2025-11-22;5;165
11;2025-11-22;6;821
11;2025-11-22;7;746
11;2025-11-22;8;1024
11;2025-11-22;9;1147
11;2025-11-22;10;1369
11;2025-11-22;11;1687
11;2025-11-22;12;1924
11;2025-11-22;13;1789
11;2025-11-22;14;2028
11;2025-11-22;15;1877
11;2025-11-22;16;1759
11;2025-11-22;17;1863
11;2025-11-22;18;1479
11;2025-11-22;19;1440
11;2025-11-22;20;962
11;2025-11-22;21;698
11;2025-11-22;22;408
11;2025-11-22;23;272
11;2025-11-23;0;112
11;2025-11-23;1;16
11;2025-11-23;2;0
11;2025-11-23;3;0
11;2025-11-23;4;0
11;2025-11-23;5;106
11;2025-11-23;6;489
11;2025-11-23;7;484
11;2025-11-23;8;679
11;2025-11-23;9;924
11;2025-11-23;10;1022
11;2025-11-23;11;1500
11;2025-11-23;12;1574
11;2025-11-23;13;1521
11;2025-11-23;14;1627
11;2025-11-23;15;1596
11;2025-11-23;16;1504
11;2025-11-23;17;1674
11;2025-11-23;18;1231
11;2025-11-23;19;982
11;2025-11-23;20;758
11;2025-11-23;21;580
11;2025-11-23;22;339
11;2025-11-23;23;236
11;2025-11-24;0;71
11;2025-11-24;1;13
11;2025-11-24;2;0
11;2025-11-24;3;0
11;2025-11-24;4;1
11;2025-11-24;5;228
11;2025-11-24;6;1298
11;2025-11-24;7;2300
11;2025-11-24;8;3079
11;2025-11-24;9;2282
11;2025-11-24;10;1834
11;2025-11-24;11;1821
11;2025-11-24;12;1750
11;2025-11-24;13;1806
11;2025-11-24;14;1935
11;2025-11-24;15;2011
11;2025-11-24;16;2141
11;2025-11-24;17;2685
11;2025-11-24;18;2842
11;2025-11-24;19;2084
11;2025-11-24;20;1130
11;2025-11-24;21;741
11;2025-11-24;22;312
11;2025-11-24;23;196
11;2025-11-25;0;55
11;2025-11-25;1;0
11;2025-11-25;2;0
11;2025-11-25;3;0
11;2025-11-25;4;0
11;2025-11-25;5;236
11;2025-11-25;6;1252
11;2025-11-25;7;2414
11;2025-11-25;8;3119
11;2025-11-25;9;2388
11;2025-11-25;10;1979
11;2025-11-25;11;1861
11;2025-11-25;12;1916
11;2025-11-25;13;2035
11;2025-11-25;14;1991
11;2025-11-25;15;1871
11;2025-11-25;16;2112
11;2025-11-25;17;2689
11;2025-11-25;18;2974
11;2025-11-25;19;2190
11;2025-11-25;20;1396
11;2025-11-25;21;770
11;2025-11-25;22;372
11;2025-11-25;23;230
11;2025-11-26;0;55
11;2025-11-26;1;0
11;2025-11-26;2;0
11;2025-11-26;3;0
11;2025-11-26;4;0
11;2025-11-26;5;236
11;2025-11-26;6;1252
11;2025-11-26;7;2414
11;2025-11-26;8;3119
11;2025-11-26;9;2388
11;2025-11-26;10;1979
11;2025-11-26;11;1861
11;2025-11-26;12;1916
11;2025-11-26;13;2035
11;2025-11-26;14;1991
11;2025-11-26;15;1871
11;2025-11-26;16;2112
11;2025-11-26;17;2689
11;2025-11-26;18;2974
11;2025-11-26;19;2190
11;2025-11-26;20;1396
11;2025-11-26;21;770
11;2025-11-26;22;372
11;2025-11-26;23;230
11;2025-11-27;0;55
11;2025-11-27;1;0
11;2025-11-27;2;0
11;2025-11-27;3;0
11;2025-11-27;4;0
11;2025-11-27;5;236
11;2025-11-27;6;1252
11;2025-11-27;7;2414
11;2025-11-27;8;3119
11;2025-11-27;9;2388
11;2025-11-27;10;1979
11;2025-11-27;11;1861
11;2025-11-27;12;1916
11;2025-11-27;13;2035
11;2025-11-27;14;1991
11;2025-11-27;15;1871
11;2025-11-27;16;2112
11;2025-11-27;17;2689
11;2025-11-27;18;2974
11;2025-11-27;19;2190
11;2025-11-27;20;1396
11;2025-11-27;21;770
11;2025-11-27;22;372
11;2025-11-27;23;230
11;2025-11-28;0;68
11;2025-11-28;1;3
11;2025-11-28;2;0
11;2025-11-28;3;0
11;2025-11-28;4;0
11;2025-11-28;5;250
11;2025-11-28;6;1270
11;2025-11-28;7;2370
11;2025-11-28;8;3214
11;2025-11-28;9;2173
11;2025-11-28;10;1803
11;2025-11-28;11;1704
11;2025-11-28;12;1852
11;2025-11-28;13;1820
11;2025-11-28;14;2025
11;2025-11-28;15;2010
11;2025-11-28;16;2230
11;2025-11-28;17;2826
11;2025-11-28;18;2361
11;2025-11-28;19;1769
11;2025-11-28;20;1286
11;2025-11-28;21;802
11;2025-11-28;22;363
11;2025-11-28;23;326
11;2025-11-29;0;105
11;2025-11-29;1;1
11;2025-11-29;2;0
11;2025-11-29;3;0
11;2025-11-29;4;0
11;2025-11-29;5;165
11;2025-11-29;6;821
11;2025-11-29;7;746
11;2025-11-29;8;1024
11;2025-11-29;9;1147
11;2025-11-29;10;1369
11;2025-11-29;11;1687
11;2025-11-29;12;1924
11;2025-11-29;13;1789
11;2025-11-29;14;2028
11;2025-11-29;15;1877
11;2025-11-29;16;1759
11;2025-11-29;17;1863
11;2025-11-29;18;1479
11;2025-11-29;19;1440
11;2025-11-29;20;962
11;2025-11-29;21;698
11;2025-11-29;22;408
11;2025-11-29;23;272
11;2025-11-30;0;112
11;2025-11-30;1;16
11;2025-11-30;2;0
11;2025-11-30;3;0
11;2025-11-30;4;0
11;2025-11-30;5;106
11;2025-11-30;6;489
11;2025-11-30;7;484
11;2025-11-30;8;679
11;2025-11-30;9;924
11;2025-11-30;10;1022
11;2025-11-30;11;1500
11;2025-11-30;12;1574
11;2025-11-30;13;1521
11;2025-11-30;14;1627
11;2025-11-30;15;1596
11;2025-11-30;16;1504
11;2025-11-30;17;1674
11;2025-11-30;18;1231
11;2025-11-30;19;982
11;2025-11-30;20;758
11;2025-11-30;21;580
11;2025-11-30;22;339
11;2025-11-30;23;236
11;2025-12-01;0;71
11;2025-12-01;1;13
11;2025-12-01;2;0
11;2025-12-01;3;0
11;2025-12-01;4;1
11;2025-12-01;5;228
11;2025-12-01;6;1298
11;2025-12-01;7;2300
11;2025-12-01;8;3079
11;2025-12-01;9;2282
11;2025-12-01;10;1834
11;2025-12-01;11;1821
11;2025-12-01;12;1750
11;2025-12-01;13;1806
11;2025-12-01;14;1935
11;2025-12-01;15;2011
11;2025-12-01;16;2141
11;2025-12-01;17;2685
11;2025-12-01;18;2842
11;2025-12-01;19;2084
11;2025-12-01;20;1130
11;2025-12-01;21;741
11;2025-12-01;22;312
11;2025-12-01;23;196
11;2025-12-02;0;55
11;2025-12-02;1;0
11;2025-12-02;2;0
11;2025-12-02;3;0
11;2025-12-02;4;0
11;2025-12-02;5;236
11;2025-12-02;6;1252
11;2025-12-02;7;2414
11;2025-12-02;8;3119
11;2025-12-02;9;2388
11;2025-12-02;10;1979
11;2025-12-02;11;1861
11;2025-12-02;12;1916
11;2025-12-02;13;2035
11;2025-12-02;14;1991
11;2025-12-02;15;1871
11;2025-12-02;16;2112
11;2025-12-02;17;2689
11;2025-12-02;18;2974
11;2025-12-02;19;2190
11;2025-12-02;20;1396
11;2025-12-02;21;770
11;2025-12-02;22;372
11;2025-12-02;23;230
11;2025-12-03;0;55
11;2025-12-03;1;0
11;2025-12-03;2;0
11;2025-12-03;3;0
11;2025-12-03;4;0
11;2025-12-03;5;236
11;2025-12-03;6;1252
11;2025-12-03;7;2414
11;2025-12-03;8;3119
11;2025-12-03;9;2388
11;2025-12-03;10;1979
11;2025-12-03;11;1861
11;2025-12-03;12;1916
11;2025-12-03;13;2035
11;2025-12-03;14;1991
11;2025-12-03;15;1871
11;2025-12-03;16;2112
11;2025-12-03;17;2689
11;2025-12-03;18;2974
11;2025-12-03;19;2190
11;2025-12-03;20;1396
11;2025-12-03;21;770
11;2025-12-03;22;372
11;2025-12-03;23;230
11;2025-12-04;0;55
11;2025-12-04;1;0
11;2025-12-04;2;0
11;2025-12-04;3;0
11;2025-12-04;4;0
11;2025-12-04;5;236
11;2025-12-04;6;1252
11;2025-12-04;7;2414
11;2025-12-04;8;3119
11;2025-12-04;9;2388
11;2025-12-04;10;1979
11;2025-12-04;11;1861
11;2025-12-04;12;1916
11;2025-12-04;13;2035
11;2025-12-04;14;1991
11;2025-12-04;15;1871
11;2025-12-04;16;2112
11;2025-12-04;17;2689
11;2025-12-04;18;2974
11;2025-12-04;19;2190
11;2025-12-04;20;1396
11;2025-12-04;21;770
11;2025-12-04;22;372
11;2025-12-04;23;230
11;2025-12-05;0;68
11;2025-12-05;1;3
11;2025-12-05;2;0
11;2025-12-05;3;0
11;2025-12-05;4;0
11;2025-12-05;5;250
11;2025-12-05;6;1270
11;2025-12-05;7;2370
11;2025-12-05;8;3214
11;2025-12-05;9;2173
11;2025-12-05;10;1803
11;2025-12-05;11;1704
11;2025-12-05;12;1852
11;2025-12-05;13;1820
11;2025-12-05;14;2025
11;2025-12-05;15;2010
11;2025-12-05;16;2230
11;2025-12-05;17;2826
11;2025-12-05;18;2361
11;2025-12-05;19;1769
11;2025-12-05;20;1286
11;2025-12-05;21;802
11;2025-12-05;22;363
11;2025-12-05;23;326
11;2025-12-06;0;105
11;2025-12-06;1;1
11;2025-12-06;2;0
11;2025-12-06;3;0
11;2025-12-06;4;0
11;2025-12-06;5;165
11;2025-12-06;6;821
11;2025-12-06;7;746
11;2025-12-06;8;1024
11;2025-12-06;9;1147
11;2025-12-06;10;1369
11;2025-12-06;11;1687
11;2025-12-06;12;1924
11;2025-12-06;13;1789
11;2025-12-06;14;2028
11;2025-12-06;15;1877
11;2025-12-06;16;1759
11;2025-12-06;17;1863
11;2025-12-06;18;1479
11;2025-12-06;19;1440
11;2025-12-06;20;962
11;2025-12-06;21;698
11;2025-12-06;22;408
11;2025-12-06;23;272
11;2025-12-07;0;112
11;2025-12-07;1;16
11;2025-12-07;2;0
11;2025-12-07;3;0
11;2025-12-07;4;0
11;2025-12-07;5;106
11;2025-12-07;6;489
11;2025-12-07;7;484
11;2025-12-07;8;679
11;2025-12-07;9;924
11;2025-12-07;10;1022
11;2025-12-07;11;1500
11;2025-12-07;12;1574
11;2025-12-07;13;1521
11;2025-12-07;14;1627
11;2025-12-07;15;1596
11;2025-12-07;16;1504
11;2025-12-07;17;1674
11;2025-12-07;18;1231
11;2025-12-07;19;982
11;2025-12-07;20;758
11;2025-12-07;21;580
11;2025-12-07;22;339
11;2025-12-07;23;236
11;2025-12-08;0;71
11;2025-12-08;1;13
11;2025-12-08;2;0
11;2025-12-08;3;0
11;2025-12-08;4;1
11;2025-12-08;5;228
11;2025-12-08;6;1298
11;2025-12-08;7;2300
11;2025-12-08;8;3079
11;2025-12-08;9;2282
11;2025-12-08;10;1834
11;2025-12-08;11;1821
11;2025-12-08;12;1750
11;2025-12-08;13;1806
11;2025-12-08;14;1935
11;2025-12-08;15;2011
11;2025-12-08;16;2141
11;2025-12-08;17;2685
11;2025-12-08;18;2842
11;2025-12-08;19;2084
11;2025-12-08;20;1130
11;2025-12-08;21;741
11;2025-12-08;22;312
11;2025-12-08;23;196
11;2025-12-09;0;55
11;2025-12-09;1;0
11;2025-12-09;2;0
11;2025-12-09;3;0
11;2025-12-09;4;0
11;2025-12-09;5;236
11;2025-12-09;6;1252
11;2025-12-09;7;2414
11;2025-12-09;8;3119
11;2025-12-09;9;2388
11;2025-12-09;10;1979
11;2025-12-09;11;1861
11;2025-12-09;12;1916
11;2025-12-09;13;2035
11;2025-12-09;14;1991
11;2025-12-09;15;1871
11;2025-12-09;16;2112
11;2025-12-09;17;2689
11;2025-12-09;18;2974
11;2025-12-09;19;2190
11;2025-12-09;20;1396
11;2025-12-09;21;770
11;2025-12-09;22;372
11;2025-12-09;23;230
11;2025-12-10;0;55
11;2025-12-10;1;0
11;2025-12-10;2;0
11;2025-12-10;3;0
11;2025-12-10;4;0
11;2025-12-10;5;236
11;2025-12-10;6;1252
11;2025-12-10;7;2414
11;2025-12-10;8;3119
11;2025-12-10;9;2388
11;2025-12-10;10;1979
11;2025-12-10;11;1861
11;2025-12-10;12;1916
11;2025-12-10;13;2035
11;2025-12-10;14;1991
11;2025-12-10;15;1871
11;2025-12-10;16;2112
11;2025-12-10;17;2689
11;2025-12-10;18;2974
11;2025-12-10;19;2190
11;2025-12-10;20;1396
11;2025-12-10;21;770
11;2025-12-10;22;372
11;2025-12-10;23;230
11;2025-12-11;0;55
11;2025-12-11;1;0
11;2025-12-11;2;0
11;2025-12-11;3;0
11;2025-12-11;4;0
11;2025-12-11;5;236
11;2025-12-11;6;1252
11;2025-12-11;7;2414
11;2025-12-11;8;3119
11;2025-12-11;9;2388
11;2025-12-11;10;1979
11;2025-12-11;11;1861
11;2025-12-11;12;1916
11;2025-12-11;13;2035
11;2025-12-11;14;1991
11;2025-12-11;15;1871
11;2025-12-11;16;2112
11;2025-12-11;17;2689
11;2025-12-11;18;2974
11;2025-12-11;19;2190
11;2025-12-11;20;1396
11;2025-12-11;21;770
11;2025-12-11;22;372
11;2025-12-11;23;230
11;2025-12-12;0;68
11;2025-12-12;1;3
11;2025-12-12;2;0
11;2025-12-12;3;0
11;2025-12-12;4;0
11;2025-12-12;5;250
11;2025-12-12;6;1270
11;2025-12-12;7;2370
11;2025-12-12;8;3214
11;2025-12-12;9;2173
11;2025-12-12;10;1803
11;2025-12-12;11;1704
11;2025-12-12;12;1852
11;2025-12-12;13;1820
11;2025-12-12;14;2025
11;2025-12-12;15;2010
11;2025-12-12;16;2230
11;2025-12-12;17;2826
11;2025-12-12;18;2361
11;2025-12-12;19;1769
11;2025-12-12;20;1286
11;2025-12-12;21;802
11;2025-12-12;22;363
11;2025-12-12;23;326
11;2025-12-13;0;105
11;2025-12-13;1;1
11;2025-12-13;2;0
11;2025-12-13;3;0
11;2025-12-13;4;0
11;2025-12-13;5;165
11;2025-12-13;6;821
11;2025-12-13;7;746
11;2025-12-13;8;1024
11;2025-12-13;9;1147
11;2025-12-13;10;1369
11;2025-12-13;11;1687
11;2025-12-13;12;1924
11;2025-12-13;13;1789
11;2025-12-13;14;2028
11;2025-12-13;15;1877
11;2025-12-13;16;1759
11;2025-12-13;17;1863
11;2025-12-13;18;1479
11;2025-12-13;19;1440
11;2025-12-13;20;962
11;2025-12-13;21;698
11;2025-12-13;22;408
11;2025-12-13;23;272
11;2025-12-14;0;112
11;2025-12-14;1;16
11;2025-12-14;2;0
11;2025-12-14;3;0
11;2025-12-14;4;0
11;2025-12-14;5;106
11;2025-12-14;6;489
11;2025-12-14;7;484
11;2025-12-14;8;679
11;2025-12-14;9;924
11;2025-12-14;10;1022
11;2025-12-14;11;1500
11;2025-12-14;12;1574
11;2025-12-14;13;1521
11;2025-12-14;14;1627
11;2025-12-14;15;1596
11;2025-12-14;16;1504
11;2025-12-14;17;1674
11;2025-12-14;18;1231
11;2025-12-14;19;982
11;2025-12-14;20;758
11;2025-12-14;21;580
11;2025-12-14;22;339
11;2025-12-14;23;236
11;2025-12-15;0;71
11;2025-12-15;1;13
11;2025-12-15;2;0
11;2025-12-15;3;0
11;2025-12-15;4;1
11;2025-12-15;5;228
11;2025-12-15;6;1298
11;2025-12-15;7;2300
11;2025-12-15;8;3079
11;2025-12-15;9;2282
11;2025-12-15;10;1834
11;2025-12-15;11;1821
11;2025-12-15;12;1750
11;2025-12-15;13;1806
11;2025-12-15;14;1935
11;2025-12-15;15;2011
11;2025-12-15;16;2141
11;2025-12-15;17;2685
11;2025-12-15;18;2842
11;2025-12-15;19;2084
11;2025-12-15;20;1130
11;2025-12-15;21;741
11;2025-12-15;22;312
11;2025-12-15;23;196
11;2025-12-16;0;55
11;2025-12-16;1;0
11;2025-12-16;2;0
11;2025-12-16;3;0
11;2025-12-16;4;0
11;2025-12-16;5;236
11;2025-12-16;6;1252
11;2025-12-16;7;2414
11;2025-12-16;8;3119
11;2025-12-16;9;2388
11;2025-12-16;10;1979
11;2025-12-16;11;1861
11;2025-12-16;12;1916
11;2025-12-16;13;2035
11;2025-12-16;14;1991
11;2025-12-16;15;1871
11;2025-12-16;16;2112
11;2025-12-16;17;2689
11;2025-12-16;18;2974
11;2025-12-16;19;2190
11;2025-12-16;20;1396
11;2025-12-16;21;770
11;2025-12-16;22;372
11;2025-12-16;23;230
11;2025-12-17;0;55
11;2025-12-17;1;0
11;2025-12-17;2;0
11;2025-12-17;3;0
11;2025-12-17;4;0
11;2025-12-17;5;236
11;2025-12-17;6;1252
11;2025-12-17;7;2414
11;2025-12-17;8;3119
11;2025-12-17;9;2388
11;2025-12-17;10;1979
11;2025-12-17;11;1861
11;2025-12-17;12;1916
11;2025-12-17;13;2035
11;2025-12-17;14;1991
11;2025-12-17;15;1871
11;2025-12-17;16;2112
11;2025-12-17;17;2689
11;2025-12-17;18;2974
11;2025-12-17;19;2190
11;2025-12-17;20;1396
11;2025-12-17;21;770
11;2025-12-17;22;372
11;2025-12-17;23;230
11;2025-12-18;0;55
11;2025-12-18;1;0
11;2025-12-18;2;0
11;2025-12-18;3;0
11;2025-12-18;4;0
11;2025-12-18;5;236
11;2025-12-18;6;1252
11;2025-12-18;7;2414
11;2025-12-18;8;3119
11;2025-12-18;9;2388
11;2025-12-18;10;1979
11;2025-12-18;11;1861
11;2025-12-18;12;1916
11;2025-12-18;13;2035
11;2025-12-18;14;1991
11;2025-12-18;15;1871
11;2025-12-18;16;2112
11;2025-12-18;17;2689
11;2025-12-18;18;2974
11;2025-12-18;19;2190
11;2025-12-18;20;1396
11;2025-12-18;21;770
11;2025-12-18;22;372
11;2025-12-18;23;230
11;2025-12-19;0;68
11;2025-12-19;1;3
11;2025-12-19;2;0
11;2025-12-19;3;0
11;2025-12-19;4;0
11;2025-12-19;5;250
11;2025-12-19;6;1270
11;2025-12-19;7;2370
11;2025-12-19;8;3214
11;2025-12-19;9;2173
11;2025-12-19;10;1803
11;2025-12-19;11;1704
11;2025-12-19;12;1852
11;2025-12-19;13;1820
11;2025-12-19;14;2025
11;2025-12-19;15;2010
11;2025-12-19;16;2230
11;2025-12-19;17;2826
11;2025-12-19;18;2361
11;2025-12-19;19;1769
11;2025-12-19;20;1286
11;2025-12-19;21;802
11;2025-12-19;22;363
11;2025-12-19;23;326
11;2025-12-20;0;105
11;2025-12-20;1;1
11;2025-12-20;2;0
11;2025-12-20;3;0
11;2025-12-20;4;0
11;2025-12-20;5;165
11;2025-12-20;6;821
11;2025-12-20;7;746
11;2025-12-20;8;1024
11;2025-12-20;9;1147
11;2025-12-20;10;1369
11;2025-12-20;11;1687
11;2025-12-20;12;1924
11;2025-12-20;13;1789
11;2025-12-20;14;2028
11;2025-12-20;15;1877
11;2025-12-20;16;1759
11;2025-12-20;17;1863
11;2025-12-20;18;1479
11;2025-12-20;19;1440
11;2025-12-20;20;962
11;2025-12-20;21;698
11;2025-12-20;22;408
11;2025-12-20;23;272
11;2025-12-21;0;112
11;2025-12-21;1;16
11;2025-12-21;2;0
11;2025-12-21;3;0
11;2025-12-21;4;0
11;2025-12-21;5;106
11;2025-12-21;6;489
11;2025-12-21;7;484
11;2025-12-21;8;679
11;2025-12-21;9;924
11;2025-12-21;10;1022
11;2025-12-21;11;1500
11;2025-12-21;12;1574
11;2025-12-21;13;1521
11;2025-12-21;14;1627
11;2025-12-21;15;1596
11;2025-12-21;16;1504
11;2025-12-21;17;1674
11;2025-12-21;18;1231
11;2025-12-21;19;982
11;2025-12-21;20;758
11;2025-12-21;21;580
11;2025-12-21;22;339
11;2025-12-21;23;236
11;2025-12-22;0;71
11;2025-12-22;1;13
11;2025-12-22;2;0
11;2025-12-22;3;0
11;2025-12-22;4;1
11;2025-12-22;5;228
11;2025-12-22;6;1298
11;2025-12-22;7;2300
11;2025-12-22;8;3079
11;2025-12-22;9;2282
11;2025-12-22;10;1834
11;2025-12-22;11;1821
11;2025-12-22;12;1750
11;2025-12-22;13;1806
11;2025-12-22;14;1935
11;2025-12-22;15;2011
11;2025-12-22;16;2141
11;2025-12-22;17;2685
11;2025-12-22;18;2842
11;2025-12-22;19;2084
11;2025-12-22;20;1130
11;2025-12-22;21;741
11;2025-12-22;22;312
11;2025-12-22;23;196
11;2025-12-23;0;55
11;2025-12-23;1;0
11;2025-12-23;2;0
11;2025-12-23;3;0
11;2025-12-23;4;0
11;2025-12-23;5;236
11;2025-12-23;6;1252
11;2025-12-23;7;2414
11;2025-12-23;8;3119
11;2025-12-23;9;2388
11;2025-12-23;10;1979
11;2025-12-23;11;1861
11;2025-12-23;12;1916
11;2025-12-23;13;2035
11;2025-12-23;14;1991
11;2025-12-23;15;1871
11;2025-12-23;16;2112
11;2025-12-23;17;2689
11;2025-12-23;18;2974
11;2025-12-23;19;2190
11;2025-12-23;20;1396
11;2025-12-23;21;770
11;2025-12-23;22;372
11;2025-12-23;23;230
11;2025-12-24;0;55
11;2025-12-24;1;0
11;2025-12-24;2;0
11;2025-12-24;3;0
11;2025-12-24;4;0
11;2025-12-24;5;236
11;2025-12-24;6;1252
11;2025-12-24;7;2414
11;2025-12-24;8;3119
11;2025-12-24;9;2388
11;2025-12-24;10;1979
11;2025-12-24;11;1861
11;2025-12-24;12;1916
11;2025-12-24;13;2035
11;2025-12-24;14;1991
11;2025-12-24;15;1871
11;2025-12-24;16;2112
11;2025-12-24;17;2689
11;2025-12-24;18;2974
11;2025-12-24;19;2190
11;2025-12-24;20;1396
11;2025-12-24;21;770
11;2025-12-24;22;372
11;2025-12-24;23;230
11;2025-12-25;0;55
11;2025-12-25;1;0
11;2025-12-25;2;0
11;2025-12-25;3;0
11;2025-12-25;4;0
11;2025-12-25;5;236
11;2025-12-25;6;1252
11;2025-12-25;7;2414
11;2025-12-25;8;3119
11;2025-12-25;9;2388
11;2025-12-25;10;1979
11;2025-12-25;11;1861
11;2025-12-25;12;1916
11;2025-12-25;13;2035
11;2025-12-25;14;1991
11;2025-12-25;15;1871
11;2025-12-25;16;2112
11;2025-12-25;17;2689
11;2025-12-25;18;2974
11;2025-12-25;19;2190
11;2025-12-25;20;1396
11;2025-12-25;21;770
11;2025-12-25;22;372
11;2025-12-25;23;230
11;2025-12-26;0;68
11;2025-12-26;1;3
11;2025-12-26;2;0
11;2025-12-26;3;0
11;2025-12-26;4;0
11;2025-12-26;5;250
11;2025-12-26;6;1270
11;2025-12-26;7;2370
11;2025-12-26;8;3214
11;2025-12-26;9;2173
11;2025-12-26;10;1803
11;2025-12-26;11;1704
11;2025-12-26;12;1852
11;2025-12-26;13;1820
11;2025-12-26;14;2025
11;2025-12-26;15;2010
11;2025-12-26;16;2230
11;2025-12-26;17;2826
11;2025-12-26;18;2361
11;2025-12-26;19;1769
11;2025-12-26;20;1286
11;2025-12-26;21;802
11;2025-12-26;22;363
11;2025-12-26;23;326
11;2025-12-27;0;105
11;2025-12-27;1;1
11;2025-12-27;2;0
11;2025-12-27;3;0
11;2025-12-27;4;0
11;2025-12-27;5;165
11;2025-12-27;6;821
11;2025-12-27;7;746
11;2025-12-27;8;1024
11;2025-12-27;9;1147
11;2025-12-27;10;1369
11;2025-12-27;11;1687
11;2025-12-27;12;1924
11;2025-12-27;13;1789
11;2025-12-27;14;2028
11;2025-12-27;15;1877
11;2025-12-27;16;1759
11;2025-12-27;17;1863
11;2025-12-27;18;1479
11;2025-12-27;19;1440
11;2025-12-27;20;962
11;2025-12-27;21;698
11;2025-12-27;22;408
11;2025-12-27;23;272
11;2025-12-28;0;112
11;2025-12-28;1;16
11;2025-12-28;2;0
11;2025-12-28;3;0
11;2025-12-28;4;0
11;2025-12-28;5;106
11;2025-12-28;6;489
11;2025-12-28;7;484
11;2025-12-28;8;679
11;2025-12-28;9;924
11;2025-12-28;10;1022
11;2025-12-28;11;1500
11;2025-12-28;12;1574
11;2025-12-28;13;1521
11;2025-12-28;14;1627
11;2025-12-28;15;1596
11;2025-12-28;16;1504
11;2025-12-28;17;1674
11;2025-12-28;18;1231
11;2025-12-28;19;982
11;2025-12-28;20;758
11;2025-12-28;21;580
11;2025-12-28;22;339
11;2025-12-28;23;236
11;2025-12-29;0;58
11;2025-12-29;1;2
11;2025-12-29;2;0
11;2025-12-29;3;0
11;2025-12-29;4;0
11;2025-12-29;5;215
11;2025-12-29;6;1092
11;2025-12-29;7;2038
11;2025-12-29;8;2765
11;2025-12-29;9;1869
11;2025-12-29;10;1550
11;2025-12-29;11;1466
11;2025-12-29;12;1593
11;2025-12-29;13;1565
11;2025-12-29;14;1741
11;2025-12-29;15;1729
11;2025-12-29;16;1918
11;2025-12-29;17;2430
11;2025-12-29;18;2031
11;2025-12-29;19;1521
11;2025-12-29;20;1105
11;2025-12-29;21;690
11;2025-12-29;22;312
11;2025-12-29;23;280
11;2025-12-30;0;58
11;2025-12-30;1;2
11;2025-12-30;2;0
11;2025-12-30;3;0
11;2025-12-30;4;0
11;2025-12-30;5;215
11;2025-12-30;6;1092
11;2025-12-30;7;2038
11;2025-12-30;8;2765
11;2025-12-30;9;1869
11;2025-12-30;10;1550
11;2025-12-30;11;1466
11;2025-12-30;12;1593
11;2025-12-30;13;1565
11;2025-12-30;14;1741
11;2025-12-30;15;1729
11;2025-12-30;16;1918
11;2025-12-30;17;2430
11;2025-12-30;18;2031
11;2025-12-30;19;1521
11;2025-12-30;20;1105
11;2025-12-30;21;690
11;2025-12-30;22;312
11;2025-12-30;23;280
11;2025-12-31;0;89
11;2025-12-31;1;1
11;2025-12-31;2;0
11;2025-12-31;3;0
11;2025-12-31;4;0
11;2025-12-31;5;140
11;2025-12-31;6;699
11;2025-12-31;7;634
11;2025-12-31;8;870
11;2025-12-31;9;975
11;2025-12-31;10;1164
11;2025-12-31;11;1434
11;2025-12-31;12;1635
11;2025-12-31;13;1521
11;2025-12-31;14;1724
11;2025-12-31;15;1595
11;2025-12-31;16;1495
11;2025-12-31;17;1584
11;2025-12-31;18;1257
11;2025-12-31;19;673
11;2025-12-31;20;450
11;2025-12-31;21;326
11;2025-12-31;22;190
11;2025-12-31;23;127
12;2025-11-01;0;47
12;2025-11-01;1;1
12;2025-11-01;2;0
12;2025-11-01;3;0
12;2025-11-01;4;4
12;2025-11-01;5;275
12;2025-11-01;6;1195
12;2025-11-01;7;2291
12;2025-11-01;8;2828
12;2025-11-01;9;2123
12;2025-11-01;10;1596
12;2025-11-01;11;1586
12;2025-11-01;12;1621
12;2025-11-01;13;1837
12;2025-11-01;14;1661
12;2025-11-01;15;1865
12;2025-11-01;16;2450
12;2025-11-01;17;2448
12;2025-11-01;18;2148
12;2025-11-01;19;1771
12;2025-11-01;20;1159
12;2025-11-01;21;843
12;2025-11-01;22;422
12;2025-11-01;23;280
12;2025-11-02;0;82
12;2025-11-02;1;4
12;2025-11-02;2;0
12;2025-11-02;3;0
12;2025-11-02;4;3
12;2025-11-02;5;131
12;2025-11-02;6;518
12;2025-11-02;7;705
12;2025-11-02;8;719
12;2025-11-02;9;903
12;2025-11-02;10;1140
12;2025-11-02;11;1243
12;2025-11-02;12;1319
12;2025-11-02;13;1547
12;2025-11-02;14;1449
12;2025-11-02;15;1481
12;2025-11-02;16;1483
12;2025-11-02;17;1535
12;2025-11-02;18;1332
12;2025-11-02;19;992
12;2025-11-02;20;772
12;2025-11-02;21;592
12;2025-11-02;22;386
12;2025-11-02;23;195
12;2025-11-03;0;79
12;2025-11-03;1;3
12;2025-11-03;2;0
12;2025-11-03;3;0
12;2025-11-03;4;3
12;2025-11-03;5;126
12;2025-11-03;6;502
12;2025-11-03;7;681
12;2025-11-03;8;696
12;2025-11-03;9;872
12;2025-11-03;10;1102
12;2025-11-03;11;1201
12;2025-11-03;12;1276
12;2025-11-03;13;1496
12;2025-11-03;14;1401
12;2025-11-03;15;1432
12;2025-11-03;16;1434
12;2025-11-03;17;1484
12;2025-11-03;18;1288
12;2025-11-03;19;959
12;2025-11-03;20;747
12;2025-11-03;21;572
12;2025-11-03;22;373
12;2025-11-03;23;188
12;2025-11-04;0;79
12;2025-11-04;1;3
12;2025-11-04;2;0
12;2025-11-04;3;0
12;2025-11-04;4;3
12;2025-11-04;5;126
12;2025-11-04;6;502
12;2025-11-04;7;681
12;2025-11-04;8;696
12;2025-11-04;9;872
12;2025-11-04;10;1102
12;2025-11-04;11;1201
12;2025-11-04;12;1276
12;2025-11-04;13;1496
12;2025-11-04;14;1401
12;2025-11-04;15;1432
12;2025-11-04;16;1434
12;2025-11-04;17;1484
12;2025-11-04;18;1288
12;2025-11-04;19;959
12;2025-11-04;20;747
12;2025-11-04;21;572
12;2025-11-04;22;373
12;2025-11-04;23;188
12;2025-11-05;0;54
12;2025-11-05;1;1
12;2025-11-05;2;0
12;2025-11-05;3;0
12;2025-11-05;4;7
12;2025-11-05;5;317
12;2025-11-05;6;1424
12;2025-11-05;7;2717
12;2025-11-05;8;3648
12;2025-11-05;9;2597
12;2025-11-05;10;2123
12;2025-11-05;11;2025
12;2025-11-05;12;2048
12;2025-11-05;13;2085
12;2025-11-05;14;1951
12;2025-11-05;15;2190
12;2025-11-05;16;2672
12;2025-11-05;17;3027
12;2025-11-05;18;3162
12;2025-11-05;19;2357
12;2025-11-05;20;1544
12;2025-11-05;21;962
12;2025-11-05;22;488
12;2025-11-05;23;258
12;2025-11-06;0;54
12;2025-11-06;1;1
12;2025-11-06;2;0
12;2025-11-06;3;0
12;2025-11-06;4;7
12;2025-11-06;5;317
12;2025-11-06;6;1424
12;2025-11-06;7;2717
12;2025-11-06;8;3648
12;2025-11-06;9;2597
12;2025-11-06;10;2123
12;2025-11-06;11;2025
12;2025-11-06;12;2048
12;2025-11-06;13;2085
12;2025-11-06;14;1951
12;2025-11-06;15;2190
12;2025-11-06;16;2672
12;2025-11-06;17;3027
12;2025-11-06;18;3162
12;2025-11-06;19;2357
12;2025-11-06;20;1544
12;2025-11-06;21;962
12;2025-11-06;22;488
12;2025-11-06;23;258
12;2025-11-07;0;55
12;2025-11-07;1;1
12;2025-11-07;2;0
12;2025-11-07;3;0
12;2025-11-07;4;5
12;2025-11-07;5;324
12;2025-11-07;6;1405
12;2025-11-07;7;2695
12;2025-11-07;8;3327
12;2025-11-07;9;2497
12;2025-11-07;10;1878
12;2025-11-07;11;1866
12;2025-11-07;12;1907
12;2025-11-07;13;2160
12;2025-11-07;14;1954
12;2025-11-07;15;2194
12;2025-11-07;16;2882
12;2025-11-07;17;2879
12;2025-11-07;18;2527
12;2025-11-07;19;2083
12;2025-11-07;20;1363
12;2025-11-07;21;992
12;2025-11-07;22;497
12;2025-11-07;23;329
12;2025-11-08;0;68
12;2025-11-08;1;2
12;2025-11-08;2;0
12;2025-11-08;3;0
12;2025-11-08;4;2
12;2025-11-08;5;222
12;2025-11-08;6;790
12;2025-11-08;7;898
12;2025-11-08;8;1047
12;2025-11-08;9;1247
12;2025-11-08;10;1482
12;2025-11-08;11;1502
12;2025-11-08;12;1543
12;2025-11-08;13;1750
12;2025-11-08;14;1581
12;2025-11-08;15;1553
12;2025-11-08;16;1673
12;2025-11-08;17;1602
12;2025-11-08;18;1592
12;2025-11-08;19;1338
12;2025-11-08;20;940
12;2025-11-08;21;762
12;2025-11-08;22;388
12;2025-11-08;23;291
12;2025-11-09;0;82
12;2025-11-09;1;4
12;2025-11-09;2;0
12;2025-11-09;3;0
12;2025-11-09;4;3
12;2025-11-09;5;131
12;2025-11-09;6;518
12;2025-11-09;7;705
12;2025-11-09;8;719
12;2025-11-09;9;903
12;2025-11-09;10;1140
12;2025-11-09;11;1243
12;2025-11-09;12;1319
12;2025-11-09;13;1547
12;2025-11-09;14;1449
12;2025-11-09;15;1481
12;2025-11-09;16;1483
12;2025-11-09;17;1535
12;2025-11-09;18;1332
12;2025-11-09;19;992
12;2025-11-09;20;772
12;2025-11-09;21;592
12;2025-11-09;22;386
12;2025-11-09;23;195
12;2025-11-10;0;52
12;2025-11-10;1;3
12;2025-11-10;2;0
12;2025-11-10;3;0
12;2025-11-10;4;7
12;2025-11-10;5;301
12;2025-11-10;6;1417
12;2025-11-10;7;2622
12;2025-11-10;8;3500
12;2025-11-10;9;2436
12;2025-11-10;10;1927
12;2025-11-10;11;1845
12;2025-11-10;12;2022
12;2025-11-10;13;1952
12;2025-11-10;14;1938
12;2025-11-10;15;2131
12;2025-11-10;16;2650
12;2025-11-10;17;2939
12;2025-11-10;18;3094
12;2025-11-10;19;2288
12;2025-11-10;20;1596
12;2025-11-10;21;945
12;2025-11-10;22;456
12;2025-11-10;23;230
12;2025-11-11;0;54
12;2025-11-11;1;1
12;2025-11-11;2;0
12;2025-11-11;3;0
12;2025-11-11;4;7
12;2025-11-11;5;317
12;2025-11-11;6;1424
12;2025-11-11;7;2717
12;2025-11-11;8;3648
12;2025-11-11;9;2597
12;2025-11-11;10;2123
12;2025-11-11;11;2025
12;2025-11-11;12;2048
12;2025-11-11;13;2085
12;2025-11-11;14;1951
12;2025-11-11;15;2190
12;2025-11-11;16;2672
12;2025-11-11;17;3027
12;2025-11-11;18;3162
12;2025-11-11;19;2357
12;2025-11-11;20;1544
12;2025-11-11;21;962
12;2025-11-11;22;488
12;2025-11-11;23;258
12;2025-11-12;0;54
12;2025-11-12;1;1
12;2025-11-12;2;0
12;2025-11-12;3;0
12;2025-11-12;4;7
12;2025-11-12;5;317
12;2025-11-12;6;1424
12;2025-11-12;7;2717
12;2025-11-12;8;3648
12;2025-11-12;9;2597
12;2025-11-12;10;2123
12;2025-11-12;11;2025
12;2025-11-12;12;2048
12;2025-11-12;13;2085
12;2025-11-12;14;1951
12;2025-11-12;15;2190
12;2025-11-12;16;2672
12;2025-11-12;17;3027
12;2025-11-12;18;3162
12;2025-11-12;19;2357
12;2025-11-12;20;1544
12;2025-11-12;21;962
12;2025-11-12;22;488
12;2025-11-12;23;258
12;2025-11-13;0;54
12;2025-11-13;1;1
12;2025-11-13;2;0
12;2025-11-13;3;0
12;2025-11-13;4;7
12;2025-11-13;5;317
12;2025-11-13;6;1424
12;2025-11-13;7;2717
12;2025-11-13;8;3648
12;2025-11-13;9;2597
12;2025-11-13;10;2123
12;2025-11-13;11;2025
12;2025-11-13;12;2048
12;2025-11-13;13;2085
12;2025-11-13;14;1951
12;2025-11-13;15;2190
12;2025-11-13;16;2672
12;2025-11-13;17;3027
12;2025-11-13;18;3162
12;2025-11-13;19;2357
12;2025-11-13;20;1544
12;2025-11-13;21;962
12;2025-11-13;22;488
12;2025-11-13;23;258
12;2025-11-14;0;55
12;2025-11-14;1;1
12;2025-11-14;2;0
12;2025-11-14;3;0
12;2025-11-14;4;5
12;2025-11-14;5;324
12;2025-11-14;6;1405
12;2025-11-14;7;2695
12;2025-11-14;8;3327
12;2025-11-14;9;2497
12;2025-11-14;10;1878
12;2025-11-14;11;1866
12;2025-11-14;12;1907
12;2025-11-14;13;2160
12;2025-11-14;14;1954
12;2025-11-14;15;2194
12;2025-11-14;16;2882
12;2025-11-14;17;2879
12;2025-11-14;18;2527
12;2025-11-14;19;2083
12;2025-11-14;20;1363
12;2025-11-14;21;992
12;2025-11-14;22;497
12;2025-11-14;23;329
12;2025-11-15;0;64
12;2025-11-15;1;2
12;2025-11-15;2;0
12;2025-11-15;3;0
12;2025-11-15;4;1
12;2025-11-15;5;211
12;2025-11-15;6;749
12;2025-11-15;7;852
12;2025-11-15;8;993
12;2025-11-15;9;1182
12;2025-11-15;10;1404
12;2025-11-15;11;1425
12;2025-11-15;12;1462
12;2025-11-15;13;1660
12;2025-11-15;14;1499
12;2025-11-15;15;1473
12;2025-11-15;16;1586
12;2025-11-15;17;1519
12;2025-11-15;18;1509
12;2025-11-15;19;1269
12;2025-11-15;20;891
12;2025-11-15;21;723
12;2025-11-15;22;368
12;2025-11-15;23;276
12;2025-11-16;0;82
12;2025-11-16;1;4
12;2025-11-16;2;0
12;2025-11-16;3;0
12;2025-11-16;4;3
12;2025-11-16;5;131
12;2025-11-16;6;518
12;2025-11-16;7;705
12;2025-11-16;8;719
12;2025-11-16;9;903
12;2025-11-16;10;1140
12;2025-11-16;11;1243
12;2025-11-16;12;1319
12;2025-11-16;13;1547
12;2025-11-16;14;1449
12;2025-11-16;15;1481
12;2025-11-16;16;1483
12;2025-11-16;17;1535
12;2025-11-16;18;1332
12;2025-11-16;19;992
12;2025-11-16;20;772
12;2025-11-16;21;592
12;2025-11-16;22;386
12;2025-11-16;23;195
12;2025-11-17;0;52
12;2025-11-17;1;3
12;2025-11-17;2;0
12;2025-11-17;3;0
12;2025-11-17;4;7
12;2025-11-17;5;301
12;2025-11-17;6;1417
12;2025-11-17;7;2622
12;2025-11-17;8;3500
12;2025-11-17;9;2436
12;2025-11-17;10;1927
12;2025-11-17;11;1845
12;2025-11-17;12;2022
12;2025-11-17;13;1952
12;2025-11-17;14;1938
12;2025-11-17;15;2131
12;2025-11-17;16;2650
12;2025-11-17;17;2939
12;2025-11-17;18;3094
12;2025-11-17;19;2288
12;2025-11-17;20;1596
12;2025-11-17;21;945
12;2025-11-17;22;456
12;2025-11-17;23;230
12;2025-11-18;0;54
12;2025-11-18;1;1
12;2025-11-18;2;0
12;2025-11-18;3;0
12;2025-11-18;4;7
12;2025-11-18;5;317
12;2025-11-18;6;1424
12;2025-11-18;7;2717
12;2025-11-18;8;3648
12;2025-11-18;9;2597
12;2025-11-18;10;2123
12;2025-11-18;11;2025
12;2025-11-18;12;2048
12;2025-11-18;13;2085
12;2025-11-18;14;1951
12;2025-11-18;15;2190
12;2025-11-18;16;2672
12;2025-11-18;17;3027
12;2025-11-18;18;3162
12;2025-11-18;19;2357
12;2025-11-18;20;1544
12;2025-11-18;21;962
12;2025-11-18;22;488
12;2025-11-18;23;258
12;2025-11-19;0;54
12;2025-11-19;1;1
12;2025-11-19;2;0
12;2025-11-19;3;0
12;2025-11-19;4;7
12;2025-11-19;5;317
12;2025-11-19;6;1424
12;2025-11-19;7;2717
12;2025-11-19;8;3648
12;2025-11-19;9;2597
12;2025-11-19;10;2123
12;2025-11-19;11;2025
12;2025-11-19;12;2048
12;2025-11-19;13;2085
12;2025-11-19;14;1951
12;2025-11-19;15;2190
12;2025-11-19;16;2672
12;2025-11-19;17;3027
12;2025-11-19;18;3162
12;2025-11-19;19;2357
12;2025-11-19;20;1544
12;2025-11-19;21;962
12;2025-11-19;22;488
12;2025-11-19;23;258
12;2025-11-20;0;54
12;2025-11-20;1;1
12;2025-11-20;2;0
12;2025-11-20;3;0
12;2025-11-20;4;7
12;2025-11-20;5;317
12;2025-11-20;6;1424
12;2025-11-20;7;2717
12;2025-11-20;8;3648
12;2025-11-20;9;2597
12;2025-11-20;10;2123
12;2025-11-20;11;2025
12;2025-11-20;12;2048
12;2025-11-20;13;2085
12;2025-11-20;14;1951
12;2025-11-20;15;2190
12;2025-11-20;16;2672
12;2025-11-20;17;3027
12;2025-11-20;18;3162
12;2025-11-20;19;2357
12;2025-11-20;20;1544
12;2025-11-20;21;962
12;2025-11-20;22;488
12;2025-11-20;23;258
12;2025-11-21;0;55
12;2025-11-21;1;1
12;2025-11-21;2;0
12;2025-11-21;3;0
12;2025-11-21;4;5
12;2025-11-21;5;324
12;2025-11-21;6;1405
12;2025-11-21;7;2695
12;2025-11-21;8;3327
12;2025-11-21;9;2497
12;2025-11-21;10;1878
12;2025-11-21;11;1866
12;2025-11-21;12;1907
12;2025-11-21;13;2160
12;2025-11-21;14;1954
12;2025-11-21;15;2194
12;2025-11-21;16;2882
12;2025-11-21;17;2879
12;2025-11-21;18;2527
12;2025-11-21;19;2083
12;2025-11-21;20;1363
12;2025-11-21;21;992
12;2025-11-21;22;497
12;2025-11-21;23;329
12;2025-11-22;0;68
12;2025-11-22;1;2
12;2025-11-22;2;0
12;2025-11-22;3;0
12;2025-11-22;4;2
12;2025-11-22;5;222
12;2025-11-22;6;790
12;2025-11-22;7;898
12;2025-11-22;8;1047
12;2025-11-22;9;1247
12;2025-11-22;10;1482
12;2025-11-22;11;1502
12;2025-11-22;12;1543
12;2025-11-22;13;1750
12;2025-11-22;14;1581
12;2025-11-22;15;1553
12;2025-11-22;16;1673
12;2025-11-22;17;1602
12;2025-11-22;18;1592
12;2025-11-22;19;1338
12;2025-11-22;20;940
12;2025-11-22;21;762
12;2025-11-22;22;388
12;2025-11-22;23;291
12;2025-11-23;0;82
12;2025-11-23;1;4
12;2025-11-23;2;0
12;2025-11-23;3;0
12;2025-11-23;4;3
12;2025-11-23;5;131
12;2025-11-23;6;518
12;2025-11-23;7;705
12;2025-11-23;8;719
12;2025-11-23;9;903
12;2025-11-23;10;1140
12;2025-11-23;11;1243
12;2025-11-23;12;1319
12;2025-11-23;13;1547
12;2025-11-23;14;1449
12;2025-11-23;15;1481
12;2025-11-23;16;1483
12;2025-11-23;17;1535
12;2025-11-23;18;1332
12;2025-11-23;19;992
12;2025-11-23;20;772
12;2025-11-23;21;592
12;2025-11-23;22;386
12;2025-11-23;23;195
12;2025-11-24;0;52
12;2025-11-24;1;3
12;2025-11-24;2;0
12;2025-11-24;3;0
12;2025-11-24;4;7
12;2025-11-24;5;301
12;2025-11-24;6;1417
12;2025-11-24;7;2622
12;2025-11-24;8;3500
12;2025-11-24;9;2436
12;2025-11-24;10;1927
12;2025-11-24;11;1845
12;2025-11-24;12;2022
12;2025-11-24;13;1952
12;2025-11-24;14;1938
12;2025-11-24;15;2131
12;2025-11-24;16;2650
12;2025-11-24;17;2939
12;2025-11-24;18;3094
12;2025-11-24;19;2288
12;2025-11-24;20;1596
12;2025-11-24;21;945
12;2025-11-24;22;456
12;2025-11-24;23;230
12;2025-11-25;0;54
12;2025-11-25;1;1
12;2025-11-25;2;0
12;2025-11-25;3;0
12;2025-11-25;4;7
12;2025-11-25;5;317
12;2025-11-25;6;1424
12;2025-11-25;7;2717
12;2025-11-25;8;3648
12;2025-11-25;9;2597
12;2025-11-25;10;2123
12;2025-11-25;11;2025
12;2025-11-25;12;2048
12;2025-11-25;13;2085
12;2025-11-25;14;1951
12;2025-11-25;15;2190
12;2025-11-25;16;2672
12;2025-11-25;17;3027
12;2025-11-25;18;3162
12;2025-11-25;19;2357
12;2025-11-25;20;1544
12;2025-11-25;21;962
12;2025-11-25;22;488
12;2025-11-25;23;258
12;2025-11-26;0;54
12;2025-11-26;1;1
12;2025-11-26;2;0
12;2025-11-26;3;0
12;2025-11-26;4;7
12;2025-11-26;5;317
12;2025-11-26;6;1424
12;2025-11-26;7;2717
12;2025-11-26;8;3648
12;2025-11-26;9;2597
12;2025-11-26;10;2123
12;2025-11-26;11;2025
12;2025-11-26;12;2048
12;2025-11-26;13;2085
12;2025-11-26;14;1951
12;2025-11-26;15;2190
12;2025-11-26;16;2672
12;2025-11-26;17;3027
12;2025-11-26;18;3162
12;2025-11-26;19;2357
12;2025-11-26;20;1544
12;2025-11-26;21;962
12;2025-11-26;22;488
12;2025-11-26;23;258
12;2025-11-27;0;54
12;2025-11-27;1;1
12;2025-11-27;2;0
12;2025-11-27;3;0
12;2025-11-27;4;7
12;2025-11-27;5;317
12;2025-11-27;6;1424
12;2025-11-27;7;2717
12;2025-11-27;8;3648
12;2025-11-27;9;2597
12;2025-11-27;10;2123
12;2025-11-27;11;2025
12;2025-11-27;12;2048
12;2025-11-27;13;2085
12;2025-11-27;14;1951
12;2025-11-27;15;2190
12;2025-11-27;16;2672
12;2025-11-27;17;3027
12;2025-11-27;18;3162
12;2025-11-27;19;2357
12;2025-11-27;20;1544
12;2025-11-27;21;962
12;2025-11-27;22;488
12;2025-11-27;23;258
12;2025-11-28;0;55
12;2025-11-28;1;1
12;2025-11-28;2;0
12;2025-11-28;3;0
12;2025-11-28;4;5
12;2025-11-28;5;324
12;2025-11-28;6;1405
12;2025-11-28;7;2695
12;2025-11-28;8;3327
12;2025-11-28;9;2497
12;2025-11-28;10;1878
12;2025-11-28;11;1866
12;2025-11-28;12;1907
12;2025-11-28;13;2160
12;2025-11-28;14;1954
12;2025-11-28;15;2194
12;2025-11-28;16;2882
12;2025-11-28;17;2879
12;2025-11-28;18;2527
12;2025-11-28;19;2083
12;2025-11-28;20;1363
12;2025-11-28;21;992
12;2025-11-28;22;497
12;2025-11-28;23;329
12;2025-11-29;0;68
12;2025-11-29;1;2
12;2025-11-29;2;0
12;2025-11-29;3;0
12;2025-11-29;4;2
12;2025-11-29;5;222
12;2025-11-29;6;790
12;2025-11-29;7;898
12;2025-11-29;8;1047
12;2025-11-29;9;1247
12;2025-11-29;10;1482
12;2025-11-29;11;1502
12;2025-11-29;12;1543
12;2025-11-29;13;1750
12;2025-11-29;14;1581
12;2025-11-29;15;1553
12;2025-11-29;16;1673
12;2025-11-29;17;1602
12;2025-11-29;18;1592
12;2025-11-29;19;1338
12;2025-11-29;20;940
12;2025-11-29;21;762
12;2025-11-29;22;388
12;2025-11-29;23;291
12;2025-11-30;0;82
12;2025-11-30;1;4
12;2025-11-30;2;0
12;2025-11-30;3;0
12;2025-11-30;4;3
12;2025-11-30;5;131
12;2025-11-30;6;518
12;2025-11-30;7;705
12;2025-11-30;8;719
12;2025-11-30;9;903
12;2025-11-30;10;1140
12;2025-11-30;11;1243
12;2025-11-30;12;1319
12;2025-11-30;13;1547
12;2025-11-30;14;1449
12;2025-11-30;15;1481
12;2025-11-30;16;1483
12;2025-11-30;17;1535
12;2025-11-30;18;1332
12;2025-11-30;19;992
12;2025-11-30;20;772
12;2025-11-30;21;592
12;2025-11-30;22;386
12;2025-11-30;23;195
12;2025-12-01;0;52
12;2025-12-01;1;3
12;2025-12-01;2;0
12;2025-12-01;3;0
12;2025-12-01;4;7
12;2025-12-01;5;301
12;2025-12-01;6;1417
12;2025-12-01;7;2622
12;2025-12-01;8;3500
12;2025-12-01;9;2436
12;2025-12-01;10;1927
12;2025-12-01;11;1845
12;2025-12-01;12;2022
12;2025-12-01;13;1952
12;2025-12-01;14;1938
12;2025-12-01;15;2131
12;2025-12-01;16;2650
12;2025-12-01;17;2939
12;2025-12-01;18;3094
12;2025-12-01;19;2288
12;2025-12-01;20;1596
12;2025-12-01;21;945
12;2025-12-01;22;456
12;2025-12-01;23;230
12;2025-12-02;0;54
12;2025-12-02;1;1
12;2025-12-02;2;0
12;2025-12-02;3;0
12;2025-12-02;4;7
12;2025-12-02;5;317
12;2025-12-02;6;1424
12;2025-12-02;7;2717
12;2025-12-02;8;3648
12;2025-12-02;9;2597
12;2025-12-02;10;2123
12;2025-12-02;11;2025
12;2025-12-02;12;2048
12;2025-12-02;13;2085
12;2025-12-02;14;1951
12;2025-12-02;15;2190
12;2025-12-02;16;2672
12;2025-12-02;17;3027
12;2025-12-02;18;3162
12;2025-12-02;19;2357
12;2025-12-02;20;1544
12;2025-12-02;21;962
12;2025-12-02;22;488
12;2025-12-02;23;258
12;2025-12-03;0;54
12;2025-12-03;1;1
12;2025-12-03;2;0
12;2025-12-03;3;0
12;2025-12-03;4;7
12;2025-12-03;5;317
12;2025-12-03;6;1424
12;2025-12-03;7;2717
12;2025-12-03;8;3648
12;2025-12-03;9;2597
12;2025-12-03;10;2123
12;2025-12-03;11;2025
12;2025-12-03;12;2048
12;2025-12-03;13;2085
12;2025-12-03;14;1951
12;2025-12-03;15;2190
12;2025-12-03;16;2672
12;2025-12-03;17;3027
12;2025-12-03;18;3162
12;2025-12-03;19;2357
12;2025-12-03;20;1544
12;2025-12-03;21;962
12;2025-12-03;22;488
12;2025-12-03;23;258
12;2025-12-04;0;54
12;2025-12-04;1;1
12;2025-12-04;2;0
12;2025-12-04;3;0
12;2025-12-04;4;7
12;2025-12-04;5;317
12;2025-12-04;6;1424
12;2025-12-04;7;2717
12;2025-12-04;8;3648
12;2025-12-04;9;2597
12;2025-12-04;10;2123
12;2025-12-04;11;2025
12;2025-12-04;12;2048
12;2025-12-04;13;2085
12;2025-12-04;14;1951
12;2025-12-04;15;2190
12;2025-12-04;16;2672
12;2025-12-04;17;3027
12;2025-12-04;18;3162
12;2025-12-04;19;2357
12;2025-12-04;20;1544
12;2025-12-04;21;962
12;2025-12-04;22;488
12;2025-12-04;23;258
12;2025-12-05;0;55
12;2025-12-05;1;1
12;2025-12-05;2;0
12;2025-12-05;3;0
12;2025-12-05;4;5
12;2025-12-05;5;324
12;2025-12-05;6;1405
12;2025-12-05;7;2695
12;2025-12-05;8;3327
12;2025-12-05;9;2497
12;2025-12-05;10;1878
12;2025-12-05;11;1866
12;2025-12-05;12;1907
12;2025-12-05;13;2160
12;2025-12-05;14;1954
12;2025-12-05;15;2194
12;2025-12-05;16;2882
12;2025-12-05;17;2879
12;2025-12-05;18;2527
12;2025-12-05;19;2083
12;2025-12-05;20;1363
12;2025-12-05;21;992
12;2025-12-05;22;497
12;2025-12-05;23;329
12;2025-12-06;0;68
12;2025-12-06;1;2
12;2025-12-06;2;0
12;2025-12-06;3;0
12;2025-12-06;4;2
12;2025-12-06;5;222
12;2025-12-06;6;790
12;2025-12-06;7;898
12;2025-12-06;8;1047
12;2025-12-06;9;1247
12;2025-12-06;10;1482
12;2025-12-06;11;1502
12;2025-12-06;12;1543
12;2025-12-06;13;1750
12;2025-12-06;14;1581
12;2025-12-06;15;1553
12;2025-12-06;16;1673
12;2025-12-06;17;1602
12;2025-12-06;18;1592
12;2025-12-06;19;1338
12;2025-12-06;20;940
12;2025-12-06;21;762
12;2025-12-06;22;388
12;2025-12-06;23;291
12;2025-12-07;0;82
12;2025-12-07;1;4
12;2025-12-07;2;0
12;2025-12-07;3;0
12;2025-12-07;4;3
12;2025-12-07;5;131
12;2025-12-07;6;518
12;2025-12-07;7;705
12;2025-12-07;8;719
12;2025-12-07;9;903
12;2025-12-07;10;1140
12;2025-12-07;11;1243
12;2025-12-07;12;1319
12;2025-12-07;13;1547
12;2025-12-07;14;1449
12;2025-12-07;15;1481
12;2025-12-07;16;1483
12;2025-12-07;17;1535
12;2025-12-07;18;1332
12;2025-12-07;19;992
12;2025-12-07;20;772
12;2025-12-07;21;592
12;2025-12-07;22;386
12;2025-12-07;23;195
12;2025-12-08;0;52
12;2025-12-08;1;3
12;2025-12-08;2;0
12;2025-12-08;3;0
12;2025-12-08;4;7
12;2025-12-08;5;301
12;2025-12-08;6;1417
12;2025-12-08;7;2622
12;2025-12-08;8;3500
12;2025-12-08;9;2436
12;2025-12-08;10;1927
12;2025-12-08;11;1845
12;2025-12-08;12;2022
12;2025-12-08;13;1952
12;2025-12-08;14;1938
12;2025-12-08;15;2131
12;2025-12-08;16;2650
12;2025-12-08;17;2939
12;2025-12-08;18;3094
12;2025-12-08;19;2288
12;2025-12-08;20;1596
12;2025-12-08;21;945
12;2025-12-08;22;456
12;2025-12-08;23;230
12;2025-12-09;0;54
12;2025-12-09;1;1
12;2025-12-09;2;0
12;2025-12-09;3;0
12;2025-12-09;4;7
12;2025-12-09;5;317
12;2025-12-09;6;1424
12;2025-12-09;7;2717
12;2025-12-09;8;3648
12;2025-12-09;9;2597
12;2025-12-09;10;2123
12;2025-12-09;11;2025
12;2025-12-09;12;2048
12;2025-12-09;13;2085
12;2025-12-09;14;1951
12;2025-12-09;15;2190
12;2025-12-09;16;2672
12;2025-12-09;17;3027
12;2025-12-09;18;3162
12;2025-12-09;19;2357
12;2025-12-09;20;1544
12;2025-12-09;21;962
12;2025-12-09;22;488
12;2025-12-09;23;258
12;2025-12-10;0;54
12;2025-12-10;1;1
12;2025-12-10;2;0
12;2025-12-10;3;0
12;2025-12-10;4;7
12;2025-12-10;5;317
12;2025-12-10;6;1424
12;2025-12-10;7;2717
12;2025-12-10;8;3648
12;2025-12-10;9;2597
12;2025-12-10;10;2123
12;2025-12-10;11;2025
12;2025-12-10;12;2048
12;2025-12-10;13;2085
12;2025-12-10;14;1951
12;2025-12-10;15;2190
12;2025-12-10;16;2672
12;2025-12-10;17;3027
12;2025-12-10;18;3162
12;2025-12-10;19;2357
12;2025-12-10;20;1544
12;2025-12-10;21;962
12;2025-12-10;22;488
12;2025-12-10;23;258
12;2025-12-11;0;54
12;2025-12-11;1;1
12;2025-12-11;2;0
12;2025-12-11;3;0
12;2025-12-11;4;7
12;2025-12-11;5;317
12;2025-12-11;6;1424
12;2025-12-11;7;2717
12;2025-12-11;8;3648
12;2025-12-11;9;2597
12;2025-12-11;10;2123
12;2025-12-11;11;2025
12;2025-12-11;12;2048
12;2025-12-11;13;2085
12;2025-12-11;14;1951
12;2025-12-11;15;2190
12;2025-12-11;16;2672
12;2025-12-11;17;3027
12;2025-12-11;18;3162
12;2025-12-11;19;2357
12;2025-12-11;20;1544
12;2025-12-11;21;962
12;2025-12-11;22;488
12;2025-12-11;23;258
12;2025-12-12;0;55
12;2025-12-12;1;1
12;2025-12-12;2;0
12;2025-12-12;3;0
12;2025-12-12;4;5
12;2025-12-12;5;324
12;2025-12-12;6;1405
12;2025-12-12;7;2695
12;2025-12-12;8;3327
12;2025-12-12;9;2497
12;2025-12-12;10;1878
12;2025-12-12;11;1866
12;2025-12-12;12;1907
12;2025-12-12;13;2160
12;2025-12-12;14;1954
12;2025-12-12;15;2194
12;2025-12-12;16;2882
12;2025-12-12;17;2879
12;2025-12-12;18;2527
12;2025-12-12;19;2083
12;2025-12-12;20;1363
12;2025-12-12;21;992
12;2025-12-12;22;497
12;2025-12-12;23;329
12;2025-12-13;0;68
12;2025-12-13;1;2
12;2025-12-13;2;0
12;2025-12-13;3;0
12;2025-12-13;4;2
12;2025-12-13;5;222
12;2025-12-13;6;790
12;2025-12-13;7;898
12;2025-12-13;8;1047
12;2025-12-13;9;1247
12;2025-12-13;10;1482
12;2025-12-13;11;1502
12;2025-12-13;12;1543
12;2025-12-13;13;1750
12;2025-12-13;14;1581
12;2025-12-13;15;1553
12;2025-12-13;16;1673
12;2025-12-13;17;1602
12;2025-12-13;18;1592
12;2025-12-13;19;1338
12;2025-12-13;20;940
12;2025-12-13;21;762
12;2025-12-13;22;388
12;2025-12-13;23;291
12;2025-12-14;0;82
12;2025-12-14;1;4
12;2025-12-14;2;0
12;2025-12-14;3;0
12;2025-12-14;4;3
12;2025-12-14;5;131
12;2025-12-14;6;518
12;2025-12-14;7;705
12;2025-12-14;8;719
12;2025-12-14;9;903
12;2025-12-14;10;1140
12;2025-12-14;11;1243
12;2025-12-14;12;1319
12;2025-12-14;13;1547
12;2025-12-14;14;1449
12;2025-12-14;15;1481
12;2025-12-14;16;1483
12;2025-12-14;17;1535
12;2025-12-14;18;1332
12;2025-12-14;19;992
12;2025-12-14;20;772
12;2025-12-14;21;592
12;2025-12-14;22;386
12;2025-12-14;23;195
12;2025-12-15;0;52
12;2025-12-15;1;3
12;2025-12-15;2;0
12;2025-12-15;3;0
12;2025-12-15;4;7
12;2025-12-15;5;301
12;2025-12-15;6;1417
12;2025-12-15;7;2622
12;2025-12-15;8;3500
12;2025-12-15;9;2436
12;2025-12-15;10;1927
12;2025-12-15;11;1845
12;2025-12-15;12;2022
12;2025-12-15;13;1952
12;2025-12-15;14;1938
12;2025-12-15;15;2131
12;2025-12-15;16;2650
12;2025-12-15;17;2939
12;2025-12-15;18;3094
12;2025-12-15;19;2288
12;2025-12-15;20;1596
12;2025-12-15;21;945
12;2025-12-15;22;456
12;2025-12-15;23;230
12;2025-12-16;0;54
12;2025-12-16;1;1
12;2025-12-16;2;0
12;2025-12-16;3;0
12;2025-12-16;4;7
12;2025-12-16;5;317
12;2025-12-16;6;1424
12;2025-12-16;7;2717
12;2025-12-16;8;3648
12;2025-12-16;9;2597
12;2025-12-16;10;2123
12;2025-12-16;11;2025
12;2025-12-16;12;2048
12;2025-12-16;13;2085
12;2025-12-16;14;1951
12;2025-12-16;15;2190
12;2025-12-16;16;2672
12;2025-12-16;17;3027
12;2025-12-16;18;3162
12;2025-12-16;19;2357
12;2025-12-16;20;1544
12;2025-12-16;21;962
12;2025-12-16;22;488
12;2025-12-16;23;258
12;2025-12-17;0;54
12;2025-12-17;1;1
12;2025-12-17;2;0
12;2025-12-17;3;0
12;2025-12-17;4;7
12;2025-12-17;5;317
12;2025-12-17;6;1424
12;2025-12-17;7;2717
12;2025-12-17;8;3648
12;2025-12-17;9;2597
12;2025-12-17;10;2123
12;2025-12-17;11;2025
12;2025-12-17;12;2048
12;2025-12-17;13;2085
12;2025-12-17;14;1951
12;2025-12-17;15;2190
12;2025-12-17;16;2672
12;2025-12-17;17;3027
12;2025-12-17;18;3162
12;2025-12-17;19;2357
12;2025-12-17;20;1544
12;2025-12-17;21;962
12;2025-12-17;22;488
12;2025-12-17;23;258
12;2025-12-18;0;54
12;2025-12-18;1;1
12;2025-12-18;2;0
12;2025-12-18;3;0
12;2025-12-18;4;7
12;2025-12-18;5;317
12;2025-12-18;6;1424
12;2025-12-18;7;2717
12;2025-12-18;8;3648
12;2025-12-18;9;2597
12;2025-12-18;10;2123
12;2025-12-18;11;2025
12;2025-12-18;12;2048
12;2025-12-18;13;2085
12;2025-12-18;14;1951
12;2025-12-18;15;2190
12;2025-12-18;16;2672
12;2025-12-18;17;3027
12;2025-12-18;18;3162
12;2025-12-18;19;2357
12;2025-12-18;20;1544
12;2025-12-18;21;962
12;2025-12-18;22;488
12;2025-12-18;23;258
12;2025-12-19;0;55
12;2025-12-19;1;1
12;2025-12-19;2;0
12;2025-12-19;3;0
12;2025-12-19;4;5
12;2025-12-19;5;324
12;2025-12-19;6;1405
12;2025-12-19;7;2695
12;2025-12-19;8;3327
12;2025-12-19;9;2497
12;2025-12-19;10;1878
12;2025-12-19;11;1866
12;2025-12-19;12;1907
12;2025-12-19;13;2160
12;2025-12-19;14;1954
12;2025-12-19;15;2194
12;2025-12-19;16;2882
12;2025-12-19;17;2879
12;2025-12-19;18;2527
12;2025-12-19;19;2083
12;2025-12-19;20;1363
12;2025-12-19;21;992
12;2025-12-19;22;497
12;2025-12-19;23;329
12;2025-12-20;0;68
12;2025-12-20;1;2
12;2025-12-20;2;0
12;2025-12-20;3;0
12;2025-12-20;4;2
12;2025-12-20;5;222
12;2025-12-20;6;790
12;2025-12-20;7;898
12;2025-12-20;8;1047
12;2025-12-20;9;1247
12;2025-12-20;10;1482
12;2025-12-20;11;1502
12;2025-12-20;12;1543
12;2025-12-20;13;1750
12;2025-12-20;14;1581
12;2025-12-20;15;1553
12;2025-12-20;16;1673
12;2025-12-20;17;1602
12;2025-12-20;18;1592
12;2025-12-20;19;1338
12;2025-12-20;20;940
12;2025-12-20;21;762
12;2025-12-20;22;388
12;2025-12-20;23;291
12;2025-12-21;0;82
12;2025-12-21;1;4
12;2025-12-21;2;0
12;2025-12-21;3;0
12;2025-12-21;4;3
12;2025-12-21;5;131
12;2025-12-21;6;518
12;2025-12-21;7;705
12;2025-12-21;8;719
12;2025-12-21;9;903
12;2025-12-21;10;1140
12;2025-12-21;11;1243
12;2025-12-21;12;1319
12;2025-12-21;13;1547
12;2025-12-21;14;1449
12;2025-12-21;15;1481
12;2025-12-21;16;1483
12;2025-12-21;17;1535
12;2025-12-21;18;1332
12;2025-12-21;19;992
12;2025-12-21;20;772
12;2025-12-21;21;592
12;2025-12-21;22;386
12;2025-12-21;23;195
12;2025-12-22;0;52
12;2025-12-22;1;3
12;2025-12-22;2;0
12;2025-12-22;3;0
12;2025-12-22;4;7
12;2025-12-22;5;301
12;2025-12-22;6;1417
12;2025-12-22;7;2622
12;2025-12-22;8;3500
12;2025-12-22;9;2436
12;2025-12-22;10;1927
12;2025-12-22;11;1845
12;2025-12-22;12;2022
12;2025-12-22;13;1952
12;2025-12-22;14;1938
12;2025-12-22;15;2131
12;2025-12-22;16;2650
12;2025-12-22;17;2939
12;2025-12-22;18;3094
12;2025-12-22;19;2288
12;2025-12-22;20;1596
12;2025-12-22;21;945
12;2025-12-22;22;456
12;2025-12-22;23;230
12;2025-12-23;0;54
12;2025-12-23;1;1
12;2025-12-23;2;0
12;2025-12-23;3;0
12;2025-12-23;4;7
12;2025-12-23;5;317
12;2025-12-23;6;1424
12;2025-12-23;7;2717
12;2025-12-23;8;3648
12;2025-12-23;9;2597
12;2025-12-23;10;2123
12;2025-12-23;11;2025
12;2025-12-23;12;2048
12;2025-12-23;13;2085
12;2025-12-23;14;1951
12;2025-12-23;15;2190
12;2025-12-23;16;2672
12;2025-12-23;17;3027
12;2025-12-23;18;3162
12;2025-12-23;19;2357
12;2025-12-23;20;1544
12;2025-12-23;21;962
12;2025-12-23;22;488
12;2025-12-23;23;258
12;2025-12-24;0;54
12;2025-12-24;1;1
12;2025-12-24;2;0
12;2025-12-24;3;0
12;2025-12-24;4;7
12;2025-12-24;5;317
12;2025-12-24;6;1424
12;2025-12-24;7;2717
12;2025-12-24;8;3648
12;2025-12-24;9;2597
12;2025-12-24;10;2123
12;2025-12-24;11;2025
12;2025-12-24;12;2048
12;2025-12-24;13;2085
12;2025-12-24;14;1951
12;2025-12-24;15;2190
12;2025-12-24;16;2672
12;2025-12-24;17;3027
12;2025-12-24;18;3162
12;2025-12-24;19;2357
12;2025-12-24;20;1544
12;2025-12-24;21;962
12;2025-12-24;22;488
12;2025-12-24;23;258
12;2025-12-25;0;54
12;2025-12-25;1;1
12;2025-12-25;2;0
12;2025-12-25;3;0
12;2025-12-25;4;7
12;2025-12-25;5;317
12;2025-12-25;6;1424
12;2025-12-25;7;2717
12;2025-12-25;8;3648
12;2025-12-25;9;2597
12;2025-12-25;10;2123
12;2025-12-25;11;2025
12;2025-12-25;12;2048
12;2025-12-25;13;2085
12;2025-12-25;14;1951
12;2025-12-25;15;2190
12;2025-12-25;16;2672
12;2025-12-25;17;3027
12;2025-12-25;18;3162
12;2025-12-25;19;2357
12;2025-12-25;20;1544
12;2025-12-25;21;962
12;2025-12-25;22;488
12;2025-12-25;23;258
12;2025-12-26;0;55
12;2025-12-26;1;1
12;2025-12-26;2;0
12;2025-12-26;3;0
12;2025-12-26;4;5
12;2025-12-26;5;324
12;2025-12-26;6;1405
12;2025-12-26;7;2695
12;2025-12-26;8;3327
12;2025-12-26;9;2497
12;2025-12-26;10;1878
12;2025-12-26;11;1866
12;2025-12-26;12;1907
12;2025-12-26;13;2160
12;2025-12-26;14;1954
12;2025-12-26;15;2194
12;2025-12-26;16;2882
12;2025-12-26;17;2879
12;2025-12-26;18;2527
12;2025-12-26;19;2083
12;2025-12-26;20;1363
12;2025-12-26;21;992
12;2025-12-26;22;497
12;2025-12-26;23;329
12;2025-12-27;0;68
12;2025-12-27;1;2
12;2025-12-27;2;0
12;2025-12-27;3;0
12;2025-12-27;4;2
12;2025-12-27;5;222
12;2025-12-27;6;790
12;2025-12-27;7;898
12;2025-12-27;8;1047
12;2025-12-27;9;1247
12;2025-12-27;10;1482
12;2025-12-27;11;1502
12;2025-12-27;12;1543
12;2025-12-27;13;1750
12;2025-12-27;14;1581
12;2025-12-27;15;1553
12;2025-12-27;16;1673
12;2025-12-27;17;1602
12;2025-12-27;18;1592
12;2025-12-27;19;1338
12;2025-12-27;20;940
12;2025-12-27;21;762
12;2025-12-27;22;388
12;2025-12-27;23;291
12;2025-12-28;0;82
12;2025-12-28;1;4
12;2025-12-28;2;0
12;2025-12-28;3;0
12;2025-12-28;4;3
12;2025-12-28;5;131
12;2025-12-28;6;518
12;2025-12-28;7;705
12;2025-12-28;8;719
12;2025-12-28;9;903
12;2025-12-28;10;1140
12;2025-12-28;11;1243
12;2025-12-28;12;1319
12;2025-12-28;13;1547
12;2025-12-28;14;1449
12;2025-12-28;15;1481
12;2025-12-28;16;1483
12;2025-12-28;17;1535
12;2025-12-28;18;1332
12;2025-12-28;19;992
12;2025-12-28;20;772
12;2025-12-28;21;592
12;2025-12-28;22;386
12;2025-12-28;23;195
12;2025-12-29;0;47
12;2025-12-29;1;1
12;2025-12-29;2;0
12;2025-12-29;3;0
12;2025-12-29;4;4
12;2025-12-29;5;279
12;2025-12-29;6;1209
12;2025-12-29;7;2318
12;2025-12-29;8;2862
12;2025-12-29;9;2147
12;2025-12-29;10;1615
12;2025-12-29;11;1604
12;2025-12-29;12;1640
12;2025-12-29;13;1858
12;2025-12-29;14;1681
12;2025-12-29;15;1887
12;2025-12-29;16;2478
12;2025-12-29;17;2476
12;2025-12-29;18;2174
12;2025-12-29;19;1791
12;2025-12-29;20;1173
12;2025-12-29;21;853
12;2025-12-29;22;427
12;2025-12-29;23;283
12;2025-12-30;0;47
12;2025-12-30;1;1
12;2025-12-30;2;0
12;2025-12-30;3;0
12;2025-12-30;4;4
12;2025-12-30;5;279
12;2025-12-30;6;1209
12;2025-12-30;7;2318
12;2025-12-30;8;2862
12;2025-12-30;9;2147
12;2025-12-30;10;1615
12;2025-12-30;11;1604
12;2025-12-30;12;1640
12;2025-12-30;13;1858
12;2025-12-30;14;1681
12;2025-12-30;15;1887
12;2025-12-30;16;2478
12;2025-12-30;17;2476
12;2025-12-30;18;2174
12;2025-12-30;19;1791
12;2025-12-30;20;1173
12;2025-12-30;21;853
12;2025-12-30;22;427
12;2025-12-30;23;283
12;2025-12-31;0;57
12;2025-12-31;1;2
12;2025-12-31;2;0
12;2025-12-31;3;0
12;2025-12-31;4;1
12;2025-12-31;5;189
12;2025-12-31;6;671
12;2025-12-31;7;763
12;2025-12-31;8;890
12;2025-12-31;9;1059
12;2025-12-31;10;1259
12;2025-12-31;11;1277
12;2025-12-31;12;1311
12;2025-12-31;13;1488
12;2025-12-31;14;1344
12;2025-12-31;15;1320
12;2025-12-31;16;1422
12;2025-12-31;17;1361
12;2025-12-31;18;1353
12;2025-12-31;19;625
12;2025-12-31;20;439
12;2025-12-31;21;357
12;2025-12-31;22;181
12;2025-12-31;23;136
17;2025-11-01;0;121
17;2025-11-01;1;15
17;2025-11-01;2;0
17;2025-11-01;3;0
17;2025-11-01;4;21
17;2025-11-01;5;263
17;2025-11-01;6;1289
17;2025-11-01;7;3493
17;2025-11-01;8;4426
17;2025-11-01;9;3198
17;2025-11-01;10;2532
17;2025-11-01;11;2576
17;2025-11-01;12;2546
17;2025-11-01;13;2622
17;2025-11-01;14;2679
17;2025-11-01;15;2912
17;2025-11-01;16;3520
17;2025-11-01;17;4003
17;2025-11-01;18;3633
17;2025-11-01;19;2687
17;2025-11-01;20;1980
17;2025-11-01;21;1332
17;2025-11-01;22;642
17;2025-11-01;23;399
17;2025-11-02;0;184
17;2025-11-02;1;24
17;2025-11-02;2;0
17;2025-11-02;3;0
17;2025-11-02;4;3
17;2025-11-02;5;105
17;2025-11-02;6;432
17;2025-11-02;7;840
17;2025-11-02;8;1223
17;2025-11-02;9;1675
17;2025-11-02;10;1977
17;2025-11-02;11;2542
17;2025-11-02;12;2884
17;2025-11-02;13;3131
17;2025-11-02;14;3265
17;2025-11-02;15;3197
17;2025-11-02;16;3109
17;2025-11-02;17;2951
17;2025-11-02;18;2544
17;2025-11-02;19;2036
17;2025-11-02;20;1501
17;2025-11-02;21;1109
17;2025-11-02;22;679
17;2025-11-02;23;312
17;2025-11-03;0;177
17;2025-11-03;1;23
17;2025-11-03;2;0
17;2025-11-03;3;0
17;2025-11-03;4;3
17;2025-11-03;5;102
17;2025-11-03;6;418
17;2025-11-03;7;812
17;2025-11-03;8;1183
17;2025-11-03;9;1620
17;2025-11-03;10;1912
17;2025-11-03;11;2458
17;2025-11-03;12;2789
17;2025-11-03;13;3028
17;2025-11-03;14;3157
17;2025-11-03;15;3091
17;2025-11-03;16;3006
17;2025-11-03;17;2854
17;2025-11-03;18;2460
17;2025-11-03;19;1969
17;2025-11-03;20;1451
17;2025-11-03;21;1072
17;2025-11-03;22;657
17;2025-11-03;23;302
17;2025-11-04;0;177
17;2025-11-04;1;23
17;2025-11-04;2;0
17;2025-11-04;3;0
17;2025-11-04;4;3
17;2025-11-04;5;102
17;2025-11-04;6;418
17;2025-11-04;7;812
17;2025-11-04;8;1183
17;2025-11-04;9;1620
17;2025-11-04;10;1912
17;2025-11-04;11;2458
17;2025-11-04;12;2789
17;2025-11-04;13;3028
17;2025-11-04;14;3157
17;2025-11-04;15;3091
17;2025-11-04;16;3006
17;2025-11-04;17;2854
17;2025-11-04;18;2460
17;2025-11-04;19;1969
17;2025-11-04;20;1451
17;2025-11-04;21;1072
17;2025-11-04;22;657
17;2025-11-04;23;302
17;2025-11-05;0;118
17;2025-11-05;1;11
17;2025-11-05;2;0
17;2025-11-05;3;0
17;2025-11-05;4;24
17;2025-11-05;5;310
17;2025-11-05;6;1507
17;2025-11-05;7;4163
17;2025-11-05;8;5313
17;2025-11-05;9;3815
17;2025-11-05;10;3032
17;2025-11-05;11;2998
17;2025-11-05;12;3010
17;2025-11-05;13;3060
17;2025-11-05;14;3185
17;2025-11-05;15;3235
17;2025-11-05;16;3602
17;2025-11-05;17;4474
17;2025-11-05;18;4723
17;2025-11-05;19;3281
17;2025-11-05;20;2308
17;2025-11-05;21;1430
17;2025-11-05;22;683
17;2025-11-05;23;371
17;2025-11-06;0;118
17;2025-11-06;1;11
17;2025-11-06;2;0
17;2025-11-06;3;0
17;2025-11-06;4;24
17;2025-11-06;5;310
17;2025-11-06;6;1507
17;2025-11-06;7;4163
17;2025-11-06;8;5313
17;2025-11-06;9;3815
17;2025-11-06;10;3032
17;2025-11-06;11;2998
17;2025-11-06;12;3010
17;2025-11-06;13;3060
17;2025-11-06;14;3185
17;2025-11-06;15;3235
17;2025-11-06;16;3602
17;2025-11-06;17;4474
17;2025-11-06;18;4723
17;2025-11-06;19;3281
17;2025-11-06;20;2308
17;2025-11-06;21;1430
17;2025-11-06;22;683
17;2025-11-06;23;371
17;2025-11-07;0;142
17;2025-11-07;1;18
17;2025-11-07;2;0
17;2025-11-07;3;0
17;2025-11-07;4;24
17;2025-11-07;5;309
17;2025-11-07;6;1516
17;2025-11-07;7;4109
17;2025-11-07;8;5207
17;2025-11-07;9;3762
17;2025-11-07;10;2979
17;2025-11-07;11;3031
17;2025-11-07;12;2995
17;2025-11-07;13;3084
17;2025-11-07;14;3153
17;2025-11-07;15;3425
17;2025-11-07;16;4141
17;2025-11-07;17;4710
17;2025-11-07;18;4274
17;2025-11-07;19;3161
17;2025-11-07;20;2329
17;2025-11-07;21;1567
17;2025-11-07;22;755
17;2025-11-07;23;469
17;2025-11-08;0;199
17;2025-11-08;1;27
17;2025-11-08;2;0
17;2025-11-08;3;0
17;2025-11-08;4;5
17;2025-11-08;5;134
17;2025-11-08;6;572
17;2025-11-08;7;1249
17;2025-11-08;8;1770
17;2025-11-08;9;2252
17;2025-11-08;10;2518
17;2025-11-08;11;3001
17;2025-11-08;12;3323
17;2025-11-08;13;3585
17;2025-11-08;14;3600
17;2025-11-08;15;3593
17;2025-11-08;16;3608
17;2025-11-08;17;3323
17;2025-11-08;18;2942
17;2025-11-08;19;2326
17;2025-11-08;20;1831
17;2025-11-08;21;1313
17;2025-11-08;22;791
17;2025-11-08;23;444
17;2025-11-09;0;184
17;2025-11-09;1;24
17;2025-11-09;2;0
17;2025-11-09;3;0
17;2025-11-09;4;3
17;2025-11-09;5;105
17;2025-11-09;6;432
17;2025-11-09;7;840
17;2025-11-09;8;1223
17;2025-11-09;9;1675
17;2025-11-09;10;1977
17;2025-11-09;11;2542
17;2025-11-09;12;2884
17;2025-11-09;13;3131
17;2025-11-09;14;3265
17;2025-11-09;15;3197
17;2025-11-09;16;3109
17;2025-11-09;17;2951
17;2025-11-09;18;2544
17;2025-11-09;19;2036
17;2025-11-09;20;1501
17;2025-11-09;21;1109
17;2025-11-09;22;679
17;2025-11-09;23;312
17;2025-11-10;0;119
17;2025-11-10;1;14
17;2025-11-10;2;0
17;2025-11-10;3;0
17;2025-11-10;4;26
17;2025-11-10;5;289
17;2025-11-10;6;1496
17;2025-11-10;7;4024
17;2025-11-10;8;5291
17;2025-11-10;9;3746
17;2025-11-10;10;2843
17;2025-11-10;11;2785
17;2025-11-10;12;2832
17;2025-11-10;13;2949
17;2025-11-10;14;2965
17;2025-11-10;15;3057
17;2025-11-10;16;3552
17;2025-11-10;17;4174
17;2025-11-10;18;4455
17;2025-11-10;19;2701
17;2025-11-10;20;2000
17;2025-11-10;21;1318
17;2025-11-10;22;618
17;2025-11-10;23;304
17;2025-11-11;0;118
17;2025-11-11;1;11
17;2025-11-11;2;0
17;2025-11-11;3;0
17;2025-11-11;4;24
17;2025-11-11;5;310
17;2025-11-11;6;1507
17;2025-11-11;7;4163
17;2025-11-11;8;5313
17;2025-11-11;9;3815
17;2025-11-11;10;3032
17;2025-11-11;11;2998
17;2025-11-11;12;3010
17;2025-11-11;13;3060
17;2025-11-11;14;3185
17;2025-11-11;15;3235
17;2025-11-11;16;3602
17;2025-11-11;17;4474
17;2025-11-11;18;4723
17;2025-11-11;19;3281
17;2025-11-11;20;2308
17;2025-11-11;21;1430
17;2025-11-11;22;683
17;2025-11-11;23;371
17;2025-11-12;0;118
17;2025-11-12;1;11
17;2025-11-12;2;0
17;2025-11-12;3;0
17;2025-11-12;4;24
17;2025-11-12;5;310
17;2025-11-12;6;1507
17;2025-11-12;7;4163
17;2025-11-12;8;5313
17;2025-11-12;9;3815
17;2025-11-12;10;3032
17;2025-11-12;11;2998
17;2025-11-12;12;3010
17;2025-11-12;13;3060
17;2025-11-12;14;3185
17;2025-11-12;15;3235
17;2025-11-12;16;3602
17;2025-11-12;17;4474
17;2025-11-12;18;4723
17;2025-11-12;19;3281
17;2025-11-12;20;2308
17;2025-11-12;21;1430
17;2025-11-12;22;683
17;2025-11-12;23;371
17;2025-11-13;0;118
17;2025-11-13;1;11
17;2025-11-13;2;0
17;2025-11-13;3;0
17;2025-11-13;4;24
17;2025-11-13;5;310
17;2025-11-13;6;1507
17;2025-11-13;7;4163
17;2025-11-13;8;5313
17;2025-11-13;9;3815
17;2025-11-13;10;3032
17;2025-11-13;11;2998
17;2025-11-13;12;3010
17;2025-11-13;13;3060
17;2025-11-13;14;3185
17;2025-11-13;15;3235
17;2025-11-13;16;3602
17;2025-11-13;17;4474
17;2025-11-13;18;4723
17;2025-11-13;19;3281
17;2025-11-13;20;2308
17;2025-11-13;21;1430
17;2025-11-13;22;683
17;2025-11-13;23;371
17;2025-11-14;0;142
17;2025-11-14;1;18
17;2025-11-14;2;0
17;2025-11-14;3;0
17;2025-11-14;4;24
17;2025-11-14;5;309
17;2025-11-14;6;1516
17;2025-11-14;7;4109
17;2025-11-14;8;5207
17;2025-11-14;9;3762
17;2025-11-14;10;2979
17;2025-11-14;11;3031
17;2025-11-14;12;2995
17;2025-11-14;13;3084
17;2025-11-14;14;3153
17;2025-11-14;15;3425
17;2025-11-14;16;4141
17;2025-11-14;17;4710
17;2025-11-14;18;4274
17;2025-11-14;19;3161
17;2025-11-14;20;2329
17;2025-11-14;21;1567
17;2025-11-14;22;755
17;2025-11-14;23;469
17;2025-11-15;0;189
17;2025-11-15;1;26
17;2025-11-15;2;0
17;2025-11-15;3;0
17;2025-11-15;4;5
17;2025-11-15;5;127
17;2025-11-15;6;543
17;2025-11-15;7;1184
17;2025-11-15;8;1679
17;2025-11-15;9;2135
17;2025-11-15;10;2387
17;2025-11-15;11;2845
17;2025-11-15;12;3152
17;2025-11-15;13;3400
17;2025-11-15;14;3413
17;2025-11-15;15;3406
17;2025-11-15;16;3422
17;2025-11-15;17;3152
17;2025-11-15;18;2790
17;2025-11-15;19;2205
17;2025-11-15;20;1737
17;2025-11-15;21;1246
17;2025-11-15;22;750
17;2025-11-15;23;420
17;2025-11-16;0;184
17;2025-11-16;1;24
17;2025-11-16;2;0
17;2025-11-16;3;0
17;2025-11-16;4;3
17;2025-11-16;5;105
17;2025-11-16;6;432
17;2025-11-16;7;840
17;2025-11-16;8;1223
17;2025-11-16;9;1675
17;2025-11-16;10;1977
17;2025-11-16;11;2542
17;2025-11-16;12;2884
17;2025-11-16;13;3131
17;2025-11-16;14;3265
17;2025-11-16;15;3197
17;2025-11-16;16;3109
17;2025-11-16;17;2951
17;2025-11-16;18;2544
17;2025-11-16;19;2036
17;2025-11-16;20;1501
17;2025-11-16;21;1109
17;2025-11-16;22;679
17;2025-11-16;23;312
17;2025-11-17;0;119
17;2025-11-17;1;14
17;2025-11-17;2;0
17;2025-11-17;3;0
17;2025-11-17;4;26
17;2025-11-17;5;289
17;2025-11-17;6;1496
17;2025-11-17;7;4024
17;2025-11-17;8;5291
17;2025-11-17;9;3746
17;2025-11-17;10;2843
17;2025-11-17;11;2785
17;2025-11-17;12;2832
17;2025-11-17;13;2949
17;2025-11-17;14;2965
17;2025-11-17;15;3057
17;2025-11-17;16;3552
17;2025-11-17;17;4174
17;2025-11-17;18;4455
17;2025-11-17;19;2701
17;2025-11-17;20;2000
17;2025-11-17;21;1318
17;2025-11-17;22;618
17;2025-11-17;23;304
17;2025-11-18;0;118
17;2025-11-18;1;11
17;2025-11-18;2;0
17;2025-11-18;3;0
17;2025-11-18;4;24
17;2025-11-18;5;310
17;2025-11-18;6;1507
17;2025-11-18;7;4163
17;2025-11-18;8;5313
17;2025-11-18;9;3815
17;2025-11-18;10;3032
17;2025-11-18;11;2998
17;2025-11-18;12;3010
17;2025-11-18;13;3060
17;2025-11-18;14;3185
17;2025-11-18;15;3235
17;2025-11-18;16;3602
17;2025-11-18;17;4474
17;2025-11-18;18;4723
17;2025-11-18;19;3281
17;2025-11-18;20;2308
17;2025-11-18;21;1430
17;2025-11-18;22;683
17;2025-11-18;23;371
17;2025-11-19;0;118
17;2025-11-19;1;11
17;2025-11-19;2;0
17;2025-11-19;3;0
17;2025-11-19;4;24
17;2025-11-19;5;310
17;2025-11-19;6;1507
17;2025-11-19;7;4163
17;2025-11-19;8;5313
17;2025-11-19;9;3815
17;2025-11-19;10;3032
17;2025-11-19;11;2998
17;2025-11-19;12;3010
17;2025-11-19;13;3060
17;2025-11-19;14;3185
17;2025-11-19;15;3235
17;2025-11-19;16;3602
17;2025-11-19;17;4474
17;2025-11-19;18;4723
17;2025-11-19;19;3281
17;2025-11-19;20;2308
17;2025-11-19;21;1430
17;2025-11-19;22;683
17;2025-11-19;23;371
17;2025-11-20;0;118
17;2025-11-20;1;11
17;2025-11-20;2;0
17;2025-11-20;3;0
17;2025-11-20;4;24
17;2025-11-20;5;310
17;2025-11-20;6;1507
17;2025-11-20;7;4163
17;2025-11-20;8;5313
17;2025-11-20;9;3815
17;2025-11-20;10;3032
17;2025-11-20;11;2998
17;2025-11-20;12;3010
17;2025-11-20;13;3060
17;2025-11-20;14;3185
17;2025-11-20;15;3235
17;2025-11-20;16;3602
17;2025-11-20;17;4474
17;2025-11-20;18;4723
17;2025-11-20;19;3281
17;2025-11-20;20;2308
17;2025-11-20;21;1430
17;2025-11-20;22;683
17;2025-11-20;23;371
17;2025-11-21;0;142
17;2025-11-21;1;18
17;2025-11-21;2;0
17;2025-11-21;3;0
17;2025-11-21;4;24
17;2025-11-21;5;309
17;2025-11-21;6;1516
17;2025-11-21;7;4109
17;2025-11-21;8;5207
17;2025-11-21;9;3762
17;2025-11-21;10;2979
17;2025-11-21;11;3031
17;2025-11-21;12;2995
17;2025-11-21;13;3084
17;2025-11-21;14;3153
17;2025-11-21;15;3425
17;2025-11-21;16;4141
17;2025-11-21;17;4710
17;2025-11-21;18;4274
17;2025-11-21;19;3161
17;2025-11-21;20;2329
17;2025-11-21;21;1567
17;2025-11-21;22;755
17;2025-11-21;23;469
17;2025-11-22;0;199
17;2025-11-22;1;27
17;2025-11-22;2;0
17;2025-11-22;3;0
17;2025-11-22;4;5
17;2025-11-22;5;134
17;2025-11-22;6;572
17;2025-11-22;7;1249
17;2025-11-22;8;1770
17;2025-11-22;9;2252
17;2025-11-22;10;2518
17;2025-11-22;11;3001
17;2025-11-22;12;3323
17;2025-11-22;13;3585
17;2025-11-22;14;3600
17;2025-11-22;15;3593
17;2025-11-22;16;3608
17;2025-11-22;17;3323
17;2025-11-22;18;2942
17;2025-11-22;19;2326
17;2025-11-22;20;1831
17;2025-11-22;21;1313
17;2025-11-22;22;791
17;2025-11-22;23;444
17;2025-11-23;0;184
17;2025-11-23;1;24
17;2025-11-23;2;0
17;2025-11-23;3;0
17;2025-11-23;4;3
17;2025-11-23;5;105
17;2025-11-23;6;432
17;2025-11-23;7;840
17;2025-11-23;8;1223
17;2025-11-23;9;1675
17;2025-11-23;10;1977
17;2025-11-23;11;2542
17;2025-11-23;12;2884
17;2025-11-23;13;3131
17;2025-11-23;14;3265
17;2025-11-23;15;3197
17;2025-11-23;16;3109
17;2025-11-23;17;2951
17;2025-11-23;18;2544
17;2025-11-23;19;2036
17;2025-11-23;20;1501
17;2025-11-23;21;1109
17;2025-11-23;22;679
17;2025-11-23;23;312
17;2025-11-24;0;119
17;2025-11-24;1;14
17;2025-11-24;2;0
17;2025-11-24;3;0
17;2025-11-24;4;26
17;2025-11-24;5;289
17;2025-11-24;6;1496
17;2025-11-24;7;4024
17;2025-11-24;8;5291
17;2025-11-24;9;3746
17;2025-11-24;10;2843
17;2025-11-24;11;2785
17;2025-11-24;12;2832
17;2025-11-24;13;2949
17;2025-11-24;14;2965
17;2025-11-24;15;3057
17;2025-11-24;16;3552
17;2025-11-24;17;4174
17;2025-11-24;18;4455
17;2025-11-24;19;2701
17;2025-11-24;20;2000
17;2025-11-24;21;1318
17;2025-11-24;22;618
17;2025-11-24;23;304
17;2025-11-25;0;118
17;2025-11-25;1;11
17;2025-11-25;2;0
17;2025-11-25;3;0
17;2025-11-25;4;24
17;2025-11-25;5;310
17;2025-11-25;6;1507
17;2025-11-25;7;4163
17;2025-11-25;8;5313
17;2025-11-25;9;3815
17;2025-11-25;10;3032
17;2025-11-25;11;2998
17;2025-11-25;12;3010
17;2025-11-25;13;3060
17;2025-11-25;14;3185
17;2025-11-25;15;3235
17;2025-11-25;16;3602
17;2025-11-25;17;4474
17;2025-11-25;18;4723
17;2025-11-25;19;3281
17;2025-11-25;20;2308
17;2025-11-25;21;1430
17;2025-11-25;22;683
17;2025-11-25;23;371
17;2025-11-26;0;118
17;2025-11-26;1;11
17;2025-11-26;2;0
17;2025-11-26;3;0
17;2025-11-26;4;24
17;2025-11-26;5;310
17;2025-11-26;6;1507
17;2025-11-26;7;4163
17;2025-11-26;8;5313
17;2025-11-26;9;3815
17;2025-11-26;10;3032
17;2025-11-26;11;2998
17;2025-11-26;12;3010
17;2025-11-26;13;3060
17;2025-11-26;14;3185
17;2025-11-26;15;3235
17;2025-11-26;16;3602
17;2025-11-26;17;4474
17;2025-11-26;18;4723
17;2025-11-26;19;3281
17;2025-11-26;20;2308
17;2025-11-26;21;1430
17;2025-11-26;22;683
17;2025-11-26;23;371
17;2025-11-27;0;118
17;2025-11-27;1;11
17;2025-11-27;2;0
17;2025-11-27;3;0
17;2025-11-27;4;24
17;2025-11-27;5;310
17;2025-11-27;6;1507
17;2025-11-27;7;4163
17;2025-11-27;8;5313
17;2025-11-27;9;3815
17;2025-11-27;10;3032
17;2025-11-27;11;2998
17;2025-11-27;12;3010
17;2025-11-27;13;3060
17;2025-11-27;14;3185
17;2025-11-27;15;3235
17;2025-11-27;16;3602
17;2025-11-27;17;4474
17;2025-11-27;18;4723
17;2025-11-27;19;3281
17;2025-11-27;20;2308
17;2025-11-27;21;1430
17;2025-11-27;22;683
17;2025-11-27;23;371
17;2025-11-28;0;142
17;2025-11-28;1;18
17;2025-11-28;2;0
17;2025-11-28;3;0
17;2025-11-28;4;24
17;2025-11-28;5;309
17;2025-11-28;6;1516
17;2025-11-28;7;4109
17;2025-11-28;8;5207
17;2025-11-28;9;3762
17;2025-11-28;10;2979
17;2025-11-28;11;3031
17;2025-11-28;12;2995
17;2025-11-28;13;3084
17;2025-11-28;14;3153
17;2025-11-28;15;3425
17;2025-11-28;16;4141
17;2025-11-28;17;4710
17;2025-11-28;18;4274
17;2025-11-28;19;3161
17;2025-11-28;20;2329
17;2025-11-28;21;1567
17;2025-11-28;22;755
17;2025-11-28;23;469
17;2025-11-29;0;199
17;2025-11-29;1;27
17;2025-11-29;2;0
17;2025-11-29;3;0
17;2025-11-29;4;5
17;2025-11-29;5;134
17;2025-11-29;6;572
17;2025-11-29;7;1249
17;2025-11-29;8;1770
17;2025-11-29;9;2252
17;2025-11-29;10;2518
17;2025-11-29;11;3001
17;2025-11-29;12;3323
17;2025-11-29;13;3585
17;2025-11-29;14;3600
17;2025-11-29;15;3593
17;2025-11-29;16;3608
17;2025-11-29;17;3323
17;2025-11-29;18;2942
17;2025-11-29;19;2326
17;2025-11-29;20;1831
17;2025-11-29;21;1313
17;2025-11-29;22;791
17;2025-11-29;23;444
17;2025-11-30;0;184
17;2025-11-30;1;24
17;2025-11-30;2;0
17;2025-11-30;3;0
17;2025-11-30;4;3
17;2025-11-30;5;105
17;2025-11-30;6;432
17;2025-11-30;7;840
17;2025-11-30;8;1223
17;2025-11-30;9;1675
17;2025-11-30;10;1977
17;2025-11-30;11;2542
17;2025-11-30;12;2884
17;2025-11-30;13;3131
17;2025-11-30;14;3265
17;2025-11-30;15;3197
17;2025-11-30;16;3109
17;2025-11-30;17;2951
17;2025-11-30;18;2544
17;2025-11-30;19;2036
17;2025-11-30;20;1501
17;2025-11-30;21;1109
17;2025-11-30;22;679
17;2025-11-30;23;312
17;2025-12-01;0;119
17;2025-12-01;1;14
17;2025-12-01;2;0
17;2025-12-01;3;0
17;2025-12-01;4;26
17;2025-12-01;5;289
17;2025-12-01;6;1496
17;2025-12-01;7;4024
17;2025-12-01;8;5291
17;2025-12-01;9;3746
17;2025-12-01;10;2843
17;2025-12-01;11;2785
17;2025-12-01;12;2832
17;2025-12-01;13;2949
17;2025-12-01;14;2965
17;2025-12-01;15;3057
17;2025-12-01;16;3552
17;2025-12-01;17;4174
17;2025-12-01;18;4455
17;2025-12-01;19;2701
17;2025-12-01;20;2000
17;2025-12-01;21;1318
17;2025-12-01;22;618
17;2025-12-01;23;304
17;2025-12-02;0;118
17;2025-12-02;1;11
17;2025-12-02;2;0
17;2025-12-02;3;0
17;2025-12-02;4;24
17;2025-12-02;5;310
17;2025-12-02;6;1507
17;2025-12-02;7;4163
17;2025-12-02;8;5313
17;2025-12-02;9;3815
17;2025-12-02;10;3032
17;2025-12-02;11;2998
17;2025-12-02;12;3010
17;2025-12-02;13;3060
17;2025-12-02;14;3185
17;2025-12-02;15;3235
17;2025-12-02;16;3602
17;2025-12-02;17;4474
17;2025-12-02;18;4723
17;2025-12-02;19;3281
17;2025-12-02;20;2308
17;2025-12-02;21;1430
17;2025-12-02;22;683
17;2025-12-02;23;371
17;2025-12-03;0;118
17;2025-12-03;1;11
17;2025-12-03;2;0
17;2025-12-03;3;0
17;2025-12-03;4;24
17;2025-12-03;5;310
17;2025-12-03;6;1507
17;2025-12-03;7;4163
17;2025-12-03;8;5313
17;2025-12-03;9;3815
17;2025-12-03;10;3032
17;2025-12-03;11;2998
17;2025-12-03;12;3010
17;2025-12-03;13;3060
17;2025-12-03;14;3185
17;2025-12-03;15;3235
17;2025-12-03;16;3602
17;2025-12-03;17;4474
17;2025-12-03;18;4723
17;2025-12-03;19;3281
17;2025-12-03;20;2308
17;2025-12-03;21;1430
17;2025-12-03;22;683
17;2025-12-03;23;371
17;2025-12-04;0;118
17;2025-12-04;1;11
17;2025-12-04;2;0
17;2025-12-04;3;0
17;2025-12-04;4;24
17;2025-12-04;5;310
17;2025-12-04;6;1507
17;2025-12-04;7;4163
17;2025-12-04;8;5313
17;2025-12-04;9;3815
17;2025-12-04;10;3032
17;2025-12-04;11;2998
17;2025-12-04;12;3010
17;2025-12-04;13;3060
17;2025-12-04;14;3185
17;2025-12-04;15;3235
17;2025-12-04;16;3602
17;2025-12-04;17;4474
17;2025-12-04;18;4723
17;2025-12-04;19;3281
17;2025-12-04;20;2308
17;2025-12-04;21;1430
17;2025-12-04;22;683
17;2025-12-04;23;371
17;2025-12-05;0;142
17;2025-12-05;1;18
17;2025-12-05;2;0
17;2025-12-05;3;0
17;2025-12-05;4;24
17;2025-12-05;5;309
17;2025-12-05;6;1516
17;2025-12-05;7;4109
17;2025-12-05;8;5207
17;2025-12-05;9;3762
17;2025-12-05;10;2979
17;2025-12-05;11;3031
17;2025-12-05;12;2995
17;2025-12-05;13;3084
17;2025-12-05;14;3153
17;2025-12-05;15;3425
17;2025-12-05;16;4141
17;2025-12-05;17;4710
17;2025-12-05;18;4274
17;2025-12-05;19;3161
17;2025-12-05;20;2329
17;2025-12-05;21;1567
17;2025-12-05;22;755
17;2025-12-05;23;469
17;2025-12-06;0;199
17;2025-12-06;1;27
17;2025-12-06;2;0
17;2025-12-06;3;0
17;2025-12-06;4;5
17;2025-12-06;5;134
17;2025-12-06;6;572
17;2025-12-06;7;1249
17;2025-12-06;8;1770
17;2025-12-06;9;2252
17;2025-12-06;10;2518
17;2025-12-06;11;3001
17;2025-12-06;12;3323
17;2025-12-06;13;3585
17;2025-12-06;14;3600
17;2025-12-06;15;3593
17;2025-12-06;16;3608
17;2025-12-06;17;3323
17;2025-12-06;18;2942
17;2025-12-06;19;2326
17;2025-12-06;20;1831
17;2025-12-06;21;1313
17;2025-12-06;22;791
17;2025-12-06;23;444
17;2025-12-07;0;184
17;2025-12-07;1;24
17;2025-12-07;2;0
17;2025-12-07;3;0
17;2025-12-07;4;3
17;2025-12-07;5;105
17;2025-12-07;6;432
17;2025-12-07;7;840
17;2025-12-07;8;1223
17;2025-12-07;9;1675
17;2025-12-07;10;1977
17;2025-12-07;11;2542
17;2025-12-07;12;2884
17;2025-12-07;13;3131
17;2025-12-07;14;3265
17;2025-12-07;15;3197
17;2025-12-07;16;3109
17;2025-12-07;17;2951
17;2025-12-07;18;2544
17;2025-12-07;19;2036
17;2025-12-07;20;1501
17;2025-12-07;21;1109
17;2025-12-07;22;679
17;2025-12-07;23;312
17;2025-12-08;0;119
17;2025-12-08;1;14
17;2025-12-08;2;0
17;2025-12-08;3;0
17;2025-12-08;4;26
17;2025-12-08;5;289
17;2025-12-08;6;1496
17;2025-12-08;7;4024
17;2025-12-08;8;5291
17;2025-12-08;9;3746
17;2025-12-08;10;2843
17;2025-12-08;11;2785
17;2025-12-08;12;2832
17;2025-12-08;13;2949
17;2025-12-08;14;2965
17;2025-12-08;15;3057
17;2025-12-08;16;3552
17;2025-12-08;17;4174
17;2025-12-08;18;4455
17;2025-12-08;19;2701
17;2025-12-08;20;2000
17;2025-12-08;21;1318
17;2025-12-08;22;618
17;2025-12-08;23;304
17;2025-12-09;0;118
17;2025-12-09;1;11
17;2025-12-09;2;0
17;2025-12-09;3;0
17;2025-12-09;4;24
17;2025-12-09;5;310
17;2025-12-09;6;1507
17;2025-12-09;7;4163
17;2025-12-09;8;5313
17;2025-12-09;9;3815
17;2025-12-09;10;3032
17;2025-12-09;11;2998
17;2025-12-09;12;3010
17;2025-12-09;13;3060
17;2025-12-09;14;3185
17;2025-12-09;15;3235
17;2025-12-09;16;3602
17;2025-12-09;17;4474
17;2025-12-09;18;4723
17;2025-12-09;19;3281
17;2025-12-09;20;2308
17;2025-12-09;21;1430
17;2025-12-09;22;683
17;2025-12-09;23;371
17;2025-12-10;0;118
17;2025-12-10;1;11
17;2025-12-10;2;0
17;2025-12-10;3;0
17;2025-12-10;4;24
17;2025-12-10;5;310
17;2025-12-10;6;1507
17;2025-12-10;7;4163
17;2025-12-10;8;5313
17;2025-12-10;9;3815
17;2025-12-10;10;3032
17;2025-12-10;11;2998
17;2025-12-10;12;3010
17;2025-12-10;13;3060
17;2025-12-10;14;3185
17;2025-12-10;15;3235
17;2025-12-10;16;3602
17;2025-12-10;17;4474
17;2025-12-10;18;4723
17;2025-12-10;19;3281
17;2025-12-10;20;2308
17;2025-12-10;21;1430
17;2025-12-10;22;683
17;2025-12-10;23;371
17;2025-12-11;0;118
17;2025-12-11;1;11
17;2025-12-11;2;0
17;2025-12-11;3;0
17;2025-12-11;4;24
17;2025-12-11;5;310
17;2025-12-11;6;1507
17;2025-12-11;7;4163
17;2025-12-11;8;5313
17;2025-12-11;9;3815
17;2025-12-11;10;3032
17;2025-12-11;11;2998
17;2025-12-11;12;3010
17;2025-12-11;13;3060
17;2025-12-11;14;3185
17;2025-12-11;15;3235
17;2025-12-11;16;3602
17;2025-12-11;17;4474
17;2025-12-11;18;4723
17;2025-12-11;19;3281
17;2025-12-11;20;2308
17;2025-12-11;21;1430
17;2025-12-11;22;683
17;2025-12-11;23;371
17;2025-12-12;0;142
17;2025-12-12;1;18
17;2025-12-12;2;0
17;2025-12-12;3;0
17;2025-12-12;4;24
17;2025-12-12;5;309
17;2025-12-12;6;1516
17;2025-12-12;7;4109
17;2025-12-12;8;5207
17;2025-12-12;9;3762
17;2025-12-12;10;2979
17;2025-12-12;11;3031
17;2025-12-12;12;2995
17;2025-12-12;13;3084
17;2025-12-12;14;3153
17;2025-12-12;15;3425
17;2025-12-12;16;4141
17;2025-12-12;17;4710
17;2025-12-12;18;4274
17;2025-12-12;19;3161
17;2025-12-12;20;2329
17;2025-12-12;21;1567
17;2025-12-12;22;755
17;2025-12-12;23;469
17;2025-12-13;0;199
17;2025-12-13;1;27
17;2025-12-13;2;0
17;2025-12-13;3;0
17;2025-12-13;4;5
17;2025-12-13;5;134
17;2025-12-13;6;572
17;2025-12-13;7;1249
17;2025-12-13;8;1770
17;2025-12-13;9;2252
17;2025-12-13;10;2518
17;2025-12-13;11;3001
17;2025-12-13;12;3323
17;2025-12-13;13;3585
17;2025-12-13;14;3600
17;2025-12-13;15;3593
17;2025-12-13;16;3608
17;2025-12-13;17;3323
17;2025-12-13;18;2942
17;2025-12-13;19;2326
17;2025-12-13;20;1831
17;2025-12-13;21;1313
17;2025-12-13;22;791
17;2025-12-13;23;444
17;2025-12-14;0;184
17;2025-12-14;1;24
17;2025-12-14;2;0
17;2025-12-14;3;0
17;2025-12-14;4;3
17;2025-12-14;5;105
17;2025-12-14;6;432
17;2025-12-14;7;840
17;2025-12-14;8;1223
17;2025-12-14;9;1675
17;2025-12-14;10;1977
17;2025-12-14;11;2542
17;2025-12-14;12;2884
17;2025-12-14;13;3131
17;2025-12-14;14;3265
17;2025-12-14;15;3197
17;2025-12-14;16;3109
17;2025-12-14;17;2951
17;2025-12-14;18;2544
17;2025-12-14;19;2036
17;2025-12-14;20;1501
17;2025-12-14;21;1109
17;2025-12-14;22;679
17;2025-12-14;23;312
17;2025-12-15;0;119
17;2025-12-15;1;14
17;2025-12-15;2;0
17;2025-12-15;3;0
17;2025-12-15;4;26
17;2025-12-15;5;289
17;2025-12-15;6;1496
17;2025-12-15;7;4024
17;2025-12-15;8;5291
17;2025-12-15;9;3746
17;2025-12-15;10;2843
17;2025-12-15;11;2785
17;2025-12-15;12;2832
17;2025-12-15;13;2949
17;2025-12-15;14;2965
17;2025-12-15;15;3057
17;2025-12-15;16;3552
17;2025-12-15;17;4174
17;2025-12-15;18;4455
17;2025-12-15;19;2701
17;2025-12-15;20;2000
17;2025-12-15;21;1318
17;2025-12-15;22;618
17;2025-12-15;23;304
17;2025-12-16;0;118
17;2025-12-16;1;11
17;2025-12-16;2;0
17;2025-12-16;3;0
17;2025-12-16;4;24
17;2025-12-16;5;310
17;2025-12-16;6;1507
17;2025-12-16;7;4163
17;2025-12-16;8;5313
17;2025-12-16;9;3815
17;2025-12-16;10;3032
17;2025-12-16;11;2998
17;2025-12-16;12;3010
17;2025-12-16;13;3060
17;2025-12-16;14;3185
17;2025-12-16;15;3235
17;2025-12-16;16;3602
17;2025-12-16;17;4474
17;2025-12-16;18;4723
17;2025-12-16;19;3281
17;2025-12-16;20;2308
17;2025-12-16;21;1430
17;2025-12-16;22;683
17;2025-12-16;23;371
17;2025-12-17;0;118
17;2025-12-17;1;11
17;2025-12-17;2;0
17;2025-12-17;3;0
17;2025-12-17;4;24
17;2025-12-17;5;310
17;2025-12-17;6;1507
17;2025-12-17;7;4163
17;2025-12-17;8;5313
17;2025-12-17;9;3815
17;2025-12-17;10;3032
17;2025-12-17;11;2998
17;2025-12-17;12;3010
17;2025-12-17;13;3060
17;2025-12-17;14;3185
17;2025-12-17;15;3235
17;2025-12-17;16;3602
17;2025-12-17;17;4474
17;2025-12-17;18;4723
17;2025-12-17;19;3281
17;2025-12-17;20;2308
17;2025-12-17;21;1430
17;2025-12-17;22;683
17;2025-12-17;23;371
17;2025-12-18;0;118
17;2025-12-18;1;11
17;2025-12-18;2;0
17;2025-12-18;3;0
17;2025-12-18;4;24
17;2025-12-18;5;310
17;2025-12-18;6;1507
17;2025-12-18;7;4163
17;2025-12-18;8;5313
17;2025-12-18;9;3815
17;2025-12-18;10;3032
17;2025-12-18;11;2998
17;2025-12-18;12;3010
17;2025-12-18;13;3060
17;2025-12-18;14;3185
17;2025-12-18;15;3235
17;2025-12-18;16;3602
17;2025-12-18;17;4474
17;2025-12-18;18;4723
17;2025-12-18;19;3281
17;2025-12-18;20;2308
17;2025-12-18;21;1430
17;2025-12-18;22;683
17;2025-12-18;23;371
17;2025-12-19;0;142
17;2025-12-19;1;18
17;2025-12-19;2;0
17;2025-12-19;3;0
17;2025-12-19;4;24
17;2025-12-19;5;309
17;2025-12-19;6;1516
17;2025-12-19;7;4109
17;2025-12-19;8;5207
17;2025-12-19;9;3762
17;2025-12-19;10;2979
17;2025-12-19;11;3031
17;2025-12-19;12;2995
17;2025-12-19;13;3084
17;2025-12-19;14;3153
17;2025-12-19;15;3425
17;2025-12-19;16;4141
17;2025-12-19;17;4710
17;2025-12-19;18;4274
17;2025-12-19;19;3161
17;2025-12-19;20;2329
17;2025-12-19;21;1567
17;2025-12-19;22;755
17;2025-12-19;23;469
17;2025-12-20;0;199
17;2025-12-20;1;27
17;2025-12-20;2;0
17;2025-12-20;3;0
17;2025-12-20;4;5
17;2025-12-20;5;134
17;2025-12-20;6;572
17;2025-12-20;7;1249
17;2025-12-20;8;1770
17;2025-12-20;9;2252
17;2025-12-20;10;2518
17;2025-12-20;11;3001
17;2025-12-20;12;3323
17;2025-12-20;13;3585
17;2025-12-20;14;3600
17;2025-12-20;15;3593
17;2025-12-20;16;3608
17;2025-12-20;17;3323
17;2025-12-20;18;2942
17;2025-12-20;19;2326
17;2025-12-20;20;1831
17;2025-12-20;21;1313
17;2025-12-20;22;791
17;2025-12-20;23;444
17;2025-12-21;0;184
17;2025-12-21;1;24
17;2025-12-21;2;0
17;2025-12-21;3;0
17;2025-12-21;4;3
17;2025-12-21;5;105
17;2025-12-21;6;432
17;2025-12-21;7;840
17;2025-12-21;8;1223
17;2025-12-21;9;1675
17;2025-12-21;10;1977
17;2025-12-21;11;2542
17;2025-12-21;12;2884
17;2025-12-21;13;3131
17;2025-12-21;14;3265
17;2025-12-21;15;3197
17;2025-12-21;16;3109
17;2025-12-21;17;2951
17;2025-12-21;18;2544
17;2025-12-21;19;2036
17;2025-12-21;20;1501
17;2025-12-21;21;1109
17;2025-12-21;22;679
17;2025-12-21;23;312
17;2025-12-22;0;119
17;2025-12-22;1;14
17;2025-12-22;2;0
17;2025-12-22;3;0
17;2025-12-22;4;26
17;2025-12-22;5;289
17;2025-12-22;6;1496
17;2025-12-22;7;4024
17;2025-12-22;8;5291
17;2025-12-22;9;3746
17;2025-12-22;10;2843
17;2025-12-22;11;2785
17;2025-12-22;12;2832
17;2025-12-22;13;2949
17;2025-12-22;14;2965
17;2025-12-22;15;3057
17;2025-12-22;16;3552
17;2025-12-22;17;4174
17;2025-12-22;18;4455
17;2025-12-22;19;2701
17;2025-12-22;20;2000
17;2025-12-22;21;1318
17;2025-12-22;22;618
17;2025-12-22;23;304
17;2025-12-23;0;118
17;2025-12-23;1;11
17;2025-12-23;2;0
17;2025-12-23;3;0
17;2025-12-23;4;24
17;2025-12-23;5;310
17;2025-12-23;6;1507
17;2025-12-23;7;4163
17;2025-12-23;8;5313
17;2025-12-23;9;3815
17;2025-12-23;10;3032
17;2025-12-23;11;2998
17;2025-12-23;12;3010
17;2025-12-23;13;3060
17;2025-12-23;14;3185
17;2025-12-23;15;3235
17;2025-12-23;16;3602
17;2025-12-23;17;4474
17;2025-12-23;18;4723
17;2025-12-23;19;3281
17;2025-12-23;20;2308
17;2025-12-23;21;1430
17;2025-12-23;22;683
17;2025-12-23;23;371
17;2025-12-24;0;118
17;2025-12-24;1;11
17;2025-12-24;2;0
17;2025-12-24;3;0
17;2025-12-24;4;24
17;2025-12-24;5;310
17;2025-12-24;6;1507
17;2025-12-24;7;4163
17;2025-12-24;8;5313
17;2025-12-24;9;3815
17;2025-12-24;10;3032
17;2025-12-24;11;2998
17;2025-12-24;12;3010
17;2025-12-24;13;3060
17;2025-12-24;14;3185
17;2025-12-24;15;3235
17;2025-12-24;16;3602
17;2025-12-24;17;4474
17;2025-12-24;18;4723
17;2025-12-24;19;3281
17;2025-12-24;20;2308
17;2025-12-24;21;1430
17;2025-12-24;22;683
17;2025-12-24;23;371
17;2025-12-25;0;118
17;2025-12-25;1;11
17;2025-12-25;2;0
17;2025-12-25;3;0
17;2025-12-25;4;24
17;2025-12-25;5;310
17;2025-12-25;6;1507
17;2025-12-25;7;4163
17;2025-12-25;8;5313
17;2025-12-25;9;3815
17;2025-12-25;10;3032
17;2025-12-25;11;2998
17;2025-12-25;12;3010
17;2025-12-25;13;3060
17;2025-12-25;14;3185
17;2025-12-25;15;3235
17;2025-12-25;16;3602
17;2025-12-25;17;4474
17;2025-12-25;18;4723
17;2025-12-25;19;3281
17;2025-12-25;20;2308
17;2025-12-25;21;1430
17;2025-12-25;22;683
17;2025-12-25;23;371
17;2025-12-26;0;142
17;2025-12-26;1;18
17;2025-12-26;2;0
17;2025-12-26;3;0
17;2025-12-26;4;24
17;2025-12-26;5;309
17;2025-12-26;6;1516
17;2025-12-26;7;4109
17;2025-12-26;8;5207
17;2025-12-26;9;3762
17;2025-12-26;10;2979
17;2025-12-26;11;3031
17;2025-12-26;12;2995
17;2025-12-26;13;3084
17;2025-12-26;14;3153
17;2025-12-26;15;3425
17;2025-12-26;16;4141
17;2025-12-26;17;4710
17;2025-12-26;18;4274
17;2025-12-26;19;3161
17;2025-12-26;20;2329
17;2025-12-26;21;1567
17;2025-12-26;22;755
17;2025-12-26;23;469
17;2025-12-27;0;199
17;2025-12-27;1;27
17;2025-12-27;2;0
17;2025-12-27;3;0
17;2025-12-27;4;5
17;2025-12-27;5;134
17;2025-12-27;6;572
17;2025-12-27;7;1249
17;2025-12-27;8;1770
17;2025-12-27;9;2252
17;2025-12-27;10;2518
17;2025-12-27;11;3001
17;2025-12-27;12;3323
17;2025-12-27;13;3585
17;2025-12-27;14;3600
17;2025-12-27;15;3593
17;2025-12-27;16;3608
17;2025-12-27;17;3323
17;2025-12-27;18;2942
17;2025-12-27;19;2326
17;2025-12-27;20;1831
17;2025-12-27;21;1313
17;2025-12-27;22;791
17;2025-12-27;23;444
17;2025-12-28;0;184
17;2025-12-28;1;24
17;2025-12-28;2;0
17;2025-12-28;3;0
17;2025-12-28;4;3
17;2025-12-28;5;105
17;2025-12-28;6;432
17;2025-12-28;7;840
17;2025-12-28;8;1223
17;2025-12-28;9;1675
17;2025-12-28;10;1977
17;2025-12-28;11;2542
17;2025-12-28;12;2884
17;2025-12-28;13;3131
17;2025-12-28;14;3265
17;2025-12-28;15;3197
17;2025-12-28;16;3109
17;2025-12-28;17;2951
17;2025-12-28;18;2544
17;2025-12-28;19;2036
17;2025-12-28;20;1501
17;2025-12-28;21;1109
17;2025-12-28;22;679
17;2025-12-28;23;312
17;2025-12-29;0;122
17;2025-12-29;1;15
17;2025-12-29;2;0
17;2025-12-29;3;0
17;2025-12-29;4;21
17;2025-12-29;5;266
17;2025-12-29;6;1303
17;2025-12-29;7;3534
17;2025-12-29;8;4478
17;2025-12-29;9;3235
17;2025-12-29;10;2562
17;2025-12-29;11;2607
17;2025-12-29;12;2575
17;2025-12-29;13;2653
17;2025-12-29;14;2711
17;2025-12-29;15;2946
17;2025-12-29;16;3562
17;2025-12-29;17;4050
17;2025-12-29;18;3675
17;2025-12-29;19;2720
17;2025-12-29;20;2003
17;2025-12-29;21;1348
17;2025-12-29;22;649
17;2025-12-29;23;404
17;2025-12-30;0;122
17;2025-12-30;1;15
17;2025-12-30;2;0
17;2025-12-30;3;0
17;2025-12-30;4;21
17;2025-12-30;5;266
17;2025-12-30;6;1303
17;2025-12-30;7;3534
17;2025-12-30;8;4478
17;2025-12-30;9;3235
17;2025-12-30;10;2562
17;2025-12-30;11;2607
17;2025-12-30;12;2575
17;2025-12-30;13;2653
17;2025-12-30;14;2711
17;2025-12-30;15;2946
17;2025-12-30;16;3562
17;2025-12-30;17;4050
17;2025-12-30;18;3675
17;2025-12-30;19;2720
17;2025-12-30;20;2003
17;2025-12-30;21;1348
17;2025-12-30;22;649
17;2025-12-30;23;404
17;2025-12-31;0;170
17;2025-12-31;1;24
17;2025-12-31;2;0
17;2025-12-31;3;0
17;2025-12-31;4;5
17;2025-12-31;5;114
17;2025-12-31;6;487
17;2025-12-31;7;1061
17;2025-12-31;8;1504
17;2025-12-31;9;1914
17;2025-12-31;10;2139
17;2025-12-31;11;2550
17;2025-12-31;12;2825
17;2025-12-31;13;3047
17;2025-12-31;14;3060
17;2025-12-31;15;3054
17;2025-12-31;16;3067
17;2025-12-31;17;2825
17;2025-12-31;18;2501
17;2025-12-31;19;1087
17;2025-12-31;20;856
17;2025-12-31;21;614
17;2025-12-31;22;369
17;2025-12-31;23;208
25;2025-11-01;0;0
25;2025-11-01;1;0
25;2025-11-01;2;0
25;2025-11-01;3;0
25;2025-11-01;4;0
25;2025-11-01;5;14
25;2025-11-01;6;237
25;2025-11-01;7;487
25;2025-11-01;8;749
25;2025-11-01;9;380
25;2025-11-01;10;348
25;2025-11-01;11;385
25;2025-11-01;12;368
25;2025-11-01;13;486
25;2025-11-01;14;403
25;2025-11-01;15;559
25;2025-11-01;16;712
25;2025-11-01;17;684
25;2025-11-01;18;603
25;2025-11-01;19;555
25;2025-11-01;20;296
25;2025-11-01;21;192
25;2025-11-01;22;94
25;2025-11-01;23;13
25;2025-11-02;0;16
25;2025-11-02;1;1
25;2025-11-02;2;0
25;2025-11-02;3;0
25;2025-11-02;4;0
25;2025-11-02;5;11
25;2025-11-02;6;112
25;2025-11-02;7;104
25;2025-11-02;8;197
25;2025-11-02;9;221
25;2025-11-02;10;225
25;2025-11-02;11;323
25;2025-11-02;12;387
25;2025-11-02;13;511
25;2025-11-02;14;603
25;2025-11-02;15;689
25;2025-11-02;16;586
25;2025-11-02;17;584
25;2025-11-02;18;448
25;2025-11-02;19;300
25;2025-11-02;20;238
25;2025-11-02;21;148
25;2025-11-02;22;94
25;2025-11-02;23;35
25;2025-11-03;0;16
25;2025-11-03;1;0
25;2025-11-03;2;0
25;2025-11-03;3;0
25;2025-11-03;4;0
25;2025-11-03;5;10
25;2025-11-03;6;108
25;2025-11-03;7;101
25;2025-11-03;8;190
25;2025-11-03;9;215
25;2025-11-03;10;219
25;2025-11-03;11;313
25;2025-11-03;12;374
25;2025-11-03;13;494
25;2025-11-03;14;582
25;2025-11-03;15;666
25;2025-11-03;16;567
25;2025-11-03;17;564
25;2025-11-03;18;432
25;2025-11-03;19;290
25;2025-11-03;20;230
25;2025-11-03;21;143
25;2025-11-03;22;91
25;2025-11-03;23;34
25;2025-11-04;0;16
25;2025-11-04;1;0
25;2025-11-04;2;0
25;2025-11-04;3;0
25;2025-11-04;4;0
25;2025-11-04;5;10
25;2025-11-04;6;108
25;2025-11-04;7;101
25;2025-11-04;8;190
25;2025-11-04;9;215
25;2025-11-04;10;219
25;2025-11-04;11;313
25;2025-11-04;12;374
25;2025-11-04;13;494
25;2025-11-04;14;582
25;2025-11-04;15;666
25;2025-11-04;16;567
25;2025-11-04;17;564
25;2025-11-04;18;432
25;2025-11-04;19;290
25;2025-11-04;20;230
25;2025-11-04;21;143
25;2025-11-04;22;91
25;2025-11-04;23;34
25;2025-11-05;0;1
25;2025-11-05;1;0
25;2025-11-05;2;0
25;2025-11-05;3;0
25;2025-11-05;4;0
25;2025-11-05;5;21
25;2025-11-05;6;272
25;2025-11-05;7;535
25;2025-11-05;8;904
25;2025-11-05;9;463
25;2025-11-05;10;384
25;2025-11-05;11;449
25;2025-11-05;12;439
25;2025-11-05;13;531
25;2025-11-05;14;479
25;2025-11-05;15;611
25;2025-11-05;16;693
25;2025-11-05;17;788
25;2025-11-05;18;785
25;2025-11-05;19;619
25;2025-11-05;20;330
25;2025-11-05;21;226
25;2025-11-05;22;91
25;2025-11-05;23;6
25;2025-11-06;0;1
25;2025-11-06;1;0
25;2025-11-06;2;0
25;2025-11-06;3;0
25;2025-11-06;4;0
25;2025-11-06;5;21
25;2025-11-06;6;272
25;2025-11-06;7;535
25;2025-11-06;8;904
25;2025-11-06;9;463
25;2025-11-06;10;384
25;2025-11-06;11;449
25;2025-11-06;12;439
25;2025-11-06;13;531
25;2025-11-06;14;479
25;2025-11-06;15;611
25;2025-11-06;16;693
25;2025-11-06;17;788
25;2025-11-06;18;785
25;2025-11-06;19;619
25;2025-11-06;20;330
25;2025-11-06;21;226
25;2025-11-06;22;91
25;2025-11-06;23;6
25;2025-11-07;0;0
25;2025-11-07;1;0
25;2025-11-07;2;0
25;2025-11-07;3;0
25;2025-11-07;4;0
25;2025-11-07;5;17
25;2025-11-07;6;279
25;2025-11-07;7;573
25;2025-11-07;8;881
25;2025-11-07;9;448
25;2025-11-07;10;410
25;2025-11-07;11;453
25;2025-11-07;12;432
25;2025-11-07;13;571
25;2025-11-07;14;474
25;2025-11-07;15;658
25;2025-11-07;16;838
25;2025-11-07;17;806
25;2025-11-07;18;710
25;2025-11-07;19;653
25;2025-11-07;20;349
25;2025-11-07;21;226
25;2025-11-07;22;111
25;2025-11-07;23;15
25;2025-11-08;0;6
25;2025-11-08;1;0
25;2025-11-08;2;0
25;2025-11-08;3;0
25;2025-11-08;4;0
25;2025-11-08;5;22
25;2025-11-08;6;139
25;2025-11-08;7;136
25;2025-11-08;8;316
25;2025-11-08;9;284
25;2025-11-08;10;293
25;2025-11-08;11;389
25;2025-11-08;12;410
25;2025-11-08;13;677
25;2025-11-08;14;684
25;2025-11-08;15;803
25;2025-11-08;16;753
25;2025-11-08;17;602
25;2025-11-08;18;528
25;2025-11-08;19;457
25;2025-11-08;20;259
25;2025-11-08;21;198
25;2025-11-08;22;115
25;2025-11-08;23;43
25;2025-11-09;0;16
25;2025-11-09;1;1
25;2025-11-09;2;0
25;2025-11-09;3;0
25;2025-11-09;4;0
25;2025-11-09;5;11
25;2025-11-09;6;112
25;2025-11-09;7;104
25;2025-11-09;8;197
25;2025-11-09;9;221
25;2025-11-09;10;225
25;2025-11-09;11;323
25;2025-11-09;12;387
25;2025-11-09;13;511
25;2025-11-09;14;603
25;2025-11-09;15;689
25;2025-11-09;16;586
25;2025-11-09;17;584
25;2025-11-09;18;448
25;2025-11-09;19;300
25;2025-11-09;20;238
25;2025-11-09;21;148
25;2025-11-09;22;94
25;2025-11-09;23;35
25;2025-11-10;0;8
25;2025-11-10;1;0
25;2025-11-10;2;0
25;2025-11-10;3;0
25;2025-11-10;4;0
25;2025-11-10;5;22
25;2025-11-10;6;258
25;2025-11-10;7;544
25;2025-11-10;8;978
25;2025-11-10;9;546
25;2025-11-10;10;344
25;2025-11-10;11;427
25;2025-11-10;12;420
25;2025-11-10;13;573
25;2025-11-10;14;478
25;2025-11-10;15;487
25;2025-11-10;16;701
25;2025-11-10;17;765
25;2025-11-10;18;746
25;2025-11-10;19;569
25;2025-11-10;20;296
25;2025-11-10;21;191
25;2025-11-10;22;80
25;2025-11-10;23;11
25;2025-11-11;0;1
25;2025-11-11;1;0
25;2025-11-11;2;0
25;2025-11-11;3;0
25;2025-11-11;4;0
25;2025-11-11;5;21
25;2025-11-11;6;272
25;2025-11-11;7;535
25;2025-11-11;8;904
25;2025-11-11;9;463
25;2025-11-11;10;384
25;2025-11-11;11;449
25;2025-11-11;12;439
25;2025-11-11;13;531
25;2025-11-11;14;479
25;2025-11-11;15;611
25;2025-11-11;16;693
25;2025-11-11;17;788
25;2025-11-11;18;785
25;2025-11-11;19;619
25;2025-11-11;20;330
25;2025-11-11;21;226
25;2025-11-11;22;91
25;2025-11-11;23;6
25;2025-11-12;0;1
25;2025-11-12;1;0
25;2025-11-12;2;0
25;2025-11-12;3;0
25;2025-11-12;4;0
25;2025-11-12;5;21
25;2025-11-12;6;272
25;2025-11-12;7;535
25;2025-11-12;8;904
25;2025-11-12;9;463
25;2025-11-12;10;384
25;2025-11-12;11;449
25;2025-11-12;12;439
25;2025-11-12;13;531
25;2025-11-12;14;479
25;2025-11-12;15;611
25;2025-11-12;16;693
25;2025-11-12;17;788
25;2025-11-12;18;785
25;2025-11-12;19;619
25;2025-11-12;20;330
25;2025-11-12;21;226
25;2025-11-12;22;91
25;2025-11-12;23;6
25;2025-11-13;0;1
25;2025-11-13;1;0
25;2025-11-13;2;0
25;2025-11-13;3;0
25;2025-11-13;4;0
25;2025-11-13;5;21
25;2025-11-13;6;272
25;2025-11-13;7;535
25;2025-11-13;8;904
25;2025-11-13;9;463
25;2025-11-13;10;384
25;2025-11-13;11;449
25;2025-11-13;12;439
25;2025-11-13;13;531
25;2025-11-13;14;479
25;2025-11-13;15;611
25;2025-11-13;16;693
25;2025-11-13;17;788
25;2025-11-13;18;785
25;2025-11-13;19;619
25;2025-11-13;20;330
25;2025-11-13;21;226
25;2025-11-13;22;91
25;2025-11-13;23;6
25;2025-11-14;0;0
25;2025-11-14;1;0
25;2025-11-14;2;0
25;2025-11-14;3;0
25;2025-11-14;4;0
25;2025-11-14;5;17
25;2025-11-14;6;279
25;2025-11-14;7;573
25;2025-11-14;8;881
25;2025-11-14;9;448
25;2025-11-14;10;410
25;2025-11-14;11;453
25;2025-11-14;12;432
25;2025-11-14;13;571
25;2025-11-14;14;474
25;2025-11-14;15;658
25;2025-11-14;16;838
25;2025-11-14;17;806
25;2025-11-14;18;710
25;2025-11-14;19;653
25;2025-11-14;20;349
25;2025-11-14;21;226
25;2025-11-14;22;111
25;2025-11-14;23;15
25;2025-11-15;0;6
25;2025-11-15;1;0
25;2025-11-15;2;0
25;2025-11-15;3;0
25;2025-11-15;4;0
25;2025-11-15;5;21
25;2025-11-15;6;132
25;2025-11-15;7;129
25;2025-11-15;8;300
25;2025-11-15;9;270
25;2025-11-15;10;277
25;2025-11-15;11;368
25;2025-11-15;12;388
25;2025-11-15;13;642
25;2025-11-15;14;649
25;2025-11-15;15;761
25;2025-11-15;16;714
25;2025-11-15;17;571
25;2025-11-15;18;502
25;2025-11-15;19;433
25;2025-11-15;20;245
25;2025-11-15;21;188
25;2025-11-15;22;109
25;2025-11-15;23;41
25;2025-11-16;0;16
25;2025-11-16;1;1
25;2025-11-16;2;0
25;2025-11-16;3;0
25;2025-11-16;4;0
25;2025-11-16;5;11
25;2025-11-16;6;112
25;2025-11-16;7;104
25;2025-11-16;8;197
25;2025-11-16;9;221
25;2025-11-16;10;225
25;2025-11-16;11;323
25;2025-11-16;12;387
25;2025-11-16;13;511
25;2025-11-16;14;603
25;2025-11-16;15;689
25;2025-11-16;16;586
25;2025-11-16;17;584
25;2025-11-16;18;448
25;2025-11-16;19;300
25;2025-11-16;20;238
25;2025-11-16;21;148
25;2025-11-16;22;94
25;2025-11-16;23;35
25;2025-11-17;0;8
25;2025-11-17;1;0
25;2025-11-17;2;0
25;2025-11-17;3;0
25;2025-11-17;4;0
25;2025-11-17;5;22
25;2025-11-17;6;258
25;2025-11-17;7;544
25;2025-11-17;8;978
25;2025-11-17;9;546
25;2025-11-17;10;344
25;2025-11-17;11;427
25;2025-11-17;12;420
25;2025-11-17;13;573
25;2025-11-17;14;478
25;2025-11-17;15;487
25;2025-11-17;16;701
25;2025-11-17;17;765
25;2025-11-17;18;746
25;2025-11-17;19;569
25;2025-11-17;20;296
25;2025-11-17;21;191
25;2025-11-17;22;80
25;2025-11-17;23;11
25;2025-11-18;0;1
25;2025-11-18;1;0
25;2025-11-18;2;0
25;2025-11-18;3;0
25;2025-11-18;4;0
25;2025-11-18;5;21
25;2025-11-18;6;272
25;2025-11-18;7;535
25;2025-11-18;8;904
25;2025-11-18;9;463
25;2025-11-18;10;384
25;2025-11-18;11;449
25;2025-11-18;12;439
25;2025-11-18;13;531
25;2025-11-18;14;479
25;2025-11-18;15;611
25;2025-11-18;16;693
25;2025-11-18;17;788
25;2025-11-18;18;785
25;2025-11-18;19;619
25;2025-11-18;20;330
25;2025-11-18;21;226
25;2025-11-18;22;91
25;2025-11-18;23;6
25;2025-11-19;0;1
25;2025-11-19;1;0
25;2025-11-19;2;0
25;2025-11-19;3;0
25;2025-11-19;4;0
25;2025-11-19;5;21
25;2025-11-19;6;272
25;2025-11-19;7;535
25;2025-11-19;8;904
25;2025-11-19;9;463
25;2025-11-19;10;384
25;2025-11-19;11;449
25;2025-11-19;12;439
25;2025-11-19;13;531
25;2025-11-19;14;479
25;2025-11-19;15;611
25;2025-11-19;16;693
25;2025-11-19;17;788
25;2025-11-19;18;785
25;2025-11-19;19;619
25;2025-11-19;20;330
25;2025-11-19;21;226
25;2025-11-19;22;91
25;2025-11-19;23;6
25;2025-11-20;0;1
25;2025-11-20;1;0
25;2025-11-20;2;0
25;2025-11-20;3;0
25;2025-11-20;4;0
25;2025-11-20;5;21
25;2025-11-20;6;272
25;2025-11-20;7;535
25;2025-11-20;8;904
25;2025-11-20;9;463
25;2025-11-20;10;384
25;2025-11-20;11;449
25;2025-11-20;12;439
25;2025-11-20;13;531
25;2025-11-20;14;479
25;2025-11-20;15;611
25;2025-11-20;16;693
25;2025-11-20;17;788
25;2025-11-20;18;785
25;2025-11-20;19;619
25;2025-11-20;20;330
25;2025-11-20;21;226
25;2025-11-20;22;91
25;2025-11-20;23;6
25;2025-11-21;0;0
25;2025-11-21;1;0
25;2025-11-21;2;0
25;2025-11-21;3;0
25;2025-11-21;4;0
25;2025-11-21;5;17
25;2025-11-21;6;279
25;2025-11-21;7;573
25;2025-11-21;8;881
25;2025-11-21;9;448
25;2025-11-21;10;410
25;2025-11-21;11;453
25;2025-11-21;12;432
25;2025-11-21;13;571
25;2025-11-21;14;474
25;2025-11-21;15;658
25;2025-11-21;16;838
25;2025-11-21;17;806
25;2025-11-21;18;710
25;2025-11-21;19;653
25;2025-11-21;20;349
25;2025-11-21;21;226
25;2025-11-21;22;111
25;2025-11-21;23;15
25;2025-11-22;0;6
25;2025-11-22;1;0
25;2025-11-22;2;0
25;2025-11-22;3;0
25;2025-11-22;4;0
25;2025-11-22;5;22
25;2025-11-22;6;139
25;2025-11-22;7;136
25;2025-11-22;8;316
25;2025-11-22;9;284
25;2025-11-22;10;293
25;2025-11-22;11;389
25;2025-11-22;12;410
25;2025-11-22;13;677
25;2025-11-22;14;684
25;2025-11-22;15;803
25;2025-11-22;16;753
25;2025-11-22;17;602
25;2025-11-22;18;528
25;2025-11-22;19;457
25;2025-11-22;20;259
25;2025-11-22;21;198
25;2025-11-22;22;115
25;2025-11-22;23;43
25;2025-11-23;0;16
25;2025-11-23;1;1
25;2025-11-23;2;0
25;2025-11-23;3;0
25;2025-11-23;4;0
25;2025-11-23;5;11
25;2025-11-23;6;112
25;2025-11-23;7;104
25;2025-11-23;8;197
25;2025-11-23;9;221
25;2025-11-23;10;225
25;2025-11-23;11;323
25;2025-11-23;12;387
25;2025-11-23;13;511
25;2025-11-23;14;603
25;2025-11-23;15;689
25;2025-11-23;16;586
25;2025-11-23;17;584
25;2025-11-23;18;448
25;2025-11-23;19;300
25;2025-11-23;20;238
25;2025-11-23;21;148
25;2025-11-23;22;94
25;2025-11-23;23;35
25;2025-11-24;0;8
25;2025-11-24;1;0
25;2025-11-24;2;0
25;2025-11-24;3;0
25;2025-11-24;4;0
25;2025-11-24;5;22
25;2025-11-24;6;258
25;2025-11-24;7;544
25;2025-11-24;8;978
25;2025-11-24;9;546
25;2025-11-24;10;344
25;2025-11-24;11;427
25;2025-11-24;12;420
25;2025-11-24;13;573
25;2025-11-24;14;478
25;2025-11-24;15;487
25;2025-11-24;16;701
25;2025-11-24;17;765
25;2025-11-24;18;746
25;2025-11-24;19;569
25;2025-11-24;20;296
25;2025-11-24;21;191
25;2025-11-24;22;80
25;2025-11-24;23;11
25;2025-11-25;0;1
25;2025-11-25;1;0
25;2025-11-25;2;0
25;2025-11-25;3;0
25;2025-11-25;4;0
25;2025-11-25;5;21
25;2025-11-25;6;272
25;2025-11-25;7;535
25;2025-11-25;8;904
25;2025-11-25;9;463
25;2025-11-25;10;384
25;2025-11-25;11;449
25;2025-11-25;12;439
25;2025-11-25;13;531
25;2025-11-25;14;479
25;2025-11-25;15;611
25;2025-11-25;16;693
25;2025-11-25;17;788
25;2025-11-25;18;785
25;2025-11-25;19;619
25;2025-11-25;20;330
25;2025-11-25;21;226
25;2025-11-25;22;91
25;2025-11-25;23;6
25;2025-11-26;0;1
25;2025-11-26;1;0
25;2025-11-26;2;0
25;2025-11-26;3;0
25;2025-11-26;4;0
25;2025-11-26;5;21
25;2025-11-26;6;272
25;2025-11-26;7;535
25;2025-11-26;8;904
25;2025-11-26;9;463
25;2025-11-26;10;384
25;2025-11-26;11;449
25;2025-11-26;12;439
25;2025-11-26;13;531
25;2025-11-26;14;479
25;2025-11-26;15;611
25;2025-11-26;16;693
25;2025-11-26;17;788
25;2025-11-26;18;785
25;2025-11-26;19;619
25;2025-11-26;20;330
25;2025-11-26;21;226
25;2025-11-26;22;91
25;2025-11-26;23;6
25;2025-11-27;0;1
25;2025-11-27;1;0
25;2025-11-27;2;0
25;2025-11-27;3;0
25;2025-11-27;4;0
25;2025-11-27;5;21
25;2025-11-27;6;272
25;2025-11-27;7;535
25;2025-11-27;8;904
25;2025-11-27;9;463
25;2025-11-27;10;384
25;2025-11-27;11;449
25;2025-11-27;12;439
25;2025-11-27;13;531
25;2025-11-27;14;479
25;2025-11-27;15;611
25;2025-11-27;16;693
25;2025-11-27;17;788
25;2025-11-27;18;785
25;2025-11-27;19;619
25;2025-11-27;20;330
25;2025-11-27;21;226
25;2025-11-27;22;91
25;2025-11-27;23;6
25;2025-11-28;0;0
25;2025-11-28;1;0
25;2025-11-28;2;0
25;2025-11-28;3;0
25;2025-11-28;4;0
25;2025-11-28;5;17
25;2025-11-28;6;279
25;2025-11-28;7;573
25;2025-11-28;8;881
25;2025-11-28;9;448
25;2025-11-28;10;410
25;2025-11-28;11;453
25;2025-11-28;12;432
25;2025-11-28;13;571
25;2025-11-28;14;474
25;2025-11-28;15;658
25;2025-11-28;16;838
25;2025-11-28;17;806
25;2025-11-28;18;710
25;2025-11-28;19;653
25;2025-11-28;20;349
25;2025-11-28;21;226
25;2025-11-28;22;111
25;2025-11-28;23;15
25;2025-11-29;0;6
25;2025-11-29;1;0
25;2025-11-29;2;0
25;2025-11-29;3;0
25;2025-11-29;4;0
25;2025-11-29;5;22
25;2025-11-29;6;139
25;2025-11-29;7;136
25;2025-11-29;8;316
25;2025-11-29;9;284
25;2025-11-29;10;293
25;2025-11-29;11;389
25;2025-11-29;12;410
25;2025-11-29;13;677
25;2025-11-29;14;684
25;2025-11-29;15;803
25;2025-11-29;16;753
25;2025-11-29;17;602
25;2025-11-29;18;528
25;2025-11-29;19;457
25;2025-11-29;20;259
25;2025-11-29;21;198
25;2025-11-29;22;115
25;2025-11-29;23;43
25;2025-11-30;0;16
25;2025-11-30;1;1
25;2025-11-30;2;0
25;2025-11-30;3;0
25;2025-11-30;4;0
25;2025-11-30;5;11
25;2025-11-30;6;112
25;2025-11-30;7;104
25;2025-11-30;8;197
25;2025-11-30;9;221
25;2025-11-30;10;225
25;2025-11-30;11;323
25;2025-11-30;12;387
25;2025-11-30;13;511
25;2025-11-30;14;603
25;2025-11-30;15;689
25;2025-11-30;16;586
25;2025-11-30;17;584
25;2025-11-30;18;448
25;2025-11-30;19;300
25;2025-11-30;20;238
25;2025-11-30;21;148
25;2025-11-30;22;94
25;2025-11-30;23;35
25;2025-12-01;0;8
25;2025-12-01;1;0
25;2025-12-01;2;0
25;2025-12-01;3;0
25;2025-12-01;4;0
25;2025-12-01;5;22
25;2025-12-01;6;258
25;2025-12-01;7;544
25;2025-12-01;8;978
25;2025-12-01;9;546
25;2025-12-01;10;344
25;2025-12-01;11;427
25;2025-12-01;12;420
25;2025-12-01;13;573
25;2025-12-01;14;478
25;2025-12-01;15;487
25;2025-12-01;16;701
25;2025-12-01;17;765
25;2025-12-01;18;746
25;2025-12-01;19;569
25;2025-12-01;20;296
25;2025-12-01;21;191
25;2025-12-01;22;80
25;2025-12-01;23;11
25;2025-12-02;0;1
25;2025-12-02;1;0
25;2025-12-02;2;0
25;2025-12-02;3;0
25;2025-12-02;4;0
25;2025-12-02;5;21
25;2025-12-02;6;272
25;2025-12-02;7;535
25;2025-12-02;8;904
25;2025-12-02;9;463
25;2025-12-02;10;384
25;2025-12-02;11;449
25;2025-12-02;12;439
25;2025-12-02;13;531
25;2025-12-02;14;479
25;2025-12-02;15;611
25;2025-12-02;16;693
25;2025-12-02;17;788
25;2025-12-02;18;785
25;2025-12-02;19;619
25;2025-12-02;20;330
25;2025-12-02;21;226
25;2025-12-02;22;91
25;2025-12-02;23;6
25;2025-12-03;0;1
25;2025-12-03;1;0
25;2025-12-03;2;0
25;2025-12-03;3;0
25;2025-12-03;4;0
25;2025-12-03;5;21
25;2025-12-03;6;272
25;2025-12-03;7;535
25;2025-12-03;8;904
25;2025-12-03;9;463
25;2025-12-03;10;384
25;2025-12-03;11;449
25;2025-12-03;12;439
25;2025-12-03;13;531
25;2025-12-03;14;479
25;2025-12-03;15;611
25;2025-12-03;16;693
25;2025-12-03;17;788
25;2025-12-03;18;785
25;2025-12-03;19;619
25;2025-12-03;20;330
25;2025-12-03;21;226
25;2025-12-03;22;91
25;2025-12-03;23;6
25;2025-12-04;0;1
25;2025-12-04;1;0
25;2025-12-04;2;0
25;2025-12-04;3;0
25;2025-12-04;4;0
25;2025-12-04;5;21
25;2025-12-04;6;272
25;2025-12-04;7;535
25;2025-12-04;8;904
25;2025-12-04;9;463
25;2025-12-04;10;384
25;2025-12-04;11;449
25;2025-12-04;12;439
25;2025-12-04;13;531
25;2025-12-04;14;479
25;2025-12-04;15;611
25;2025-12-04;16;693
25;2025-12-04;17;788
25;2025-12-04;18;785
25;2025-12-04;19;619
25;2025-12-04;20;330
25;2025-12-04;21;226
25;2025-12-04;22;91
25;2025-12-04;23;6
25;2025-12-05;0;0
25;2025-12-05;1;0
25;2025-12-05;2;0
25;2025-12-05;3;0
25;2025-12-05;4;0
25;2025-12-05;5;17
25;2025-12-05;6;279
25;2025-12-05;7;573
25;2025-12-05;8;881
25;2025-12-05;9;448
25;2025-12-05;10;410
25;2025-12-05;11;453
25;2025-12-05;12;432
25;2025-12-05;13;571
25;2025-12-05;14;474
25;2025-12-05;15;658
25;2025-12-05;16;838
25;2025-12-05;17;806
25;2025-12-05;18;710
25;2025-12-05;19;653
25;2025-12-05;20;349
25;2025-12-05;21;226
25;2025-12-05;22;111
25;2025-12-05;23;15
25;2025-12-06;0;6
25;2025-12-06;1;0
25;2025-12-06;2;0
25;2025-12-06;3;0
25;2025-12-06;4;0
25;2025-12-06;5;22
25;2025-12-06;6;139
25;2025-12-06;7;136
25;2025-12-06;8;316
25;2025-12-06;9;284
25;2025-12-06;10;293
25;2025-12-06;11;389
25;2025-12-06;12;410
25;2025-12-06;13;677
25;2025-12-06;14;684
25;2025-12-06;15;803
25;2025-12-06;16;753
25;2025-12-06;17;602
25;2025-12-06;18;528
25;2025-12-06;19;457
25;2025-12-06;20;259
25;2025-12-06;21;198
25;2025-12-06;22;115
25;2025-12-06;23;43
25;2025-12-07;0;16
25;2025-12-07;1;1
25;2025-12-07;2;0
25;2025-12-07;3;0
25;2025-12-07;4;0
25;2025-12-07;5;11
25;2025-12-07;6;112
25;2025-12-07;7;104
25;2025-12-07;8;197
25;2025-12-07;9;221
25;2025-12-07;10;225
25;2025-12-07;11;323
25;2025-12-07;12;387
25;2025-12-07;13;511
25;2025-12-07;14;603
25;2025-12-07;15;689
25;2025-12-07;16;586
25;2025-12-07;17;584
25;2025-12-07;18;448
25;2025-12-07;19;300
25;2025-12-07;20;238
25;2025-12-07;21;148
25;2025-12-07;22;94
25;2025-12-07;23;35
25;2025-12-08;0;8
25;2025-12-08;1;0
25;2025-12-08;2;0
25;2025-12-08;3;0
25;2025-12-08;4;0
25;2025-12-08;5;22
25;2025-12-08;6;258
25;2025-12-08;7;544
25;2025-12-08;8;978
25;2025-12-08;9;546
25;2025-12-08;10;344
25;2025-12-08;11;427
25;2025-12-08;12;420
25;2025-12-08;13;573
25;2025-12-08;14;478
25;2025-12-08;15;487
25;2025-12-08;16;701
25;2025-12-08;17;765
25;2025-12-08;18;746
25;2025-12-08;19;569
25;2025-12-08;20;296
25;2025-12-08;21;191
25;2025-12-08;22;80
25;2025-12-08;23;11
25;2025-12-09;0;1
25;2025-12-09;1;0
25;2025-12-09;2;0
25;2025-12-09;3;0
25;2025-12-09;4;0
25;2025-12-09;5;21
25;2025-12-09;6;272
25;2025-12-09;7;535
25;2025-12-09;8;904
25;2025-12-09;9;463
25;2025-12-09;10;384
25;2025-12-09;11;449
25;2025-12-09;12;439
25;2025-12-09;13;531
25;2025-12-09;14;479
25;2025-12-09;15;611
25;2025-12-09;16;693
25;2025-12-09;17;788
25;2025-12-09;18;785
25;2025-12-09;19;619
25;2025-12-09;20;330
25;2025-12-09;21;226
25;2025-12-09;22;91
25;2025-12-09;23;6
25;2025-12-10;0;1
25;2025-12-10;1;0
25;2025-12-10;2;0
25;2025-12-10;3;0
25;2025-12-10;4;0
25;2025-12-10;5;21
25;2025-12-10;6;272
25;2025-12-10;7;535
25;2025-12-10;8;904
25;2025-12-10;9;463
25;2025-12-10;10;384
25;2025-12-10;11;449
25;2025-12-10;12;439
25;2025-12-10;13;531
25;2025-12-10;14;479
25;2025-12-10;15;611
25;2025-12-10;16;693
25;2025-12-10;17;788
25;2025-12-10;18;785
25;2025-12-10;19;619
25;2025-12-10;20;330
25;2025-12-10;21;226
25;2025-12-10;22;91
25;2025-12-10;23;6
25;2025-12-11;0;1
25;2025-12-11;1;0
25;2025-12-11;2;0
25;2025-12-11;3;0
25;2025-12-11;4;0
25;2025-12-11;5;21
25;2025-12-11;6;272
25;2025-12-11;7;535
25;2025-12-11;8;904
25;2025-12-11;9;463
25;2025-12-11;10;384
25;2025-12-11;11;449
25;2025-12-11;12;439
25;2025-12-11;13;531
25;2025-12-11;14;479
25;2025-12-11;15;611
25;2025-12-11;16;693
25;2025-12-11;17;788
25;2025-12-11;18;785
25;2025-12-11;19;619
25;2025-12-11;20;330
25;2025-12-11;21;226
25;2025-12-11;22;91
25;2025-12-11;23;6
25;2025-12-12;0;0
25;2025-12-12;1;0
25;2025-12-12;2;0
25;2025-12-12;3;0
25;2025-12-12;4;0
25;2025-12-12;5;17
25;2025-12-12;6;279
25;2025-12-12;7;573
25;2025-12-12;8;881
25;2025-12-12;9;448
25;2025-12-12;10;410
25;2025-12-12;11;453
25;2025-12-12;12;432
25;2025-12-12;13;571
25;2025-12-12;14;474
25;2025-12-12;15;658
25;2025-12-12;16;838
25;2025-12-12;17;806
25;2025-12-12;18;710
25;2025-12-12;19;653
25;2025-12-12;20;349
25;2025-12-12;21;226
25;2025-12-12;22;111
25;2025-12-12;23;15
25;2025-12-13;0;6
25;2025-12-13;1;0
25;2025-12-13;2;0
25;2025-12-13;3;0
25;2025-12-13;4;0
25;2025-12-13;5;22
25;2025-12-13;6;139
25;2025-12-13;7;136
25;2025-12-13;8;316
25;2025-12-13;9;284
25;2025-12-13;10;293
25;2025-12-13;11;389
25;2025-12-13;12;410
25;2025-12-13;13;677
25;2025-12-13;14;684
25;2025-12-13;15;803
25;2025-12-13;16;753
25;2025-12-13;17;602
25;2025-12-13;18;528
25;2025-12-13;19;457
25;2025-12-13;20;259
25;2025-12-13;21;198
25;2025-12-13;22;115
25;2025-12-13;23;43
25;2025-12-14;0;16
25;2025-12-14;1;1
25;2025-12-14;2;0
25;2025-12-14;3;0
25;2025-12-14;4;0
25;2025-12-14;5;11
25;2025-12-14;6;112
25;2025-12-14;7;104
25;2025-12-14;8;197
25;2025-12-14;9;221
25;2025-12-14;10;225
25;2025-12-14;11;323
25;2025-12-14;12;387
25;2025-12-14;13;511
25;2025-12-14;14;603
25;2025-12-14;15;689
25;2025-12-14;16;586
25;2025-12-14;17;584
25;2025-12-14;18;448
25;2025-12-14;19;300
25;2025-12-14;20;238
25;2025-12-14;21;148
25;2025-12-14;22;94
25;2025-12-14;23;35
25;2025-12-15;0;8
25;2025-12-15;1;0
25;2025-12-15;2;0
25;2025-12-15;3;0
25;2025-12-15;4;0
25;2025-12-15;5;22
25;2025-12-15;6;258
25;2025-12-15;7;544
25;2025-12-15;8;978
25;2025-12-15;9;546
25;2025-12-15;10;344
25;2025-12-15;11;427
25;2025-12-15;12;420
25;2025-12-15;13;573
25;2025-12-15;14;478
25;2025-12-15;15;487
25;2025-12-15;16;701
25;2025-12-15;17;765
25;2025-12-15;18;746
25;2025-12-15;19;569
25;2025-12-15;20;296
25;2025-12-15;21;191
25;2025-12-15;22;80
25;2025-12-15;23;11
25;2025-12-16;0;1
25;2025-12-16;1;0
25;2025-12-16;2;0
25;2025-12-16;3;0
25;2025-12-16;4;0
25;2025-12-16;5;21
25;2025-12-16;6;272
25;2025-12-16;7;535
25;2025-12-16;8;904
25;2025-12-16;9;463
25;2025-12-16;10;384
25;2025-12-16;11;449
25;2025-12-16;12;439
25;2025-12-16;13;531
25;2025-12-16;14;479
25;2025-12-16;15;611
25;2025-12-16;16;693
25;2025-12-16;17;788
25;2025-12-16;18;785
25;2025-12-16;19;619
25;2025-12-16;20;330
25;2025-12-16;21;226
25;2025-12-16;22;91
25;2025-12-16;23;6
25;2025-12-17;0;1
25;2025-12-17;1;0
25;2025-12-17;2;0
25;2025-12-17;3;0
25;2025-12-17;4;0
25;2025-12-17;5;21
25;2025-12-17;6;272
25;2025-12-17;7;535
25;2025-12-17;8;904
25;2025-12-17;9;463
25;2025-12-17;10;384
25;2025-12-17;11;449
25;2025-12-17;12;439
25;2025-12-17;13;531
25;2025-12-17;14;479
25;2025-12-17;15;611
25;2025-12-17;16;693
25;2025-12-17;17;788
25;2025-12-17;18;785
25;2025-12-17;19;619
25;2025-12-17;20;330
25;2025-12-17;21;226
25;2025-12-17;22;91
25;2025-12-17;23;6
25;2025-12-18;0;1
25;2025-12-18;1;0
25;2025-12-18;2;0
25;2025-12-18;3;0
25;2025-12-18;4;0
25;2025-12-18;5;21
25;2025-12-18;6;272
25;2025-12-18;7;535
25;2025-12-18;8;904
25;2025-12-18;9;463
25;2025-12-18;10;384
25;2025-12-18;11;449
25;2025-12-18;12;439
25;2025-12-18;13;531
25;2025-12-18;14;479
25;2025-12-18;15;611
25;2025-12-18;16;693
25;2025-12-18;17;788
25;2025-12-18;18;785
25;2025-12-18;19;619
25;2025-12-18;20;330
25;2025-12-18;21;226
25;2025-12-18;22;91
25;2025-12-18;23;6
25;2025-12-19;0;0
25;2025-12-19;1;0
25;2025-12-19;2;0
25;2025-12-19;3;0
25;2025-12-19;4;0
25;2025-12-19;5;17
25;2025-12-19;6;279
25;2025-12-19;7;573
25;2025-12-19;8;881
25;2025-12-19;9;448
25;2025-12-19;10;410
25;2025-12-19;11;453
25;2025-12-19;12;432
25;2025-12-19;13;571
25;2025-12-19;14;474
25;2025-12-19;15;658
25;2025-12-19;16;838
25;2025-12-19;17;806
25;2025-12-19;18;710
25;2025-12-19;19;653
25;2025-12-19;20;349
25;2025-12-19;21;226
25;2025-12-19;22;111
25;2025-12-19;23;15
25;2025-12-20;0;6
25;2025-12-20;1;0
25;2025-12-20;2;0
25;2025-12-20;3;0
25;2025-12-20;4;0
25;2025-12-20;5;22
25;2025-12-20;6;139
25;2025-12-20;7;136
25;2025-12-20;8;316
25;2025-12-20;9;284
25;2025-12-20;10;293
25;2025-12-20;11;389
25;2025-12-20;12;410
25;2025-12-20;13;677
25;2025-12-20;14;684
25;2025-12-20;15;803
25;2025-12-20;16;753
25;2025-12-20;17;602
25;2025-12-20;18;528
25;2025-12-20;19;457
25;2025-12-20;20;259
25;2025-12-20;21;198
25;2025-12-20;22;115
25;2025-12-20;23;43
25;2025-12-21;0;16
25;2025-12-21;1;1
25;2025-12-21;2;0
25;2025-12-21;3;0
25;2025-12-21;4;0
25;2025-12-21;5;11
25;2025-12-21;6;112
25;2025-12-21;7;104
25;2025-12-21;8;197
25;2025-12-21;9;221
25;2025-12-21;10;225
25;2025-12-21;11;323
25;2025-12-21;12;387
25;2025-12-21;13;511
25;2025-12-21;14;603
25;2025-12-21;15;689
25;2025-12-21;16;586
25;2025-12-21;17;584
25;2025-12-21;18;448
25;2025-12-21;19;300
25;2025-12-21;20;238
25;2025-12-21;21;148
25;2025-12-21;22;94
25;2025-12-21;23;35
25;2025-12-22;0;8
25;2025-12-22;1;0
25;2025-12-22;2;0
25;2025-12-22;3;0
25;2025-12-22;4;0
25;2025-12-22;5;22
25;2025-12-22;6;258
25;2025-12-22;7;544
25;2025-12-22;8;978
25;2025-12-22;9;546
25;2025-12-22;10;344
25;2025-12-22;11;427
25;2025-12-22;12;420
25;2025-12-22;13;573
25;2025-12-22;14;478
25;2025-12-22;15;487
25;2025-12-22;16;701
25;2025-12-22;17;765
25;2025-12-22;18;746
25;2025-12-22;19;569
25;2025-12-22;20;296
25;2025-12-22;21;191
25;2025-12-22;22;80
25;2025-12-22;23;11
25;2025-12-23;0;1
25;2025-12-23;1;0
25;2025-12-23;2;0
25;2025-12-23;3;0
25;2025-12-23;4;0
25;2025-12-23;5;21
25;2025-12-23;6;272
25;2025-12-23;7;535
25;2025-12-23;8;904
25;2025-12-23;9;463
25;2025-12-23;10;384
25;2025-12-23;11;449
25;2025-12-23;12;439
25;2025-12-23;13;531
25;2025-12-23;14;479
25;2025-12-23;15;611
25;2025-12-23;16;693
25;2025-12-23;17;788
25;2025-12-23;18;785
25;2025-12-23;19;619
25;2025-12-23;20;330
25;2025-12-23;21;226
25;2025-12-23;22;91
25;2025-12-23;23;6
25;2025-12-24;0;1
25;2025-12-24;1;0
25;2025-12-24;2;0
25;2025-12-24;3;0
25;2025-12-24;4;0
25;2025-12-24;5;21
25;2025-12-24;6;272
25;2025-12-24;7;535
25;2025-12-24;8;904
25;2025-12-24;9;463
25;2025-12-24;10;384
25;2025-12-24;11;449
25;2025-12-24;12;439
25;2025-12-24;13;531
25;2025-12-24;14;479
25;2025-12-24;15;611
25;2025-12-24;16;693
25;2025-12-24;17;788
25;2025-12-24;18;785
25;2025-12-24;19;619
25;2025-12-24;20;330
25;2025-12-24;21;226
25;2025-12-24;22;91
25;2025-12-24;23;6
25;2025-12-25;0;1
25;2025-12-25;1;0
25;2025-12-25;2;0
25;2025-12-25;3;0
25;2025-12-25;4;0
25;2025-12-25;5;21
25;2025-12-25;6;272
25;2025-12-25;7;535
25;2025-12-25;8;904
25;2025-12-25;9;463
25;2025-12-25;10;384
25;2025-12-25;11;449
25;2025-12-25;12;439
25;2025-12-25;13;531
25;2025-12-25;14;479
25;2025-12-25;15;611
25;2025-12-25;16;693
25;2025-12-25;17;788
25;2025-12-25;18;785
25;2025-12-25;19;619
25;2025-12-25;20;330
25;2025-12-25;21;226
25;2025-12-25;22;91
25;2025-12-25;23;6
25;2025-12-26;0;0
25;2025-12-26;1;0
25;2025-12-26;2;0
25;2025-12-26;3;0
25;2025-12-26;4;0
25;2025-12-26;5;17
25;2025-12-26;6;279
25;2025-12-26;7;573
25;2025-12-26;8;881
25;2025-12-26;9;448
25;2025-12-26;10;410
25;2025-12-26;11;453
25;2025-12-26;12;432
25;2025-12-26;13;571
25;2025-12-26;14;474
25;2025-12-26;15;658
25;2025-12-26;16;838
25;2025-12-26;17;806
25;2025-12-26;18;710
25;2025-12-26;19;653
25;2025-12-26;20;349
25;2025-12-26;21;226
25;2025-12-26;22;111
25;2025-12-26;23;15
25;2025-12-27;0;6
25;2025-12-27;1;0
25;2025-12-27;2;0
25;2025-12-27;3;0
25;2025-12-27;4;0
25;2025-12-27;5;22
25;2025-12-27;6;139
25;2025-12-27;7;136
25;2025-12-27;8;316
25;2025-12-27;9;284
25;2025-12-27;10;293
25;2025-12-27;11;389
25;2025-12-27;12;410
25;2025-12-27;13;677
25;2025-12-27;14;684
25;2025-12-27;15;803
25;2025-12-27;16;753
25;2025-12-27;17;602
25;2025-12-27;18;528
25;2025-12-27;19;457
25;2025-12-27;20;259
25;2025-12-27;21;198
25;2025-12-27;22;115
25;2025-12-27;23;43
25;2025-12-28;0;16
25;2025-12-28;1;1
25;2025-12-28;2;0
25;2025-12-28;3;0
25;2025-12-28;4;0
25;2025-12-28;5;11
25;2025-12-28;6;112
25;2025-12-28;7;104
25;2025-12-28;8;197
25;2025-12-28;9;221
25;2025-12-28;10;225
25;2025-12-28;11;323
25;2025-12-28;12;387
25;2025-12-28;13;511
25;2025-12-28;14;603
25;2025-12-28;15;689
25;2025-12-28;16;586
25;2025-12-28;17;584
25;2025-12-28;18;448
25;2025-12-28;19;300
25;2025-12-28;20;238
25;2025-12-28;21;148
25;2025-12-28;22;94
25;2025-12-28;23;35
25;2025-12-29;0;0
25;2025-12-29;1;0
25;2025-12-29;2;0
25;2025-12-29;3;0
25;2025-12-29;4;0
25;2025-12-29;5;14
25;2025-12-29;6;240
25;2025-12-29;7;493
25;2025-12-29;8;758
25;2025-12-29;9;385
25;2025-12-29;10;353
25;2025-12-29;11;389
25;2025-12-29;12;371
25;2025-12-29;13;491
25;2025-12-29;14;408
25;2025-12-29;15;565
25;2025-12-29;16;720
25;2025-12-29;17;693
25;2025-12-29;18;610
25;2025-12-29;19;562
25;2025-12-29;20;300
25;2025-12-29;21;194
25;2025-12-29;22;95
25;2025-12-29;23;13
25;2025-12-30;0;0
25;2025-12-30;1;0
25;2025-12-30;2;0
25;2025-12-30;3;0
25;2025-12-30;4;0
25;2025-12-30;5;14
25;2025-12-30;6;240
25;2025-12-30;7;493
25;2025-12-30;8;758
25;2025-12-30;9;385
25;2025-12-30;10;353
25;2025-12-30;11;389
25;2025-12-30;12;371
25;2025-12-30;13;491
25;2025-12-30;14;408
25;2025-12-30;15;565
25;2025-12-30;16;720
25;2025-12-30;17;693
25;2025-12-30;18;610
25;2025-12-30;19;562
25;2025-12-30;20;300
25;2025-12-30;21;194
25;2025-12-30;22;95
25;2025-12-30;23;13
25;2025-12-31;0;5
25;2025-12-31;1;0
25;2025-12-31;2;0
25;2025-12-31;3;0
25;2025-12-31;4;0
25;2025-12-31;5;18
25;2025-12-31;6;119
25;2025-12-31;7;116
25;2025-12-31;8;269
25;2025-12-31;9;242
25;2025-12-31;10;249
25;2025-12-31;11;330
25;2025-12-31;12;348
25;2025-12-31;13;576
25;2025-12-31;14;582
25;2025-12-31;15;682
25;2025-12-31;16;640
25;2025-12-31;17;512
25;2025-12-31;18;450
25;2025-12-31;19;214
25;2025-12-31;20;121
25;2025-12-31;21;92
25;2025-12-31;22;54
25;2025-12-31;23;21
26;2025-11-01;0;25
26;2025-11-01;1;1
26;2025-11-01;2;0
26;2025-11-01;3;0
26;2025-11-01;4;1
26;2025-11-01;5;68
26;2025-11-01;6;396
26;2025-11-01;7;836
26;2025-11-01;8;1811
26;2025-11-01;9;1134
26;2025-11-01;10;1018
26;2025-11-01;11;909
26;2025-11-01;12;903
26;2025-11-01;13;931
26;2025-11-01;14;1114
26;2025-11-01;15;1102
26;2025-11-01;16;1346
26;2025-11-01;17;1450
26;2025-11-01;18;1062
26;2025-11-01;19;833
26;2025-11-01;20;530
26;2025-11-01;21;378
26;2025-11-01;22;159
26;2025-11-01;23;124
26;2025-11-02;0;47
26;2025-11-02;1;4
26;2025-11-02;2;0
26;2025-11-02;3;0
26;2025-11-02;4;1
26;2025-11-02;5;20
26;2025-11-02;6;150
26;2025-11-02;7;247
26;2025-11-02;8;367
26;2025-11-02;9;503
26;2025-11-02;10;565
26;2025-11-02;11;791
26;2025-11-02;12;781
26;2025-11-02;13;840
26;2025-11-02;14;821
26;2025-11-02;15;751
26;2025-11-02;16;716
26;2025-11-02;17;741
26;2025-11-02;18;664
26;2025-11-02;19;486
26;2025-11-02;20;381
26;2025-11-02;21;265
26;2025-11-02;22;153
26;2025-11-02;23;101
26;2025-11-03;0;46
26;2025-11-03;1;4
26;2025-11-03;2;0
26;2025-11-03;3;0
26;2025-11-03;4;1
26;2025-11-03;5;19
26;2025-11-03;6;145
26;2025-11-03;7;239
26;2025-11-03;8;354
26;2025-11-03;9;486
26;2025-11-03;10;547
26;2025-11-03;11;765
26;2025-11-03;12;756
26;2025-11-03;13;812
26;2025-11-03;14;794
26;2025-11-03;15;726
26;2025-11-03;16;693
26;2025-11-03;17;716
26;2025-11-03;18;642
26;2025-11-03;19;470
26;2025-11-03;20;368
26;2025-11-03;21;256
26;2025-11-03;22;148
26;2025-11-03;23;98
26;2025-11-04;0;46
26;2025-11-04;1;4
26;2025-11-04;2;0
26;2025-11-04;3;0
26;2025-11-04;4;1
26;2025-11-04;5;19
26;2025-11-04;6;145
26;2025-11-04;7;239
26;2025-11-04;8;354
26;2025-11-04;9;486
26;2025-11-04;10;547
26;2025-11-04;11;765
26;2025-11-04;12;756
26;2025-11-04;13;812
26;2025-11-04;14;794
26;2025-11-04;15;726
26;2025-11-04;16;693
26;2025-11-04;17;716
26;2025-11-04;18;642
26;2025-11-04;19;470
26;2025-11-04;20;368
26;2025-11-04;21;256
26;2025-11-04;22;148
26;2025-11-04;23;98
26;2025-11-05;0;32
26;2025-11-05;1;0
26;2025-11-05;2;0
26;2025-11-05;3;0
26;2025-11-05;4;2
26;2025-11-05;5;95
26;2025-11-05;6;448
26;2025-11-05;7;1055
26;2025-11-05;8;2189
26;2025-11-05;9;1424
26;2025-11-05;10;1175
26;2025-11-05;11;1078
26;2025-11-05;12;1158
26;2025-11-05;13;1134
26;2025-11-05;14;1305
26;2025-11-05;15;1347
26;2025-11-05;16;1456
26;2025-11-05;17;1681
26;2025-11-05;18;1823
26;2025-11-05;19;1210
26;2025-11-05;20;721
26;2025-11-05;21;484
26;2025-11-05;22;197
26;2025-11-05;23;122
26;2025-11-06;0;32
26;2025-11-06;1;0
26;2025-11-06;2;0
26;2025-11-06;3;0
26;2025-11-06;4;2
26;2025-11-06;5;95
26;2025-11-06;6;448
26;2025-11-06;7;1055
26;2025-11-06;8;2189
26;2025-11-06;9;1424
26;2025-11-06;10;1175
26;2025-11-06;11;1078
26;2025-11-06;12;1158
26;2025-11-06;13;1134
26;2025-11-06;14;1305
26;2025-11-06;15;1347
26;2025-11-06;16;1456
26;2025-11-06;17;1681
26;2025-11-06;18;1823
26;2025-11-06;19;1210
26;2025-11-06;20;721
26;2025-11-06;21;484
26;2025-11-06;22;197
26;2025-11-06;23;122
26;2025-11-07;0;29
26;2025-11-07;1;1
26;2025-11-07;2;0
26;2025-11-07;3;0
26;2025-11-07;4;1
26;2025-11-07;5;80
26;2025-11-07;6;466
26;2025-11-07;7;983
26;2025-11-07;8;2131
26;2025-11-07;9;1334
26;2025-11-07;10;1199
26;2025-11-07;11;1070
26;2025-11-07;12;1061
26;2025-11-07;13;1095
26;2025-11-07;14;1311
26;2025-11-07;15;1296
26;2025-11-07;16;1584
26;2025-11-07;17;1706
26;2025-11-07;18;1250
26;2025-11-07;19;980
26;2025-11-07;20;623
26;2025-11-07;21;445
26;2025-11-07;22;187
26;2025-11-07;23;146
26;2025-11-08;0;50
26;2025-11-08;1;2
26;2025-11-08;2;0
26;2025-11-08;3;0
26;2025-11-08;4;2
26;2025-11-08;5;49
26;2025-11-08;6;222
26;2025-11-08;7;356
26;2025-11-08;8;596
26;2025-11-08;9;643
26;2025-11-08;10;796
26;2025-11-08;11;955
26;2025-11-08;12;1029
26;2025-11-08;13;1005
26;2025-11-08;14;1054
26;2025-11-08;15;949
26;2025-11-08;16;996
26;2025-11-08;17;910
26;2025-11-08;18;841
26;2025-11-08;19;731
26;2025-11-08;20;515
26;2025-11-08;21;335
26;2025-11-08;22;192
26;2025-11-08;23;150
26;2025-11-09;0;47
26;2025-11-09;1;4
26;2025-11-09;2;0
26;2025-11-09;3;0
26;2025-11-09;4;1
26;2025-11-09;5;20
26;2025-11-09;6;150
26;2025-11-09;7;247
26;2025-11-09;8;367
26;2025-11-09;9;503
26;2025-11-09;10;565
26;2025-11-09;11;791
26;2025-11-09;12;781
26;2025-11-09;13;840
26;2025-11-09;14;821
26;2025-11-09;15;751
26;2025-11-09;16;716
26;2025-11-09;17;741
26;2025-11-09;18;664
26;2025-11-09;19;486
26;2025-11-09;20;381
26;2025-11-09;21;265
26;2025-11-09;22;153
26;2025-11-09;23;101
26;2025-11-10;0;24
26;2025-11-10;1;2
26;2025-11-10;2;0
26;2025-11-10;3;0
26;2025-11-10;4;1
26;2025-11-10;5;89
26;2025-11-10;6;443
26;2025-11-10;7;1089
26;2025-11-10;8;2128
26;2025-11-10;9;1352
26;2025-11-10;10;1169
26;2025-11-10;11;1003
26;2025-11-10;12;1033
26;2025-11-10;13;1102
26;2025-11-10;14;1219
26;2025-11-10;15;1249
26;2025-11-10;16;1347
26;2025-11-10;17;1640
26;2025-11-10;18;1794
26;2025-11-10;19;1144
26;2025-11-10;20;711
26;2025-11-10;21;444
26;2025-11-10;22;184
26;2025-11-10;23;104
26;2025-11-11;0;32
26;2025-11-11;1;0
26;2025-11-11;2;0
26;2025-11-11;3;0
26;2025-11-11;4;2
26;2025-11-11;5;95
26;2025-11-11;6;448
26;2025-11-11;7;1055
26;2025-11-11;8;2189
26;2025-11-11;9;1424
26;2025-11-11;10;1175
26;2025-11-11;11;1078
26;2025-11-11;12;1158
26;2025-11-11;13;1134
26;2025-11-11;14;1305
26;2025-11-11;15;1347
26;2025-11-11;16;1456
26;2025-11-11;17;1681
26;2025-11-11;18;1823
26;2025-11-11;19;1210
26;2025-11-11;20;721
26;2025-11-11;21;484
26;2025-11-11;22;197
26;2025-11-11;23;122
26;2025-11-12;0;32
26;2025-11-12;1;0
26;2025-11-12;2;0
26;2025-11-12;3;0
26;2025-11-12;4;2
26;2025-11-12;5;95
26;2025-11-12;6;448
26;2025-11-12;7;1055
26;2025-11-12;8;2189
26;2025-11-12;9;1424
26;2025-11-12;10;1175
26;2025-11-12;11;1078
26;2025-11-12;12;1158
26;2025-11-12;13;1134
26;2025-11-12;14;1305
26;2025-11-12;15;1347
26;2025-11-12;16;1456
26;2025-11-12;17;1681
26;2025-11-12;18;1823
26;2025-11-12;19;1210
26;2025-11-12;20;721
26;2025-11-12;21;484
26;2025-11-12;22;197
26;2025-11-12;23;122
26;2025-11-13;0;32
26;2025-11-13;1;0
26;2025-11-13;2;0
26;2025-11-13;3;0
26;2025-11-13;4;2
26;2025-11-13;5;95
26;2025-11-13;6;448
26;2025-11-13;7;1055
26;2025-11-13;8;2189
26;2025-11-13;9;1424
26;2025-11-13;10;1175
26;2025-11-13;11;1078
26;2025-11-13;12;1158
26;2025-11-13;13;1134
26;2025-11-13;14;1305
26;2025-11-13;15;1347
26;2025-11-13;16;1456
26;2025-11-13;17;1681
26;2025-11-13;18;1823
26;2025-11-13;19;1210
26;2025-11-13;20;721
26;2025-11-13;21;484
26;2025-11-13;22;197
26;2025-11-13;23;122
26;2025-11-14;0;29
26;2025-11-14;1;1
26;2025-11-14;2;0
26;2025-11-14;3;0
26;2025-11-14;4;1
26;2025-11-14;5;80
26;2025-11-14;6;466
26;2025-11-14;7;983
26;2025-11-14;8;2131
26;2025-11-14;9;1334
26;2025-11-14;10;1199
26;2025-11-14;11;1070
26;2025-11-14;12;1061
26;2025-11-14;13;1095
26;2025-11-14;14;1311
26;2025-11-14;15;1296
26;2025-11-14;16;1584
26;2025-11-14;17;1706
26;2025-11-14;18;1250
26;2025-11-14;19;980
26;2025-11-14;20;623
26;2025-11-14;21;445
26;2025-11-14;22;187
26;2025-11-14;23;146
26;2025-11-15;0;47
26;2025-11-15;1;2
26;2025-11-15;2;0
26;2025-11-15;3;0
26;2025-11-15;4;2
26;2025-11-15;5;47
26;2025-11-15;6;212
26;2025-11-15;7;338
26;2025-11-15;8;564
26;2025-11-15;9;610
26;2025-11-15;10;755
26;2025-11-15;11;906
26;2025-11-15;12;976
26;2025-11-15;13;954
26;2025-11-15;14;1000
26;2025-11-15;15;900
26;2025-11-15;16;944
26;2025-11-15;17;863
26;2025-11-15;18;797
26;2025-11-15;19;693
26;2025-11-15;20;489
26;2025-11-15;21;318
26;2025-11-15;22;182
26;2025-11-15;23;142
26;2025-11-16;0;47
26;2025-11-16;1;4
26;2025-11-16;2;0
26;2025-11-16;3;0
26;2025-11-16;4;1
26;2025-11-16;5;20
26;2025-11-16;6;150
26;2025-11-16;7;247
26;2025-11-16;8;367
26;2025-11-16;9;503
26;2025-11-16;10;565
26;2025-11-16;11;791
26;2025-11-16;12;781
26;2025-11-16;13;840
26;2025-11-16;14;821
26;2025-11-16;15;751
26;2025-11-16;16;716
26;2025-11-16;17;741
26;2025-11-16;18;664
26;2025-11-16;19;486
26;2025-11-16;20;381
26;2025-11-16;21;265
26;2025-11-16;22;153
26;2025-11-16;23;101
26;2025-11-17;0;24
26;2025-11-17;1;2
26;2025-11-17;2;0
26;2025-11-17;3;0
26;2025-11-17;4;1
26;2025-11-17;5;89
26;2025-11-17;6;443
26;2025-11-17;7;1089
26;2025-11-17;8;2128
26;2025-11-17;9;1352
26;2025-11-17;10;1169
26;2025-11-17;11;1003
26;2025-11-17;12;1033
26;2025-11-17;13;1102
26;2025-11-17;14;1219
26;2025-11-17;15;1249
26;2025-11-17;16;1347
26;2025-11-17;17;1640
26;2025-11-17;18;1794
26;2025-11-17;19;1144
26;2025-11-17;20;711
26;2025-11-17;21;444
26;2025-11-17;22;184
26;2025-11-17;23;104
26;2025-11-18;0;32
26;2025-11-18;1;0
26;2025-11-18;2;0
26;2025-11-18;3;0
26;2025-11-18;4;2
26;2025-11-18;5;95
26;2025-11-18;6;448
26;2025-11-18;7;1055
26;2025-11-18;8;2189
26;2025-11-18;9;1424
26;2025-11-18;10;1175
26;2025-11-18;11;1078
26;2025-11-18;12;1158
26;2025-11-18;13;1134
26;2025-11-18;14;1305
26;2025-11-18;15;1347
26;2025-11-18;16;1456
26;2025-11-18;17;1681
26;2025-11-18;18;1823
26;2025-11-18;19;1210
26;2025-11-18;20;721
26;2025-11-18;21;484
26;2025-11-18;22;197
26;2025-11-18;23;122
26;2025-11-19;0;32
26;2025-11-19;1;0
26;2025-11-19;2;0
26;2025-11-19;3;0
26;2025-11-19;4;2
26;2025-11-19;5;95
26;2025-11-19;6;448
26;2025-11-19;7;1055
26;2025-11-19;8;2189
26;2025-11-19;9;1424
26;2025-11-19;10;1175
26;2025-11-19;11;1078
26;2025-11-19;12;1158
26;2025-11-19;13;1134
26;2025-11-19;14;1305
26;2025-11-19;15;1347
26;2025-11-19;16;1456
26;2025-11-19;17;1681
26;2025-11-19;18;1823
26;2025-11-19;19;1210
26;2025-11-19;20;721
26;2025-11-19;21;484
26;2025-11-19;22;197
26;2025-11-19;23;122
26;2025-11-20;0;32
26;2025-11-20;1;0
26;2025-11-20;2;0
26;2025-11-20;3;0
26;2025-11-20;4;2
26;2025-11-20;5;95
26;2025-11-20;6;448
26;2025-11-20;7;1055
26;2025-11-20;8;2189
26;2025-11-20;9;1424
26;2025-11-20;10;1175
26;2025-11-20;11;1078
26;2025-11-20;12;1158
26;2025-11-20;13;1134
26;2025-11-20;14;1305
26;2025-11-20;15;1347
26;2025-11-20;16;1456
26;2025-11-20;17;1681
26;2025-11-20;18;1823
26;2025-11-20;19;1210
26;2025-11-20;20;721
26;2025-11-20;21;484
26;2025-11-20;22;197
26;2025-11-20;23;122
26;2025-11-21;0;29
26;2025-11-21;1;1
26;2025-11-21;2;0
26;2025-11-21;3;0
26;2025-11-21;4;1
26;2025-11-21;5;80
26;2025-11-21;6;466
26;2025-11-21;7;983
26;2025-11-21;8;2131
26;2025-11-21;9;1334
26;2025-11-21;10;1199
26;2025-11-21;11;1070
26;2025-11-21;12;1061
26;2025-11-21;13;1095
26;2025-11-21;14;1311
26;2025-11-21;15;1296
26;2025-11-21;16;1584
26;2025-11-21;17;1706
26;2025-11-21;18;1250
26;2025-11-21;19;980
26;2025-11-21;20;623
26;2025-11-21;21;445
26;2025-11-21;22;187
26;2025-11-21;23;146
26;2025-11-22;0;50
26;2025-11-22;1;2
26;2025-11-22;2;0
26;2025-11-22;3;0
26;2025-11-22;4;2
26;2025-11-22;5;49
26;2025-11-22;6;222
26;2025-11-22;7;356
26;2025-11-22;8;596
26;2025-11-22;9;643
26;2025-11-22;10;796
26;2025-11-22;11;955
26;2025-11-22;12;1029
26;2025-11-22;13;1005
26;2025-11-22;14;1054
26;2025-11-22;15;949
26;2025-11-22;16;996
26;2025-11-22;17;910
26;2025-11-22;18;841
26;2025-11-22;19;731
26;2025-11-22;20;515
26;2025-11-22;21;335
26;2025-11-22;22;192
26;2025-11-22;23;150
26;2025-11-23;0;47
26;2025-11-23;1;4
26;2025-11-23;2;0
26;2025-11-23;3;0
26;2025-11-23;4;1
26;2025-11-23;5;20
26;2025-11-23;6;150
26;2025-11-23;7;247
26;2025-11-23;8;367
26;2025-11-23;9;503
26;2025-11-23;10;565
26;2025-11-23;11;791
26;2025-11-23;12;781
26;2025-11-23;13;840
26;2025-11-23;14;821
26;2025-11-23;15;751
26;2025-11-23;16;716
26;2025-11-23;17;741
26;2025-11-23;18;664
26;2025-11-23;19;486
26;2025-11-23;20;381
26;2025-11-23;21;265
26;2025-11-23;22;153
26;2025-11-23;23;101
26;2025-11-24;0;24
26;2025-11-24;1;2
26;2025-11-24;2;0
26;2025-11-24;3;0
26;2025-11-24;4;1
26;2025-11-24;5;89
26;2025-11-24;6;443
26;2025-11-24;7;1089
26;2025-11-24;8;2128
26;2025-11-24;9;1352
26;2025-11-24;10;1169
26;2025-11-24;11;1003
26;2025-11-24;12;1033
26;2025-11-24;13;1102
26;2025-11-24;14;1219
26;2025-11-24;15;1249
26;2025-11-24;16;1347
26;2025-11-24;17;1640
26;2025-11-24;18;1794
26;2025-11-24;19;1144
26;2025-11-24;20;711
26;2025-11-24;21;444
26;2025-11-24;22;184
26;2025-11-24;23;104
26;2025-11-25;0;32
26;2025-11-25;1;0
26;2025-11-25;2;0
26;2025-11-25;3;0
26;2025-11-25;4;2
26;2025-11-25;5;95
26;2025-11-25;6;448
26;2025-11-25;7;1055
26;2025-11-25;8;2189
26;2025-11-25;9;1424
26;2025-11-25;10;1175
26;2025-11-25;11;1078
26;2025-11-25;12;1158
26;2025-11-25;13;1134
26;2025-11-25;14;1305
26;2025-11-25;15;1347
26;2025-11-25;16;1456
26;2025-11-25;17;1681
26;2025-11-25;18;1823
26;2025-11-25;19;1210
26;2025-11-25;20;721
26;2025-11-25;21;484
26;2025-11-25;22;197
26;2025-11-25;23;122
26;2025-11-26;0;32
26;2025-11-26;1;0
26;2025-11-26;2;0
26;2025-11-26;3;0
26;2025-11-26;4;2
26;2025-11-26;5;95
26;2025-11-26;6;448
26;2025-11-26;7;1055
26;2025-11-26;8;2189
26;2025-11-26;9;1424
26;2025-11-26;10;1175
26;2025-11-26;11;1078
26;2025-11-26;12;1158
26;2025-11-26;13;1134
26;2025-11-26;14;1305
26;2025-11-26;15;1347
26;2025-11-26;16;1456
26;2025-11-26;17;1681
26;2025-11-26;18;1823
26;2025-11-26;19;1210
26;2025-11-26;20;721
26;2025-11-26;21;484
26;2025-11-26;22;197
26;2025-11-26;23;122
26;2025-11-27;0;32
26;2025-11-27;1;0
26;2025-11-27;2;0
26;2025-11-27;3;0
26;2025-11-27;4;2
26;2025-11-27;5;95
26;2025-11-27;6;448
26;2025-11-27;7;1055
26;2025-11-27;8;2189
26;2025-11-27;9;1424
26;2025-11-27;10;1175
26;2025-11-27;11;1078
26;2025-11-27;12;1158
26;2025-11-27;13;1134
26;2025-11-27;14;1305
26;2025-11-27;15;1347
26;2025-11-27;16;1456
26;2025-11-27;17;1681
26;2025-11-27;18;1823
26;2025-11-27;19;1210
26;2025-11-27;20;721
26;2025-11-27;21;484
26;2025-11-27;22;197
26;2025-11-27;23;122
26;2025-11-28;0;29
26;2025-11-28;1;1
26;2025-11-28;2;0
26;2025-11-28;3;0
26;2025-11-28;4;1
26;2025-11-28;5;80
26;2025-11-28;6;466
26;2025-11-28;7;983
26;2025-11-28;8;2131
26;2025-11-28;9;1334
26;2025-11-28;10;1199
26;2025-11-28;11;1070
26;2025-11-28;12;1061
26;2025-11-28;13;1095
26;2025-11-28;14;1311
26;2025-11-28;15;1296
26;2025-11-28;16;1584
26;2025-11-28;17;1706
26;2025-11-28;18;1250
26;2025-11-28;19;980
26;2025-11-28;20;623
26;2025-11-28;21;445
26;2025-11-28;22;187
26;2025-11-28;23;146
26;2025-11-29;0;50
26;2025-11-29;1;2
26;2025-11-29;2;0
26;2025-11-29;3;0
26;2025-11-29;4;2
26;2025-11-29;5;49
26;2025-11-29;6;222
26;2025-11-29;7;356
26;2025-11-29;8;596
26;2025-11-29;9;643
26;2025-11-29;10;796
26;2025-11-29;11;955
26;2025-11-29;12;1029
26;2025-11-29;13;1005
26;2025-11-29;14;1054
26;2025-11-29;15;949
26;2025-11-29;16;996
26;2025-11-29;17;910
26;2025-11-29;18;841
26;2025-11-29;19;731
26;2025-11-29;20;515
26;2025-11-29;21;335
26;2025-11-29;22;192
26;2025-11-29;23;150
26;2025-11-30;0;47
26;2025-11-30;1;4
26;2025-11-30;2;0
26;2025-11-30;3;0
26;2025-11-30;4;1
26;2025-11-30;5;20
26;2025-11-30;6;150
26;2025-11-30;7;247
26;2025-11-30;8;367
26;2025-11-30;9;503
26;2025-11-30;10;565
26;2025-11-30;11;791
26;2025-11-30;12;781
26;2025-11-30;13;840
26;2025-11-30;14;821
26;2025-11-30;15;751
26;2025-11-30;16;716
26;2025-11-30;17;741
26;2025-11-30;18;664
26;2025-11-30;19;486
26;2025-11-30;20;381
26;2025-11-30;21;265
26;2025-11-30;22;153
26;2025-11-30;23;101
26;2025-12-01;0;24
26;2025-12-01;1;2
26;2025-12-01;2;0
26;2025-12-01;3;0
26;2025-12-01;4;1
26;2025-12-01;5;89
26;2025-12-01;6;443
26;2025-12-01;7;1089
26;2025-12-01;8;2128
26;2025-12-01;9;1352
26;2025-12-01;10;1169
26;2025-12-01;11;1003
26;2025-12-01;12;1033
26;2025-12-01;13;1102
26;2025-12-01;14;1219
26;2025-12-01;15;1249
26;2025-12-01;16;1347
26;2025-12-01;17;1640
26;2025-12-01;18;1794
26;2025-12-01;19;1144
26;2025-12-01;20;711
26;2025-12-01;21;444
26;2025-12-01;22;184
26;2025-12-01;23;104
26;2025-12-02;0;32
26;2025-12-02;1;0
26;2025-12-02;2;0
26;2025-12-02;3;0
26;2025-12-02;4;2
26;2025-12-02;5;95
26;2025-12-02;6;448
26;2025-12-02;7;1055
26;2025-12-02;8;2189
26;2025-12-02;9;1424
26;2025-12-02;10;1175
26;2025-12-02;11;1078
26;2025-12-02;12;1158
26;2025-12-02;13;1134
26;2025-12-02;14;1305
26;2025-12-02;15;1347
26;2025-12-02;16;1456
26;2025-12-02;17;1681
26;2025-12-02;18;1823
26;2025-12-02;19;1210
26;2025-12-02;20;721
26;2025-12-02;21;484
26;2025-12-02;22;197
26;2025-12-02;23;122
26;2025-12-03;0;32
26;2025-12-03;1;0
26;2025-12-03;2;0
26;2025-12-03;3;0
26;2025-12-03;4;2
26;2025-12-03;5;95
26;2025-12-03;6;448
26;2025-12-03;7;1055
26;2025-12-03;8;2189
26;2025-12-03;9;1424
26;2025-12-03;10;1175
26;2025-12-03;11;1078
26;2025-12-03;12;1158
26;2025-12-03;13;1134
26;2025-12-03;14;1305
26;2025-12-03;15;1347
26;2025-12-03;16;1456
26;2025-12-03;17;1681
26;2025-12-03;18;1823
26;2025-12-03;19;1210
26;2025-12-03;20;721
26;2025-12-03;21;484
26;2025-12-03;22;197
26;2025-12-03;23;122
26;2025-12-04;0;32
26;2025-12-04;1;0
26;2025-12-04;2;0
26;2025-12-04;3;0
26;2025-12-04;4;2
26;2025-12-04;5;95
26;2025-12-04;6;448
26;2025-12-04;7;1055
26;2025-12-04;8;2189
26;2025-12-04;9;1424
26;2025-12-04;10;1175
26;2025-12-04;11;1078
26;2025-12-04;12;1158
26;2025-12-04;13;1134
26;2025-12-04;14;1305
26;2025-12-04;15;1347
26;2025-12-04;16;1456
26;2025-12-04;17;1681
26;2025-12-04;18;1823
26;2025-12-04;19;1210
26;2025-12-04;20;721
26;2025-12-04;21;484
26;2025-12-04;22;197
26;2025-12-04;23;122
26;2025-12-05;0;29
26;2025-12-05;1;1
26;2025-12-05;2;0
26;2025-12-05;3;0
26;2025-12-05;4;1
26;2025-12-05;5;80
26;2025-12-05;6;466
26;2025-12-05;7;983
26;2025-12-05;8;2131
26;2025-12-05;9;1334
26;2025-12-05;10;1199
26;2025-12-05;11;1070
26;2025-12-05;12;1061
26;2025-12-05;13;1095
26;2025-12-05;14;1311
26;2025-12-05;15;1296
26;2025-12-05;16;1584
26;2025-12-05;17;1706
26;2025-12-05;18;1250
26;2025-12-05;19;980
26;2025-12-05;20;623
26;2025-12-05;21;445
26;2025-12-05;22;187
26;2025-12-05;23;146
26;2025-12-06;0;50
26;2025-12-06;1;2
26;2025-12-06;2;0
26;2025-12-06;3;0
26;2025-12-06;4;2
26;2025-12-06;5;49
26;2025-12-06;6;222
26;2025-12-06;7;356
26;2025-12-06;8;596
26;2025-12-06;9;643
26;2025-12-06;10;796
26;2025-12-06;11;955
26;2025-12-06;12;1029
26;2025-12-06;13;1005
26;2025-12-06;14;1054
26;2025-12-06;15;949
26;2025-12-06;16;996
26;2025-12-06;17;910
26;2025-12-06;18;841
26;2025-12-06;19;731
26;2025-12-06;20;515
26;2025-12-06;21;335
26;2025-12-06;22;192
26;2025-12-06;23;150
26;2025-12-07;0;47
26;2025-12-07;1;4
26;2025-12-07;2;0
26;2025-12-07;3;0
26;2025-12-07;4;1
26;2025-12-07;5;20
26;2025-12-07;6;150
26;2025-12-07;7;247
26;2025-12-07;8;367
26;2025-12-07;9;503
26;2025-12-07;10;565
26;2025-12-07;11;791
26;2025-12-07;12;781
26;2025-12-07;13;840
26;2025-12-07;14;821
26;2025-12-07;15;751
26;2025-12-07;16;716
26;2025-12-07;17;741
26;2025-12-07;18;664
26;2025-12-07;19;486
26;2025-12-07;20;381
26;2025-12-07;21;265
26;2025-12-07;22;153
26;2025-12-07;23;101
26;2025-12-08;0;24
26;2025-12-08;1;2
26;2025-12-08;2;0
26;2025-12-08;3;0
26;2025-12-08;4;1
26;2025-12-08;5;89
26;2025-12-08;6;443
26;2025-12-08;7;1089
26;2025-12-08;8;2128
26;2025-12-08;9;1352
26;2025-12-08;10;1169
26;2025-12-08;11;1003
26;2025-12-08;12;1033
26;2025-12-08;13;1102
26;2025-12-08;14;1219
26;2025-12-08;15;1249
26;2025-12-08;16;1347
26;2025-12-08;17;1640
26;2025-12-08;18;1794
26;2025-12-08;19;1144
26;2025-12-08;20;711
26;2025-12-08;21;444
26;2025-12-08;22;184
26;2025-12-08;23;104
26;2025-12-09;0;32
26;2025-12-09;1;0
26;2025-12-09;2;0
26;2025-12-09;3;0
26;2025-12-09;4;2
26;2025-12-09;5;95
26;2025-12-09;6;448
26;2025-12-09;7;1055
26;2025-12-09;8;2189
26;2025-12-09;9;1424
26;2025-12-09;10;1175
26;2025-12-09;11;1078
26;2025-12-09;12;1158
26;2025-12-09;13;1134
26;2025-12-09;14;1305
26;2025-12-09;15;1347
26;2025-12-09;16;1456
26;2025-12-09;17;1681
26;2025-12-09;18;1823
26;2025-12-09;19;1210
26;2025-12-09;20;721
26;2025-12-09;21;484
26;2025-12-09;22;197
26;2025-12-09;23;122
26;2025-12-10;0;32
26;2025-12-10;1;0
26;2025-12-10;2;0
26;2025-12-10;3;0
26;2025-12-10;4;2
26;2025-12-10;5;95
26;2025-12-10;6;448
26;2025-12-10;7;1055
26;2025-12-10;8;2189
26;2025-12-10;9;1424
26;2025-12-10;10;1175
26;2025-12-10;11;1078
26;2025-12-10;12;1158
26;2025-12-10;13;1134
26;2025-12-10;14;1305
26;2025-12-10;15;1347
26;2025-12-10;16;1456
26;2025-12-10;17;1681
26;2025-12-10;18;1823
26;2025-12-10;19;1210
26;2025-12-10;20;721
26;2025-12-10;21;484
26;2025-12-10;22;197
26;2025-12-10;23;122
26;2025-12-11;0;32
26;2025-12-11;1;0
26;2025-12-11;2;0
26;2025-12-11;3;0
26;2025-12-11;4;2
26;2025-12-11;5;95
26;2025-12-11;6;448
26;2025-12-11;7;1055
26;2025-12-11;8;2189
26;2025-12-11;9;1424
26;2025-12-11;10;1175
26;2025-12-11;11;1078
26;2025-12-11;12;1158
26;2025-12-11;13;1134
26;2025-12-11;14;1305
26;2025-12-11;15;1347
26;2025-12-11;16;1456
26;2025-12-11;17;1681
26;2025-12-11;18;1823
26;2025-12-11;19;1210
26;2025-12-11;20;721
26;2025-12-11;21;484
26;2025-12-11;22;197
26;2025-12-11;23;122
26;2025-12-12;0;29
26;2025-12-12;1;1
26;2025-12-12;2;0
26;2025-12-12;3;0
26;2025-12-12;4;1
26;2025-12-12;5;80
26;2025-12-12;6;466
26;2025-12-12;7;983
26;2025-12-12;8;2131
26;2025-12-12;9;1334
26;2025-12-12;10;1199
26;2025-12-12;11;1070
26;2025-12-12;12;1061
26;2025-12-12;13;1095
26;2025-12-12;14;1311
26;2025-12-12;15;1296
26;2025-12-12;16;1584
26;2025-12-12;17;1706
26;2025-12-12;18;1250
26;2025-12-12;19;980
26;2025-12-12;20;623
26;2025-12-12;21;445
26;2025-12-12;22;187
26;2025-12-12;23;146
26;2025-12-13;0;50
26;2025-12-13;1;2
26;2025-12-13;2;0
26;2025-12-13;3;0
26;2025-12-13;4;2
26;2025-12-13;5;49
26;2025-12-13;6;222
26;2025-12-13;7;356
26;2025-12-13;8;596
26;2025-12-13;9;643
26;2025-12-13;10;796
26;2025-12-13;11;955
26;2025-12-13;12;1029
26;2025-12-13;13;1005
26;2025-12-13;14;1054
26;2025-12-13;15;949
26;2025-12-13;16;996
26;2025-12-13;17;910
26;2025-12-13;18;841
26;2025-12-13;19;731
26;2025-12-13;20;515
26;2025-12-13;21;335
26;2025-12-13;22;192
26;2025-12-13;23;150
26;2025-12-14;0;47
26;2025-12-14;1;4
26;2025-12-14;2;0
26;2025-12-14;3;0
26;2025-12-14;4;1
26;2025-12-14;5;20
26;2025-12-14;6;150
26;2025-12-14;7;247
26;2025-12-14;8;367
26;2025-12-14;9;503
26;2025-12-14;10;565
26;2025-12-14;11;791
26;2025-12-14;12;781
26;2025-12-14;13;840
26;2025-12-14;14;821
26;2025-12-14;15;751
26;2025-12-14;16;716
26;2025-12-14;17;741
26;2025-12-14;18;664
26;2025-12-14;19;486
26;2025-12-14;20;381
26;2025-12-14;21;265
26;2025-12-14;22;153
26;2025-12-14;23;101
26;2025-12-15;0;24
26;2025-12-15;1;2
26;2025-12-15;2;0
26;2025-12-15;3;0
26;2025-12-15;4;1
26;2025-12-15;5;89
26;2025-12-15;6;443
26;2025-12-15;7;1089
26;2025-12-15;8;2128
26;2025-12-15;9;1352
26;2025-12-15;10;1169
26;2025-12-15;11;1003
26;2025-12-15;12;1033
26;2025-12-15;13;1102
26;2025-12-15;14;1219
26;2025-12-15;15;1249
26;2025-12-15;16;1347
26;2025-12-15;17;1640
26;2025-12-15;18;1794
26;2025-12-15;19;1144
26;2025-12-15;20;711
26;2025-12-15;21;444
26;2025-12-15;22;184
26;2025-12-15;23;104
26;2025-12-16;0;32
26;2025-12-16;1;0
26;2025-12-16;2;0
26;2025-12-16;3;0
26;2025-12-16;4;2
26;2025-12-16;5;95
26;2025-12-16;6;448
26;2025-12-16;7;1055
26;2025-12-16;8;2189
26;2025-12-16;9;1424
26;2025-12-16;10;1175
26;2025-12-16;11;1078
26;2025-12-16;12;1158
26;2025-12-16;13;1134
26;2025-12-16;14;1305
26;2025-12-16;15;1347
26;2025-12-16;16;1456
26;2025-12-16;17;1681
26;2025-12-16;18;1823
26;2025-12-16;19;1210
26;2025-12-16;20;721
26;2025-12-16;21;484
26;2025-12-16;22;197
26;2025-12-16;23;122
26;2025-12-17;0;32
26;2025-12-17;1;0
26;2025-12-17;2;0
26;2025-12-17;3;0
26;2025-12-17;4;2
26;2025-12-17;5;95
26;2025-12-17;6;448
26;2025-12-17;7;1055
26;2025-12-17;8;2189
26;2025-12-17;9;1424
26;2025-12-17;10;1175
26;2025-12-17;11;1078
26;2025-12-17;12;1158
26;2025-12-17;13;1134
26;2025-12-17;14;1305
26;2025-12-17;15;1347
26;2025-12-17;16;1456
26;2025-12-17;17;1681
26;2025-12-17;18;1823
26;2025-12-17;19;1210
26;2025-12-17;20;721
26;2025-12-17;21;484
26;2025-12-17;22;197
26;2025-12-17;23;122
26;2025-12-18;0;32
26;2025-12-18;1;0
26;2025-12-18;2;0
26;2025-12-18;3;0
26;2025-12-18;4;2
26;2025-12-18;5;95
26;2025-12-18;6;448
26;2025-12-18;7;1055
26;2025-12-18;8;2189
26;2025-12-18;9;1424
26;2025-12-18;10;1175
26;2025-12-18;11;1078
26;2025-12-18;12;1158
26;2025-12-18;13;1134
26;2025-12-18;14;1305
26;2025-12-18;15;1347
26;2025-12-18;16;1456
26;2025-12-18;17;1681
26;2025-12-18;18;1823
26;2025-12-18;19;1210
26;2025-12-18;20;721
26;2025-12-18;21;484
26;2025-12-18;22;197
26;2025-12-18;23;122
26;2025-12-19;0;29
26;2025-12-19;1;1
26;2025-12-19;2;0
26;2025-12-19;3;0
26;2025-12-19;4;1
26;2025-12-19;5;80
26;2025-12-19;6;466
26;2025-12-19;7;983
26;2025-12-19;8;2131
26;2025-12-19;9;1334
26;2025-12-19;10;1199
26;2025-12-19;11;1070
26;2025-12-19;12;1061
26;2025-12-19;13;1095
26;2025-12-19;14;1311
26;2025-12-19;15;1296
26;2025-12-19;16;1584
26;2025-12-19;17;1706
26;2025-12-19;18;1250
26;2025-12-19;19;980
26;2025-12-19;20;623
26;2025-12-19;21;445
26;2025-12-19;22;187
26;2025-12-19;23;146
26;2025-12-20;0;50
26;2025-12-20;1;2
26;2025-12-20;2;0
26;2025-12-20;3;0
26;2025-12-20;4;2
26;2025-12-20;5;49
26;2025-12-20;6;222
26;2025-12-20;7;356
26;2025-12-20;8;596
26;2025-12-20;9;643
26;2025-12-20;10;796
26;2025-12-20;11;955
26;2025-12-20;12;1029
26;2025-12-20;13;1005
26;2025-12-20;14;1054
26;2025-12-20;15;949
26;2025-12-20;16;996
26;2025-12-20;17;910
26;2025-12-20;18;841
26;2025-12-20;19;731
26;2025-12-20;20;515
26;2025-12-20;21;335
26;2025-12-20;22;192
26;2025-12-20;23;150
26;2025-12-21;0;47
26;2025-12-21;1;4
26;2025-12-21;2;0
26;2025-12-21;3;0
26;2025-12-21;4;1
26;2025-12-21;5;20
26;2025-12-21;6;150
26;2025-12-21;7;247
26;2025-12-21;8;367
26;2025-12-21;9;503
26;2025-12-21;10;565
26;2025-12-21;11;791
26;2025-12-21;12;781
26;2025-12-21;13;840
26;2025-12-21;14;821
26;2025-12-21;15;751
26;2025-12-21;16;716
26;2025-12-21;17;741
26;2025-12-21;18;664
26;2025-12-21;19;486
26;2025-12-21;20;381
26;2025-12-21;21;265
26;2025-12-21;22;153
26;2025-12-21;23;101
26;2025-12-22;0;24
26;2025-12-22;1;2
26;2025-12-22;2;0
26;2025-12-22;3;0
26;2025-12-22;4;1
26;2025-12-22;5;89
26;2025-12-22;6;443
26;2025-12-22;7;1089
26;2025-12-22;8;2128
26;2025-12-22;9;1352
26;2025-12-22;10;1169
26;2025-12-22;11;1003
26;2025-12-22;12;1033
26;2025-12-22;13;1102
26;2025-12-22;14;1219
26;2025-12-22;15;1249
26;2025-12-22;16;1347
26;2025-12-22;17;1640
26;2025-12-22;18;1794
26;2025-12-22;19;1144
26;2025-12-22;20;711
26;2025-12-22;21;444
26;2025-12-22;22;184
26;2025-12-22;23;104
26;2025-12-23;0;32
26;2025-12-23;1;0
26;2025-12-23;2;0
26;2025-12-23;3;0
26;2025-12-23;4;2
26;2025-12-23;5;95
26;2025-12-23;6;448
26;2025-12-23;7;1055
26;2025-12-23;8;2189
26;2025-12-23;9;1424
26;2025-12-23;10;1175
26;2025-12-23;11;1078
26;2025-12-23;12;1158
26;2025-12-23;13;1134
26;2025-12-23;14;1305
26;2025-12-23;15;1347
26;2025-12-23;16;1456
26;2025-12-23;17;1681
26;2025-12-23;18;1823
26;2025-12-23;19;1210
26;2025-12-23;20;721
26;2025-12-23;21;484
26;2025-12-23;22;197
26;2025-12-23;23;122
26;2025-12-24;0;32
26;2025-12-24;1;0
26;2025-12-24;2;0
26;2025-12-24;3;0
26;2025-12-24;4;2
26;2025-12-24;5;95
26;2025-12-24;6;448
26;2025-12-24;7;1055
26;2025-12-24;8;2189
26;2025-12-24;9;1424
26;2025-12-24;10;1175
26;2025-12-24;11;1078
26;2025-12-24;12;1158
26;2025-12-24;13;1134
26;2025-12-24;14;1305
26;2025-12-24;15;1347
26;2025-12-24;16;1456
26;2025-12-24;17;1681
26;2025-12-24;18;1823
26;2025-12-24;19;1210
26;2025-12-24;20;721
26;2025-12-24;21;484
26;2025-12-24;22;197
26;2025-12-24;23;122
26;2025-12-25;0;32
26;2025-12-25;1;0
26;2025-12-25;2;0
26;2025-12-25;3;0
26;2025-12-25;4;2
26;2025-12-25;5;95
26;2025-12-25;6;448
26;2025-12-25;7;1055
26;2025-12-25;8;2189
26;2025-12-25;9;1424
26;2025-12-25;10;1175
26;2025-12-25;11;1078
26;2025-12-25;12;1158
26;2025-12-25;13;1134
26;2025-12-25;14;1305
26;2025-12-25;15;1347
26;2025-12-25;16;1456
26;2025-12-25;17;1681
26;2025-12-25;18;1823
26;2025-12-25;19;1210
26;2025-12-25;20;721
26;2025-12-25;21;484
26;2025-12-25;22;197
26;2025-12-25;23;122
26;2025-12-26;0;29
26;2025-12-26;1;1
26;2025-12-26;2;0
26;2025-12-26;3;0
26;2025-12-26;4;1
26;2025-12-26;5;80
26;2025-12-26;6;466
26;2025-12-26;7;983
26;2025-12-26;8;2131
26;2025-12-26;9;1334
26;2025-12-26;10;1199
26;2025-12-26;11;1070
26;2025-12-26;12;1061
26;2025-12-26;13;1095
26;2025-12-26;14;1311
26;2025-12-26;15;1296
26;2025-12-26;16;1584
26;2025-12-26;17;1706
26;2025-12-26;18;1250
26;2025-12-26;19;980
26;2025-12-26;20;623
26;2025-12-26;21;445
26;2025-12-26;22;187
26;2025-12-26;23;146
26;2025-12-27;0;50
26;2025-12-27;1;2
26;2025-12-27;2;0
26;2025-12-27;3;0
26;2025-12-27;4;2
26;2025-12-27;5;49
26;2025-12-27;6;222
26;2025-12-27;7;356
26;2025-12-27;8;596
26;2025-12-27;9;643
26;2025-12-27;10;796
26;2025-12-27;11;955
26;2025-12-27;12;1029
26;2025-12-27;13;1005
26;2025-12-27;14;1054
26;2025-12-27;15;949
26;2025-12-27;16;996
26;2025-12-27;17;910
26;2025-12-27;18;841
26;2025-12-27;19;731
26;2025-12-27;20;515
26;2025-12-27;21;335
26;2025-12-27;22;192
26;2025-12-27;23;150
26;2025-12-28;0;47
26;2025-12-28;1;4
26;2025-12-28;2;0
26;2025-12-28;3;0
26;2025-12-28;4;1
26;2025-12-28;5;20
26;2025-12-28;6;150
26;2025-12-28;7;247
26;2025-12-28;8;367
26;2025-12-28;9;503
26;2025-12-28;10;565
26;2025-12-28;11;791
26;2025-12-28;12;781
26;2025-12-28;13;840
26;2025-12-28;14;821
26;2025-12-28;15;751
26;2025-12-28;16;716
26;2025-12-28;17;741
26;2025-12-28;18;664
26;2025-12-28;19;486
26;2025-12-28;20;381
26;2025-12-28;21;265
26;2025-12-28;22;153
26;2025-12-28;23;101
26;2025-12-29;0;25
26;2025-12-29;1;1
26;2025-12-29;2;0
26;2025-12-29;3;0
26;2025-12-29;4;1
26;2025-12-29;5;69
26;2025-12-29;6;401
26;2025-12-29;7;846
26;2025-12-29;8;1833
26;2025-12-29;9;1147
26;2025-12-29;10;1031
26;2025-12-29;11;920
26;2025-12-29;12;913
26;2025-12-29;13;942
26;2025-12-29;14;1128
26;2025-12-29;15;1114
26;2025-12-29;16;1362
26;2025-12-29;17;1467
26;2025-12-29;18;1075
26;2025-12-29;19;843
26;2025-12-29;20;536
26;2025-12-29;21;383
26;2025-12-29;22;161
26;2025-12-29;23;125
26;2025-12-30;0;25
26;2025-12-30;1;1
26;2025-12-30;2;0
26;2025-12-30;3;0
26;2025-12-30;4;1
26;2025-12-30;5;69
26;2025-12-30;6;401
26;2025-12-30;7;846
26;2025-12-30;8;1833
26;2025-12-30;9;1147
26;2025-12-30;10;1031
26;2025-12-30;11;920
26;2025-12-30;12;913
26;2025-12-30;13;942
26;2025-12-30;14;1128
26;2025-12-30;15;1114
26;2025-12-30;16;1362
26;2025-12-30;17;1467
26;2025-12-30;18;1075
26;2025-12-30;19;843
26;2025-12-30;20;536
26;2025-12-30;21;383
26;2025-12-30;22;161
26;2025-12-30;23;125
26;2025-12-31;0;42
26;2025-12-31;1;2
26;2025-12-31;2;0
26;2025-12-31;3;0
26;2025-12-31;4;1
26;2025-12-31;5;42
26;2025-12-31;6;189
26;2025-12-31;7;303
26;2025-12-31;8;506
26;2025-12-31;9;547
26;2025-12-31;10;676
26;2025-12-31;11;811
26;2025-12-31;12;875
26;2025-12-31;13;855
26;2025-12-31;14;896
26;2025-12-31;15;807
26;2025-12-31;16;846
26;2025-12-31;17;773
26;2025-12-31;18;714
26;2025-12-31;19;342
26;2025-12-31;20;241
26;2025-12-31;21;157
26;2025-12-31;22;90
26;2025-12-31;23;71
28;2025-11-01;0;2
28;2025-11-01;1;0
28;2025-11-01;2;0
28;2025-11-01;3;0
28;2025-11-01;4;1
28;2025-11-01;5;64
28;2025-11-01;6;234
28;2025-11-01;7;719
28;2025-11-01;8;1106
28;2025-11-01;9;709
28;2025-11-01;10;532
28;2025-11-01;11;509
28;2025-11-01;12;670
28;2025-11-01;13;611
28;2025-11-01;14;600
28;2025-11-01;15;615
28;2025-11-01;16;808
28;2025-11-01;17;848
28;2025-11-01;18;742
28;2025-11-01;19;552
28;2025-11-01;20;360
28;2025-11-01;21;279
28;2025-11-01;22;108
28;2025-11-01;23;16
28;2025-11-02;0;2
28;2025-11-02;1;0
28;2025-11-02;2;0
28;2025-11-02;3;0
28;2025-11-02;4;0
28;2025-11-02;5;29
28;2025-11-02;6;74
28;2025-11-02;7;161
28;2025-11-02;8;249
28;2025-11-02;9;344
28;2025-11-02;10;388
28;2025-11-02;11;425
28;2025-11-02;12;439
28;2025-11-02;13;535
28;2025-11-02;14;507
28;2025-11-02;15;503
28;2025-11-02;16;450
28;2025-11-02;17;486
28;2025-11-02;18;416
28;2025-11-02;19;377
28;2025-11-02;20;284
28;2025-11-02;21;228
28;2025-11-02;22;108
28;2025-11-02;23;13
28;2025-11-03;0;2
28;2025-11-03;1;0
28;2025-11-03;2;0
28;2025-11-03;3;0
28;2025-11-03;4;0
28;2025-11-03;5;28
28;2025-11-03;6;73
28;2025-11-03;7;155
28;2025-11-03;8;241
28;2025-11-03;9;333
28;2025-11-03;10;375
28;2025-11-03;11;411
28;2025-11-03;12;424
28;2025-11-03;13;517
28;2025-11-03;14;490
28;2025-11-03;15;486
28;2025-11-03;16;435
28;2025-11-03;17;469
28;2025-11-03;18;403
28;2025-11-03;19;365
28;2025-11-03;20;274
28;2025-11-03;21;220
28;2025-11-03;22;104
28;2025-11-03;23;12
28;2025-11-04;0;2
28;2025-11-04;1;0
28;2025-11-04;2;0
28;2025-11-04;3;0
28;2025-11-04;4;0
28;2025-11-04;5;28
28;2025-11-04;6;73
28;2025-11-04;7;155
28;2025-11-04;8;241
28;2025-11-04;9;333
28;2025-11-04;10;375
28;2025-11-04;11;411
28;2025-11-04;12;424
28;2025-11-04;13;517
28;2025-11-04;14;490
28;2025-11-04;15;486
28;2025-11-04;16;435
28;2025-11-04;17;469
28;2025-11-04;18;403
28;2025-11-04;19;365
28;2025-11-04;20;274
28;2025-11-04;21;220
28;2025-11-04;22;104
28;2025-11-04;23;12
28;2025-11-05;0;0
28;2025-11-05;1;0
28;2025-11-05;2;0
28;2025-11-05;3;0
28;2025-11-05;4;1
28;2025-11-05;5;77
28;2025-11-05;6;247
28;2025-11-05;7;787
28;2025-11-05;8;1301
28;2025-11-05;9;832
28;2025-11-05;10;615
28;2025-11-05;11;564
28;2025-11-05;12;699
28;2025-11-05;13;694
28;2025-11-05;14;665
28;2025-11-05;15;697
28;2025-11-05;16;889
28;2025-11-05;17;1064
28;2025-11-05;18;1042
28;2025-11-05;19;761
28;2025-11-05;20;536
28;2025-11-05;21;328
28;2025-11-05;22;119
28;2025-11-05;23;11
28;2025-11-06;0;0
28;2025-11-06;1;0
28;2025-11-06;2;0
28;2025-11-06;3;0
28;2025-11-06;4;1
28;2025-11-06;5;77
28;2025-11-06;6;247
28;2025-11-06;7;787
28;2025-11-06;8;1301
28;2025-11-06;9;832
28;2025-11-06;10;615
28;2025-11-06;11;564
28;2025-11-06;12;699
28;2025-11-06;13;694
28;2025-11-06;14;665
28;2025-11-06;15;697
28;2025-11-06;16;889
28;2025-11-06;17;1064
28;2025-11-06;18;1042
28;2025-11-06;19;761
28;2025-11-06;20;536
28;2025-11-06;21;328
28;2025-11-06;22;119
28;2025-11-06;23;11
28;2025-11-07;0;2
28;2025-11-07;1;0
28;2025-11-07;2;0
28;2025-11-07;3;0
28;2025-11-07;4;2
28;2025-11-07;5;74
28;2025-11-07;6;275
28;2025-11-07;7;847
28;2025-11-07;8;1301
28;2025-11-07;9;834
28;2025-11-07;10;626
28;2025-11-07;11;599
28;2025-11-07;12;789
28;2025-11-07;13;718
28;2025-11-07;14;706
28;2025-11-07;15;724
28;2025-11-07;16;952
28;2025-11-07;17;997
28;2025-11-07;18;872
28;2025-11-07;19;650
28;2025-11-07;20;423
28;2025-11-07;21;328
28;2025-11-07;22;127
28;2025-11-07;23;19
28;2025-11-08;0;2
28;2025-11-08;1;0
28;2025-11-08;2;0
28;2025-11-08;3;0
28;2025-11-08;4;1
28;2025-11-08;5;38
28;2025-11-08;6;105
28;2025-11-08;7;230
28;2025-11-08;8;401
28;2025-11-08;9;452
28;2025-11-08;10;493
28;2025-11-08;11;498
28;2025-11-08;12;590
28;2025-11-08;13;596
28;2025-11-08;14;553
28;2025-11-08;15;599
28;2025-11-08;16;602
28;2025-11-08;17;577
28;2025-11-08;18;499
28;2025-11-08;19;377
28;2025-11-08;20;279
28;2025-11-08;21;254
28;2025-11-08;22;101
28;2025-11-08;23;12
28;2025-11-09;0;2
28;2025-11-09;1;0
28;2025-11-09;2;0
28;2025-11-09;3;0
28;2025-11-09;4;0
28;2025-11-09;5;29
28;2025-11-09;6;74
28;2025-11-09;7;161
28;2025-11-09;8;249
28;2025-11-09;9;344
28;2025-11-09;10;388
28;2025-11-09;11;425
28;2025-11-09;12;439
28;2025-11-09;13;535
28;2025-11-09;14;507
28;2025-11-09;15;503
28;2025-11-09;16;450
28;2025-11-09;17;486
28;2025-11-09;18;416
28;2025-11-09;19;377
28;2025-11-09;20;284
28;2025-11-09;21;228
28;2025-11-09;22;108
28;2025-11-09;23;13
28;2025-11-10;0;0
28;2025-11-10;1;1
28;2025-11-10;2;0
28;2025-11-10;3;0
28;2025-11-10;4;2
28;2025-11-10;5;72
28;2025-11-10;6;249
28;2025-11-10;7;720
28;2025-11-10;8;1236
28;2025-11-10;9;808
28;2025-11-10;10;608
28;2025-11-10;11;520
28;2025-11-10;12;679
28;2025-11-10;13;661
28;2025-11-10;14;619
28;2025-11-10;15;598
28;2025-11-10;16;863
28;2025-11-10;17;967
28;2025-11-10;18;920
28;2025-11-10;19;686
28;2025-11-10;20;442
28;2025-11-10;21;282
28;2025-11-10;22;100
28;2025-11-10;23;3
28;2025-11-11;0;0
28;2025-11-11;1;0
28;2025-11-11;2;0
28;2025-11-11;3;0
28;2025-11-11;4;1
28;2025-11-11;5;77
28;2025-11-11;6;247
28;2025-11-11;7;787
28;2025-11-11;8;1301
28;2025-11-11;9;832
28;2025-11-11;10;615
28;2025-11-11;11;564
28;2025-11-11;12;699
28;2025-11-11;13;694
28;2025-11-11;14;665
28;2025-11-11;15;697
28;2025-11-11;16;889
28;2025-11-11;17;1064
28;2025-11-11;18;1042
28;2025-11-11;19;761
28;2025-11-11;20;536
28;2025-11-11;21;328
28;2025-11-11;22;119
28;2025-11-11;23;11
28;2025-11-12;0;0
28;2025-11-12;1;0
28;2025-11-12;2;0
28;2025-11-12;3;0
28;2025-11-12;4;1
28;2025-11-12;5;77
28;2025-11-12;6;247
28;2025-11-12;7;787
28;2025-11-12;8;1301
28;2025-11-12;9;832
28;2025-11-12;10;615
28;2025-11-12;11;564
28;2025-11-12;12;699
28;2025-11-12;13;694
28;2025-11-12;14;665
28;2025-11-12;15;697
28;2025-11-12;16;889
28;2025-11-12;17;1064
28;2025-11-12;18;1042
28;2025-11-12;19;761
28;2025-11-12;20;536
28;2025-11-12;21;328
28;2025-11-12;22;119
28;2025-11-12;23;11
28;2025-11-13;0;0
28;2025-11-13;1;0
28;2025-11-13;2;0
28;2025-11-13;3;0
28;2025-11-13;4;1
28;2025-11-13;5;77
28;2025-11-13;6;247
28;2025-11-13;7;787
28;2025-11-13;8;1301
28;2025-11-13;9;832
28;2025-11-13;10;615
28;2025-11-13;11;564
28;2025-11-13;12;699
28;2025-11-13;13;694
28;2025-11-13;14;665
28;2025-11-13;15;697
28;2025-11-13;16;889
28;2025-11-13;17;1064
28;2025-11-13;18;1042
28;2025-11-13;19;761
28;2025-11-13;20;536
28;2025-11-13;21;328
28;2025-11-13;22;119
28;2025-11-13;23;11
28;2025-11-14;0;2
28;2025-11-14;1;0
28;2025-11-14;2;0
28;2025-11-14;3;0
28;2025-11-14;4;2
28;2025-11-14;5;74
28;2025-11-14;6;275
28;2025-11-14;7;847
28;2025-11-14;8;1301
28;2025-11-14;9;834
28;2025-11-14;10;626
28;2025-11-14;11;599
28;2025-11-14;12;789
28;2025-11-14;13;718
28;2025-11-14;14;706
28;2025-11-14;15;724
28;2025-11-14;16;952
28;2025-11-14;17;997
28;2025-11-14;18;872
28;2025-11-14;19;650
28;2025-11-14;20;423
28;2025-11-14;21;328
28;2025-11-14;22;127
28;2025-11-14;23;19
28;2025-11-15;0;2
28;2025-11-15;1;0
28;2025-11-15;2;0
28;2025-11-15;3;0
28;2025-11-15;4;1
28;2025-11-15;5;36
28;2025-11-15;6;100
28;2025-11-15;7;219
28;2025-11-15;8;380
28;2025-11-15;9;428
28;2025-11-15;10;467
28;2025-11-15;11;472
28;2025-11-15;12;560
28;2025-11-15;13;564
28;2025-11-15;14;524
28;2025-11-15;15;567
28;2025-11-15;16;570
28;2025-11-15;17;548
28;2025-11-15;18;472
28;2025-11-15;19;358
28;2025-11-15;20;265
28;2025-11-15;21;240
28;2025-11-15;22;96
28;2025-11-15;23;11
28;2025-11-16;0;2
28;2025-11-16;1;0
28;2025-11-16;2;0
28;2025-11-16;3;0
28;2025-11-16;4;0
28;2025-11-16;5;29
28;2025-11-16;6;74
28;2025-11-16;7;161
28;2025-11-16;8;249
28;2025-11-16;9;344
28;2025-11-16;10;388
28;2025-11-16;11;425
28;2025-11-16;12;439
28;2025-11-16;13;535
28;2025-11-16;14;507
28;2025-11-16;15;503
28;2025-11-16;16;450
28;2025-11-16;17;486
28;2025-11-16;18;416
28;2025-11-16;19;377
28;2025-11-16;20;284
28;2025-11-16;21;228
28;2025-11-16;22;108
28;2025-11-16;23;13
28;2025-11-17;0;0
28;2025-11-17;1;1
28;2025-11-17;2;0
28;2025-11-17;3;0
28;2025-11-17;4;2
28;2025-11-17;5;72
28;2025-11-17;6;249
28;2025-11-17;7;720
28;2025-11-17;8;1236
28;2025-11-17;9;808
28;2025-11-17;10;608
28;2025-11-17;11;520
28;2025-11-17;12;679
28;2025-11-17;13;661
28;2025-11-17;14;619
28;2025-11-17;15;598
28;2025-11-17;16;863
28;2025-11-17;17;967
28;2025-11-17;18;920
28;2025-11-17;19;686
28;2025-11-17;20;442
28;2025-11-17;21;282
28;2025-11-17;22;100
28;2025-11-17;23;3
28;2025-11-18;0;0
28;2025-11-18;1;0
28;2025-11-18;2;0
28;2025-11-18;3;0
28;2025-11-18;4;1
28;2025-11-18;5;77
28;2025-11-18;6;247
28;2025-11-18;7;787
28;2025-11-18;8;1301
28;2025-11-18;9;832
28;2025-11-18;10;615
28;2025-11-18;11;564
28;2025-11-18;12;699
28;2025-11-18;13;694
28;2025-11-18;14;665
28;2025-11-18;15;697
28;2025-11-18;16;889
28;2025-11-18;17;1064
28;2025-11-18;18;1042
28;2025-11-18;19;761
28;2025-11-18;20;536
28;2025-11-18;21;328
28;2025-11-18;22;119
28;2025-11-18;23;11
28;2025-11-19;0;0
28;2025-11-19;1;0
28;2025-11-19;2;0
28;2025-11-19;3;0
28;2025-11-19;4;1
28;2025-11-19;5;77
28;2025-11-19;6;247
28;2025-11-19;7;787
28;2025-11-19;8;1301
28;2025-11-19;9;832
28;2025-11-19;10;615
28;2025-11-19;11;564
28;2025-11-19;12;699
28;2025-11-19;13;694
28;2025-11-19;14;665
28;2025-11-19;15;697
28;2025-11-19;16;889
28;2025-11-19;17;1064
28;2025-11-19;18;1042
28;2025-11-19;19;761
28;2025-11-19;20;536
28;2025-11-19;21;328
28;2025-11-19;22;119
28;2025-11-19;23;11
28;2025-11-20;0;0
28;2025-11-20;1;0
28;2025-11-20;2;0
28;2025-11-20;3;0
28;2025-11-20;4;1
28;2025-11-20;5;77
28;2025-11-20;6;247
28;2025-11-20;7;787
28;2025-11-20;8;1301
28;2025-11-20;9;832
28;2025-11-20;10;615
28;2025-11-20;11;564
28;2025-11-20;12;699
28;2025-11-20;13;694
28;2025-11-20;14;665
28;2025-11-20;15;697
28;2025-11-20;16;889
28;2025-11-20;17;1064
28;2025-11-20;18;1042
28;2025-11-20;19;761
28;2025-11-20;20;536
28;2025-11-20;21;328
28;2025-11-20;22;119
28;2025-11-20;23;11
28;2025-11-21;0;2
28;2025-11-21;1;0
28;2025-11-21;2;0
28;2025-11-21;3;0
28;2025-11-21;4;2
28;2025-11-21;5;74
28;2025-11-21;6;275
28;2025-11-21;7;847
28;2025-11-21;8;1301
28;2025-11-21;9;834
28;2025-11-21;10;626
28;2025-11-21;11;599
28;2025-11-21;12;789
28;2025-11-21;13;718
28;2025-11-21;14;706
28;2025-11-21;15;724
28;2025-11-21;16;952
28;2025-11-21;17;997
28;2025-11-21;18;872
28;2025-11-21;19;650
28;2025-11-21;20;423
28;2025-11-21;21;328
28;2025-11-21;22;127
28;2025-11-21;23;19
28;2025-11-22;0;2
28;2025-11-22;1;0
28;2025-11-22;2;0
28;2025-11-22;3;0
28;2025-11-22;4;1
28;2025-11-22;5;38
28;2025-11-22;6;105
28;2025-11-22;7;230
28;2025-11-22;8;401
28;2025-11-22;9;452
28;2025-11-22;10;493
28;2025-11-22;11;498
28;2025-11-22;12;590
28;2025-11-22;13;596
28;2025-11-22;14;553
28;2025-11-22;15;599
28;2025-11-22;16;602
28;2025-11-22;17;577
28;2025-11-22;18;499
28;2025-11-22;19;377
28;2025-11-22;20;279
28;2025-11-22;21;254
28;2025-11-22;22;101
28;2025-11-22;23;12
28;2025-11-23;0;2
28;2025-11-23;1;0
28;2025-11-23;2;0
28;2025-11-23;3;0
28;2025-11-23;4;0
28;2025-11-23;5;29
28;2025-11-23;6;74
28;2025-11-23;7;161
28;2025-11-23;8;249
28;2025-11-23;9;344
28;2025-11-23;10;388
28;2025-11-23;11;425
28;2025-11-23;12;439
28;2025-11-23;13;535
28;2025-11-23;14;507
28;2025-11-23;15;503
28;2025-11-23;16;450
28;2025-11-23;17;486
28;2025-11-23;18;416
28;2025-11-23;19;377
28;2025-11-23;20;284
28;2025-11-23;21;228
28;2025-11-23;22;108
28;2025-11-23;23;13
28;2025-11-24;0;0
28;2025-11-24;1;1
28;2025-11-24;2;0
28;2025-11-24;3;0
28;2025-11-24;4;2
28;2025-11-24;5;72
28;2025-11-24;6;249
28;2025-11-24;7;720
28;2025-11-24;8;1236
28;2025-11-24;9;808
28;2025-11-24;10;608
28;2025-11-24;11;520
28;2025-11-24;12;679
28;2025-11-24;13;661
28;2025-11-24;14;619
28;2025-11-24;15;598
28;2025-11-24;16;863
28;2025-11-24;17;967
28;2025-11-24;18;920
28;2025-11-24;19;686
28;2025-11-24;20;442
28;2025-11-24;21;282
28;2025-11-24;22;100
28;2025-11-24;23;3
28;2025-11-25;0;0
28;2025-11-25;1;0
28;2025-11-25;2;0
28;2025-11-25;3;0
28;2025-11-25;4;1
28;2025-11-25;5;77
28;2025-11-25;6;247
28;2025-11-25;7;787
28;2025-11-25;8;1301
28;2025-11-25;9;832
28;2025-11-25;10;615
28;2025-11-25;11;564
28;2025-11-25;12;699
28;2025-11-25;13;694
28;2025-11-25;14;665
28;2025-11-25;15;697
28;2025-11-25;16;889
28;2025-11-25;17;1064
28;2025-11-25;18;1042
28;2025-11-25;19;761
28;2025-11-25;20;536
28;2025-11-25;21;328
28;2025-11-25;22;119
28;2025-11-25;23;11
28;2025-11-26;0;0
28;2025-11-26;1;0
28;2025-11-26;2;0
28;2025-11-26;3;0
28;2025-11-26;4;1
28;2025-11-26;5;77
28;2025-11-26;6;247
28;2025-11-26;7;787
28;2025-11-26;8;1301
28;2025-11-26;9;832
28;2025-11-26;10;615
28;2025-11-26;11;564
28;2025-11-26;12;699
28;2025-11-26;13;694
28;2025-11-26;14;665
28;2025-11-26;15;697
28;2025-11-26;16;889
28;2025-11-26;17;1064
28;2025-11-26;18;1042
28;2025-11-26;19;761
28;2025-11-26;20;536
28;2025-11-26;21;328
28;2025-11-26;22;119
28;2025-11-26;23;11
28;2025-11-27;0;0
28;2025-11-27;1;0
28;2025-11-27;2;0
28;2025-11-27;3;0
28;2025-11-27;4;1
28;2025-11-27;5;77
28;2025-11-27;6;247
28;2025-11-27;7;787
28;2025-11-27;8;1301
28;2025-11-27;9;832
28;2025-11-27;10;615
28;2025-11-27;11;564
28;2025-11-27;12;699
28;2025-11-27;13;694
28;2025-11-27;14;665
28;2025-11-27;15;697
28;2025-11-27;16;889
28;2025-11-27;17;1064
28;2025-11-27;18;1042
28;2025-11-27;19;761
28;2025-11-27;20;536
28;2025-11-27;21;328
28;2025-11-27;22;119
28;2025-11-27;23;11
28;2025-11-28;0;2
28;2025-11-28;1;0
28;2025-11-28;2;0
28;2025-11-28;3;0
28;2025-11-28;4;2
28;2025-11-28;5;74
28;2025-11-28;6;275
28;2025-11-28;7;847
28;2025-11-28;8;1301
28;2025-11-28;9;834
28;2025-11-28;10;626
28;2025-11-28;11;599
28;2025-11-28;12;789
28;2025-11-28;13;718
28;2025-11-28;14;706
28;2025-11-28;15;724
28;2025-11-28;16;952
28;2025-11-28;17;997
28;2025-11-28;18;872
28;2025-11-28;19;650
28;2025-11-28;20;423
28;2025-11-28;21;328
28;2025-11-28;22;127
28;2025-11-28;23;19
28;2025-11-29;0;2
28;2025-11-29;1;0
28;2025-11-29;2;0
28;2025-11-29;3;0
28;2025-11-29;4;1
28;2025-11-29;5;38
28;2025-11-29;6;105
28;2025-11-29;7;230
28;2025-11-29;8;401
28;2025-11-29;9;452
28;2025-11-29;10;493
28;2025-11-29;11;498
28;2025-11-29;12;590
28;2025-11-29;13;596
28;2025-11-29;14;553
28;2025-11-29;15;599
28;2025-11-29;16;602
28;2025-11-29;17;577
28;2025-11-29;18;499
28;2025-11-29;19;377
28;2025-11-29;20;279
28;2025-11-29;21;254
28;2025-11-29;22;101
28;2025-11-29;23;12
28;2025-11-30;0;2
28;2025-11-30;1;0
28;2025-11-30;2;0
28;2025-11-30;3;0
28;2025-11-30;4;0
28;2025-11-30;5;29
28;2025-11-30;6;74
28;2025-11-30;7;161
28;2025-11-30;8;249
28;2025-11-30;9;344
28;2025-11-30;10;388
28;2025-11-30;11;425
28;2025-11-30;12;439
28;2025-11-30;13;535
28;2025-11-30;14;507
28;2025-11-30;15;503
28;2025-11-30;16;450
28;2025-11-30;17;486
28;2025-11-30;18;416
28;2025-11-30;19;377
28;2025-11-30;20;284
28;2025-11-30;21;228
28;2025-11-30;22;108
28;2025-11-30;23;13
28;2025-12-01;0;0
28;2025-12-01;1;1
28;2025-12-01;2;0
28;2025-12-01;3;0
28;2025-12-01;4;2
28;2025-12-01;5;72
28;2025-12-01;6;249
28;2025-12-01;7;720
28;2025-12-01;8;1236
28;2025-12-01;9;808
28;2025-12-01;10;608
28;2025-12-01;11;520
28;2025-12-01;12;679
28;2025-12-01;13;661
28;2025-12-01;14;619
28;2025-12-01;15;598
28;2025-12-01;16;863
28;2025-12-01;17;967
28;2025-12-01;18;920
28;2025-12-01;19;686
28;2025-12-01;20;442
28;2025-12-01;21;282
28;2025-12-01;22;100
28;2025-12-01;23;3
28;2025-12-02;0;0
28;2025-12-02;1;0
28;2025-12-02;2;0
28;2025-12-02;3;0
28;2025-12-02;4;1
28;2025-12-02;5;77
28;2025-12-02;6;247
28;2025-12-02;7;787
28;2025-12-02;8;1301
28;2025-12-02;9;832
28;2025-12-02;10;615
28;2025-12-02;11;564
28;2025-12-02;12;699
28;2025-12-02;13;694
28;2025-12-02;14;665
28;2025-12-02;15;697
28;2025-12-02;16;889
28;2025-12-02;17;1064
28;2025-12-02;18;1042
28;2025-12-02;19;761
28;2025-12-02;20;536
28;2025-12-02;21;328
28;2025-12-02;22;119
28;2025-12-02;23;11
28;2025-12-03;0;0
28;2025-12-03;1;0
28;2025-12-03;2;0
28;2025-12-03;3;0
28;2025-12-03;4;1
28;2025-12-03;5;77
28;2025-12-03;6;247
28;2025-12-03;7;787
28;2025-12-03;8;1301
28;2025-12-03;9;832
28;2025-12-03;10;615
28;2025-12-03;11;564
28;2025-12-03;12;699
28;2025-12-03;13;694
28;2025-12-03;14;665
28;2025-12-03;15;697
28;2025-12-03;16;889
28;2025-12-03;17;1064
28;2025-12-03;18;1042
28;2025-12-03;19;761
28;2025-12-03;20;536
28;2025-12-03;21;328
28;2025-12-03;22;119
28;2025-12-03;23;11
28;2025-12-04;0;0
28;2025-12-04;1;0
28;2025-12-04;2;0
28;2025-12-04;3;0
28;2025-12-04;4;1
28;2025-12-04;5;77
28;2025-12-04;6;247
28;2025-12-04;7;787
28;2025-12-04;8;1301
28;2025-12-04;9;832
28;2025-12-04;10;615
28;2025-12-04;11;564
28;2025-12-04;12;699
28;2025-12-04;13;694
28;2025-12-04;14;665
28;2025-12-04;15;697
28;2025-12-04;16;889
28;2025-12-04;17;1064
28;2025-12-04;18;1042
28;2025-12-04;19;761
28;2025-12-04;20;536
28;2025-12-04;21;328
28;2025-12-04;22;119
28;2025-12-04;23;11
28;2025-12-05;0;2
28;2025-12-05;1;0
28;2025-12-05;2;0
28;2025-12-05;3;0
28;2025-12-05;4;2
28;2025-12-05;5;74
28;2025-12-05;6;275
28;2025-12-05;7;847
28;2025-12-05;8;1301
28;2025-12-05;9;834
28;2025-12-05;10;626
28;2025-12-05;11;599
28;2025-12-05;12;789
28;2025-12-05;13;718
28;2025-12-05;14;706
28;2025-12-05;15;724
28;2025-12-05;16;952
28;2025-12-05;17;997
28;2025-12-05;18;872
28;2025-12-05;19;650
28;2025-12-05;20;423
28;2025-12-05;21;328
28;2025-12-05;22;127
28;2025-12-05;23;19
28;2025-12-06;0;2
28;2025-12-06;1;0
28;2025-12-06;2;0
28;2025-12-06;3;0
28;2025-12-06;4;1
28;2025-12-06;5;38
28;2025-12-06;6;105
28;2025-12-06;7;230
28;2025-12-06;8;401
28;2025-12-06;9;452
28;2025-12-06;10;493
28;2025-12-06;11;498
28;2025-12-06;12;590
28;2025-12-06;13;596
28;2025-12-06;14;553
28;2025-12-06;15;599
28;2025-12-06;16;602
28;2025-12-06;17;577
28;2025-12-06;18;499
28;2025-12-06;19;377
28;2025-12-06;20;279
28;2025-12-06;21;254
28;2025-12-06;22;101
28;2025-12-06;23;12
28;2025-12-07;0;2
28;2025-12-07;1;0
28;2025-12-07;2;0
28;2025-12-07;3;0
28;2025-12-07;4;0
28;2025-12-07;5;29
28;2025-12-07;6;74
28;2025-12-07;7;161
28;2025-12-07;8;249
28;2025-12-07;9;344
28;2025-12-07;10;388
28;2025-12-07;11;425
28;2025-12-07;12;439
28;2025-12-07;13;535
28;2025-12-07;14;507
28;2025-12-07;15;503
28;2025-12-07;16;450
28;2025-12-07;17;486
28;2025-12-07;18;416
28;2025-12-07;19;377
28;2025-12-07;20;284
28;2025-12-07;21;228
28;2025-12-07;22;108
28;2025-12-07;23;13
28;2025-12-08;0;0
28;2025-12-08;1;1
28;2025-12-08;2;0
28;2025-12-08;3;0
28;2025-12-08;4;2
28;2025-12-08;5;72
28;2025-12-08;6;249
28;2025-12-08;7;720
28;2025-12-08;8;1236
28;2025-12-08;9;808
28;2025-12-08;10;608
28;2025-12-08;11;520
28;2025-12-08;12;679
28;2025-12-08;13;661
28;2025-12-08;14;619
28;2025-12-08;15;598
28;2025-12-08;16;863
28;2025-12-08;17;967
28;2025-12-08;18;920
28;2025-12-08;19;686
28;2025-12-08;20;442
28;2025-12-08;21;282
28;2025-12-08;22;100
28;2025-12-08;23;3
28;2025-12-09;0;0
28;2025-12-09;1;0
28;2025-12-09;2;0
28;2025-12-09;3;0
28;2025-12-09;4;1
28;2025-12-09;5;77
28;2025-12-09;6;247
28;2025-12-09;7;787
28;2025-12-09;8;1301
28;2025-12-09;9;832
28;2025-12-09;10;615
28;2025-12-09;11;564
28;2025-12-09;12;699
28;2025-12-09;13;694
28;2025-12-09;14;665
28;2025-12-09;15;697
28;2025-12-09;16;889
28;2025-12-09;17;1064
28;2025-12-09;18;1042
28;2025-12-09;19;761
28;2025-12-09;20;536
28;2025-12-09;21;328
28;2025-12-09;22;119
28;2025-12-09;23;11
28;2025-12-10;0;0
28;2025-12-10;1;0
28;2025-12-10;2;0
28;2025-12-10;3;0
28;2025-12-10;4;1
28;2025-12-10;5;77
28;2025-12-10;6;247
28;2025-12-10;7;787
28;2025-12-10;8;1301
28;2025-12-10;9;832
28;2025-12-10;10;615
28;2025-12-10;11;564
28;2025-12-10;12;699
28;2025-12-10;13;694
28;2025-12-10;14;665
28;2025-12-10;15;697
28;2025-12-10;16;889
28;2025-12-10;17;1064
28;2025-12-10;18;1042
28;2025-12-10;19;761
28;2025-12-10;20;536
28;2025-12-10;21;328
28;2025-12-10;22;119
28;2025-12-10;23;11
28;2025-12-11;0;0
28;2025-12-11;1;0
28;2025-12-11;2;0
28;2025-12-11;3;0
28;2025-12-11;4;1
28;2025-12-11;5;77
28;2025-12-11;6;247
28;2025-12-11;7;787
28;2025-12-11;8;1301
28;2025-12-11;9;832
28;2025-12-11;10;615
28;2025-12-11;11;564
28;2025-12-11;12;699
28;2025-12-11;13;694
28;2025-12-11;14;665
28;2025-12-11;15;697
28;2025-12-11;16;889
28;2025-12-11;17;1064
28;2025-12-11;18;1042
28;2025-12-11;19;761
28;2025-12-11;20;536
28;2025-12-11;21;328
28;2025-12-11;22;119
28;2025-12-11;23;11
28;2025-12-12;0;2
28;2025-12-12;1;0
28;2025-12-12;2;0
28;2025-12-12;3;0
28;2025-12-12;4;2
28;2025-12-12;5;74
28;2025-12-12;6;275
28;2025-12-12;7;847
28;2025-12-12;8;1301
28;2025-12-12;9;834
28;2025-12-12;10;626
28;2025-12-12;11;599
28;2025-12-12;12;789
28;2025-12-12;13;718
28;2025-12-12;14;706
28;2025-12-12;15;724
28;2025-12-12;16;952
28;2025-12-12;17;997
28;2025-12-12;18;872
28;2025-12-12;19;650
28;2025-12-12;20;423
28;2025-12-12;21;328
28;2025-12-12;22;127
28;2025-12-12;23;19
28;2025-12-13;0;2
28;2025-12-13;1;0
28;2025-12-13;2;0
28;2025-12-13;3;0
28;2025-12-13;4;1
28;2025-12-13;5;38
28;2025-12-13;6;105
28;2025-12-13;7;230
28;2025-12-13;8;401
28;2025-12-13;9;452
28;2025-12-13;10;493
28;2025-12-13;11;498
28;2025-12-13;12;590
28;2025-12-13;13;596
28;2025-12-13;14;553
28;2025-12-13;15;599
28;2025-12-13;16;602
28;2025-12-13;17;577
28;2025-12-13;18;499
28;2025-12-13;19;377
28;2025-12-13;20;279
28;2025-12-13;21;254
28;2025-12-13;22;101
28;2025-12-13;23;12
28;2025-12-14;0;2
28;2025-12-14;1;0
28;2025-12-14;2;0
28;2025-12-14;3;0
28;2025-12-14;4;0
28;2025-12-14;5;29
28;2025-12-14;6;74
28;2025-12-14;7;161
28;2025-12-14;8;249
28;2025-12-14;9;344
28;2025-12-14;10;388
28;2025-12-14;11;425
28;2025-12-14;12;439
28;2025-12-14;13;535
28;2025-12-14;14;507
28;2025-12-14;15;503
28;2025-12-14;16;450
28;2025-12-14;17;486
28;2025-12-14;18;416
28;2025-12-14;19;377
28;2025-12-14;20;284
28;2025-12-14;21;228
28;2025-12-14;22;108
28;2025-12-14;23;13
28;2025-12-15;0;0
28;2025-12-15;1;1
28;2025-12-15;2;0
28;2025-12-15;3;0
28;2025-12-15;4;2
28;2025-12-15;5;72
28;2025-12-15;6;249
28;2025-12-15;7;720
28;2025-12-15;8;1236
28;2025-12-15;9;808
28;2025-12-15;10;608
28;2025-12-15;11;520
28;2025-12-15;12;679
28;2025-12-15;13;661
28;2025-12-15;14;619
28;2025-12-15;15;598
28;2025-12-15;16;863
28;2025-12-15;17;967
28;2025-12-15;18;920
28;2025-12-15;19;686
28;2025-12-15;20;442
28;2025-12-15;21;282
28;2025-12-15;22;100
28;2025-12-15;23;3
28;2025-12-16;0;0
28;2025-12-16;1;0
28;2025-12-16;2;0
28;2025-12-16;3;0
28;2025-12-16;4;1
28;2025-12-16;5;77
28;2025-12-16;6;247
28;2025-12-16;7;787
28;2025-12-16;8;1301
28;2025-12-16;9;832
28;2025-12-16;10;615
28;2025-12-16;11;564
28;2025-12-16;12;699
28;2025-12-16;13;694
28;2025-12-16;14;665
28;2025-12-16;15;697
28;2025-12-16;16;889
28;2025-12-16;17;1064
28;2025-12-16;18;1042
28;2025-12-16;19;761
28;2025-12-16;20;536
28;2025-12-16;21;328
28;2025-12-16;22;119
28;2025-12-16;23;11
28;2025-12-17;0;0
28;2025-12-17;1;0
28;2025-12-17;2;0
28;2025-12-17;3;0
28;2025-12-17;4;1
28;2025-12-17;5;77
28;2025-12-17;6;247
28;2025-12-17;7;787
28;2025-12-17;8;1301
28;2025-12-17;9;832
28;2025-12-17;10;615
28;2025-12-17;11;564
28;2025-12-17;12;699
28;2025-12-17;13;694
28;2025-12-17;14;665
28;2025-12-17;15;697
28;2025-12-17;16;889
28;2025-12-17;17;1064
28;2025-12-17;18;1042
28;2025-12-17;19;761
28;2025-12-17;20;536
28;2025-12-17;21;328
28;2025-12-17;22;119
28;2025-12-17;23;11
28;2025-12-18;0;0
28;2025-12-18;1;0
28;2025-12-18;2;0
28;2025-12-18;3;0
28;2025-12-18;4;1
28;2025-12-18;5;77
28;2025-12-18;6;247
28;2025-12-18;7;787
28;2025-12-18;8;1301
28;2025-12-18;9;832
28;2025-12-18;10;615
28;2025-12-18;11;564
28;2025-12-18;12;699
28;2025-12-18;13;694
28;2025-12-18;14;665
28;2025-12-18;15;697
28;2025-12-18;16;889
28;2025-12-18;17;1064
28;2025-12-18;18;1042
28;2025-12-18;19;761
28;2025-12-18;20;536
28;2025-12-18;21;328
28;2025-12-18;22;119
28;2025-12-18;23;11
28;2025-12-19;0;2
28;2025-12-19;1;0
28;2025-12-19;2;0
28;2025-12-19;3;0
28;2025-12-19;4;2
28;2025-12-19;5;74
28;2025-12-19;6;275
28;2025-12-19;7;847
28;2025-12-19;8;1301
28;2025-12-19;9;834
28;2025-12-19;10;626
28;2025-12-19;11;599
28;2025-12-19;12;789
28;2025-12-19;13;718
28;2025-12-19;14;706
28;2025-12-19;15;724
28;2025-12-19;16;952
28;2025-12-19;17;997
28;2025-12-19;18;872
28;2025-12-19;19;650
28;2025-12-19;20;423
28;2025-12-19;21;328
28;2025-12-19;22;127
28;2025-12-19;23;19
28;2025-12-20;0;2
28;2025-12-20;1;0
28;2025-12-20;2;0
28;2025-12-20;3;0
28;2025-12-20;4;1
28;2025-12-20;5;38
28;2025-12-20;6;105
28;2025-12-20;7;230
28;2025-12-20;8;401
28;2025-12-20;9;452
28;2025-12-20;10;493
28;2025-12-20;11;498
28;2025-12-20;12;590
28;2025-12-20;13;596
28;2025-12-20;14;553
28;2025-12-20;15;599
28;2025-12-20;16;602
28;2025-12-20;17;577
28;2025-12-20;18;499
28;2025-12-20;19;377
28;2025-12-20;20;279
28;2025-12-20;21;254
28;2025-12-20;22;101
28;2025-12-20;23;12
28;2025-12-21;0;2
28;2025-12-21;1;0
28;2025-12-21;2;0
28;2025-12-21;3;0
28;2025-12-21;4;0
28;2025-12-21;5;29
28;2025-12-21;6;74
28;2025-12-21;7;161
28;2025-12-21;8;249
28;2025-12-21;9;344
28;2025-12-21;10;388
28;2025-12-21;11;425
28;2025-12-21;12;439
28;2025-12-21;13;535
28;2025-12-21;14;507
28;2025-12-21;15;503
28;2025-12-21;16;450
28;2025-12-21;17;486
28;2025-12-21;18;416
28;2025-12-21;19;377
28;2025-12-21;20;284
28;2025-12-21;21;228
28;2025-12-21;22;108
28;2025-12-21;23;13
28;2025-12-22;0;0
28;2025-12-22;1;1
28;2025-12-22;2;0
28;2025-12-22;3;0
28;2025-12-22;4;2
28;2025-12-22;5;72
28;2025-12-22;6;249
28;2025-12-22;7;720
28;2025-12-22;8;1236
28;2025-12-22;9;808
28;2025-12-22;10;608
28;2025-12-22;11;520
28;2025-12-22;12;679
28;2025-12-22;13;661
28;2025-12-22;14;619
28;2025-12-22;15;598
28;2025-12-22;16;863
28;2025-12-22;17;967
28;2025-12-22;18;920
28;2025-12-22;19;686
28;2025-12-22;20;442
28;2025-12-22;21;282
28;2025-12-22;22;100
28;2025-12-22;23;3
28;2025-12-23;0;0
28;2025-12-23;1;0
28;2025-12-23;2;0
28;2025-12-23;3;0
28;2025-12-23;4;1
28;2025-12-23;5;77
28;2025-12-23;6;247
28;2025-12-23;7;787
28;2025-12-23;8;1301
28;2025-12-23;9;832
28;2025-12-23;10;615
28;2025-12-23;11;564
28;2025-12-23;12;699
28;2025-12-23;13;694
28;2025-12-23;14;665
28;2025-12-23;15;697
28;2025-12-23;16;889
28;2025-12-23;17;1064
28;2025-12-23;18;1042
28;2025-12-23;19;761
28;2025-12-23;20;536
28;2025-12-23;21;328
28;2025-12-23;22;119
28;2025-12-23;23;11
28;2025-12-24;0;0
28;2025-12-24;1;0
28;2025-12-24;2;0
28;2025-12-24;3;0
28;2025-12-24;4;1
28;2025-12-24;5;77
28;2025-12-24;6;247
28;2025-12-24;7;787
28;2025-12-24;8;1301
28;2025-12-24;9;832
28;2025-12-24;10;615
28;2025-12-24;11;564
28;2025-12-24;12;699
28;2025-12-24;13;694
28;2025-12-24;14;665
28;2025-12-24;15;697
28;2025-12-24;16;889
28;2025-12-24;17;1064
28;2025-12-24;18;1042
28;2025-12-24;19;761
28;2025-12-24;20;536
28;2025-12-24;21;328
28;2025-12-24;22;119
28;2025-12-24;23;11
28;2025-12-25;0;0
28;2025-12-25;1;0
28;2025-12-25;2;0
28;2025-12-25;3;0
28;2025-12-25;4;1
28;2025-12-25;5;77
28;2025-12-25;6;247
28;2025-12-25;7;787
28;2025-12-25;8;1301
28;2025-12-25;9;832
28;2025-12-25;10;615
28;2025-12-25;11;564
28;2025-12-25;12;699
28;2025-12-25;13;694
28;2025-12-25;14;665
28;2025-12-25;15;697
28;2025-12-25;16;889
28;2025-12-25;17;1064
28;2025-12-25;18;1042
28;2025-12-25;19;761
28;2025-12-25;20;536
28;2025-12-25;21;328
28;2025-12-25;22;119
28;2025-12-25;23;11
28;2025-12-26;0;2
28;2025-12-26;1;0
28;2025-12-26;2;0
28;2025-12-26;3;0
28;2025-12-26;4;2
28;2025-12-26;5;74
28;2025-12-26;6;275
28;2025-12-26;7;847
28;2025-12-26;8;1301
28;2025-12-26;9;834
28;2025-12-26;10;626
28;2025-12-26;11;599
28;2025-12-26;12;789
28;2025-12-26;13;718
28;2025-12-26;14;706
28;2025-12-26;15;724
28;2025-12-26;16;952
28;2025-12-26;17;997
28;2025-12-26;18;872
28;2025-12-26;19;650
28;2025-12-26;20;423
28;2025-12-26;21;328
28;2025-12-26;22;127
28;2025-12-26;23;19
28;2025-12-27;0;2
28;2025-12-27;1;0
28;2025-12-27;2;0
28;2025-12-27;3;0
28;2025-12-27;4;1
28;2025-12-27;5;38
28;2025-12-27;6;105
28;2025-12-27;7;230
28;2025-12-27;8;401
28;2025-12-27;9;452
28;2025-12-27;10;493
28;2025-12-27;11;498
28;2025-12-27;12;590
28;2025-12-27;13;596
28;2025-12-27;14;553
28;2025-12-27;15;599
28;2025-12-27;16;602
28;2025-12-27;17;577
28;2025-12-27;18;499
28;2025-12-27;19;377
28;2025-12-27;20;279
28;2025-12-27;21;254
28;2025-12-27;22;101
28;2025-12-27;23;12
28;2025-12-28;0;2
28;2025-12-28;1;0
28;2025-12-28;2;0
28;2025-12-28;3;0
28;2025-12-28;4;0
28;2025-12-28;5;29
28;2025-12-28;6;74
28;2025-12-28;7;161
28;2025-12-28;8;249
28;2025-12-28;9;344
28;2025-12-28;10;388
28;2025-12-28;11;425
28;2025-12-28;12;439
28;2025-12-28;13;535
28;2025-12-28;14;507
28;2025-12-28;15;503
28;2025-12-28;16;450
28;2025-12-28;17;486
28;2025-12-28;18;416
28;2025-12-28;19;377
28;2025-12-28;20;284
28;2025-12-28;21;228
28;2025-12-28;22;108
28;2025-12-28;23;13
28;2025-12-29;0;2
28;2025-12-29;1;0
28;2025-12-29;2;0
28;2025-12-29;3;0
28;2025-12-29;4;1
28;2025-12-29;5;65
28;2025-12-29;6;237
28;2025-12-29;7;728
28;2025-12-29;8;1119
28;2025-12-29;9;717
28;2025-12-29;10;538
28;2025-12-29;11;514
28;2025-12-29;12;678
28;2025-12-29;13;617
28;2025-12-29;14;608
28;2025-12-29;15;623
28;2025-12-29;16;818
28;2025-12-29;17;858
28;2025-12-29;18;751
28;2025-12-29;19;559
28;2025-12-29;20;364
28;2025-12-29;21;282
28;2025-12-29;22;110
28;2025-12-29;23;16
28;2025-12-30;0;2
28;2025-12-30;1;0
28;2025-12-30;2;0
28;2025-12-30;3;0
28;2025-12-30;4;1
28;2025-12-30;5;65
28;2025-12-30;6;237
28;2025-12-30;7;728
28;2025-12-30;8;1119
28;2025-12-30;9;717
28;2025-12-30;10;538
28;2025-12-30;11;514
28;2025-12-30;12;678
28;2025-12-30;13;617
28;2025-12-30;14;608
28;2025-12-30;15;623
28;2025-12-30;16;818
28;2025-12-30;17;858
28;2025-12-30;18;751
28;2025-12-30;19;559
28;2025-12-30;20;364
28;2025-12-30;21;282
28;2025-12-30;22;110
28;2025-12-30;23;16
28;2025-12-31;0;2
28;2025-12-31;1;0
28;2025-12-31;2;0
28;2025-12-31;3;0
28;2025-12-31;4;1
28;2025-12-31;5;32
28;2025-12-31;6;89
28;2025-12-31;7;196
28;2025-12-31;8;341
28;2025-12-31;9;384
28;2025-12-31;10;419
28;2025-12-31;11;423
28;2025-12-31;12;502
28;2025-12-31;13;507
28;2025-12-31;14;469
28;2025-12-31;15;509
28;2025-12-31;16;512
28;2025-12-31;17;491
28;2025-12-31;18;423
28;2025-12-31;19;176
28;2025-12-31;20;130
28;2025-12-31;21;119
28;2025-12-31;22;47
28;2025-12-31;23;6
50;2025-11-01;0;30
50;2025-11-01;1;1
50;2025-11-01;2;0
50;2025-11-01;3;0
50;2025-11-01;4;3
50;2025-11-01;5;58
50;2025-11-01;6;426
50;2025-11-01;7;1467
50;2025-11-01;8;2320
50;2025-11-01;9;1807
50;2025-11-01;10;1256
50;2025-11-01;11;1263
50;2025-11-01;12;1175
50;2025-11-01;13;1272
50;2025-11-01;14;1212
50;2025-11-01;15;1446
50;2025-11-01;16;1896
50;2025-11-01;17;1796
50;2025-11-01;18;1337
50;2025-11-01;19;992
50;2025-11-01;20;717
50;2025-11-01;21;455
50;2025-11-01;22;225
50;2025-11-01;23;136
50;2025-11-02;0;2
50;2025-11-02;1;0
50;2025-11-02;2;0
50;2025-11-02;3;0
50;2025-11-02;4;0
50;2025-11-02;5;1
50;2025-11-02;6;3
50;2025-11-02;7;5
50;2025-11-02;8;11
50;2025-11-02;9;8
50;2025-11-02;10;22
50;2025-11-02;11;73
50;2025-11-02;12;56
50;2025-11-02;13;68
50;2025-11-02;14;115
50;2025-11-02;15;93
50;2025-11-02;16;110
50;2025-11-02;17;98
50;2025-11-02;18;58
50;2025-11-02;19;64
50;2025-11-02;20;46
50;2025-11-02;21;29
50;2025-11-02;22;34
50;2025-11-02;23;10
50;2025-11-03;0;2
50;2025-11-03;1;0
50;2025-11-03;2;0
50;2025-11-03;3;0
50;2025-11-03;4;0
50;2025-11-03;5;0
50;2025-11-03;6;3
50;2025-11-03;7;5
50;2025-11-03;8;11
50;2025-11-03;9;8
50;2025-11-03;10;21
50;2025-11-03;11;70
50;2025-11-03;12;54
50;2025-11-03;13;66
50;2025-11-03;14;111
50;2025-11-03;15;90
50;2025-11-03;16;106
50;2025-11-03;17;95
50;2025-11-03;18;56
50;2025-11-03;19;61
50;2025-11-03;20;44
50;2025-11-03;21;28
50;2025-11-03;22;33
50;2025-11-03;23;10
50;2025-11-04;0;2
50;2025-11-04;1;0
50;2025-11-04;2;0
50;2025-11-04;3;0
50;2025-11-04;4;0
50;2025-11-04;5;0
50;2025-11-04;6;3
50;2025-11-04;7;5
50;2025-11-04;8;11
50;2025-11-04;9;8
50;2025-11-04;10;21
50;2025-11-04;11;70
50;2025-11-04;12;54
50;2025-11-04;13;66
50;2025-11-04;14;111
50;2025-11-04;15;90
50;2025-11-04;16;106
50;2025-11-04;17;95
50;2025-11-04;18;56
50;2025-11-04;19;61
50;2025-11-04;20;44
50;2025-11-04;21;28
50;2025-11-04;22;33
50;2025-11-04;23;10
50;2025-11-05;0;29
50;2025-11-05;1;2
50;2025-11-05;2;0
50;2025-11-05;3;0
50;2025-11-05;4;3
50;2025-11-05;5;74
50;2025-11-05;6;516
50;2025-11-05;7;1645
50;2025-11-05;8;2744
50;2025-11-05;9;2121
50;2025-11-05;10;1690
50;2025-11-05;11;1491
50;2025-11-05;12;1434
50;2025-11-05;13;1493
50;2025-11-05;14;1399
50;2025-11-05;15;1637
50;2025-11-05;16;1635
50;2025-11-05;17;2378
50;2025-11-05;18;2386
50;2025-11-05;19;1429
50;2025-11-05;20;924
50;2025-11-05;21;630
50;2025-11-05;22;239
50;2025-11-05;23;146
50;2025-11-06;0;29
50;2025-11-06;1;2
50;2025-11-06;2;0
50;2025-11-06;3;0
50;2025-11-06;4;3
50;2025-11-06;5;74
50;2025-11-06;6;516
50;2025-11-06;7;1645
50;2025-11-06;8;2744
50;2025-11-06;9;2121
50;2025-11-06;10;1690
50;2025-11-06;11;1491
50;2025-11-06;12;1434
50;2025-11-06;13;1493
50;2025-11-06;14;1399
50;2025-11-06;15;1637
50;2025-11-06;16;1635
50;2025-11-06;17;2378
50;2025-11-06;18;2386
50;2025-11-06;19;1429
50;2025-11-06;20;924
50;2025-11-06;21;630
50;2025-11-06;22;239
50;2025-11-06;23;146
50;2025-11-07;0;35
50;2025-11-07;1;1
50;2025-11-07;2;0
50;2025-11-07;3;0
50;2025-11-07;4;4
50;2025-11-07;5;68
50;2025-11-07;6;501
50;2025-11-07;7;1726
50;2025-11-07;8;2729
50;2025-11-07;9;2126
50;2025-11-07;10;1479
50;2025-11-07;11;1487
50;2025-11-07;12;1382
50;2025-11-07;13;1496
50;2025-11-07;14;1427
50;2025-11-07;15;1702
50;2025-11-07;16;2230
50;2025-11-07;17;2114
50;2025-11-07;18;1572
50;2025-11-07;19;1167
50;2025-11-07;20;844
50;2025-11-07;21;535
50;2025-11-07;22;266
50;2025-11-07;23;160
50;2025-11-08;0;50
50;2025-11-08;1;6
50;2025-11-08;2;0
50;2025-11-08;3;2
50;2025-11-08;4;0
50;2025-11-08;5;9
50;2025-11-08;6;11
50;2025-11-08;7;17
50;2025-11-08;8;32
50;2025-11-08;9;64
50;2025-11-08;10;24
50;2025-11-08;11;40
50;2025-11-08;12;73
50;2025-11-08;13;48
50;2025-11-08;14;59
50;2025-11-08;15;86
50;2025-11-08;16;55
50;2025-11-08;17;54
50;2025-11-08;18;14
50;2025-11-08;19;12
50;2025-11-08;20;9
50;2025-11-08;21;9
50;2025-11-08;22;9
50;2025-11-08;23;3
50;2025-11-09;0;2
50;2025-11-09;1;0
50;2025-11-09;2;0
50;2025-11-09;3;0
50;2025-11-09;4;0
50;2025-11-09;5;1
50;2025-11-09;6;3
50;2025-11-09;7;5
50;2025-11-09;8;11
50;2025-11-09;9;8
50;2025-11-09;10;22
50;2025-11-09;11;73
50;2025-11-09;12;56
50;2025-11-09;13;68
50;2025-11-09;14;115
50;2025-11-09;15;93
50;2025-11-09;16;110
50;2025-11-09;17;98
50;2025-11-09;18;58
50;2025-11-09;19;64
50;2025-11-09;20;46
50;2025-11-09;21;29
50;2025-11-09;22;34
50;2025-11-09;23;10
50;2025-11-10;0;8
50;2025-11-10;1;3
50;2025-11-10;2;2
50;2025-11-10;3;0
50;2025-11-10;4;4
50;2025-11-10;5;66
50;2025-11-10;6;509
50;2025-11-10;7;1662
50;2025-11-10;8;2760
50;2025-11-10;9;2224
50;2025-11-10;10;1601
50;2025-11-10;11;1412
50;2025-11-10;12;1288
50;2025-11-10;13;1443
50;2025-11-10;14;1361
50;2025-11-10;15;1618
50;2025-11-10;16;1576
50;2025-11-10;17;2238
50;2025-11-10;18;2452
50;2025-11-10;19;1252
50;2025-11-10;20;850
50;2025-11-10;21;616
50;2025-11-10;22;219
50;2025-11-10;23;118
50;2025-11-11;0;29
50;2025-11-11;1;2
50;2025-11-11;2;0
50;2025-11-11;3;0
50;2025-11-11;4;3
50;2025-11-11;5;74
50;2025-11-11;6;516
50;2025-11-11;7;1645
50;2025-11-11;8;2744
50;2025-11-11;9;2121
50;2025-11-11;10;1690
50;2025-11-11;11;1491
50;2025-11-11;12;1434
50;2025-11-11;13;1493
50;2025-11-11;14;1399
50;2025-11-11;15;1637
50;2025-11-11;16;1635
50;2025-11-11;17;2378
50;2025-11-11;18;2386
50;2025-11-11;19;1429
50;2025-11-11;20;924
50;2025-11-11;21;630
50;2025-11-11;22;239
50;2025-11-11;23;146
50;2025-11-12;0;29
50;2025-11-12;1;2
50;2025-11-12;2;0
50;2025-11-12;3;0
50;2025-11-12;4;3
50;2025-11-12;5;74
50;2025-11-12;6;516
50;2025-11-12;7;1645
50;2025-11-12;8;2744
50;2025-11-12;9;2121
50;2025-11-12;10;1690
50;2025-11-12;11;1491
50;2025-11-12;12;1434
50;2025-11-12;13;1493
50;2025-11-12;14;1399
50;2025-11-12;15;1637
50;2025-11-12;16;1635
50;2025-11-12;17;2378
50;2025-11-12;18;2386
50;2025-11-12;19;1429
50;2025-11-12;20;924
50;2025-11-12;21;630
50;2025-11-12;22;239
50;2025-11-12;23;146
50;2025-11-13;0;29
50;2025-11-13;1;2
50;2025-11-13;2;0
50;2025-11-13;3;0
50;2025-11-13;4;3
50;2025-11-13;5;74
50;2025-11-13;6;516
50;2025-11-13;7;1645
50;2025-11-13;8;2744
50;2025-11-13;9;2121
50;2025-11-13;10;1690
50;2025-11-13;11;1491
50;2025-11-13;12;1434
50;2025-11-13;13;1493
50;2025-11-13;14;1399
50;2025-11-13;15;1637
50;2025-11-13;16;1635
50;2025-11-13;17;2378
50;2025-11-13;18;2386
50;2025-11-13;19;1429
50;2025-11-13;20;924
50;2025-11-13;21;630
50;2025-11-13;22;239
50;2025-11-13;23;146
50;2025-11-14;0;35
50;2025-11-14;1;1
50;2025-11-14;2;0
50;2025-11-14;3;0
50;2025-11-14;4;4
50;2025-11-14;5;68
50;2025-11-14;6;501
50;2025-11-14;7;1726
50;2025-11-14;8;2729
50;2025-11-14;9;2126
50;2025-11-14;10;1479
50;2025-11-14;11;1487
50;2025-11-14;12;1382
50;2025-11-14;13;1496
50;2025-11-14;14;1427
50;2025-11-14;15;1702
50;2025-11-14;16;2230
50;2025-11-14;17;2114
50;2025-11-14;18;1572
50;2025-11-14;19;1167
50;2025-11-14;20;844
50;2025-11-14;21;535
50;2025-11-14;22;266
50;2025-11-14;23;160
50;2025-11-15;0;48
50;2025-11-15;1;6
50;2025-11-15;2;0
50;2025-11-15;3;2
50;2025-11-15;4;0
50;2025-11-15;5;8
50;2025-11-15;6;10
50;2025-11-15;7;16
50;2025-11-15;8;30
50;2025-11-15;9;61
50;2025-11-15;10;23
50;2025-11-15;11;38
50;2025-11-15;12;69
50;2025-11-15;13;45
50;2025-11-15;14;56
50;2025-11-15;15;81
50;2025-11-15;16;52
50;2025-11-15;17;51
50;2025-11-15;18;13
50;2025-11-15;19;12
50;2025-11-15;20;8
50;2025-11-15;21;9
50;2025-11-15;22;9
50;2025-11-15;23;2
50;2025-11-16;0;2
50;2025-11-16;1;0
50;2025-11-16;2;0
50;2025-11-16;3;0
50;2025-11-16;4;0
50;2025-11-16;5;1
50;2025-11-16;6;3
50;2025-11-16;7;5
50;2025-11-16;8;11
50;2025-11-16;9;8
50;2025-11-16;10;22
50;2025-11-16;11;73
50;2025-11-16;12;56
50;2025-11-16;13;68
50;2025-11-16;14;115
50;2025-11-16;15;93
50;2025-11-16;16;110
50;2025-11-16;17;98
50;2025-11-16;18;58
50;2025-11-16;19;64
50;2025-11-16;20;46
50;2025-11-16;21;29
50;2025-11-16;22;34
50;2025-11-16;23;10
50;2025-11-17;0;8
50;2025-11-17;1;3
50;2025-11-17;2;2
50;2025-11-17;3;0
50;2025-11-17;4;4
50;2025-11-17;5;66
50;2025-11-17;6;509
50;2025-11-17;7;1662
50;2025-11-17;8;2760
50;2025-11-17;9;2224
50;2025-11-17;10;1601
50;2025-11-17;11;1412
50;2025-11-17;12;1288
50;2025-11-17;13;1443
50;2025-11-17;14;1361
50;2025-11-17;15;1618
50;2025-11-17;16;1576
50;2025-11-17;17;2238
50;2025-11-17;18;2452
50;2025-11-17;19;1252
50;2025-11-17;20;850
50;2025-11-17;21;616
50;2025-11-17;22;219
50;2025-11-17;23;118
50;2025-11-18;0;29
50;2025-11-18;1;2
50;2025-11-18;2;0
50;2025-11-18;3;0
50;2025-11-18;4;3
50;2025-11-18;5;74
50;2025-11-18;6;516
50;2025-11-18;7;1645
50;2025-11-18;8;2744
50;2025-11-18;9;2121
50;2025-11-18;10;1690
50;2025-11-18;11;1491
50;2025-11-18;12;1434
50;2025-11-18;13;1493
50;2025-11-18;14;1399
50;2025-11-18;15;1637
50;2025-11-18;16;1635
50;2025-11-18;17;2378
50;2025-11-18;18;2386
50;2025-11-18;19;1429
50;2025-11-18;20;924
50;2025-11-18;21;630
50;2025-11-18;22;239
50;2025-11-18;23;146
50;2025-11-19;0;29
50;2025-11-19;1;2
50;2025-11-19;2;0
50;2025-11-19;3;0
50;2025-11-19;4;3
50;2025-11-19;5;74
50;2025-11-19;6;516
50;2025-11-19;7;1645
50;2025-11-19;8;2744
50;2025-11-19;9;2121
50;2025-11-19;10;1690
50;2025-11-19;11;1491
50;2025-11-19;12;1434
50;2025-11-19;13;1493
50;2025-11-19;14;1399
50;2025-11-19;15;1637
50;2025-11-19;16;1635
50;2025-11-19;17;2378
50;2025-11-19;18;2386
50;2025-11-19;19;1429
50;2025-11-19;20;924
50;2025-11-19;21;630
50;2025-11-19;22;239
50;2025-11-19;23;146
50;2025-11-20;0;29
50;2025-11-20;1;2
50;2025-11-20;2;0
50;2025-11-20;3;0
50;2025-11-20;4;3
50;2025-11-20;5;74
50;2025-11-20;6;516
50;2025-11-20;7;1645
50;2025-11-20;8;2744
50;2025-11-20;9;2121
50;2025-11-20;10;1690
50;2025-11-20;11;1491
50;2025-11-20;12;1434
50;2025-11-20;13;1493
50;2025-11-20;14;1399
50;2025-11-20;15;1637
50;2025-11-20;16;1635
50;2025-11-20;17;2378
50;2025-11-20;18;2386
50;2025-11-20;19;1429
50;2025-11-20;20;924
50;2025-11-20;21;630
50;2025-11-20;22;239
50;2025-11-20;23;146
50;2025-11-21;0;35
50;2025-11-21;1;1
50;2025-11-21;2;0
50;2025-11-21;3;0
50;2025-11-21;4;4
50;2025-11-21;5;68
50;2025-11-21;6;501
50;2025-11-21;7;1726
50;2025-11-21;8;2729
50;2025-11-21;9;2126
50;2025-11-21;10;1479
50;2025-11-21;11;1487
50;2025-11-21;12;1382
50;2025-11-21;13;1496
50;2025-11-21;14;1427
50;2025-11-21;15;1702
50;2025-11-21;16;2230
50;2025-11-21;17;2114
50;2025-11-21;18;1572
50;2025-11-21;19;1167
50;2025-11-21;20;844
50;2025-11-21;21;535
50;2025-11-21;22;266
50;2025-11-21;23;160
50;2025-11-22;0;50
50;2025-11-22;1;6
50;2025-11-22;2;0
50;2025-11-22;3;2
50;2025-11-22;4;0
50;2025-11-22;5;9
50;2025-11-22;6;11
50;2025-11-22;7;17
50;2025-11-22;8;32
50;2025-11-22;9;64
50;2025-11-22;10;24
50;2025-11-22;11;40
50;2025-11-22;12;73
50;2025-11-22;13;48
50;2025-11-22;14;59
50;2025-11-22;15;86
50;2025-11-22;16;55
50;2025-11-22;17;54
50;2025-11-22;18;14
50;2025-11-22;19;12
50;2025-11-22;20;9
50;2025-11-22;21;9
50;2025-11-22;22;9
50;2025-11-22;23;3
50;2025-11-23;0;2
50;2025-11-23;1;0
50;2025-11-23;2;0
50;2025-11-23;3;0
50;2025-11-23;4;0
50;2025-11-23;5;1
50;2025-11-23;6;3
50;2025-11-23;7;5
50;2025-11-23;8;11
50;2025-11-23;9;8
50;2025-11-23;10;22
50;2025-11-23;11;73
50;2025-11-23;12;56
50;2025-11-23;13;68
50;2025-11-23;14;115
50;2025-11-23;15;93
50;2025-11-23;16;110
50;2025-11-23;17;98
50;2025-11-23;18;58
50;2025-11-23;19;64
50;2025-11-23;20;46
50;2025-11-23;21;29
50;2025-11-23;22;34
50;2025-11-23;23;10
50;2025-11-24;0;8
50;2025-11-24;1;3
50;2025-11-24;2;2
50;2025-11-24;3;0
50;2025-11-24;4;4
50;2025-11-24;5;66
50;2025-11-24;6;509
50;2025-11-24;7;1662
50;2025-11-24;8;2760
50;2025-11-24;9;2224
50;2025-11-24;10;1601
50;2025-11-24;11;1412
50;2025-11-24;12;1288
50;2025-11-24;13;1443
50;2025-11-24;14;1361
50;2025-11-24;15;1618
50;2025-11-24;16;1576
50;2025-11-24;17;2238
50;2025-11-24;18;2452
50;2025-11-24;19;1252
50;2025-11-24;20;850
50;2025-11-24;21;616
50;2025-11-24;22;219
50;2025-11-24;23;118
50;2025-11-25;0;29
50;2025-11-25;1;2
50;2025-11-25;2;0
50;2025-11-25;3;0
50;2025-11-25;4;3
50;2025-11-25;5;74
50;2025-11-25;6;516
50;2025-11-25;7;1645
50;2025-11-25;8;2744
50;2025-11-25;9;2121
50;2025-11-25;10;1690
50;2025-11-25;11;1491
50;2025-11-25;12;1434
50;2025-11-25;13;1493
50;2025-11-25;14;1399
50;2025-11-25;15;1637
50;2025-11-25;16;1635
50;2025-11-25;17;2378
50;2025-11-25;18;2386
50;2025-11-25;19;1429
50;2025-11-25;20;924
50;2025-11-25;21;630
50;2025-11-25;22;239
50;2025-11-25;23;146
50;2025-11-26;0;29
50;2025-11-26;1;2
50;2025-11-26;2;0
50;2025-11-26;3;0
50;2025-11-26;4;3
50;2025-11-26;5;74
50;2025-11-26;6;516
50;2025-11-26;7;1645
50;2025-11-26;8;2744
50;2025-11-26;9;2121
50;2025-11-26;10;1690
50;2025-11-26;11;1491
50;2025-11-26;12;1434
50;2025-11-26;13;1493
50;2025-11-26;14;1399
50;2025-11-26;15;1637
50;2025-11-26;16;1635
50;2025-11-26;17;2378
50;2025-11-26;18;2386
50;2025-11-26;19;1429
50;2025-11-26;20;924
50;2025-11-26;21;630
50;2025-11-26;22;239
50;2025-11-26;23;146
50;2025-11-27;0;29
50;2025-11-27;1;2
50;2025-11-27;2;0
50;2025-11-27;3;0
50;2025-11-27;4;3
50;2025-11-27;5;74
50;2025-11-27;6;516
50;2025-11-27;7;1645
50;2025-11-27;8;2744
50;2025-11-27;9;2121
50;2025-11-27;10;1690
50;2025-11-27;11;1491
50;2025-11-27;12;1434
50;2025-11-27;13;1493
50;2025-11-27;14;1399
50;2025-11-27;15;1637
50;2025-11-27;16;1635
50;2025-11-27;17;2378
50;2025-11-27;18;2386
50;2025-11-27;19;1429
50;2025-11-27;20;924
50;2025-11-27;21;630
50;2025-11-27;22;239
50;2025-11-27;23;146
50;2025-11-28;0;35
50;2025-11-28;1;1
50;2025-11-28;2;0
50;2025-11-28;3;0
50;2025-11-28;4;4
50;2025-11-28;5;68
50;2025-11-28;6;501
50;2025-11-28;7;1726
50;2025-11-28;8;2729
50;2025-11-28;9;2126
50;2025-11-28;10;1479
50;2025-11-28;11;1487
50;2025-11-28;12;1382
50;2025-11-28;13;1496
50;2025-11-28;14;1427
50;2025-11-28;15;1702
50;2025-11-28;16;2230
50;2025-11-28;17;2114
50;2025-11-28;18;1572
50;2025-11-28;19;1167
50;2025-11-28;20;844
50;2025-11-28;21;535
50;2025-11-28;22;266
50;2025-11-28;23;160
50;2025-11-29;0;50
50;2025-11-29;1;6
50;2025-11-29;2;0
50;2025-11-29;3;2
50;2025-11-29;4;0
50;2025-11-29;5;9
50;2025-11-29;6;11
50;2025-11-29;7;17
50;2025-11-29;8;32
50;2025-11-29;9;64
50;2025-11-29;10;24
50;2025-11-29;11;40
50;2025-11-29;12;73
50;2025-11-29;13;48
50;2025-11-29;14;59
50;2025-11-29;15;86
50;2025-11-29;16;55
50;2025-11-29;17;54
50;2025-11-29;18;14
50;2025-11-29;19;12
50;2025-11-29;20;9
50;2025-11-29;21;9
50;2025-11-29;22;9
50;2025-11-29;23;3
50;2025-11-30;0;2
50;2025-11-30;1;0
50;2025-11-30;2;0
50;2025-11-30;3;0
50;2025-11-30;4;0
50;2025-11-30;5;1
50;2025-11-30;6;3
50;2025-11-30;7;5
50;2025-11-30;8;11
50;2025-11-30;9;8
50;2025-11-30;10;22
50;2025-11-30;11;73
50;2025-11-30;12;56
50;2025-11-30;13;68
50;2025-11-30;14;115
50;2025-11-30;15;93
50;2025-11-30;16;110
50;2025-11-30;17;98
50;2025-11-30;18;58
50;2025-11-30;19;64
50;2025-11-30;20;46
50;2025-11-30;21;29
50;2025-11-30;22;34
50;2025-11-30;23;10
50;2025-12-01;0;8
50;2025-12-01;1;3
50;2025-12-01;2;2
50;2025-12-01;3;0
50;2025-12-01;4;4
50;2025-12-01;5;66
50;2025-12-01;6;509
50;2025-12-01;7;1662
50;2025-12-01;8;2760
50;2025-12-01;9;2224
50;2025-12-01;10;1601
50;2025-12-01;11;1412
50;2025-12-01;12;1288
50;2025-12-01;13;1443
50;2025-12-01;14;1361
50;2025-12-01;15;1618
50;2025-12-01;16;1576
50;2025-12-01;17;2238
50;2025-12-01;18;2452
50;2025-12-01;19;1252
50;2025-12-01;20;850
50;2025-12-01;21;616
50;2025-12-01;22;219
50;2025-12-01;23;118
50;2025-12-02;0;29
50;2025-12-02;1;2
50;2025-12-02;2;0
50;2025-12-02;3;0
50;2025-12-02;4;3
50;2025-12-02;5;74
50;2025-12-02;6;516
50;2025-12-02;7;1645
50;2025-12-02;8;2744
50;2025-12-02;9;2121
50;2025-12-02;10;1690
50;2025-12-02;11;1491
50;2025-12-02;12;1434
50;2025-12-02;13;1493
50;2025-12-02;14;1399
50;2025-12-02;15;1637
50;2025-12-02;16;1635
50;2025-12-02;17;2378
50;2025-12-02;18;2386
50;2025-12-02;19;1429
50;2025-12-02;20;924
50;2025-12-02;21;630
50;2025-12-02;22;239
50;2025-12-02;23;146
50;2025-12-03;0;29
50;2025-12-03;1;2
50;2025-12-03;2;0
50;2025-12-03;3;0
50;2025-12-03;4;3
50;2025-12-03;5;74
50;2025-12-03;6;516
50;2025-12-03;7;1645
50;2025-12-03;8;2744
50;2025-12-03;9;2121
50;2025-12-03;10;1690
50;2025-12-03;11;1491
50;2025-12-03;12;1434
50;2025-12-03;13;1493
50;2025-12-03;14;1399
50;2025-12-03;15;1637
50;2025-12-03;16;1635
50;2025-12-03;17;2378
50;2025-12-03;18;2386
50;2025-12-03;19;1429
50;2025-12-03;20;924
50;2025-12-03;21;630
50;2025-12-03;22;239
50;2025-12-03;23;146
50;2025-12-04;0;29
50;2025-12-04;1;2
50;2025-12-04;2;0
50;2025-12-04;3;0
50;2025-12-04;4;3
50;2025-12-04;5;74
50;2025-12-04;6;516
50;2025-12-04;7;1645
50;2025-12-04;8;2744
50;2025-12-04;9;2121
50;2025-12-04;10;1690
50;2025-12-04;11;1491
50;2025-12-04;12;1434
50;2025-12-04;13;1493
50;2025-12-04;14;1399
50;2025-12-04;15;1637
50;2025-12-04;16;1635
50;2025-12-04;17;2378
50;2025-12-04;18;2386
50;2025-12-04;19;1429
50;2025-12-04;20;924
50;2025-12-04;21;630
50;2025-12-04;22;239
50;2025-12-04;23;146
50;2025-12-05;0;35
50;2025-12-05;1;1
50;2025-12-05;2;0
50;2025-12-05;3;0
50;2025-12-05;4;4
50;2025-12-05;5;68
50;2025-12-05;6;501
50;2025-12-05;7;1726
50;2025-12-05;8;2729
50;2025-12-05;9;2126
50;2025-12-05;10;1479
50;2025-12-05;11;1487
50;2025-12-05;12;1382
50;2025-12-05;13;1496
50;2025-12-05;14;1427
50;2025-12-05;15;1702
50;2025-12-05;16;2230
50;2025-12-05;17;2114
50;2025-12-05;18;1572
50;2025-12-05;19;1167
50;2025-12-05;20;844
50;2025-12-05;21;535
50;2025-12-05;22;266
50;2025-12-05;23;160
50;2025-12-06;0;50
50;2025-12-06;1;6
50;2025-12-06;2;0
50;2025-12-06;3;2
50;2025-12-06;4;0
50;2025-12-06;5;9
50;2025-12-06;6;11
50;2025-12-06;7;17
50;2025-12-06;8;32
50;2025-12-06;9;64
50;2025-12-06;10;24
50;2025-12-06;11;40
50;2025-12-06;12;73
50;2025-12-06;13;48
50;2025-12-06;14;59
50;2025-12-06;15;86
50;2025-12-06;16;55
50;2025-12-06;17;54
50;2025-12-06;18;14
50;2025-12-06;19;12
50;2025-12-06;20;9
50;2025-12-06;21;9
50;2025-12-06;22;9
50;2025-12-06;23;3
50;2025-12-07;0;2
50;2025-12-07;1;0
50;2025-12-07;2;0
50;2025-12-07;3;0
50;2025-12-07;4;0
50;2025-12-07;5;1
50;2025-12-07;6;3
50;2025-12-07;7;5
50;2025-12-07;8;11
50;2025-12-07;9;8
50;2025-12-07;10;22
50;2025-12-07;11;73
50;2025-12-07;12;56
50;2025-12-07;13;68
50;2025-12-07;14;115
50;2025-12-07;15;93
50;2025-12-07;16;110
50;2025-12-07;17;98
50;2025-12-07;18;58
50;2025-12-07;19;64
50;2025-12-07;20;46
50;2025-12-07;21;29
50;2025-12-07;22;34
50;2025-12-07;23;10
50;2025-12-08;0;8
50;2025-12-08;1;3
50;2025-12-08;2;2
50;2025-12-08;3;0
50;2025-12-08;4;4
50;2025-12-08;5;66
50;2025-12-08;6;509
50;2025-12-08;7;1662
50;2025-12-08;8;2760
50;2025-12-08;9;2224
50;2025-12-08;10;1601
50;2025-12-08;11;1412
50;2025-12-08;12;1288
50;2025-12-08;13;1443
50;2025-12-08;14;1361
50;2025-12-08;15;1618
50;2025-12-08;16;1576
50;2025-12-08;17;2238
50;2025-12-08;18;2452
50;2025-12-08;19;1252
50;2025-12-08;20;850
50;2025-12-08;21;616
50;2025-12-08;22;219
50;2025-12-08;23;118
50;2025-12-09;0;29
50;2025-12-09;1;2
50;2025-12-09;2;0
50;2025-12-09;3;0
50;2025-12-09;4;3
50;2025-12-09;5;74
50;2025-12-09;6;516
50;2025-12-09;7;1645
50;2025-12-09;8;2744
50;2025-12-09;9;2121
50;2025-12-09;10;1690
50;2025-12-09;11;1491
50;2025-12-09;12;1434
50;2025-12-09;13;1493
50;2025-12-09;14;1399
50;2025-12-09;15;1637
50;2025-12-09;16;1635
50;2025-12-09;17;2378
50;2025-12-09;18;2386
50;2025-12-09;19;1429
50;2025-12-09;20;924
50;2025-12-09;21;630
50;2025-12-09;22;239
50;2025-12-09;23;146
50;2025-12-10;0;29
50;2025-12-10;1;2
50;2025-12-10;2;0
50;2025-12-10;3;0
50;2025-12-10;4;3
50;2025-12-10;5;74
50;2025-12-10;6;516
50;2025-12-10;7;1645
50;2025-12-10;8;2744
50;2025-12-10;9;2121
50;2025-12-10;10;1690
50;2025-12-10;11;1491
50;2025-12-10;12;1434
50;2025-12-10;13;1493
50;2025-12-10;14;1399
50;2025-12-10;15;1637
50;2025-12-10;16;1635
50;2025-12-10;17;2378
50;2025-12-10;18;2386
50;2025-12-10;19;1429
50;2025-12-10;20;924
50;2025-12-10;21;630
50;2025-12-10;22;239
50;2025-12-10;23;146
50;2025-12-11;0;29
50;2025-12-11;1;2
50;2025-12-11;2;0
50;2025-12-11;3;0
50;2025-12-11;4;3
50;2025-12-11;5;74
50;2025-12-11;6;516
50;2025-12-11;7;1645
50;2025-12-11;8;2744
50;2025-12-11;9;2121
50;2025-12-11;10;1690
50;2025-12-11;11;1491
50;2025-12-11;12;1434
50;2025-12-11;13;1493
50;2025-12-11;14;1399
50;2025-12-11;15;1637
50;2025-12-11;16;1635
50;2025-12-11;17;2378
50;2025-12-11;18;2386
50;2025-12-11;19;1429
50;2025-12-11;20;924
50;2025-12-11;21;630
50;2025-12-11;22;239
50;2025-12-11;23;146
50;2025-12-12;0;35
50;2025-12-12;1;1
50;2025-12-12;2;0
50;2025-12-12;3;0
50;2025-12-12;4;4
50;2025-12-12;5;68
50;2025-12-12;6;501
50;2025-12-12;7;1726
50;2025-12-12;8;2729
50;2025-12-12;9;2126
50;2025-12-12;10;1479
50;2025-12-12;11;1487
50;2025-12-12;12;1382
50;2025-12-12;13;1496
50;2025-12-12;14;1427
50;2025-12-12;15;1702
50;2025-12-12;16;2230
50;2025-12-12;17;2114
50;2025-12-12;18;1572
50;2025-12-12;19;1167
50;2025-12-12;20;844
50;2025-12-12;21;535
50;2025-12-12;22;266
50;2025-12-12;23;160
50;2025-12-13;0;50
50;2025-12-13;1;6
50;2025-12-13;2;0
50;2025-12-13;3;2
50;2025-12-13;4;0
50;2025-12-13;5;9
50;2025-12-13;6;11
50;2025-12-13;7;17
50;2025-12-13;8;32
50;2025-12-13;9;64
50;2025-12-13;10;24
50;2025-12-13;11;40
50;2025-12-13;12;73
50;2025-12-13;13;48
50;2025-12-13;14;59
50;2025-12-13;15;86
50;2025-12-13;16;55
50;2025-12-13;17;54
50;2025-12-13;18;14
50;2025-12-13;19;12
50;2025-12-13;20;9
50;2025-12-13;21;9
50;2025-12-13;22;9
50;2025-12-13;23;3
50;2025-12-14;0;2
50;2025-12-14;1;0
50;2025-12-14;2;0
50;2025-12-14;3;0
50;2025-12-14;4;0
50;2025-12-14;5;1
50;2025-12-14;6;3
50;2025-12-14;7;5
50;2025-12-14;8;11
50;2025-12-14;9;8
50;2025-12-14;10;22
50;2025-12-14;11;73
50;2025-12-14;12;56
50;2025-12-14;13;68
50;2025-12-14;14;115
50;2025-12-14;15;93
50;2025-12-14;16;110
50;2025-12-14;17;98
50;2025-12-14;18;58
50;2025-12-14;19;64
50;2025-12-14;20;46
50;2025-12-14;21;29
50;2025-12-14;22;34
50;2025-12-14;23;10
50;2025-12-15;0;8
50;2025-12-15;1;3
50;2025-12-15;2;2
50;2025-12-15;3;0
50;2025-12-15;4;4
50;2025-12-15;5;66
50;2025-12-15;6;509
50;2025-12-15;7;1662
50;2025-12-15;8;2760
50;2025-12-15;9;2224
50;2025-12-15;10;1601
50;2025-12-15;11;1412
50;2025-12-15;12;1288
50;2025-12-15;13;1443
50;2025-12-15;14;1361
50;2025-12-15;15;1618
50;2025-12-15;16;1576
50;2025-12-15;17;2238
50;2025-12-15;18;2452
50;2025-12-15;19;1252
50;2025-12-15;20;850
50;2025-12-15;21;616
50;2025-12-15;22;219
50;2025-12-15;23;118
50;2025-12-16;0;29
50;2025-12-16;1;2
50;2025-12-16;2;0
50;2025-12-16;3;0
50;2025-12-16;4;3
50;2025-12-16;5;74
50;2025-12-16;6;516
50;2025-12-16;7;1645
50;2025-12-16;8;2744
50;2025-12-16;9;2121
50;2025-12-16;10;1690
50;2025-12-16;11;1491
50;2025-12-16;12;1434
50;2025-12-16;13;1493
50;2025-12-16;14;1399
50;2025-12-16;15;1637
50;2025-12-16;16;1635
50;2025-12-16;17;2378
50;2025-12-16;18;2386
50;2025-12-16;19;1429
50;2025-12-16;20;924
50;2025-12-16;21;630
50;2025-12-16;22;239
50;2025-12-16;23;146
50;2025-12-17;0;29
50;2025-12-17;1;2
50;2025-12-17;2;0
50;2025-12-17;3;0
50;2025-12-17;4;3
50;2025-12-17;5;74
50;2025-12-17;6;516
50;2025-12-17;7;1645
50;2025-12-17;8;2744
50;2025-12-17;9;2121
50;2025-12-17;10;1690
50;2025-12-17;11;1491
50;2025-12-17;12;1434
50;2025-12-17;13;1493
50;2025-12-17;14;1399
50;2025-12-17;15;1637
50;2025-12-17;16;1635
50;2025-12-17;17;2378
50;2025-12-17;18;2386
50;2025-12-17;19;1429
50;2025-12-17;20;924
50;2025-12-17;21;630
50;2025-12-17;22;239
50;2025-12-17;23;146
50;2025-12-18;0;29
50;2025-12-18;1;2
50;2025-12-18;2;0
50;2025-12-18;3;0
50;2025-12-18;4;3
50;2025-12-18;5;74
50;2025-12-18;6;516
50;2025-12-18;7;1645
50;2025-12-18;8;2744
50;2025-12-18;9;2121
50;2025-12-18;10;1690
50;2025-12-18;11;1491
50;2025-12-18;12;1434
50;2025-12-18;13;1493
50;2025-12-18;14;1399
50;2025-12-18;15;1637
50;2025-12-18;16;1635
50;2025-12-18;17;2378
50;2025-12-18;18;2386
50;2025-12-18;19;1429
50;2025-12-18;20;924
50;2025-12-18;21;630
50;2025-12-18;22;239
50;2025-12-18;23;146
50;2025-12-19;0;35
50;2025-12-19;1;1
50;2025-12-19;2;0
50;2025-12-19;3;0
50;2025-12-19;4;4
50;2025-12-19;5;68
50;2025-12-19;6;501
50;2025-12-19;7;1726
50;2025-12-19;8;2729
50;2025-12-19;9;2126
50;2025-12-19;10;1479
50;2025-12-19;11;1487
50;2025-12-19;12;1382
50;2025-12-19;13;1496
50;2025-12-19;14;1427
50;2025-12-19;15;1702
50;2025-12-19;16;2230
50;2025-12-19;17;2114
50;2025-12-19;18;1572
50;2025-12-19;19;1167
50;2025-12-19;20;844
50;2025-12-19;21;535
50;2025-12-19;22;266
50;2025-12-19;23;160
50;2025-12-20;0;50
50;2025-12-20;1;6
50;2025-12-20;2;0
50;2025-12-20;3;2
50;2025-12-20;4;0
50;2025-12-20;5;9
50;2025-12-20;6;11
50;2025-12-20;7;17
50;2025-12-20;8;32
50;2025-12-20;9;64
50;2025-12-20;10;24
50;2025-12-20;11;40
50;2025-12-20;12;73
50;2025-12-20;13;48
50;2025-12-20;14;59
50;2025-12-20;15;86
50;2025-12-20;16;55
50;2025-12-20;17;54
50;2025-12-20;18;14
50;2025-12-20;19;12
50;2025-12-20;20;9
50;2025-12-20;21;9
50;2025-12-20;22;9
50;2025-12-20;23;3
50;2025-12-21;0;2
50;2025-12-21;1;0
50;2025-12-21;2;0
50;2025-12-21;3;0
50;2025-12-21;4;0
50;2025-12-21;5;1
50;2025-12-21;6;3
50;2025-12-21;7;5
50;2025-12-21;8;11
50;2025-12-21;9;8
50;2025-12-21;10;22
50;2025-12-21;11;73
50;2025-12-21;12;56
50;2025-12-21;13;68
50;2025-12-21;14;115
50;2025-12-21;15;93
50;2025-12-21;16;110
50;2025-12-21;17;98
50;2025-12-21;18;58
50;2025-12-21;19;64
50;2025-12-21;20;46
50;2025-12-21;21;29
50;2025-12-21;22;34
50;2025-12-21;23;10
50;2025-12-22;0;8
50;2025-12-22;1;3
50;2025-12-22;2;2
50;2025-12-22;3;0
50;2025-12-22;4;4
50;2025-12-22;5;66
50;2025-12-22;6;509
50;2025-12-22;7;1662
50;2025-12-22;8;2760
50;2025-12-22;9;2224
50;2025-12-22;10;1601
50;2025-12-22;11;1412
50;2025-12-22;12;1288
50;2025-12-22;13;1443
50;2025-12-22;14;1361
50;2025-12-22;15;1618
50;2025-12-22;16;1576
50;2025-12-22;17;2238
50;2025-12-22;18;2452
50;2025-12-22;19;1252
50;2025-12-22;20;850
50;2025-12-22;21;616
50;2025-12-22;22;219
50;2025-12-22;23;118
50;2025-12-23;0;29
50;2025-12-23;1;2
50;2025-12-23;2;0
50;2025-12-23;3;0
50;2025-12-23;4;3
50;2025-12-23;5;74
50;2025-12-23;6;516
50;2025-12-23;7;1645
50;2025-12-23;8;2744
50;2025-12-23;9;2121
50;2025-12-23;10;1690
50;2025-12-23;11;1491
50;2025-12-23;12;1434
50;2025-12-23;13;1493
50;2025-12-23;14;1399
50;2025-12-23;15;1637
50;2025-12-23;16;1635
50;2025-12-23;17;2378
50;2025-12-23;18;2386
50;2025-12-23;19;1429
50;2025-12-23;20;924
50;2025-12-23;21;630
50;2025-12-23;22;239
50;2025-12-23;23;146
50;2025-12-24;0;29
50;2025-12-24;1;2
50;2025-12-24;2;0
50;2025-12-24;3;0
50;2025-12-24;4;3
50;2025-12-24;5;74
50;2025-12-24;6;516
50;2025-12-24;7;1645
50;2025-12-24;8;2744
50;2025-12-24;9;2121
50;2025-12-24;10;1690
50;2025-12-24;11;1491
50;2025-12-24;12;1434
50;2025-12-24;13;1493
50;2025-12-24;14;1399
50;2025-12-24;15;1637
50;2025-12-24;16;1635
50;2025-12-24;17;2378
50;2025-12-24;18;2386
50;2025-12-24;19;1429
50;2025-12-24;20;924
50;2025-12-24;21;630
50;2025-12-24;22;239
50;2025-12-24;23;146
50;2025-12-25;0;29
50;2025-12-25;1;2
50;2025-12-25;2;0
50;2025-12-25;3;0
50;2025-12-25;4;3
50;2025-12-25;5;74
50;2025-12-25;6;516
50;2025-12-25;7;1645
50;2025-12-25;8;2744
50;2025-12-25;9;2121
50;2025-12-25;10;1690
50;2025-12-25;11;1491
50;2025-12-25;12;1434
50;2025-12-25;13;1493
50;2025-12-25;14;1399
50;2025-12-25;15;1637
50;2025-12-25;16;1635
50;2025-12-25;17;2378
50;2025-12-25;18;2386
50;2025-12-25;19;1429
50;2025-12-25;20;924
50;2025-12-25;21;630
50;2025-12-25;22;239
50;2025-12-25;23;146
50;2025-12-26;0;35
50;2025-12-26;1;1
50;2025-12-26;2;0
50;2025-12-26;3;0
50;2025-12-26;4;4
50;2025-12-26;5;68
50;2025-12-26;6;501
50;2025-12-26;7;1726
50;2025-12-26;8;2729
50;2025-12-26;9;2126
50;2025-12-26;10;1479
50;2025-12-26;11;1487
50;2025-12-26;12;1382
50;2025-12-26;13;1496
50;2025-12-26;14;1427
50;2025-12-26;15;1702
50;2025-12-26;16;2230
50;2025-12-26;17;2114
50;2025-12-26;18;1572
50;2025-12-26;19;1167
50;2025-12-26;20;844
50;2025-12-26;21;535
50;2025-12-26;22;266
50;2025-12-26;23;160
50;2025-12-27;0;50
50;2025-12-27;1;6
50;2025-12-27;2;0
50;2025-12-27;3;2
50;2025-12-27;4;0
50;2025-12-27;5;9
50;2025-12-27;6;11
50;2025-12-27;7;17
50;2025-12-27;8;32
50;2025-12-27;9;64
50;2025-12-27;10;24
50;2025-12-27;11;40
50;2025-12-27;12;73
50;2025-12-27;13;48
50;2025-12-27;14;59
50;2025-12-27;15;86
50;2025-12-27;16;55
50;2025-12-27;17;54
50;2025-12-27;18;14
50;2025-12-27;19;12
50;2025-12-27;20;9
50;2025-12-27;21;9
50;2025-12-27;22;9
50;2025-12-27;23;3
50;2025-12-28;0;2
50;2025-12-28;1;0
50;2025-12-28;2;0
50;2025-12-28;3;0
50;2025-12-28;4;0
50;2025-12-28;5;1
50;2025-12-28;6;3
50;2025-12-28;7;5
50;2025-12-28;8;11
50;2025-12-28;9;8
50;2025-12-28;10;22
50;2025-12-28;11;73
50;2025-12-28;12;56
50;2025-12-28;13;68
50;2025-12-28;14;115
50;2025-12-28;15;93
50;2025-12-28;16;110
50;2025-12-28;17;98
50;2025-12-28;18;58
50;2025-12-28;19;64
50;2025-12-28;20;46
50;2025-12-28;21;29
50;2025-12-28;22;34
50;2025-12-28;23;10
50;2025-12-29;0;30
50;2025-12-29;1;1
50;2025-12-29;2;0
50;2025-12-29;3;0
50;2025-12-29;4;3
50;2025-12-29;5;59
50;2025-12-29;6;431
50;2025-12-29;7;1484
50;2025-12-29;8;2347
50;2025-12-29;9;1829
50;2025-12-29;10;1272
50;2025-12-29;11;1278
50;2025-12-29;12;1189
50;2025-12-29;13;1287
50;2025-12-29;14;1227
50;2025-12-29;15;1464
50;2025-12-29;16;1919
50;2025-12-29;17;1818
50;2025-12-29;18;1352
50;2025-12-29;19;1004
50;2025-12-29;20;725
50;2025-12-29;21;460
50;2025-12-29;22;228
50;2025-12-29;23;137
50;2025-12-30;0;30
50;2025-12-30;1;1
50;2025-12-30;2;0
50;2025-12-30;3;0
50;2025-12-30;4;3
50;2025-12-30;5;59
50;2025-12-30;6;431
50;2025-12-30;7;1484
50;2025-12-30;8;2347
50;2025-12-30;9;1829
50;2025-12-30;10;1272
50;2025-12-30;11;1278
50;2025-12-30;12;1189
50;2025-12-30;13;1287
50;2025-12-30;14;1227
50;2025-12-30;15;1464
50;2025-12-30;16;1919
50;2025-12-30;17;1818
50;2025-12-30;18;1352
50;2025-12-30;19;1004
50;2025-12-30;20;725
50;2025-12-30;21;460
50;2025-12-30;22;228
50;2025-12-30;23;137
50;2025-12-31;0;43
50;2025-12-31;1;5
50;2025-12-31;2;0
50;2025-12-31;3;2
50;2025-12-31;4;0
50;2025-12-31;5;7
50;2025-12-31;6;9
50;2025-12-31;7;14
50;2025-12-31;8;27
50;2025-12-31;9;55
50;2025-12-31;10;20
50;2025-12-31;11;34
50;2025-12-31;12;62
50;2025-12-31;13;41
50;2025-12-31;14;50
50;2025-12-31;15;74
50;2025-12-31;16;47
50;2025-12-31;17;46
50;2025-12-31;18;12
50;2025-12-31;19;6
50;2025-12-31;20;4
50;2025-12-31;21;4
50;2025-12-31;22;4
50;2025-12-31;23;1
