route;date;hour;prediction
1;2025-11-01;0;3
1;2025-11-01;1;0
1;2025-11-01;2;0
1;2025-11-01;3;0
1;2025-11-01;4;6
1;2025-11-01;5;114
1;2025-11-01;6;401
1;2025-11-01;7;1263
1;2025-11-01;8;1533
1;2025-11-01;9;1193
1;2025-11-01;10;1062
1;2025-11-01;11;1133
1;2025-11-01;12;1130
1;2025-11-01;13;1169
1;2025-11-01;14;1099
1;2025-11-01;15;1240
1;2025-11-01;16;1336
1;2025-11-01;17;1526
1;2025-11-01;18;1233
1;2025-11-01;19;1032
1;2025-11-01;20;661
1;2025-11-01;21;402
1;2025-11-01;22;148
1;2025-11-01;23;33
1;2025-11-02;0;0
1;2025-11-02;1;0
1;2025-11-02;2;0
1;2025-11-02;3;0
1;2025-11-02;4;0
1;2025-11-02;5;20
1;2025-11-02;6;113
1;2025-11-02;7;260
1;2025-11-02;8;351
1;2025-11-02;9;608
1;2025-11-02;10;676
1;2025-11-02;11;715
1;2025-11-02;12;823
1;2025-11-02;13;855
1;2025-11-02;14;796
1;2025-11-02;15;710
1;2025-11-02;16;654
1;2025-11-02;17;573
1;2025-11-02;18;496
1;2025-11-02;19;431
1;2025-11-02;20;330
1;2025-11-02;21;271
1;2025-11-02;22;98
1;2025-11-02;23;26
1;2025-11-03;0;0
1;2025-11-03;1;0
1;2025-11-03;2;0
1;2025-11-03;3;0
1;2025-11-03;4;0
1;2025-11-03;5;20
1;2025-11-03;6;109
1;2025-11-03;7;251
1;2025-11-03;8;339
1;2025-11-03;9;588
1;2025-11-03;10;654
1;2025-11-03;11;691
1;2025-11-03;12;796
1;2025-11-03;13;826
1;2025-11-03;14;769
1;2025-11-03;15;687
1;2025-11-03;16;632
1;2025-11-03;17;554
1;2025-11-03;18;480
1;2025-11-03;19;417
1;2025-11-03;20;319
1;2025-11-03;21;262
1;2025-11-03;22;95
1;2025-11-03;23;25
1;2025-11-04;0;0
1;2025-11-04;1;0
1;2025-11-04;2;0
1;2025-11-04;3;0
1;2025-11-04;4;0
1;2025-11-04;5;20
1;2025-11-04;6;109
1;2025-11-04;7;251
1;2025-11-04;8;339
1;2025-11-04;9;588
1;2025-11-04;10;654
1;2025-11-04;11;691
1;2025-11-04;12;796
1;2025-11-04;13;826
1;2025-11-04;14;769
1;2025-11-04;15;687
1;2025-11-04;16;632
1;2025-11-04;17;554
1;2025-11-04;18;480
1;2025-11-04;19;417
1;2025-11-04;20;319
1;2025-11-04;21;262
1;2025-11-04;22;95
1;2025-11-04;23;25
1;2025-11-05;0;4
1;2025-11-05;1;0
1;2025-11-05;2;0
1;2025-11-05;3;0
1;2025-11-05;4;10
1;2025-11-05;5;111
1;2025-11-05;6;490
1;2025-11-05;7;1500
1;2025-11-05;8;1957
1;2025-11-05;9;1450
1;2025-11-05;10;1340
1;2025-11-05;11;1319
1;2025-11-05;12;1380
1;2025-11-05;13;1417
1;2025-11-05;14;1339
1;2025-11-05;15;1454
1;2025-11-05;16;1468
1;2025-11-05;17;1742
1;2025-11-05;18;1770
1;2025-11-05;19;1322
1;2025-11-05;20;865
1;2025-11-05;21;471
1;2025-11-05;22;171
1;2025-11-05;23;34
1;2025-11-06;0;4
1;2025-11-06;1;0
1;2025-11-06;2;0
1;2025-11-06;3;0
1;2025-11-06;4;10
1;2025-11-06;5;111
1;2025-11-06;6;490
1;2025-11-06;7;1500
1;2025-11-06;8;1957
1;2025-11-06;9;1450
1;2025-11-06;10;1340
1;2025-11-06;11;1319
1;2025-11-06;12;1380
1;2025-11-06;13;1417
1;2025-11-06;14;1339
1;2025-11-06;15;1454
1;2025-11-06;16;1468
1;2025-11-06;17;1742
1;2025-11-06;18;1770
1;2025-11-06;19;1322
1;2025-11-06;20;865
1;2025-11-06;21;471
1;2025-11-06;22;171
1;2025-11-06;23;34
1;2025-11-07;0;3
1;2025-11-07;1;0
1;2025-11-07;2;0
1;2025-11-07;3;0
1;2025-11-07;4;7
1;2025-11-07;5;134
1;2025-11-07;6;472
1;2025-11-07;7;1485
1;2025-11-07;8;1804
1;2025-11-07;9;1403
1;2025-11-07;10;1249
1;2025-11-07;11;1333
1;2025-11-07;12;1329
1;2025-11-07;13;1376
1;2025-11-07;14;1293
1;2025-11-07;15;1458
1;2025-11-07;16;1571
1;2025-11-07;17;1796
1;2025-11-07;18;1451
1;2025-11-07;19;1214
1;2025-11-07;20;778
1;2025-11-07;21;473
1;2025-11-07;22;174
1;2025-11-07;23;39
1;2025-11-08;0;4
1;2025-11-08;1;0
1;2025-11-08;2;0
1;2025-11-08;3;0
1;2025-11-08;4;0
1;2025-11-08;5;30
1;2025-11-08;6;149
1;2025-11-08;7;346
1;2025-11-08;8;480
1;2025-11-08;9;739
1;2025-11-08;10;906
1;2025-11-08;11;889
1;2025-11-08;12;1072
1;2025-11-08;13;1121
1;2025-11-08;14;1040
1;2025-11-08;15;903
1;2025-11-08;16;768
1;2025-11-08;17;721
1;2025-11-08;18;631
1;2025-11-08;19;544
1;2025-11-08;20;418
1;2025-11-08;21;293
1;2025-11-08;22;116
1;2025-11-08;23;24
1;2025-11-09;0;0
1;2025-11-09;1;0
1;2025-11-09;2;0
1;2025-11-09;3;0
1;2025-11-09;4;0
1;2025-11-09;5;20
1;2025-11-09;6;113
1;2025-11-09;7;260
1;2025-11-09;8;351
1;2025-11-09;9;608
1;2025-11-09;10;676
1;2025-11-09;11;715
1;2025-11-09;12;823
1;2025-11-09;13;855
1;2025-11-09;14;796
1;2025-11-09;15;710
1;2025-11-09;16;654
1;2025-11-09;17;573
1;2025-11-09;18;496
1;2025-11-09;19;431
1;2025-11-09;20;330
1;2025-11-09;21;271
1;2025-11-09;22;98
1;2025-11-09;23;26
1;2025-11-10;0;0
1;2025-11-10;1;0
1;2025-11-10;2;0
1;2025-11-10;3;0
1;2025-11-10;4;9
1;2025-11-10;5;131
1;2025-11-10;6;473
1;2025-11-10;7;1410
1;2025-11-10;8;1913
1;2025-11-10;9;1443
1;2025-11-10;10;1221
1;2025-11-10;11;1225
1;2025-11-10;12;1352
1;2025-11-10;13;1434
1;2025-11-10;14;1439
1;2025-11-10;15;1548
1;2025-11-10;16;1593
1;2025-11-10;17;1830
1;2025-11-10;18;1992
1;2025-11-10;19;1408
1;2025-11-10;20;883
1;2025-11-10;21;433
1;2025-11-10;22;173
1;2025-11-10;23;51
1;2025-11-11;0;4
1;2025-11-11;1;0
1;2025-11-11;2;0
1;2025-11-11;3;0
1;2025-11-11;4;10
1;2025-11-11;5;111
1;2025-11-11;6;490
1;2025-11-11;7;1500
1;2025-11-11;8;1957
1;2025-11-11;9;1450
1;2025-11-11;10;1340
1;2025-11-11;11;1319
1;2025-11-11;12;1380
1;2025-11-11;13;1417
1;2025-11-11;14;1339
1;2025-11-11;15;1454
1;2025-11-11;16;1468
1;2025-11-11;17;1742
1;2025-11-11;18;1770
1;2025-11-11;19;1322
1;2025-11-11;20;865
1;2025-11-11;21;471
1;2025-11-11;22;171
1;2025-11-11;23;34
1;2025-11-12;0;4
1;2025-11-12;1;0
1;2025-11-12;2;0
1;2025-11-12;3;0
1;2025-11-12;4;10
1;2025-11-12;5;111
1;2025-11-12;6;490
1;2025-11-12;7;1500
1;2025-11-12;8;1957
1;2025-11-12;9;1450
1;2025-11-12;10;1340
1;2025-11-12;11;1319
1;2025-11-12;12;1380
1;2025-11-12;13;1417
1;2025-11-12;14;1339
1;2025-11-12;15;1454
1;2025-11-12;16;1468
1;2025-11-12;17;1742
1;2025-11-12;18;1770
1;2025-11-12;19;1322
1;2025-11-12;20;865
1;2025-11-12;21;471
1;2025-11-12;22;171
1;2025-11-12;23;34
1;2025-11-13;0;4
1;2025-11-13;1;0
1;2025-11-13;2;0
1;2025-11-13;3;0
1;2025-11-13;4;10
1;2025-11-13;5;111
1;2025-11-13;6;490
1;2025-11-13;7;1500
1;2025-11-13;8;1957
1;2025-11-13;9;1450
1;2025-11-13;10;1340
1;2025-11-13;11;1319
1;2025-11-13;12;1380
1;2025-11-13;13;1417
1;2025-11-13;14;1339
1;2025-11-13;15;1454
1;2025-11-13;16;1468
1;2025-11-13;17;1742
1;2025-11-13;18;1770
1;2025-11-13;19;1322
1;2025-11-13;20;865
1;2025-11-13;21;471
1;2025-11-13;22;171
1;2025-11-13;23;34
1;2025-11-14;0;3
1;2025-11-14;1;0
1;2025-11-14;2;0
1;2025-11-14;3;0
1;2025-11-14;4;7
1;2025-11-14;5;134
1;2025-11-14;6;472
1;2025-11-14;7;1485
1;2025-11-14;8;1804
1;2025-11-14;9;1403
1;2025-11-14;10;1249
1;2025-11-14;11;1333
1;2025-11-14;12;1329
1;2025-11-14;13;1376
1;2025-11-14;14;1293
1;2025-11-14;15;1458
1;2025-11-14;16;1571
1;2025-11-14;17;1796
1;2025-11-14;18;1451
1;2025-11-14;19;1214
1;2025-11-14;20;778
1;2025-11-14;21;473
1;2025-11-14;22;174
1;2025-11-14;23;39
1;2025-11-15;0;4
1;2025-11-15;1;0
1;2025-11-15;2;0
1;2025-11-15;3;0
1;2025-11-15;4;0
1;2025-11-15;5;29
1;2025-11-15;6;142
1;2025-11-15;7;328
1;2025-11-15;8;455
1;2025-11-15;9;701
1;2025-11-15;10;859
1;2025-11-15;11;843
1;2025-11-15;12;1017
1;2025-11-15;13;1063
1;2025-11-15;14;987
1;2025-11-15;15;856
1;2025-11-15;16;728
1;2025-11-15;17;683
1;2025-11-15;18;599
1;2025-11-15;19;516
1;2025-11-15;20;396
1;2025-11-15;21;278
1;2025-11-15;22;110
1;2025-11-15;23;23
1;2025-11-16;0;0
1;2025-11-16;1;0
1;2025-11-16;2;0
1;2025-11-16;3;0
1;2025-11-16;4;0
1;2025-11-16;5;20
1;2025-11-16;6;113
1;2025-11-16;7;260
1;2025-11-16;8;351
1;2025-11-16;9;608
1;2025-11-16;10;676
1;2025-11-16;11;715
1;2025-11-16;12;823
1;2025-11-16;13;855
1;2025-11-16;14;796
1;2025-11-16;15;710
1;2025-11-16;16;654
1;2025-11-16;17;573
1;2025-11-16;18;496
1;2025-11-16;19;431
1;2025-11-16;20;330
1;2025-11-16;21;271
1;2025-11-16;22;98
1;2025-11-16;23;26
1;2025-11-17;0;0
1;2025-11-17;1;0
1;2025-11-17;2;0
1;2025-11-17;3;0
1;2025-11-17;4;9
1;2025-11-17;5;131
1;2025-11-17;6;473
1;2025-11-17;7;1410
1;2025-11-17;8;1913
1;2025-11-17;9;1443
1;2025-11-17;10;1221
1;2025-11-17;11;1225
1;2025-11-17;12;1352
1;2025-11-17;13;1434
1;2025-11-17;14;1439
1;2025-11-17;15;1548
1;2025-11-17;16;1593
1;2025-11-17;17;1830
1;2025-11-17;18;1992
1;2025-11-17;19;1408
1;2025-11-17;20;883
1;2025-11-17;21;433
1;2025-11-17;22;173
1;2025-11-17;23;51
1;2025-11-18;0;4
1;2025-11-18;1;0
1;2025-11-18;2;0
1;2025-11-18;3;0
1;2025-11-18;4;10
1;2025-11-18;5;111
1;2025-11-18;6;490
1;2025-11-18;7;1500
1;2025-11-18;8;1957
1;2025-11-18;9;1450
1;2025-11-18;10;1340
1;2025-11-18;11;1319
1;2025-11-18;12;1380
1;2025-11-18;13;1417
1;2025-11-18;14;1339
1;2025-11-18;15;1454
1;2025-11-18;16;1468
1;2025-11-18;17;1742
1;2025-11-18;18;1770
1;2025-11-18;19;1322
1;2025-11-18;20;865
1;2025-11-18;21;471
1;2025-11-18;22;171
1;2025-11-18;23;34
1;2025-11-19;0;4
1;2025-11-19;1;0
1;2025-11-19;2;0
1;2025-11-19;3;0
1;2025-11-19;4;10
1;2025-11-19;5;111
1;2025-11-19;6;490
1;2025-11-19;7;1500
1;2025-11-19;8;1957
1;2025-11-19;9;1450
1;2025-11-19;10;1340
1;2025-11-19;11;1319
1;2025-11-19;12;1380
1;2025-11-19;13;1417
1;2025-11-19;14;1339
1;2025-11-19;15;1454
1;2025-11-19;16;1468
1;2025-11-19;17;1742
1;2025-11-19;18;1770
1;2025-11-19;19;1322
1;2025-11-19;20;865
1;2025-11-19;21;471
1;2025-11-19;22;171
1;2025-11-19;23;34
1;2025-11-20;0;4
1;2025-11-20;1;0
1;2025-11-20;2;0
1;2025-11-20;3;0
1;2025-11-20;4;10
1;2025-11-20;5;111
1;2025-11-20;6;490
1;2025-11-20;7;1500
1;2025-11-20;8;1957
1;2025-11-20;9;1450
1;2025-11-20;10;1340
1;2025-11-20;11;1319
1;2025-11-20;12;1380
1;2025-11-20;13;1417
1;2025-11-20;14;1339
1;2025-11-20;15;1454
1;2025-11-20;16;1468
1;2025-11-20;17;1742
1;2025-11-20;18;1770
1;2025-11-20;19;1322
1;2025-11-20;20;865
1;2025-11-20;21;471
1;2025-11-20;22;171
1;2025-11-20;23;34
1;2025-11-21;0;3
1;2025-11-21;1;0
1;2025-11-21;2;0
1;2025-11-21;3;0
1;2025-11-21;4;7
1;2025-11-21;5;134
1;2025-11-21;6;472
1;2025-11-21;7;1485
1;2025-11-21;8;1804
1;2025-11-21;9;1403
1;2025-11-21;10;1249
1;2025-11-21;11;1333
1;2025-11-21;12;1329
1;2025-11-21;13;1376
1;2025-11-21;14;1293
1;2025-11-21;15;1458
1;2025-11-21;16;1571
1;2025-11-21;17;1796
1;2025-11-21;18;1451
1;2025-11-21;19;1214
1;2025-11-21;20;778
1;2025-11-21;21;473
1;2025-11-21;22;174
1;2025-11-21;23;39
1;2025-11-22;0;4
1;2025-11-22;1;0
1;2025-11-22;2;0
1;2025-11-22;3;0
1;2025-11-22;4;0
1;2025-11-22;5;30
1;2025-11-22;6;149
1;2025-11-22;7;346
1;2025-11-22;8;480
1;2025-11-22;9;739
1;2025-11-22;10;906
1;2025-11-22;11;889
1;2025-11-22;12;1072
1;2025-11-22;13;1121
1;2025-11-22;14;1040
1;2025-11-22;15;903
1;2025-11-22;16;768
1;2025-11-22;17;721
1;2025-11-22;18;631
1;2025-11-22;19;544
1;2025-11-22;20;418
1;2025-11-22;21;293
1;2025-11-22;22;116
1;2025-11-22;23;24
1;2025-11-23;0;0
1;2025-11-23;1;0
1;2025-11-23;2;0
1;2025-11-23;3;0
1;2025-11-23;4;0
1;2025-11-23;5;20
1;2025-11-23;6;113
1;2025-11-23;7;260
1;2025-11-23;8;351
1;2025-11-23;9;608
1;2025-11-23;10;676
1;2025-11-23;11;715
1;2025-11-23;12;823
1;2025-11-23;13;855
1;2025-11-23;14;796
1;2025-11-23;15;710
1;2025-11-23;16;654
1;2025-11-23;17;573
1;2025-11-23;18;496
1;2025-11-23;19;431
1;2025-11-23;20;330
1;2025-11-23;21;271
1;2025-11-23;22;98
1;2025-11-23;23;26
1;2025-11-24;0;0
1;2025-11-24;1;0
1;2025-11-24;2;0
1;2025-11-24;3;0
1;2025-11-24;4;9
1;2025-11-24;5;131
1;2025-11-24;6;473
1;2025-11-24;7;1410
1;2025-11-24;8;1913
1;2025-11-24;9;1443
1;2025-11-24;10;1221
1;2025-11-24;11;1225
1;2025-11-24;12;1352
1;2025-11-24;13;1434
1;2025-11-24;14;1439
1;2025-11-24;15;1548
1;2025-11-24;16;1593
1;2025-11-24;17;1830
1;2025-11-24;18;1992
1;2025-11-24;19;1408
1;2025-11-24;20;883
1;2025-11-24;21;433
1;2025-11-24;22;173
1;2025-11-24;23;51
1;2025-11-25;0;4
1;2025-11-25;1;0
1;2025-11-25;2;0
1;2025-11-25;3;0
1;2025-11-25;4;10
1;2025-11-25;5;111
1;2025-11-25;6;490
1;2025-11-25;7;1500
1;2025-11-25;8;1957
1;2025-11-25;9;1450
1;2025-11-25;10;1340
1;2025-11-25;11;1319
1;2025-11-25;12;1380
1;2025-11-25;13;1417
1;2025-11-25;14;1339
1;2025-11-25;15;1454
1;2025-11-25;16;1468
1;2025-11-25;17;1742
1;2025-11-25;18;1770
1;2025-11-25;19;1322
1;2025-11-25;20;865
1;2025-11-25;21;471
1;2025-11-25;22;171
1;2025-11-25;23;34
1;2025-11-26;0;4
1;2025-11-26;1;0
1;2025-11-26;2;0
1;2025-11-26;3;0
1;2025-11-26;4;10
1;2025-11-26;5;111
1;2025-11-26;6;490
1;2025-11-26;7;1500
1;2025-11-26;8;1957
1;2025-11-26;9;1450
1;2025-11-26;10;1340
1;2025-11-26;11;1319
1;2025-11-26;12;1380
1;2025-11-26;13;1417
1;2025-11-26;14;1339
1;2025-11-26;15;1454
1;2025-11-26;16;1468
1;2025-11-26;17;1742
1;2025-11-26;18;1770
1;2025-11-26;19;1322
1;2025-11-26;20;865
1;2025-11-26;21;471
1;2025-11-26;22;171
1;2025-11-26;23;34
1;2025-11-27;0;4
1;2025-11-27;1;0
1;2025-11-27;2;0
1;2025-11-27;3;0
1;2025-11-27;4;10
1;2025-11-27;5;111
1;2025-11-27;6;490
1;2025-11-27;7;1500
1;2025-11-27;8;1957
1;2025-11-27;9;1450
1;2025-11-27;10;1340
1;2025-11-27;11;1319
1;2025-11-27;12;1380
1;2025-11-27;13;1417
1;2025-11-27;14;1339
1;2025-11-27;15;1454
1;2025-11-27;16;1468
1;2025-11-27;17;1742
1;2025-11-27;18;1770
1;2025-11-27;19;1322
1;2025-11-27;20;865
1;2025-11-27;21;471
1;2025-11-27;22;171
1;2025-11-27;23;34
1;2025-11-28;0;3
1;2025-11-28;1;0
1;2025-11-28;2;0
1;2025-11-28;3;0
1;2025-11-28;4;7
1;2025-11-28;5;134
1;2025-11-28;6;472
1;2025-11-28;7;1485
1;2025-11-28;8;1804
1;2025-11-28;9;1403
1;2025-11-28;10;1249
1;2025-11-28;11;1333
1;2025-11-28;12;1329
1;2025-11-28;13;1376
1;2025-11-28;14;1293
1;2025-11-28;15;1458
1;2025-11-28;16;1571
1;2025-11-28;17;1796
1;2025-11-28;18;1451
1;2025-11-28;19;1214
1;2025-11-28;20;778
1;2025-11-28;21;473
1;2025-11-28;22;174
1;2025-11-28;23;39
1;2025-11-29;0;4
1;2025-11-29;1;0
1;2025-11-29;2;0
1;2025-11-29;3;0
1;2025-11-29;4;0
1;2025-11-29;5;30
1;2025-11-29;6;149
1;2025-11-29;7;346
1;2025-11-29;8;480
1;2025-11-29;9;739
1;2025-11-29;10;906
1;2025-11-29;11;889
1;2025-11-29;12;1072
1;2025-11-29;13;1121
1;2025-11-29;14;1040
1;2025-11-29;15;903
1;2025-11-29;16;768
1;2025-11-29;17;721
1;2025-11-29;18;631
1;2025-11-29;19;544
1;2025-11-29;20;418
1;2025-11-29;21;293
1;2025-11-29;22;116
1;2025-11-29;23;24
1;2025-11-30;0;0
1;2025-11-30;1;0
1;2025-11-30;2;0
1;2025-11-30;3;0
1;2025-11-30;4;0
1;2025-11-30;5;20
1;2025-11-30;6;113
1;2025-11-30;7;260
1;2025-11-30;8;351
1;2025-11-30;9;608
1;2025-11-30;10;676
1;2025-11-30;11;715
1;2025-11-30;12;823
1;2025-11-30;13;855
1;2025-11-30;14;796
1;2025-11-30;15;710
1;2025-11-30;16;654
1;2025-11-30;17;573
1;2025-11-30;18;496
1;2025-11-30;19;431
1;2025-11-30;20;330
1;2025-11-30;21;271
1;2025-11-30;22;98
1;2025-11-30;23;26
1;2025-12-01;0;0
1;2025-12-01;1;0
1;2025-12-01;2;0
1;2025-12-01;3;0
1;2025-12-01;4;9
1;2025-12-01;5;131
1;2025-12-01;6;473
1;2025-12-01;7;1410
1;2025-12-01;8;1913
1;2025-12-01;9;1443
1;2025-12-01;10;1221
1;2025-12-01;11;1225
1;2025-12-01;12;1352
1;2025-12-01;13;1434
1;2025-12-01;14;1439
1;2025-12-01;15;1548
1;2025-12-01;16;1593
1;2025-12-01;17;1830
1;2025-12-01;18;1992
1;2025-12-01;19;1408
1;2025-12-01;20;883
1;2025-12-01;21;433
1;2025-12-01;22;173
1;2025-12-01;23;51
1;2025-12-02;0;4
1;2025-12-02;1;0
1;2025-12-02;2;0
1;2025-12-02;3;0
1;2025-12-02;4;10
1;2025-12-02;5;111
1;2025-12-02;6;490
1;2025-12-02;7;1500
1;2025-12-02;8;1957
1;2025-12-02;9;1450
1;2025-12-02;10;1340
1;2025-12-02;11;1319
1;2025-12-02;12;1380
1;2025-12-02;13;1417
1;2025-12-02;14;1339
1;2025-12-02;15;1454
1;2025-12-02;16;1468
1;2025-12-02;17;1742
1;2025-12-02;18;1770
1;2025-12-02;19;1322
1;2025-12-02;20;865
1;2025-12-02;21;471
1;2025-12-02;22;171
1;2025-12-02;23;34
1;2025-12-03;0;4
1;2025-12-03;1;0
1;2025-12-03;2;0
1;2025-12-03;3;0
1;2025-12-03;4;10
1;2025-12-03;5;111
1;2025-12-03;6;490
1;2025-12-03;7;1500
1;2025-12-03;8;1957
1;2025-12-03;9;1450
1;2025-12-03;10;1340
1;2025-12-03;11;1319
1;2025-12-03;12;1380
1;2025-12-03;13;1417
1;2025-12-03;14;1339
1;2025-12-03;15;1454
1;2025-12-03;16;1468
1;2025-12-03;17;1742
1;2025-12-03;18;1770
1;2025-12-03;19;1322
1;2025-12-03;20;865
1;2025-12-03;21;471
1;2025-12-03;22;171
1;2025-12-03;23;34
1;2025-12-04;0;4
1;2025-12-04;1;0
1;2025-12-04;2;0
1;2025-12-04;3;0
1;2025-12-04;4;10
1;2025-12-04;5;111
1;2025-12-04;6;490
1;2025-12-04;7;1500
1;2025-12-04;8;1957
1;2025-12-04;9;1450
1;2025-12-04;10;1340
1;2025-12-04;11;1319
1;2025-12-04;12;1380
1;2025-12-04;13;1417
1;2025-12-04;14;1339
1;2025-12-04;15;1454
1;2025-12-04;16;1468
1;2025-12-04;17;1742
1;2025-12-04;18;1770
1;2025-12-04;19;1322
1;2025-12-04;20;865
1;2025-12-04;21;471
1;2025-12-04;22;171
1;2025-12-04;23;34
1;2025-12-05;0;3
1;2025-12-05;1;0
1;2025-12-05;2;0
1;2025-12-05;3;0
1;2025-12-05;4;7
1;2025-12-05;5;134
1;2025-12-05;6;472
1;2025-12-05;7;1485
1;2025-12-05;8;1804
1;2025-12-05;9;1403
1;2025-12-05;10;1249
1;2025-12-05;11;1333
1;2025-12-05;12;1329
1;2025-12-05;13;1376
1;2025-12-05;14;1293
1;2025-12-05;15;1458
1;2025-12-05;16;1571
1;2025-12-05;17;1796
1;2025-12-05;18;1451
1;2025-12-05;19;1214
1;2025-12-05;20;778
1;2025-12-05;21;473
1;2025-12-05;22;174
1;2025-12-05;23;39
1;2025-12-06;0;4
1;2025-12-06;1;0
1;2025-12-06;2;0
1;2025-12-06;3;0
1;2025-12-06;4;0
1;2025-12-06;5;30
1;2025-12-06;6;149
1;2025-12-06;7;346
1;2025-12-06;8;480
1;2025-12-06;9;739
1;2025-12-06;10;906
1;2025-12-06;11;889
1;2025-12-06;12;1072
1;2025-12-06;13;1121
1;2025-12-06;14;1040
1;2025-12-06;15;903
1;2025-12-06;16;768
1;2025-12-06;17;721
1;2025-12-06;18;631
1;2025-12-06;19;544
1;2025-12-06;20;418
1;2025-12-06;21;293
1;2025-12-06;22;116
1;2025-12-06;23;24
1;2025-12-07;0;0
1;2025-12-07;1;0
1;2025-12-07;2;0
1;2025-12-07;3;0
1;2025-12-07;4;0
1;2025-12-07;5;20
1;2025-12-07;6;113
1;2025-12-07;7;260
1;2025-12-07;8;351
1;2025-12-07;9;608
1;2025-12-07;10;676
1;2025-12-07;11;715
1;2025-12-07;12;823
1;2025-12-07;13;855
1;2025-12-07;14;796
1;2025-12-07;15;710
1;2025-12-07;16;654
1;2025-12-07;17;573
1;2025-12-07;18;496
1;2025-12-07;19;431
1;2025-12-07;20;330
1;2025-12-07;21;271
1;2025-12-07;22;98
1;2025-12-07;23;26
1;2025-12-08;0;0
1;2025-12-08;1;0
1;2025-12-08;2;0
1;2025-12-08;3;0
1;2025-12-08;4;9
1;2025-12-08;5;131
1;2025-12-08;6;473
1;2025-12-08;7;1410
1;2025-12-08;8;1913
1;2025-12-08;9;1443
1;2025-12-08;10;1221
1;2025-12-08;11;1225
1;2025-12-08;12;1352
1;2025-12-08;13;1434
1;2025-12-08;14;1439
1;2025-12-08;15;1548
1;2025-12-08;16;1593
1;2025-12-08;17;1830
1;2025-12-08;18;1992
1;2025-12-08;19;1408
1;2025-12-08;20;883
1;2025-12-08;21;433
1;2025-12-08;22;173
1;2025-12-08;23;51
1;2025-12-09;0;4
1;2025-12-09;1;0
1;2025-12-09;2;0
1;2025-12-09;3;0
1;2025-12-09;4;10
1;2025-12-09;5;111
1;2025-12-09;6;490
1;2025-12-09;7;1500
1;2025-12-09;8;1957
1;2025-12-09;9;1450
1;2025-12-09;10;1340
1;2025-12-09;11;1319
1;2025-12-09;12;1380
1;2025-12-09;13;1417
1;2025-12-09;14;1339
1;2025-12-09;15;1454
1;2025-12-09;16;1468
1;2025-12-09;17;1742
1;2025-12-09;18;1770
1;2025-12-09;19;1322
1;2025-12-09;20;865
1;2025-12-09;21;471
1;2025-12-09;22;171
1;2025-12-09;23;34
1;2025-12-10;0;4
1;2025-12-10;1;0
1;2025-12-10;2;0
1;2025-12-10;3;0
1;2025-12-10;4;10
1;2025-12-10;5;111
1;2025-12-10;6;490
1;2025-12-10;7;1500
1;2025-12-10;8;1957
1;2025-12-10;9;1450
1;2025-12-10;10;1340
1;2025-12-10;11;1319
1;2025-12-10;12;1380
1;2025-12-10;13;1417
1;2025-12-10;14;1339
1;2025-12-10;15;1454
1;2025-12-10;16;1468
1;2025-12-10;17;1742
1;2025-12-10;18;1770
1;2025-12-10;19;1322
1;2025-12-10;20;865
1;2025-12-10;21;471
1;2025-12-10;22;171
1;2025-12-10;23;34
1;2025-12-11;0;4
1;2025-12-11;1;0
1;2025-12-11;2;0
1;2025-12-11;3;0
1;2025-12-11;4;10
1;2025-12-11;5;111
1;2025-12-11;6;490
1;2025-12-11;7;1500
1;2025-12-11;8;1957
1;2025-12-11;9;1450
1;2025-12-11;10;1340
1;2025-12-11;11;1319
1;2025-12-11;12;1380
1;2025-12-11;13;1417
1;2025-12-11;14;1339
1;2025-12-11;15;1454
1;2025-12-11;16;1468
1;2025-12-11;17;1742
1;2025-12-11;18;1770
1;2025-12-11;19;1322
1;2025-12-11;20;865
1;2025-12-11;21;471
1;2025-12-11;22;171
1;2025-12-11;23;34
1;2025-12-12;0;3
1;2025-12-12;1;0
1;2025-12-12;2;0
1;2025-12-12;3;0
1;2025-12-12;4;7
1;2025-12-12;5;134
1;2025-12-12;6;472
1;2025-12-12;7;1485
1;2025-12-12;8;1804
1;2025-12-12;9;1403
1;2025-12-12;10;1249
1;2025-12-12;11;1333
1;2025-12-12;12;1329
1;2025-12-12;13;1376
1;2025-12-12;14;1293
1;2025-12-12;15;1458
1;2025-12-12;16;1571
1;2025-12-12;17;1796
1;2025-12-12;18;1451
1;2025-12-12;19;1214
1;2025-12-12;20;778
1;2025-12-12;21;473
1;2025-12-12;22;174
1;2025-12-12;23;39
1;2025-12-13;0;4
1;2025-12-13;1;0
1;2025-12-13;2;0
1;2025-12-13;3;0
1;2025-12-13;4;0
1;2025-12-13;5;30
1;2025-12-13;6;149
1;2025-12-13;7;346
1;2025-12-13;8;480
1;2025-12-13;9;739
1;2025-12-13;10;906
1;2025-12-13;11;889
1;2025-12-13;12;1072
1;2025-12-13;13;1121
1;2025-12-13;14;1040
1;2025-12-13;15;903
1;2025-12-13;16;768
1;2025-12-13;17;721
1;2025-12-13;18;631
1;2025-12-13;19;544
1;2025-12-13;20;418
1;2025-12-13;21;293
1;2025-12-13;22;116
1;2025-12-13;23;24
1;2025-12-14;0;0
1;2025-12-14;1;0
1;2025-12-14;2;0
1;2025-12-14;3;0
1;2025-12-14;4;0
1;2025-12-14;5;20
1;2025-12-14;6;113
1;2025-12-14;7;260
1;2025-12-14;8;351
1;2025-12-14;9;608
1;2025-12-14;10;676
1;2025-12-14;11;715
1;2025-12-14;12;823
1;2025-12-14;13;855
1;2025-12-14;14;796
1;2025-12-14;15;710
1;2025-12-14;16;654
1;2025-12-14;17;573
1;2025-12-14;18;496
1;2025-12-14;19;431
1;2025-12-14;20;330
1;2025-12-14;21;271
1;2025-12-14;22;98
1;2025-12-14;23;26
1;2025-12-15;0;0
1;2025-12-15;1;0
1;2025-12-15;2;0
1;2025-12-15;3;0
1;2025-12-15;4;9
1;2025-12-15;5;131
1;2025-12-15;6;473
1;2025-12-15;7;1410
1;2025-12-15;8;1913
1;2025-12-15;9;1443
1;2025-12-15;10;1221
1;2025-12-15;11;1225
1;2025-12-15;12;1352
1;2025-12-15;13;1434
1;2025-12-15;14;1439
1;2025-12-15;15;1548
1;2025-12-15;16;1593
1;2025-12-15;17;1830
1;2025-12-15;18;1992
1;2025-12-15;19;1408
1;2025-12-15;20;883
1;2025-12-15;21;433
1;2025-12-15;22;173
1;2025-12-15;23;51
1;2025-12-16;0;4
1;2025-12-16;1;0
1;2025-12-16;2;0
1;2025-12-16;3;0
1;2025-12-16;4;10
1;2025-12-16;5;111
1;2025-12-16;6;490
1;2025-12-16;7;1500
1;2025-12-16;8;1957
1;2025-12-16;9;1450
1;2025-12-16;10;1340
1;2025-12-16;11;1319
1;2025-12-16;12;1380
1;2025-12-16;13;1417
1;2025-12-16;14;1339
1;2025-12-16;15;1454
1;2025-12-16;16;1468
1;2025-12-16;17;1742
1;2025-12-16;18;1770
1;2025-12-16;19;1322
1;2025-12-16;20;865
1;2025-12-16;21;471
1;2025-12-16;22;171
1;2025-12-16;23;34
1;2025-12-17;0;4
1;2025-12-17;1;0
1;2025-12-17;2;0
1;2025-12-17;3;0
1;2025-12-17;4;10
1;2025-12-17;5;111
1;2025-12-17;6;490
1;2025-12-17;7;1500
1;2025-12-17;8;1957
1;2025-12-17;9;1450
1;2025-12-17;10;1340
1;2025-12-17;11;1319
1;2025-12-17;12;1380
1;2025-12-17;13;1417
1;2025-12-17;14;1339
1;2025-12-17;15;1454
1;2025-12-17;16;1468
1;2025-12-17;17;1742
1;2025-12-17;18;1770
1;2025-12-17;19;1322
1;2025-12-17;20;865
1;2025-12-17;21;471
1;2025-12-17;22;171
1;2025-12-17;23;34
1;2025-12-18;0;4
1;2025-12-18;1;0
1;2025-12-18;2;0
1;2025-12-18;3;0
1;2025-12-18;4;10
1;2025-12-18;5;111
1;2025-12-18;6;490
1;2025-12-18;7;1500
1;2025-12-18;8;1957
1;2025-12-18;9;1450
1;2025-12-18;10;1340
1;2025-12-18;11;1319
1;2025-12-18;12;1380
1;2025-12-18;13;1417
1;2025-12-18;14;1339
1;2025-12-18;15;1454
1;2025-12-18;16;1468
1;2025-12-18;17;1742
1;2025-12-18;18;1770
1;2025-12-18;19;1322
1;2025-12-18;20;865
1;2025-12-18;21;471
1;2025-12-18;22;171
1;2025-12-18;23;34
1;2025-12-19;0;3
1;2025-12-19;1;0
1;2025-12-19;2;0
1;2025-12-19;3;0
1;2025-12-19;4;7
1;2025-12-19;5;134
1;2025-12-19;6;472
1;2025-12-19;7;1485
1;2025-12-19;8;1804
1;2025-12-19;9;1403
1;2025-12-19;10;1249
1;2025-12-19;11;1333
1;2025-12-19;12;1329
1;2025-12-19;13;1376
1;2025-12-19;14;1293
1;2025-12-19;15;1458
1;2025-12-19;16;1571
1;2025-12-19;17;1796
1;2025-12-19;18;1451
1;2025-12-19;19;1214
1;2025-12-19;20;778
1;2025-12-19;21;473
1;2025-12-19;22;174
1;2025-12-19;23;39
1;2025-12-20;0;4
1;2025-12-20;1;0
1;2025-12-20;2;0
1;2025-12-20;3;0
1;2025-12-20;4;0
1;2025-12-20;5;30
1;2025-12-20;6;149
1;2025-12-20;7;346
1;2025-12-20;8;480
1;2025-12-20;9;739
1;2025-12-20;10;906
1;2025-12-20;11;889
1;2025-12-20;12;1072
1;2025-12-20;13;1121
1;2025-12-20;14;1040
1;2025-12-20;15;903
1;2025-12-20;16;768
1;2025-12-20;17;721
1;2025-12-20;18;631
1;2025-12-20;19;544
1;2025-12-20;20;418
1;2025-12-20;21;293
1;2025-12-20;22;116
1;2025-12-20;23;24
1;2025-12-21;0;0
1;2025-12-21;1;0
1;2025-12-21;2;0
1;2025-12-21;3;0
1;2025-12-21;4;0
1;2025-12-21;5;20
1;2025-12-21;6;113
1;2025-12-21;7;260
1;2025-12-21;8;351
1;2025-12-21;9;608
1;2025-12-21;10;676
1;2025-12-21;11;715
1;2025-12-21;12;823
1;2025-12-21;13;855
1;2025-12-21;14;796
1;2025-12-21;15;710
1;2025-12-21;16;654
1;2025-12-21;17;573
1;2025-12-21;18;496
1;2025-12-21;19;431
1;2025-12-21;20;330
1;2025-12-21;21;271
1;2025-12-21;22;98
1;2025-12-21;23;26
1;2025-12-22;0;0
1;2025-12-22;1;0
1;2025-12-22;2;0
1;2025-12-22;3;0
1;2025-12-22;4;9
1;2025-12-22;5;131
1;2025-12-22;6;473
1;2025-12-22;7;1410
1;2025-12-22;8;1913
1;2025-12-22;9;1443
1;2025-12-22;10;1221
1;2025-12-22;11;1225
1;2025-12-22;12;1352
1;2025-12-22;13;1434
1;2025-12-22;14;1439
1;2025-12-22;15;1548
1;2025-12-22;16;1593
1;2025-12-22;17;1830
1;2025-12-22;18;1992
1;2025-12-22;19;1408
1;2025-12-22;20;883
1;2025-12-22;21;433
1;2025-12-22;22;173
1;2025-12-22;23;51
1;2025-12-23;0;4
1;2025-12-23;1;0
1;2025-12-23;2;0
1;2025-12-23;3;0
1;2025-12-23;4;10
1;2025-12-23;5;111
1;2025-12-23;6;490
1;2025-12-23;7;1500
1;2025-12-23;8;1957
1;2025-12-23;9;1450
1;2025-12-23;10;1340
1;2025-12-23;11;1319
1;2025-12-23;12;1380
1;2025-12-23;13;1417
1;2025-12-23;14;1339
1;2025-12-23;15;1454
1;2025-12-23;16;1468
1;2025-12-23;17;1742
1;2025-12-23;18;1770
1;2025-12-23;19;1322
1;2025-12-23;20;865
1;2025-12-23;21;471
1;2025-12-23;22;171
1;2025-12-23;23;34
1;2025-12-24;0;4
1;2025-12-24;1;0
1;2025-12-24;2;0
1;2025-12-24;3;0
1;2025-12-24;4;10
1;2025-12-24;5;111
1;2025-12-24;6;490
1;2025-12-24;7;1500
1;2025-12-24;8;1957
1;2025-12-24;9;1450
1;2025-12-24;10;1340
1;2025-12-24;11;1319
1;2025-12-24;12;1380
1;2025-12-24;13;1417
1;2025-12-24;14;1339
1;2025-12-24;15;1454
1;2025-12-24;16;1468
1;2025-12-24;17;1742
1;2025-12-24;18;1770
1;2025-12-24;19;1322
1;2025-12-24;20;865
1;2025-12-24;21;471
1;2025-12-24;22;171
1;2025-12-24;23;34
1;2025-12-25;0;4
1;2025-12-25;1;0
1;2025-12-25;2;0
1;2025-12-25;3;0
1;2025-12-25;4;10
1;2025-12-25;5;111
1;2025-12-25;6;490
1;2025-12-25;7;1500
1;2025-12-25;8;1957
1;2025-12-25;9;1450
1;2025-12-25;10;1340
1;2025-12-25;11;1319
1;2025-12-25;12;1380
1;2025-12-25;13;1417
1;2025-12-25;14;1339
1;2025-12-25;15;1454
1;2025-12-25;16;1468
1;2025-12-25;17;1742
1;2025-12-25;18;1770
1;2025-12-25;19;1322
1;2025-12-25;20;865
1;2025-12-25;21;471
1;2025-12-25;22;171
1;2025-12-25;23;34
1;2025-12-26;0;3
1;2025-12-26;1;0
1;2025-12-26;2;0
1;2025-12-26;3;0
1;2025-12-26;4;7
1;2025-12-26;5;134
1;2025-12-26;6;472
1;2025-12-26;7;1485
1;2025-12-26;8;1804
1;2025-12-26;9;1403
1;2025-12-26;10;1249
1;2025-12-26;11;1333
1;2025-12-26;12;1329
1;2025-12-26;13;1376
1;2025-12-26;14;1293
1;2025-12-26;15;1458
1;2025-12-26;16;1571
1;2025-12-26;17;1796
1;2025-12-26;18;1451
1;2025-12-26;19;1214
1;2025-12-26;20;778
1;2025-12-26;21;473
1;2025-12-26;22;174
1;2025-12-26;23;39
1;2025-12-27;0;4
1;2025-12-27;1;0
1;2025-12-27;2;0
1;2025-12-27;3;0
1;2025-12-27;4;0
1;2025-12-27;5;30
1;2025-12-27;6;149
1;2025-12-27;7;346
1;2025-12-27;8;480
1;2025-12-27;9;739
1;2025-12-27;10;906
1;2025-12-27;11;889
1;2025-12-27;12;1072
1;2025-12-27;13;1121
1;2025-12-27;14;1040
1;2025-12-27;15;903
1;2025-12-27;16;768
1;2025-12-27;17;721
1;2025-12-27;18;631
1;2025-12-27;19;544
1;2025-12-27;20;418
1;2025-12-27;21;293
1;2025-12-27;22;116
1;2025-12-27;23;24
1;2025-12-28;0;0
1;2025-12-28;1;0
1;2025-12-28;2;0
1;2025-12-28;3;0
1;2025-12-28;4;0
1;2025-12-28;5;20
1;2025-12-28;6;113
1;2025-12-28;7;260
1;2025-12-28;8;351
1;2025-12-28;9;608
1;2025-12-28;10;676
1;2025-12-28;11;715
1;2025-12-28;12;823
1;2025-12-28;13;855
1;2025-12-28;14;796
1;2025-12-28;15;710
1;2025-12-28;16;654
1;2025-12-28;17;573
1;2025-12-28;18;496
1;2025-12-28;19;431
1;2025-12-28;20;330
1;2025-12-28;21;271
1;2025-12-28;22;98
1;2025-12-28;23;26
1;2025-12-29;0;3
1;2025-12-29;1;0
1;2025-12-29;2;0
1;2025-12-29;3;0
1;2025-12-29;4;6
1;2025-12-29;5;115
1;2025-12-29;6;406
1;2025-12-29;7;1277
1;2025-12-29;8;1551
1;2025-12-29;9;1207
1;2025-12-29;10;1074
1;2025-12-29;11;1146
1;2025-12-29;12;1143
1;2025-12-29;13;1183
1;2025-12-29;14;1112
1;2025-12-29;15;1254
1;2025-12-29;16;1351
1;2025-12-29;17;1544
1;2025-12-29;18;1248
1;2025-12-29;19;1044
1;2025-12-29;20;669
1;2025-12-29;21;407
1;2025-12-29;22;149
1;2025-12-29;23;34
1;2025-12-30;0;3
1;2025-12-30;1;0
1;2025-12-30;2;0
1;2025-12-30;3;0
1;2025-12-30;4;6
1;2025-12-30;5;115
1;2025-12-30;6;406
1;2025-12-30;7;1277
1;2025-12-30;8;1551
1;2025-12-30;9;1207
1;2025-12-30;10;1074
1;2025-12-30;11;1146
1;2025-12-30;12;1143
1;2025-12-30;13;1183
1;2025-12-30;14;1112
1;2025-12-30;15;1254
1;2025-12-30;16;1351
1;2025-12-30;17;1544
1;2025-12-30;18;1248
1;2025-12-30;19;1044
1;2025-12-30;20;669
1;2025-12-30;21;407
1;2025-12-30;22;149
1;2025-12-30;23;34
1;2025-12-31;0;3
1;2025-12-31;1;0
1;2025-12-31;2;0
1;2025-12-31;3;0
1;2025-12-31;4;0
1;2025-12-31;5;26
1;2025-12-31;6;127
1;2025-12-31;7;294
1;2025-12-31;8;408
1;2025-12-31;9;628
1;2025-12-31;10;770
1;2025-12-31;11;755
1;2025-12-31;12;912
1;2025-12-31;13;953
1;2025-12-31;14;884
1;2025-12-31;15;767
1;2025-12-31;16;653
1;2025-12-31;17;613
1;2025-12-31;18;537
1;2025-12-31;19;254
1;2025-12-31;20;195
1;2025-12-31;21;137
1;2025-12-31;22;54
1;2025-12-31;23;11
5;2025-11-01;0;0
5;2025-11-01;1;0
5;2025-11-01;2;0
5;2025-11-01;3;0
5;2025-11-01;4;0
5;2025-11-01;5;0
5;2025-11-01;6;0
5;2025-11-01;7;0
5;2025-11-01;8;0
5;2025-11-01;9;0
5;2025-11-01;10;0
5;2025-11-01;11;0
5;2025-11-01;12;0
5;2025-11-01;13;0
5;2025-11-01;14;0
5;2025-11-01;15;0
5;2025-11-01;16;0
5;2025-11-01;17;0
5;2025-11-01;18;0
5;2025-11-01;19;0
5;2025-11-01;20;0
5;2025-11-01;21;0
5;2025-11-01;22;0
5;2025-11-01;23;0
5;2025-11-02;0;0
5;2025-11-02;1;0
5;2025-11-02;2;0
5;2025-11-02;3;0
5;2025-11-02;4;0
5;2025-11-02;5;0
5;2025-11-02;6;0
5;2025-11-02;7;0
5;2025-11-02;8;0
5;2025-11-02;9;0
5;2025-11-02;10;0
5;2025-11-02;11;0
5;2025-11-02;12;0
5;2025-11-02;13;0
5;2025-11-02;14;0
5;2025-11-02;15;0
5;2025-11-02;16;0
5;2025-11-02;17;0
5;2025-11-02;18;0
5;2025-11-02;19;0
5;2025-11-02;20;0
5;2025-11-02;21;0
5;2025-11-02;22;0
5;2025-11-02;23;0
5;2025-11-03;0;0
5;2025-11-03;1;0
5;2025-11-03;2;0
5;2025-11-03;3;0
5;2025-11-03;4;0
5;2025-11-03;5;0
5;2025-11-03;6;0
5;2025-11-03;7;0
5;2025-11-03;8;0
5;2025-11-03;9;0
5;2025-11-03;10;0
5;2025-11-03;11;0
5;2025-11-03;12;0
5;2025-11-03;13;0
5;2025-11-03;14;0
5;2025-11-03;15;0
5;2025-11-03;16;0
5;2025-11-03;17;0
5;2025-11-03;18;0
5;2025-11-03;19;0
5;2025-11-03;20;0
5;2025-11-03;21;0
5;2025-11-03;22;0
5;2025-11-03;23;0
5;2025-11-04;0;0
5;2025-11-04;1;0
5;2025-11-04;2;0
5;2025-11-04;3;0
5;2025-11-04;4;0
5;2025-11-04;5;0
5;2025-11-04;6;0
5;2025-11-04;7;0
5;2025-11-04;8;0
5;2025-11-04;9;0
5;2025-11-04;10;0
5;2025-11-04;11;0
5;2025-11-04;12;0
5;2025-11-04;13;0
5;2025-11-04;14;0
5;2025-11-04;15;0
5;2025-11-04;16;0
5;2025-11-04;17;0
5;2025-11-04;18;0
5;2025-11-04;19;0
5;2025-11-04;20;0
5;2025-11-04;21;0
5;2025-11-04;22;0
5;2025-11-04;23;0
5;2025-11-05;0;0
5;2025-11-05;1;0
5;2025-11-05;2;0
5;2025-11-05;3;0
5;2025-11-05;4;0
5;2025-11-05;5;0
5;2025-11-05;6;0
5;2025-11-05;7;0
5;2025-11-05;8;0
5;2025-11-05;9;0
5;2025-11-05;10;0
5;2025-11-05;11;0
5;2025-11-05;12;0
5;2025-11-05;13;0
5;2025-11-05;14;0
5;2025-11-05;15;0
5;2025-11-05;16;0
5;2025-11-05;17;0
5;2025-11-05;18;0
5;2025-11-05;19;0
5;2025-11-05;20;0
5;2025-11-05;21;0
5;2025-11-05;22;0
5;2025-11-05;23;0
5;2025-11-06;0;0
5;2025-11-06;1;0
5;2025-11-06;2;0
5;2025-11-06;3;0
5;2025-11-06;4;0
5;2025-11-06;5;0
5;2025-11-06;6;0
5;2025-11-06;7;0
5;2025-11-06;8;0
5;2025-11-06;9;0
5;2025-11-06;10;0
5;2025-11-06;11;0
5;2025-11-06;12;0
5;2025-11-06;13;0
5;2025-11-06;14;0
5;2025-11-06;15;0
5;2025-11-06;16;0
5;2025-11-06;17;0
5;2025-11-06;18;0
5;2025-11-06;19;0
5;2025-11-06;20;0
5;2025-11-06;21;0
5;2025-11-06;22;0
5;2025-11-06;23;0
5;2025-11-07;0;0
5;2025-11-07;1;0
5;2025-11-07;2;0
5;2025-11-07;3;0
5;2025-11-07;4;0
5;2025-11-07;5;0
5;2025-11-07;6;0
5;2025-11-07;7;0
5;2025-11-07;8;0
5;2025-11-07;9;0
5;2025-11-07;10;0
5;2025-11-07;11;0
5;2025-11-07;12;0
5;2025-11-07;13;0
5;2025-11-07;14;0
5;2025-11-07;15;0
5;2025-11-07;16;0
5;2025-11-07;17;0
5;2025-11-07;18;0
5;2025-11-07;19;0
5;2025-11-07;20;0
5;2025-11-07;21;0
5;2025-11-07;22;0
5;2025-11-07;23;0
5;2025-11-08;0;0
5;2025-11-08;1;0
5;2025-11-08;2;0
5;2025-11-08;3;0
5;2025-11-08;4;0
5;2025-11-08;5;0
5;2025-11-08;6;0
5;2025-11-08;7;0
5;2025-11-08;8;0
5;2025-11-08;9;0
5;2025-11-08;10;0
5;2025-11-08;11;0
5;2025-11-08;12;0
5;2025-11-08;13;0
5;2025-11-08;14;0
5;2025-11-08;15;0
5;2025-11-08;16;0
5;2025-11-08;17;0
5;2025-11-08;18;0
5;2025-11-08;19;0
5;2025-11-08;20;0
5;2025-11-08;21;0
5;2025-11-08;22;0
5;2025-11-08;23;0
5;2025-11-09;0;0
5;2025-11-09;1;0
5;2025-11-09;2;0
5;2025-11-09;3;0
5;2025-11-09;4;0
5;2025-11-09;5;0
5;2025-11-09;6;0
5;2025-11-09;7;0
5;2025-11-09;8;0
5;2025-11-09;9;0
5;2025-11-09;10;0
5;2025-11-09;11;0
5;2025-11-09;12;0
5;2025-11-09;13;0
5;2025-11-09;14;0
5;2025-11-09;15;0
5;2025-11-09;16;0
5;2025-11-09;17;0
5;2025-11-09;18;0
5;2025-11-09;19;0
5;2025-11-09;20;0
5;2025-11-09;21;0
5;2025-11-09;22;0
5;2025-11-09;23;0
5;2025-11-10;0;0
5;2025-11-10;1;0
5;2025-11-10;2;0
5;2025-11-10;3;0
5;2025-11-10;4;0
5;2025-11-10;5;0
5;2025-11-10;6;0
5;2025-11-10;7;0
5;2025-11-10;8;0
5;2025-11-10;9;0
5;2025-11-10;10;0
5;2025-11-10;11;0
5;2025-11-10;12;0
5;2025-11-10;13;0
5;2025-11-10;14;0
5;2025-11-10;15;0
5;2025-11-10;16;0
5;2025-11-10;17;0
5;2025-11-10;18;0
5;2025-11-10;19;0
5;2025-11-10;20;0
5;2025-11-10;21;0
5;2025-11-10;22;0
5;2025-11-10;23;0
5;2025-11-11;0;0
5;2025-11-11;1;0
5;2025-11-11;2;0
5;2025-11-11;3;0
5;2025-11-11;4;0
5;2025-11-11;5;0
5;2025-11-11;6;0
5;2025-11-11;7;0
5;2025-11-11;8;0
5;2025-11-11;9;0
5;2025-11-11;10;0
5;2025-11-11;11;0
5;2025-11-11;12;0
5;2025-11-11;13;0
5;2025-11-11;14;0
5;2025-11-11;15;0
5;2025-11-11;16;0
5;2025-11-11;17;0
5;2025-11-11;18;0
5;2025-11-11;19;0
5;2025-11-11;20;0
5;2025-11-11;21;0
5;2025-11-11;22;0
5;2025-11-11;23;0
5;2025-11-12;0;0
5;2025-11-12;1;0
5;2025-11-12;2;0
5;2025-11-12;3;0
5;2025-11-12;4;0
5;2025-11-12;5;0
5;2025-11-12;6;0
5;2025-11-12;7;0
5;2025-11-12;8;0
5;2025-11-12;9;0
5;2025-11-12;10;0
5;2025-11-12;11;0
5;2025-11-12;12;0
5;2025-11-12;13;0
5;2025-11-12;14;0
5;2025-11-12;15;0
5;2025-11-12;16;0
5;2025-11-12;17;0
5;2025-11-12;18;0
5;2025-11-12;19;0
5;2025-11-12;20;0
5;2025-11-12;21;0
5;2025-11-12;22;0
5;2025-11-12;23;0
5;2025-11-13;0;0
5;2025-11-13;1;0
5;2025-11-13;2;0
5;2025-11-13;3;0
5;2025-11-13;4;0
5;2025-11-13;5;0
5;2025-11-13;6;0
5;2025-11-13;7;0
5;2025-11-13;8;0
5;2025-11-13;9;0
5;2025-11-13;10;0
5;2025-11-13;11;0
5;2025-11-13;12;0
5;2025-11-13;13;0
5;2025-11-13;14;0
5;2025-11-13;15;0
5;2025-11-13;16;0
5;2025-11-13;17;0
5;2025-11-13;18;0
5;2025-11-13;19;0
5;2025-11-13;20;0
5;2025-11-13;21;0
5;2025-11-13;22;0
5;2025-11-13;23;0
5;2025-11-14;0;0
5;2025-11-14;1;0
5;2025-11-14;2;0
5;2025-11-14;3;0
5;2025-11-14;4;0
5;2025-11-14;5;0
5;2025-11-14;6;0
5;2025-11-14;7;0
5;2025-11-14;8;0
5;2025-11-14;9;0
5;2025-11-14;10;0
5;2025-11-14;11;0
5;2025-11-14;12;0
5;2025-11-14;13;0
5;2025-11-14;14;0
5;2025-11-14;15;0
5;2025-11-14;16;0
5;2025-11-14;17;0
5;2025-11-14;18;0
5;2025-11-14;19;0
5;2025-11-14;20;0
5;2025-11-14;21;0
5;2025-11-14;22;0
5;2025-11-14;23;0
5;2025-11-15;0;0
5;2025-11-15;1;0
5;2025-11-15;2;0
5;2025-11-15;3;0
5;2025-11-15;4;0
5;2025-11-15;5;0
5;2025-11-15;6;0
5;2025-11-15;7;0
5;2025-11-15;8;0
5;2025-11-15;9;0
5;2025-11-15;10;0
5;2025-11-15;11;0
5;2025-11-15;12;0
5;2025-11-15;13;0
5;2025-11-15;14;0
5;2025-11-15;15;0
5;2025-11-15;16;0
5;2025-11-15;17;0
5;2025-11-15;18;0
5;2025-11-15;19;0
5;2025-11-15;20;0
5;2025-11-15;21;0
5;2025-11-15;22;0
5;2025-11-15;23;0
5;2025-11-16;0;0
5;2025-11-16;1;0
5;2025-11-16;2;0
5;2025-11-16;3;0
5;2025-11-16;4;0
5;2025-11-16;5;0
5;2025-11-16;6;0
5;2025-11-16;7;0
5;2025-11-16;8;0
5;2025-11-16;9;0
5;2025-11-16;10;0
5;2025-11-16;11;0
5;2025-11-16;12;0
5;2025-11-16;13;0
5;2025-11-16;14;0
5;2025-11-16;15;0
5;2025-11-16;16;0
5;2025-11-16;17;0
5;2025-11-16;18;0
5;2025-11-16;19;0
5;2025-11-16;20;0
5;2025-11-16;21;0
5;2025-11-16;22;0
5;2025-11-16;23;0
5;2025-11-17;0;0
5;2025-11-17;1;0
5;2025-11-17;2;0
5;2025-11-17;3;0
5;2025-11-17;4;0
5;2025-11-17;5;0
5;2025-11-17;6;0
5;2025-11-17;7;0
5;2025-11-17;8;0
5;2025-11-17;9;0
5;2025-11-17;10;0
5;2025-11-17;11;0
5;2025-11-17;12;0
5;2025-11-17;13;0
5;2025-11-17;14;0
5;2025-11-17;15;0
5;2025-11-17;16;0
5;2025-11-17;17;0
5;2025-11-17;18;0
5;2025-11-17;19;0
5;2025-11-17;20;0
5;2025-11-17;21;0
5;2025-11-17;22;0
5;2025-11-17;23;0
5;2025-11-18;0;0
5;2025-11-18;1;0
5;2025-11-18;2;0
5;2025-11-18;3;0
5;2025-11-18;4;0
5;2025-11-18;5;0
5;2025-11-18;6;0
5;2025-11-18;7;0
5;2025-11-18;8;0
5;2025-11-18;9;0
5;2025-11-18;10;0
5;2025-11-18;11;0
5;2025-11-18;12;0
5;2025-11-18;13;0
5;2025-11-18;14;0
5;2025-11-18;15;0
5;2025-11-18;16;0
5;2025-11-18;17;0
5;2025-11-18;18;0
5;2025-11-18;19;0
5;2025-11-18;20;0
5;2025-11-18;21;0
5;2025-11-18;22;0
5;2025-11-18;23;0
5;2025-11-19;0;0
5;2025-11-19;1;0
5;2025-11-19;2;0
5;2025-11-19;3;0
5;2025-11-19;4;0
5;2025-11-19;5;0
5;2025-11-19;6;0
5;2025-11-19;7;0
5;2025-11-19;8;0
5;2025-11-19;9;0
5;2025-11-19;10;0
5;2025-11-19;11;0
5;2025-11-19;12;0
5;2025-11-19;13;0
5;2025-11-19;14;0
5;2025-11-19;15;0
5;2025-11-19;16;0
5;2025-11-19;17;0
5;2025-11-19;18;0
5;2025-11-19;19;0
5;2025-11-19;20;0
5;2025-11-19;21;0
5;2025-11-19;22;0
5;2025-11-19;23;0
5;2025-11-20;0;0
5;2025-11-20;1;0
5;2025-11-20;2;0
5;2025-11-20;3;0
5;2025-11-20;4;0
5;2025-11-20;5;0
5;2025-11-20;6;0
5;2025-11-20;7;0
5;2025-11-20;8;0
5;2025-11-20;9;0
5;2025-11-20;10;0
5;2025-11-20;11;0
5;2025-11-20;12;0
5;2025-11-20;13;0
5;2025-11-20;14;0
5;2025-11-20;15;0
5;2025-11-20;16;0
5;2025-11-20;17;0
5;2025-11-20;18;0
5;2025-11-20;19;0
5;2025-11-20;20;0
5;2025-11-20;21;0
5;2025-11-20;22;0
5;2025-11-20;23;0
5;2025-11-21;0;0
5;2025-11-21;1;0
5;2025-11-21;2;0
5;2025-11-21;3;0
5;2025-11-21;4;0
5;2025-11-21;5;0
5;2025-11-21;6;0
5;2025-11-21;7;0
5;2025-11-21;8;0
5;2025-11-21;9;0
5;2025-11-21;10;0
5;2025-11-21;11;0
5;2025-11-21;12;0
5;2025-11-21;13;0
5;2025-11-21;14;0
5;2025-11-21;15;0
5;2025-11-21;16;0
5;2025-11-21;17;0
5;2025-11-21;18;0
5;2025-11-21;19;0
5;2025-11-21;20;0
5;2025-11-21;21;0
5;2025-11-21;22;0
5;2025-11-21;23;0
5;2025-11-22;0;0
5;2025-11-22;1;0
5;2025-11-22;2;0
5;2025-11-22;3;0
5;2025-11-22;4;0
5;2025-11-22;5;0
5;2025-11-22;6;0
5;2025-11-22;7;0
5;2025-11-22;8;0
5;2025-11-22;9;0
5;2025-11-22;10;0
5;2025-11-22;11;0
5;2025-11-22;12;0
5;2025-11-22;13;0
5;2025-11-22;14;0
5;2025-11-22;15;0
5;2025-11-22;16;0
5;2025-11-22;17;0
5;2025-11-22;18;0
5;2025-11-22;19;0
5;2025-11-22;20;0
5;2025-11-22;21;0
5;2025-11-22;22;0
5;2025-11-22;23;0
5;2025-11-23;0;0
5;2025-11-23;1;0
5;2025-11-23;2;0
5;2025-11-23;3;0
5;2025-11-23;4;0
5;2025-11-23;5;0
5;2025-11-23;6;0
5;2025-11-23;7;0
5;2025-11-23;8;0
5;2025-11-23;9;0
5;2025-11-23;10;0
5;2025-11-23;11;0
5;2025-11-23;12;0
5;2025-11-23;13;0
5;2025-11-23;14;0
5;2025-11-23;15;0
5;2025-11-23;16;0
5;2025-11-23;17;0
5;2025-11-23;18;0
5;2025-11-23;19;0
5;2025-11-23;20;0
5;2025-11-23;21;0
5;2025-11-23;22;0
5;2025-11-23;23;0
5;2025-11-24;0;0
5;2025-11-24;1;0
5;2025-11-24;2;0
5;2025-11-24;3;0
5;2025-11-24;4;0
5;2025-11-24;5;0
5;2025-11-24;6;0
5;2025-11-24;7;0
5;2025-11-24;8;0
5;2025-11-24;9;0
5;2025-11-24;10;0
5;2025-11-24;11;0
5;2025-11-24;12;0
5;2025-11-24;13;0
5;2025-11-24;14;0
5;2025-11-24;15;0
5;2025-11-24;16;0
5;2025-11-24;17;0
5;2025-11-24;18;0
5;2025-11-24;19;0
5;2025-11-24;20;0
5;2025-11-24;21;0
5;2025-11-24;22;0
5;2025-11-24;23;0
5;2025-11-25;0;0
5;2025-11-25;1;0
5;2025-11-25;2;0
5;2025-11-25;3;0
5;2025-11-25;4;0
5;2025-11-25;5;0
5;2025-11-25;6;0
5;2025-11-25;7;0
5;2025-11-25;8;0
5;2025-11-25;9;0
5;2025-11-25;10;0
5;2025-11-25;11;0
5;2025-11-25;12;0
5;2025-11-25;13;0
5;2025-11-25;14;0
5;2025-11-25;15;0
5;2025-11-25;16;0
5;2025-11-25;17;0
5;2025-11-25;18;0
5;2025-11-25;19;0
5;2025-11-25;20;0
5;2025-11-25;21;0
5;2025-11-25;22;0
5;2025-11-25;23;0
5;2025-11-26;0;0
5;2025-11-26;1;0
5;2025-11-26;2;0
5;2025-11-26;3;0
5;2025-11-26;4;0
5;2025-11-26;5;0
5;2025-11-26;6;0
5;2025-11-26;7;0
5;2025-11-26;8;0
5;2025-11-26;9;0
5;2025-11-26;10;0
5;2025-11-26;11;0
5;2025-11-26;12;0
5;2025-11-26;13;0
5;2025-11-26;14;0
5;2025-11-26;15;0
5;2025-11-26;16;0
5;2025-11-26;17;0
5;2025-11-26;18;0
5;2025-11-26;19;0
5;2025-11-26;20;0
5;2025-11-26;21;0
5;2025-11-26;22;0
5;2025-11-26;23;0
5;2025-11-27;0;0
5;2025-11-27;1;0
5;2025-11-27;2;0
5;2025-11-27;3;0
5;2025-11-27;4;0
5;2025-11-27;5;0
5;2025-11-27;6;0
5;2025-11-27;7;0
5;2025-11-27;8;0
5;2025-11-27;9;0
5;2025-11-27;10;0
5;2025-11-27;11;0
5;2025-11-27;12;0
5;2025-11-27;13;0
5;2025-11-27;14;0
5;2025-11-27;15;0
5;2025-11-27;16;0
5;2025-11-27;17;0
5;2025-11-27;18;0
5;2025-11-27;19;0
5;2025-11-27;20;0
5;2025-11-27;21;0
5;2025-11-27;22;0
5;2025-11-27;23;0
5;2025-11-28;0;0
5;2025-11-28;1;0
5;2025-11-28;2;0
5;2025-11-28;3;0
5;2025-11-28;4;0
5;2025-11-28;5;0
5;2025-11-28;6;0
5;2025-11-28;7;0
5;2025-11-28;8;0
5;2025-11-28;9;0
5;2025-11-28;10;0
5;2025-11-28;11;0
5;2025-11-28;12;0
5;2025-11-28;13;0
5;2025-11-28;14;0
5;2025-11-28;15;0
5;2025-11-28;16;0
5;2025-11-28;17;0
5;2025-11-28;18;0
5;2025-11-28;19;0
5;2025-11-28;20;0
5;2025-11-28;21;0
5;2025-11-28;22;0
5;2025-11-28;23;0
5;2025-11-29;0;0
5;2025-11-29;1;0
5;2025-11-29;2;0
5;2025-11-29;3;0
5;2025-11-29;4;0
5;2025-11-29;5;0
5;2025-11-29;6;0
5;2025-11-29;7;0
5;2025-11-29;8;0
5;2025-11-29;9;0
5;2025-11-29;10;0
5;2025-11-29;11;0
5;2025-11-29;12;0
5;2025-11-29;13;0
5;2025-11-29;14;0
5;2025-11-29;15;0
5;2025-11-29;16;0
5;2025-11-29;17;0
5;2025-11-29;18;0
5;2025-11-29;19;0
5;2025-11-29;20;0
5;2025-11-29;21;0
5;2025-11-29;22;0
5;2025-11-29;23;0
5;2025-11-30;0;0
5;2025-11-30;1;0
5;2025-11-30;2;0
5;2025-11-30;3;0
5;2025-11-30;4;0
5;2025-11-30;5;0
5;2025-11-30;6;0
5;2025-11-30;7;0
5;2025-11-30;8;0
5;2025-11-30;9;0
5;2025-11-30;10;0
5;2025-11-30;11;0
5;2025-11-30;12;0
5;2025-11-30;13;0
5;2025-11-30;14;0
5;2025-11-30;15;0
5;2025-11-30;16;0
5;2025-11-30;17;0
5;2025-11-30;18;0
5;2025-11-30;19;0
5;2025-11-30;20;0
5;2025-11-30;21;0
5;2025-11-30;22;0
5;2025-11-30;23;0
5;2025-12-01;0;0
5;2025-12-01;1;0
5;2025-12-01;2;0
5;2025-12-01;3;0
5;2025-12-01;4;0
5;2025-12-01;5;0
5;2025-12-01;6;0
5;2025-12-01;7;0
5;2025-12-01;8;0
5;2025-12-01;9;0
5;2025-12-01;10;0
5;2025-12-01;11;0
5;2025-12-01;12;0
5;2025-12-01;13;0
5;2025-12-01;14;0
5;2025-12-01;15;0
5;2025-12-01;16;0
5;2025-12-01;17;0
5;2025-12-01;18;0
5;2025-12-01;19;0
5;2025-12-01;20;0
5;2025-12-01;21;0
5;2025-12-01;22;0
5;2025-12-01;23;0
5;2025-12-02;0;0
5;2025-12-02;1;0
5;2025-12-02;2;0
5;2025-12-02;3;0
5;2025-12-02;4;0
5;2025-12-02;5;0
5;2025-12-02;6;0
5;2025-12-02;7;0
5;2025-12-02;8;0
5;2025-12-02;9;0
5;2025-12-02;10;0
5;2025-12-02;11;0
5;2025-12-02;12;0
5;2025-12-02;13;0
5;2025-12-02;14;0
5;2025-12-02;15;0
5;2025-12-02;16;0
5;2025-12-02;17;0
5;2025-12-02;18;0
5;2025-12-02;19;0
5;2025-12-02;20;0
5;2025-12-02;21;0
5;2025-12-02;22;0
5;2025-12-02;23;0
5;2025-12-03;0;0
5;2025-12-03;1;0
5;2025-12-03;2;0
5;2025-12-03;3;0
5;2025-12-03;4;0
5;2025-12-03;5;0
5;2025-12-03;6;0
5;2025-12-03;7;0
5;2025-12-03;8;0
5;2025-12-03;9;0
5;2025-12-03;10;0
5;2025-12-03;11;0
5;2025-12-03;12;0
5;2025-12-03;13;0
5;2025-12-03;14;0
5;2025-12-03;15;0
5;2025-12-03;16;0
5;2025-12-03;17;0
5;2025-12-03;18;0
5;2025-12-03;19;0
5;2025-12-03;20;0
5;2025-12-03;21;0
5;2025-12-03;22;0
5;2025-12-03;23;0
5;2025-12-04;0;0
5;2025-12-04;1;0
5;2025-12-04;2;0
5;2025-12-04;3;0
5;2025-12-04;4;0
5;2025-12-04;5;0
5;2025-12-04;6;0
5;2025-12-04;7;0
5;2025-12-04;8;0
5;2025-12-04;9;0
5;2025-12-04;10;0
5;2025-12-04;11;0
5;2025-12-04;12;0
5;2025-12-04;13;0
5;2025-12-04;14;0
5;2025-12-04;15;0
5;2025-12-04;16;0
5;2025-12-04;17;0
5;2025-12-04;18;0
5;2025-12-04;19;0
5;2025-12-04;20;0
5;2025-12-04;21;0
5;2025-12-04;22;0
5;2025-12-04;23;0
5;2025-12-05;0;0
5;2025-12-05;1;0
5;2025-12-05;2;0
5;2025-12-05;3;0
5;2025-12-05;4;0
5;2025-12-05;5;0
5;2025-12-05;6;0
5;2025-12-05;7;0
5;2025-12-05;8;0
5;2025-12-05;9;0
5;2025-12-05;10;0
5;2025-12-05;11;0
5;2025-12-05;12;0
5;2025-12-05;13;0
5;2025-12-05;14;0
5;2025-12-05;15;0
5;2025-12-05;16;0
5;2025-12-05;17;0
5;2025-12-05;18;0
5;2025-12-05;19;0
5;2025-12-05;20;0
5;2025-12-05;21;0
5;2025-12-05;22;0
5;2025-12-05;23;0
5;2025-12-06;0;0
5;2025-12-06;1;0
5;2025-12-06;2;0
5;2025-12-06;3;0
5;2025-12-06;4;0
5;2025-12-06;5;0
5;2025-12-06;6;0
5;2025-12-06;7;0
5;2025-12-06;8;0
5;2025-12-06;9;0
5;2025-12-06;10;0
5;2025-12-06;11;0
5;2025-12-06;12;0
5;2025-12-06;13;0
5;2025-12-06;14;0
5;2025-12-06;15;0
5;2025-12-06;16;0
5;2025-12-06;17;0
5;2025-12-06;18;0
5;2025-12-06;19;0
5;2025-12-06;20;0
5;2025-12-06;21;0
5;2025-12-06;22;0
5;2025-12-06;23;0
5;2025-12-07;0;0
5;2025-12-07;1;0
5;2025-12-07;2;0
5;2025-12-07;3;0
5;2025-12-07;4;0
5;2025-12-07;5;0
5;2025-12-07;6;0
5;2025-12-07;7;0
5;2025-12-07;8;0
5;2025-12-07;9;0
5;2025-12-07;10;0
5;2025-12-07;11;0
5;2025-12-07;12;0
5;2025-12-07;13;0
5;2025-12-07;14;0
5;2025-12-07;15;0
5;2025-12-07;16;0
5;2025-12-07;17;0
5;2025-12-07;18;0
5;2025-12-07;19;0
5;2025-12-07;20;0
5;2025-12-07;21;0
5;2025-12-07;22;0
5;2025-12-07;23;0
5;2025-12-08;0;0
5;2025-12-08;1;0
5;2025-12-08;2;0
5;2025-12-08;3;0
5;2025-12-08;4;0
5;2025-12-08;5;0
5;2025-12-08;6;0
5;2025-12-08;7;0
5;2025-12-08;8;0
5;2025-12-08;9;0
5;2025-12-08;10;0
5;2025-12-08;11;0
5;2025-12-08;12;0
5;2025-12-08;13;0
5;2025-12-08;14;0
5;2025-12-08;15;0
5;2025-12-08;16;0
5;2025-12-08;17;0
5;2025-12-08;18;0
5;2025-12-08;19;0
5;2025-12-08;20;0
5;2025-12-08;21;0
5;2025-12-08;22;0
5;2025-12-08;23;0
5;2025-12-09;0;0
5;2025-12-09;1;0
5;2025-12-09;2;0
5;2025-12-09;3;0
5;2025-12-09;4;0
5;2025-12-09;5;0
5;2025-12-09;6;0
5;2025-12-09;7;0
5;2025-12-09;8;0
5;2025-12-09;9;0
5;2025-12-09;10;0
5;2025-12-09;11;0
5;2025-12-09;12;0
5;2025-12-09;13;0
5;2025-12-09;14;0
5;2025-12-09;15;0
5;2025-12-09;16;0
5;2025-12-09;17;0
5;2025-12-09;18;0
5;2025-12-09;19;0
5;2025-12-09;20;0
5;2025-12-09;21;0
5;2025-12-09;22;0
5;2025-12-09;23;0
5;2025-12-10;0;0
5;2025-12-10;1;0
5;2025-12-10;2;0
5;2025-12-10;3;0
5;2025-12-10;4;0
5;2025-12-10;5;0
5;2025-12-10;6;0
5;2025-12-10;7;0
5;2025-12-10;8;0
5;2025-12-10;9;0
5;2025-12-10;10;0
5;2025-12-10;11;0
5;2025-12-10;12;0
5;2025-12-10;13;0
5;2025-12-10;14;0
5;2025-12-10;15;0
5;2025-12-10;16;0
5;2025-12-10;17;0
5;2025-12-10;18;0
5;2025-12-10;19;0
5;2025-12-10;20;0
5;2025-12-10;21;0
5;2025-12-10;22;0
5;2025-12-10;23;0
5;2025-12-11;0;0
5;2025-12-11;1;0
5;2025-12-11;2;0
5;2025-12-11;3;0
5;2025-12-11;4;0
5;2025-12-11;5;0
5;2025-12-11;6;0
5;2025-12-11;7;0
5;2025-12-11;8;0
5;2025-12-11;9;0
5;2025-12-11;10;0
5;2025-12-11;11;0
5;2025-12-11;12;0
5;2025-12-11;13;0
5;2025-12-11;14;0
5;2025-12-11;15;0
5;2025-12-11;16;0
5;2025-12-11;17;0
5;2025-12-11;18;0
5;2025-12-11;19;0
5;2025-12-11;20;0
5;2025-12-11;21;0
5;2025-12-11;22;0
5;2025-12-11;23;0
5;2025-12-12;0;0
5;2025-12-12;1;0
5;2025-12-12;2;0
5;2025-12-12;3;0
5;2025-12-12;4;0
5;2025-12-12;5;0
5;2025-12-12;6;0
5;2025-12-12;7;0
5;2025-12-12;8;0
5;2025-12-12;9;0
5;2025-12-12;10;0
5;2025-12-12;11;0
5;2025-12-12;12;0
5;2025-12-12;13;0
5;2025-12-12;14;0
5;2025-12-12;15;0
5;2025-12-12;16;0
5;2025-12-12;17;0
5;2025-12-12;18;0
5;2025-12-12;19;0
5;2025-12-12;20;0
5;2025-12-12;21;0
5;2025-12-12;22;0
5;2025-12-12;23;0
5;2025-12-13;0;0
5;2025-12-13;1;0
5;2025-12-13;2;0
5;2025-12-13;3;0
5;2025-12-13;4;0
5;2025-12-13;5;0
5;2025-12-13;6;0
5;2025-12-13;7;0
5;2025-12-13;8;0
5;2025-12-13;9;0
5;2025-12-13;10;0
5;2025-12-13;11;0
5;2025-12-13;12;0
5;2025-12-13;13;0
5;2025-12-13;14;0
5;2025-12-13;15;0
5;2025-12-13;16;0
5;2025-12-13;17;0
5;2025-12-13;18;0
5;2025-12-13;19;0
5;2025-12-13;20;0
5;2025-12-13;21;0
5;2025-12-13;22;0
5;2025-12-13;23;0
5;2025-12-14;0;0
5;2025-12-14;1;0
5;2025-12-14;2;0
5;2025-12-14;3;0
5;2025-12-14;4;0
5;2025-12-14;5;0
5;2025-12-14;6;0
5;2025-12-14;7;0
5;2025-12-14;8;0
5;2025-12-14;9;0
5;2025-12-14;10;0
5;2025-12-14;11;0
5;2025-12-14;12;0
5;2025-12-14;13;0
5;2025-12-14;14;0
5;2025-12-14;15;0
5;2025-12-14;16;0
5;2025-12-14;17;0
5;2025-12-14;18;0
5;2025-12-14;19;0
5;2025-12-14;20;0
5;2025-12-14;21;0
5;2025-12-14;22;0
5;2025-12-14;23;0
5;2025-12-15;0;0
5;2025-12-15;1;0
5;2025-12-15;2;0
5;2025-12-15;3;0
5;2025-12-15;4;0
5;2025-12-15;5;0
5;2025-12-15;6;0
5;2025-12-15;7;0
5;2025-12-15;8;0
5;2025-12-15;9;0
5;2025-12-15;10;0
5;2025-12-15;11;0
5;2025-12-15;12;0
5;2025-12-15;13;0
5;2025-12-15;14;0
5;2025-12-15;15;0
5;2025-12-15;16;0
5;2025-12-15;17;0
5;2025-12-15;18;0
5;2025-12-15;19;0
5;2025-12-15;20;0
5;2025-12-15;21;0
5;2025-12-15;22;0
5;2025-12-15;23;0
5;2025-12-16;0;0
5;2025-12-16;1;0
5;2025-12-16;2;0
5;2025-12-16;3;0
5;2025-12-16;4;0
5;2025-12-16;5;0
5;2025-12-16;6;0
5;2025-12-16;7;0
5;2025-12-16;8;0
5;2025-12-16;9;0
5;2025-12-16;10;0
5;2025-12-16;11;0
5;2025-12-16;12;0
5;2025-12-16;13;0
5;2025-12-16;14;0
5;2025-12-16;15;0
5;2025-12-16;16;0
5;2025-12-16;17;0
5;2025-12-16;18;0
5;2025-12-16;19;0
5;2025-12-16;20;0
5;2025-12-16;21;0
5;2025-12-16;22;0
5;2025-12-16;23;0
5;2025-12-17;0;0
5;2025-12-17;1;0
5;2025-12-17;2;0
5;2025-12-17;3;0
5;2025-12-17;4;0
5;2025-12-17;5;0
5;2025-12-17;6;0
5;2025-12-17;7;0
5;2025-12-17;8;0
5;2025-12-17;9;0
5;2025-12-17;10;0
5;2025-12-17;11;0
5;2025-12-17;12;0
5;2025-12-17;13;0
5;2025-12-17;14;0
5;2025-12-17;15;0
5;2025-12-17;16;0
5;2025-12-17;17;0
5;2025-12-17;18;0
5;2025-12-17;19;0
5;2025-12-17;20;0
5;2025-12-17;21;0
5;2025-12-17;22;0
5;2025-12-17;23;0
5;2025-12-18;0;0
5;2025-12-18;1;0
5;2025-12-18;2;0
5;2025-12-18;3;0
5;2025-12-18;4;0
5;2025-12-18;5;0
5;2025-12-18;6;0
5;2025-12-18;7;0
5;2025-12-18;8;0
5;2025-12-18;9;0
5;2025-12-18;10;0
5;2025-12-18;11;0
5;2025-12-18;12;0
5;2025-12-18;13;0
5;2025-12-18;14;0
5;2025-12-18;15;0
5;2025-12-18;16;0
5;2025-12-18;17;0
5;2025-12-18;18;0
5;2025-12-18;19;0
5;2025-12-18;20;0
5;2025-12-18;21;0
5;2025-12-18;22;0
5;2025-12-18;23;0
5;2025-12-19;0;0
5;2025-12-19;1;0
5;2025-12-19;2;0
5;2025-12-19;3;0
5;2025-12-19;4;0
5;2025-12-19;5;0
5;2025-12-19;6;0
5;2025-12-19;7;0
5;2025-12-19;8;0
5;2025-12-19;9;0
5;2025-12-19;10;0
5;2025-12-19;11;0
5;2025-12-19;12;0
5;2025-12-19;13;0
5;2025-12-19;14;0
5;2025-12-19;15;0
5;2025-12-19;16;0
5;2025-12-19;17;0
5;2025-12-19;18;0
5;2025-12-19;19;0
5;2025-12-19;20;0
5;2025-12-19;21;0
5;2025-12-19;22;0
5;2025-12-19;23;0
5;2025-12-20;0;0
5;2025-12-20;1;0
5;2025-12-20;2;0
5;2025-12-20;3;0
5;2025-12-20;4;0
5;2025-12-20;5;0
5;2025-12-20;6;0
5;2025-12-20;7;0
5;2025-12-20;8;0
5;2025-12-20;9;0
5;2025-12-20;10;0
5;2025-12-20;11;0
5;2025-12-20;12;0
5;2025-12-20;13;0
5;2025-12-20;14;0
5;2025-12-20;15;0
5;2025-12-20;16;0
5;2025-12-20;17;0
5;2025-12-20;18;0
5;2025-12-20;19;0
5;2025-12-20;20;0
5;2025-12-20;21;0
5;2025-12-20;22;0
5;2025-12-20;23;0
5;2025-12-21;0;0
5;2025-12-21;1;0
5;2025-12-21;2;0
5;2025-12-21;3;0
5;2025-12-21;4;0
5;2025-12-21;5;0
5;2025-12-21;6;0
5;2025-12-21;7;0
5;2025-12-21;8;0
5;2025-12-21;9;0
5;2025-12-21;10;0
5;2025-12-21;11;0
5;2025-12-21;12;0
5;2025-12-21;13;0
5;2025-12-21;14;0
5;2025-12-21;15;0
5;2025-12-21;16;0
5;2025-12-21;17;0
5;2025-12-21;18;0
5;2025-12-21;19;0
5;2025-12-21;20;0
5;2025-12-21;21;0
5;2025-12-21;22;0
5;2025-12-21;23;0
5;2025-12-22;0;0
5;2025-12-22;1;0
5;2025-12-22;2;0
5;2025-12-22;3;0
5;2025-12-22;4;0
5;2025-12-22;5;0
5;2025-12-22;6;0
5;2025-12-22;7;0
5;2025-12-22;8;0
5;2025-12-22;9;0
5;2025-12-22;10;0
5;2025-12-22;11;0
5;2025-12-22;12;0
5;2025-12-22;13;0
5;2025-12-22;14;0
5;2025-12-22;15;0
5;2025-12-22;16;0
5;2025-12-22;17;0
5;2025-12-22;18;0
5;2025-12-22;19;0
5;2025-12-22;20;0
5;2025-12-22;21;0
5;2025-12-22;22;0
5;2025-12-22;23;0
5;2025-12-23;0;0
5;2025-12-23;1;0
5;2025-12-23;2;0
5;2025-12-23;3;0
5;2025-12-23;4;0
5;2025-12-23;5;0
5;2025-12-23;6;0
5;2025-12-23;7;0
5;2025-12-23;8;0
5;2025-12-23;9;0
5;2025-12-23;10;0
5;2025-12-23;11;0
5;2025-12-23;12;0
5;2025-12-23;13;0
5;2025-12-23;14;0
5;2025-12-23;15;0
5;2025-12-23;16;0
5;2025-12-23;17;0
5;2025-12-23;18;0
5;2025-12-23;19;0
5;2025-12-23;20;0
5;2025-12-23;21;0
5;2025-12-23;22;0
5;2025-12-23;23;0
5;2025-12-24;0;0
5;2025-12-24;1;0
5;2025-12-24;2;0
5;2025-12-24;3;0
5;2025-12-24;4;0
5;2025-12-24;5;0
5;2025-12-24;6;0
5;2025-12-24;7;0
5;2025-12-24;8;0
5;2025-12-24;9;0
5;2025-12-24;10;0
5;2025-12-24;11;0
5;2025-12-24;12;0
5;2025-12-24;13;0
5;2025-12-24;14;0
5;2025-12-24;15;0
5;2025-12-24;16;0
5;2025-12-24;17;0
5;2025-12-24;18;0
5;2025-12-24;19;0
5;2025-12-24;20;0
5;2025-12-24;21;0
5;2025-12-24;22;0
5;2025-12-24;23;0
5;2025-12-25;0;0
5;2025-12-25;1;0
5;2025-12-25;2;0
5;2025-12-25;3;0
5;2025-12-25;4;0
5;2025-12-25;5;0
5;2025-12-25;6;0
5;2025-12-25;7;0
5;2025-12-25;8;0
5;2025-12-25;9;0
5;2025-12-25;10;0
5;2025-12-25;11;0
5;2025-12-25;12;0
5;2025-12-25;13;0
5;2025-12-25;14;0
5;2025-12-25;15;0
5;2025-12-25;16;0
5;2025-12-25;17;0
5;2025-12-25;18;0
5;2025-12-25;19;0
5;2025-12-25;20;0
5;2025-12-25;21;0
5;2025-12-25;22;0
5;2025-12-25;23;0
5;2025-12-26;0;0
5;2025-12-26;1;0
5;2025-12-26;2;0
5;2025-12-26;3;0
5;2025-12-26;4;0
5;2025-12-26;5;0
5;2025-12-26;6;0
5;2025-12-26;7;0
5;2025-12-26;8;0
5;2025-12-26;9;0
5;2025-12-26;10;0
5;2025-12-26;11;0
5;2025-12-26;12;0
5;2025-12-26;13;0
5;2025-12-26;14;0
5;2025-12-26;15;0
5;2025-12-26;16;0
5;2025-12-26;17;0
5;2025-12-26;18;0
5;2025-12-26;19;0
5;2025-12-26;20;0
5;2025-12-26;21;0
5;2025-12-26;22;0
5;2025-12-26;23;0
5;2025-12-27;0;0
5;2025-12-27;1;0
5;2025-12-27;2;0
5;2025-12-27;3;0
5;2025-12-27;4;0
5;2025-12-27;5;0
5;2025-12-27;6;0
5;2025-12-27;7;0
5;2025-12-27;8;0
5;2025-12-27;9;0
5;2025-12-27;10;0
5;2025-12-27;11;0
5;2025-12-27;12;0
5;2025-12-27;13;0
5;2025-12-27;14;0
5;2025-12-27;15;0
5;2025-12-27;16;0
5;2025-12-27;17;0
5;2025-12-27;18;0
5;2025-12-27;19;0
5;2025-12-27;20;0
5;2025-12-27;21;0
5;2025-12-27;22;0
5;2025-12-27;23;0
5;2025-12-28;0;0
5;2025-12-28;1;0
5;2025-12-28;2;0
5;2025-12-28;3;0
5;2025-12-28;4;0
5;2025-12-28;5;0
5;2025-12-28;6;0
5;2025-12-28;7;0
5;2025-12-28;8;0
5;2025-12-28;9;0
5;2025-12-28;10;0
5;2025-12-28;11;0
5;2025-12-28;12;0
5;2025-12-28;13;0
5;2025-12-28;14;0
5;2025-12-28;15;0
5;2025-12-28;16;0
5;2025-12-28;17;0
5;2025-12-28;18;0
5;2025-12-28;19;0
5;2025-12-28;20;0
5;2025-12-28;21;0
5;2025-12-28;22;0
5;2025-12-28;23;0
5;2025-12-29;0;0
5;2025-12-29;1;0
5;2025-12-29;2;0
5;2025-12-29;3;0
5;2025-12-29;4;0
5;2025-12-29;5;0
5;2025-12-29;6;0
5;2025-12-29;7;0
5;2025-12-29;8;0
5;2025-12-29;9;0
5;2025-12-29;10;0
5;2025-12-29;11;0
5;2025-12-29;12;0
5;2025-12-29;13;0
5;2025-12-29;14;0
5;2025-12-29;15;0
5;2025-12-29;16;0
5;2025-12-29;17;0
5;2025-12-29;18;0
5;2025-12-29;19;0
5;2025-12-29;20;0
5;2025-12-29;21;0
5;2025-12-29;22;0
5;2025-12-29;23;0
5;2025-12-30;0;0
5;2025-12-30;1;0
5;2025-12-30;2;0
5;2025-12-30;3;0
5;2025-12-30;4;0
5;2025-12-30;5;0
5;2025-12-30;6;0
5;2025-12-30;7;0
5;2025-12-30;8;0
5;2025-12-30;9;0
5;2025-12-30;10;0
5;2025-12-30;11;0
5;2025-12-30;12;0
5;2025-12-30;13;0
5;2025-12-30;14;0
5;2025-12-30;15;0
5;2025-12-30;16;0
5;2025-12-30;17;0
5;2025-12-30;18;0
5;2025-12-30;19;0
5;2025-12-30;20;0
5;2025-12-30;21;0
5;2025-12-30;22;0
5;2025-12-30;23;0
5;2025-12-31;0;0
5;2025-12-31;1;0
5;2025-12-31;2;0
5;2025-12-31;3;0
5;2025-12-31;4;0
5;2025-12-31;5;0
5;2025-12-31;6;0
5;2025-12-31;7;0
5;2025-12-31;8;0
5;2025-12-31;9;0
5;2025-12-31;10;0
5;2025-12-31;11;0
5;2025-12-31;12;0
5;2025-12-31;13;0
5;2025-12-31;14;0
5;2025-12-31;15;0
5;2025-12-31;16;0
5;2025-12-31;17;0
5;2025-12-31;18;0
5;2025-12-31;19;0
5;2025-12-31;20;0
5;2025-12-31;21;0
5;2025-12-31;22;0
5;2025-12-31;23;0
7;2025-11-01;0;63
7;2025-11-01;1;12
7;2025-11-01;2;0
7;2025-11-01;3;0
7;2025-11-01;4;1
7;2025-11-01;5;142
7;2025-11-01;6;484
7;2025-11-01;7;1213
7;2025-11-01;8;1839
7;2025-11-01;9;1366
7;2025-11-01;10;1399
7;2025-11-01;11;1283
7;2025-11-01;12;1352
7;2025-11-01;13;1368
7;2025-11-01;14;1411
7;2025-11-01;15;1530
7;2025-11-01;16;1708
7;2025-11-01;17;1884
7;2025-11-01;18;1623
7;2025-11-01;19;1105
7;2025-11-01;20;798
7;2025-11-01;21;481
7;2025-11-01;22;265
7;2025-11-01;23;201
7;2025-11-02;0;99
7;2025-11-02;1;24
7;2025-11-02;2;0
7;2025-11-02;3;0
7;2025-11-02;4;1
7;2025-11-02;5;29
7;2025-11-02;6;124
7;2025-11-02;7;167
7;2025-11-02;8;376
7;2025-11-02;9;498
7;2025-11-02;10;386
7;2025-11-02;11;574
7;2025-11-02;12;620
7;2025-11-02;13;616
7;2025-11-02;14;643
7;2025-11-02;15;697
7;2025-11-02;16;600
7;2025-11-02;17;611
7;2025-11-02;18;634
7;2025-11-02;19;469
7;2025-11-02;20;388
7;2025-11-02;21;284
7;2025-11-02;22;147
7;2025-11-02;23;118
7;2025-11-03;0;96
7;2025-11-03;1;23
7;2025-11-03;2;0
7;2025-11-03;3;0
7;2025-11-03;4;1
7;2025-11-03;5;28
7;2025-11-03;6;120
7;2025-11-03;7;162
7;2025-11-03;8;364
7;2025-11-03;9;482
7;2025-11-03;10;373
7;2025-11-03;11;555
7;2025-11-03;12;599
7;2025-11-03;13;596
7;2025-11-03;14;622
7;2025-11-03;15;674
7;2025-11-03;16;580
7;2025-11-03;17;590
7;2025-11-03;18;613
7;2025-11-03;19;454
7;2025-11-03;20;375
7;2025-11-03;21;275
7;2025-11-03;22;142
7;2025-11-03;23;114
7;2025-11-04;0;96
7;2025-11-04;1;23
7;2025-11-04;2;0
7;2025-11-04;3;0
7;2025-11-04;4;1
7;2025-11-04;5;28
7;2025-11-04;6;120
7;2025-11-04;7;162
7;2025-11-04;8;364
7;2025-11-04;9;482
7;2025-11-04;10;373
7;2025-11-04;11;555
7;2025-11-04;12;599
7;2025-11-04;13;596
7;2025-11-04;14;622
7;2025-11-04;15;674
7;2025-11-04;16;580
7;2025-11-04;17;590
7;2025-11-04;18;613
7;2025-11-04;19;454
7;2025-11-04;20;375
7;2025-11-04;21;275
7;2025-11-04;22;142
7;2025-11-04;23;114
7;2025-11-05;0;56
7;2025-11-05;1;12
7;2025-11-05;2;0
7;2025-11-05;3;0
7;2025-11-05;4;2
7;2025-11-05;5;181
7;2025-11-05;6;575
7;2025-11-05;7;1568
7;2025-11-05;8;2412
7;2025-11-05;9;1823
7;2025-11-05;10;1636
7;2025-11-05;11;1524
7;2025-11-05;12;1703
7;2025-11-05;13;1536
7;2025-11-05;14;1640
7;2025-11-05;15;1734
7;2025-11-05;16;1806
7;2025-11-05;17;2311
7;2025-11-05;18;2540
7;2025-11-05;19;1663
7;2025-11-05;20;1043
7;2025-11-05;21;620
7;2025-11-05;22;295
7;2025-11-05;23;198
7;2025-11-06;0;56
7;2025-11-06;1;12
7;2025-11-06;2;0
7;2025-11-06;3;0
7;2025-11-06;4;2
7;2025-11-06;5;181
7;2025-11-06;6;575
7;2025-11-06;7;1568
7;2025-11-06;8;2412
7;2025-11-06;9;1823
7;2025-11-06;10;1636
7;2025-11-06;11;1524
7;2025-11-06;12;1703
7;2025-11-06;13;1536
7;2025-11-06;14;1640
7;2025-11-06;15;1734
7;2025-11-06;16;1806
7;2025-11-06;17;2311
7;2025-11-06;18;2540
7;2025-11-06;19;1663
7;2025-11-06;20;1043
7;2025-11-06;21;620
7;2025-11-06;22;295
7;2025-11-06;23;198
7;2025-11-07;0;74
7;2025-11-07;1;14
7;2025-11-07;2;0
7;2025-11-07;3;0
7;2025-11-07;4;2
7;2025-11-07;5;167
7;2025-11-07;6;570
7;2025-11-07;7;1427
7;2025-11-07;8;2164
7;2025-11-07;9;1607
7;2025-11-07;10;1646
7;2025-11-07;11;1509
7;2025-11-07;12;1590
7;2025-11-07;13;1609
7;2025-11-07;14;1660
7;2025-11-07;15;1800
7;2025-11-07;16;2009
7;2025-11-07;17;2217
7;2025-11-07;18;1909
7;2025-11-07;19;1300
7;2025-11-07;20;938
7;2025-11-07;21;566
7;2025-11-07;22;312
7;2025-11-07;23;236
7;2025-11-08;0;118
7;2025-11-08;1;26
7;2025-11-08;2;0
7;2025-11-08;3;0
7;2025-11-08;4;1
7;2025-11-08;5;48
7;2025-11-08;6;261
7;2025-11-08;7;290
7;2025-11-08;8;692
7;2025-11-08;9;558
7;2025-11-08;10;620
7;2025-11-08;11;657
7;2025-11-08;12;915
7;2025-11-08;13;861
7;2025-11-08;14;822
7;2025-11-08;15;807
7;2025-11-08;16;806
7;2025-11-08;17;794
7;2025-11-08;18;745
7;2025-11-08;19;590
7;2025-11-08;20;523
7;2025-11-08;21;365
7;2025-11-08;22;206
7;2025-11-08;23;167
7;2025-11-09;0;99
7;2025-11-09;1;24
7;2025-11-09;2;0
7;2025-11-09;3;0
7;2025-11-09;4;1
7;2025-11-09;5;29
7;2025-11-09;6;124
7;2025-11-09;7;167
7;2025-11-09;8;376
7;2025-11-09;9;498
7;2025-11-09;10;386
7;2025-11-09;11;574
7;2025-11-09;12;620
7;2025-11-09;13;616
7;2025-11-09;14;643
7;2025-11-09;15;697
7;2025-11-09;16;600
7;2025-11-09;17;611
7;2025-11-09;18;634
7;2025-11-09;19;469
7;2025-11-09;20;388
7;2025-11-09;21;284
7;2025-11-09;22;147
7;2025-11-09;23;118
7;2025-11-10;0;57
7;2025-11-10;1;10
7;2025-11-10;2;0
7;2025-11-10;3;0
7;2025-11-10;4;1
7;2025-11-10;5;180
7;2025-11-10;6;554
7;2025-11-10;7;1551
7;2025-11-10;8;2514
7;2025-11-10;9;1736
7;2025-11-10;10;1564
7;2025-11-10;11;1484
7;2025-11-10;12;1476
7;2025-11-10;13;1497
7;2025-11-10;14;1529
7;2025-11-10;15;1680
7;2025-11-10;16;1720
7;2025-11-10;17;2398
7;2025-11-10;18;2480
7;2025-11-10;19;1675
7;2025-11-10;20;1020
7;2025-11-10;21;577
7;2025-11-10;22;279
7;2025-11-10;23;144
7;2025-11-11;0;56
7;2025-11-11;1;12
7;2025-11-11;2;0
7;2025-11-11;3;0
7;2025-11-11;4;2
7;2025-11-11;5;181
7;2025-11-11;6;575
7;2025-11-11;7;1568
7;2025-11-11;8;2412
7;2025-11-11;9;1823
7;2025-11-11;10;1636
7;2025-11-11;11;1524
7;2025-11-11;12;1703
7;2025-11-11;13;1536
7;2025-11-11;14;1640
7;2025-11-11;15;1734
7;2025-11-11;16;1806
7;2025-11-11;17;2311
7;2025-11-11;18;2540
7;2025-11-11;19;1663
7;2025-11-11;20;1043
7;2025-11-11;21;620
7;2025-11-11;22;295
7;2025-11-11;23;198
7;2025-11-12;0;56
7;2025-11-12;1;12
7;2025-11-12;2;0
7;2025-11-12;3;0
7;2025-11-12;4;2
7;2025-11-12;5;181
7;2025-11-12;6;575
7;2025-11-12;7;1568
7;2025-11-12;8;2412
7;2025-11-12;9;1823
7;2025-11-12;10;1636
7;2025-11-12;11;1524
7;2025-11-12;12;1703
7;2025-11-12;13;1536
7;2025-11-12;14;1640
7;2025-11-12;15;1734
7;2025-11-12;16;1806
7;2025-11-12;17;2311
7;2025-11-12;18;2540
7;2025-11-12;19;1663
7;2025-11-12;20;1043
7;2025-11-12;21;620
7;2025-11-12;22;295
7;2025-11-12;23;198
7;2025-11-13;0;56
7;2025-11-13;1;12
7;2025-11-13;2;0
7;2025-11-13;3;0
7;2025-11-13;4;2
7;2025-11-13;5;181
7;2025-11-13;6;575
7;2025-11-13;7;1568
7;2025-11-13;8;2412
7;2025-11-13;9;1823
7;2025-11-13;10;1636
7;2025-11-13;11;1524
7;2025-11-13;12;1703
7;2025-11-13;13;1536
7;2025-11-13;14;1640
7;2025-11-13;15;1734
7;2025-11-13;16;1806
7;2025-11-13;17;2311
7;2025-11-13;18;2540
7;2025-11-13;19;1663
7;2025-11-13;20;1043
7;2025-11-13;21;620
7;2025-11-13;22;295
7;2025-11-13;23;198
7;2025-11-14;0;74
7;2025-11-14;1;14
7;2025-11-14;2;0
7;2025-11-14;3;0
7;2025-11-14;4;2
7;2025-11-14;5;167
7;2025-11-14;6;570
7;2025-11-14;7;1427
7;2025-11-14;8;2164
7;2025-11-14;9;1607
7;2025-11-14;10;1646
7;2025-11-14;11;1509
7;2025-11-14;12;1590
7;2025-11-14;13;1609
7;2025-11-14;14;1660
7;2025-11-14;15;1800
7;2025-11-14;16;2009
7;2025-11-14;17;2217
7;2025-11-14;18;1909
7;2025-11-14;19;1300
7;2025-11-14;20;938
7;2025-11-14;21;566
7;2025-11-14;22;312
7;2025-11-14;23;236
7;2025-11-15;0;112
7;2025-11-15;1;25
7;2025-11-15;2;0
7;2025-11-15;3;0
7;2025-11-15;4;1
7;2025-11-15;5;46
7;2025-11-15;6;247
7;2025-11-15;7;275
7;2025-11-15;8;656
7;2025-11-15;9;529
7;2025-11-15;10;588
7;2025-11-15;11;623
7;2025-11-15;12;868
7;2025-11-15;13;816
7;2025-11-15;14;780
7;2025-11-15;15;765
7;2025-11-15;16;764
7;2025-11-15;17;753
7;2025-11-15;18;707
7;2025-11-15;19;560
7;2025-11-15;20;496
7;2025-11-15;21;347
7;2025-11-15;22;195
7;2025-11-15;23;158
7;2025-11-16;0;99
7;2025-11-16;1;24
7;2025-11-16;2;0
7;2025-11-16;3;0
7;2025-11-16;4;1
7;2025-11-16;5;29
7;2025-11-16;6;124
7;2025-11-16;7;167
7;2025-11-16;8;376
7;2025-11-16;9;498
7;2025-11-16;10;386
7;2025-11-16;11;574
7;2025-11-16;12;620
7;2025-11-16;13;616
7;2025-11-16;14;643
7;2025-11-16;15;697
7;2025-11-16;16;600
7;2025-11-16;17;611
7;2025-11-16;18;634
7;2025-11-16;19;469
7;2025-11-16;20;388
7;2025-11-16;21;284
7;2025-11-16;22;147
7;2025-11-16;23;118
7;2025-11-17;0;57
7;2025-11-17;1;10
7;2025-11-17;2;0
7;2025-11-17;3;0
7;2025-11-17;4;1
7;2025-11-17;5;180
7;2025-11-17;6;554
7;2025-11-17;7;1551
7;2025-11-17;8;2514
7;2025-11-17;9;1736
7;2025-11-17;10;1564
7;2025-11-17;11;1484
7;2025-11-17;12;1476
7;2025-11-17;13;1497
7;2025-11-17;14;1529
7;2025-11-17;15;1680
7;2025-11-17;16;1720
7;2025-11-17;17;2398
7;2025-11-17;18;2480
7;2025-11-17;19;1675
7;2025-11-17;20;1020
7;2025-11-17;21;577
7;2025-11-17;22;279
7;2025-11-17;23;144
7;2025-11-18;0;56
7;2025-11-18;1;12
7;2025-11-18;2;0
7;2025-11-18;3;0
7;2025-11-18;4;2
7;2025-11-18;5;181
7;2025-11-18;6;575
7;2025-11-18;7;1568
7;2025-11-18;8;2412
7;2025-11-18;9;1823
7;2025-11-18;10;1636
7;2025-11-18;11;1524
7;2025-11-18;12;1703
7;2025-11-18;13;1536
7;2025-11-18;14;1640
7;2025-11-18;15;1734
7;2025-11-18;16;1806
7;2025-11-18;17;2311
7;2025-11-18;18;2540
7;2025-11-18;19;1663
7;2025-11-18;20;1043
7;2025-11-18;21;620
7;2025-11-18;22;295
7;2025-11-18;23;198
7;2025-11-19;0;56
7;2025-11-19;1;12
7;2025-11-19;2;0
7;2025-11-19;3;0
7;2025-11-19;4;2
7;2025-11-19;5;181
7;2025-11-19;6;575
7;2025-11-19;7;1568
7;2025-11-19;8;2412
7;2025-11-19;9;1823
7;2025-11-19;10;1636
7;2025-11-19;11;1524
7;2025-11-19;12;1703
7;2025-11-19;13;1536
7;2025-11-19;14;1640
7;2025-11-19;15;1734
7;2025-11-19;16;1806
7;2025-11-19;17;2311
7;2025-11-19;18;2540
7;2025-11-19;19;1663
7;2025-11-19;20;1043
7;2025-11-19;21;620
7;2025-11-19;22;295
7;2025-11-19;23;198
7;2025-11-20;0;56
7;2025-11-20;1;12
7;2025-11-20;2;0
7;2025-11-20;3;0
7;2025-11-20;4;2
7;2025-11-20;5;181
7;2025-11-20;6;575
7;2025-11-20;7;1568
7;2025-11-20;8;2412
7;2025-11-20;9;1823
7;2025-11-20;10;1636
7;2025-11-20;11;1524
7;2025-11-20;12;1703
7;2025-11-20;13;1536
7;2025-11-20;14;1640
7;2025-11-20;15;1734
7;2025-11-20;16;1806
7;2025-11-20;17;2311
7;2025-11-20;18;2540
7;2025-11-20;19;1663
7;2025-11-20;20;1043
7;2025-11-20;21;620
7;2025-11-20;22;295
7;2025-11-20;23;198
7;2025-11-21;0;74
7;2025-11-21;1;14
7;2025-11-21;2;0
7;2025-11-21;3;0
7;2025-11-21;4;2
7;2025-11-21;5;167
7;2025-11-21;6;570
7;2025-11-21;7;1427
7;2025-11-21;8;2164
7;2025-11-21;9;1607
7;2025-11-21;10;1646
7;2025-11-21;11;1509
7;2025-11-21;12;1590
7;2025-11-21;13;1609
7;2025-11-21;14;1660
7;2025-11-21;15;1800
7;2025-11-21;16;2009
7;2025-11-21;17;2217
7;2025-11-21;18;1909
7;2025-11-21;19;1300
7;2025-11-21;20;938
7;2025-11-21;21;566
7;2025-11-21;22;312
7;2025-11-21;23;236
7;2025-11-22;0;118
7;2025-11-22;1;26
7;2025-11-22;2;0
7;2025-11-22;3;0
7;2025-11-22;4;1
7;2025-11-22;5;48
7;2025-11-22;6;261
7;2025-11-22;7;290
7;2025-11-22;8;692
7;2025-11-22;9;558
7;2025-11-22;10;620
7;2025-11-22;11;657
7;2025-11-22;12;915
7;2025-11-22;13;861
7;2025-11-22;14;822
7;2025-11-22;15;807
7;2025-11-22;16;806
7;2025-11-22;17;794
7;2025-11-22;18;745
7;2025-11-22;19;590
7;2025-11-22;20;523
7;2025-11-22;21;365
7;2025-11-22;22;206
7;2025-11-22;23;167
7;2025-11-23;0;99
7;2025-11-23;1;24
7;2025-11-23;2;0
7;2025-11-23;3;0
7;2025-11-23;4;1
7;2025-11-23;5;29
7;2025-11-23;6;124
7;2025-11-23;7;167
7;2025-11-23;8;376
7;2025-11-23;9;498
7;2025-11-23;10;386
7;2025-11-23;11;574
7;2025-11-23;12;620
7;2025-11-23;13;616
7;2025-11-23;14;643
7;2025-11-23;15;697
7;2025-11-23;16;600
7;2025-11-23;17;611
7;2025-11-23;18;634
7;2025-11-23;19;469
7;2025-11-23;20;388
7;2025-11-23;21;284
7;2025-11-23;22;147
7;2025-11-23;23;118
7;2025-11-24;0;57
7;2025-11-24;1;10
7;2025-11-24;2;0
7;2025-11-24;3;0
7;2025-11-24;4;1
7;2025-11-24;5;180
7;2025-11-24;6;554
7;2025-11-24;7;1551
7;2025-11-24;8;2514
7;2025-11-24;9;1736
7;2025-11-24;10;1564
7;2025-11-24;11;1484
7;2025-11-24;12;1476
7;2025-11-24;13;1497
7;2025-11-24;14;1529
7;2025-11-24;15;1680
7;2025-11-24;16;1720
7;2025-11-24;17;2398
7;2025-11-24;18;2480
7;2025-11-24;19;1675
7;2025-11-24;20;1020
7;2025-11-24;21;577
7;2025-11-24;22;279
7;2025-11-24;23;144
7;2025-11-25;0;56
7;2025-11-25;1;12
7;2025-11-25;2;0
7;2025-11-25;3;0
7;2025-11-25;4;2
7;2025-11-25;5;181
7;2025-11-25;6;575
7;2025-11-25;7;1568
7;2025-11-25;8;2412
7;2025-11-25;9;1823
7;2025-11-25;10;1636
7;2025-11-25;11;1524
7;2025-11-25;12;1703
7;2025-11-25;13;1536
7;2025-11-25;14;1640
7;2025-11-25;15;1734
7;2025-11-25;16;1806
7;2025-11-25;17;2311
7;2025-11-25;18;2540
7;2025-11-25;19;1663
7;2025-11-25;20;1043
7;2025-11-25;21;620
7;2025-11-25;22;295
7;2025-11-25;23;198
7;2025-11-26;0;56
7;2025-11-26;1;12
7;2025-11-26;2;0
7;2025-11-26;3;0
7;2025-11-26;4;2
7;2025-11-26;5;181
7;2025-11-26;6;575
7;2025-11-26;7;1568
7;2025-11-26;8;2412
7;2025-11-26;9;1823
7;2025-11-26;10;1636
7;2025-11-26;11;1524
7;2025-11-26;12;1703
7;2025-11-26;13;1536
7;2025-11-26;14;1640
7;2025-11-26;15;1734
7;2025-11-26;16;1806
7;2025-11-26;17;2311
7;2025-11-26;18;2540
7;2025-11-26;19;1663
7;2025-11-26;20;1043
7;2025-11-26;21;620
7;2025-11-26;22;295
7;2025-11-26;23;198
7;2025-11-27;0;56
7;2025-11-27;1;12
7;2025-11-27;2;0
7;2025-11-27;3;0
7;2025-11-27;4;2
7;2025-11-27;5;181
7;2025-11-27;6;575
7;2025-11-27;7;1568
7;2025-11-27;8;2412
7;2025-11-27;9;1823
7;2025-11-27;10;1636
7;2025-11-27;11;1524
7;2025-11-27;12;1703
7;2025-11-27;13;1536
7;2025-11-27;14;1640
7;2025-11-27;15;1734
7;2025-11-27;16;1806
7;2025-11-27;17;2311
7;2025-11-27;18;2540
7;2025-11-27;19;1663
7;2025-11-27;20;1043
7;2025-11-27;21;620
7;2025-11-27;22;295
7;2025-11-27;23;198
7;2025-11-28;0;74
7;2025-11-28;1;14
7;2025-11-28;2;0
7;2025-11-28;3;0
7;2025-11-28;4;2
7;2025-11-28;5;167
7;2025-11-28;6;570
7;2025-11-28;7;1427
7;2025-11-28;8;2164
7;2025-11-28;9;1607
7;2025-11-28;10;1646
7;2025-11-28;11;1509
7;2025-11-28;12;1590
7;2025-11-28;13;1609
7;2025-11-28;14;1660
7;2025-11-28;15;1800
7;2025-11-28;16;2009
7;2025-11-28;17;2217
7;2025-11-28;18;1909
7;2025-11-28;19;1300
7;2025-11-28;20;938
7;2025-11-28;21;566
7;2025-11-28;22;312
7;2025-11-28;23;236
7;2025-11-29;0;118
7;2025-11-29;1;26
7;2025-11-29;2;0
7;2025-11-29;3;0
7;2025-11-29;4;1
7;2025-11-29;5;48
7;2025-11-29;6;261
7;2025-11-29;7;290
7;2025-11-29;8;692
7;2025-11-29;9;558
7;2025-11-29;10;620
7;2025-11-29;11;657
7;2025-11-29;12;915
7;2025-11-29;13;861
7;2025-11-29;14;822
7;2025-11-29;15;807
7;2025-11-29;16;806
7;2025-11-29;17;794
7;2025-11-29;18;745
7;2025-11-29;19;590
7;2025-11-29;20;523
7;2025-11-29;21;365
7;2025-11-29;22;206
7;2025-11-29;23;167
7;2025-11-30;0;99
7;2025-11-30;1;24
7;2025-11-30;2;0
7;2025-11-30;3;0
7;2025-11-30;4;1
7;2025-11-30;5;29
7;2025-11-30;6;124
7;2025-11-30;7;167
7;2025-11-30;8;376
7;2025-11-30;9;498
7;2025-11-30;10;386
7;2025-11-30;11;574
7;2025-11-30;12;620
7;2025-11-30;13;616
7;2025-11-30;14;643
7;2025-11-30;15;697
7;2025-11-30;16;600
7;2025-11-30;17;611
7;2025-11-30;18;634
7;2025-11-30;19;469
7;2025-11-30;20;388
7;2025-11-30;21;284
7;2025-11-30;22;147
7;2025-11-30;23;118
7;2025-12-01;0;57
7;2025-12-01;1;10
7;2025-12-01;2;0
7;2025-12-01;3;0
7;2025-12-01;4;1
7;2025-12-01;5;180
7;2025-12-01;6;554
7;2025-12-01;7;1551
7;2025-12-01;8;2514
7;2025-12-01;9;1736
7;2025-12-01;10;1564
7;2025-12-01;11;1484
7;2025-12-01;12;1476
7;2025-12-01;13;1497
7;2025-12-01;14;1529
7;2025-12-01;15;1680
7;2025-12-01;16;1720
7;2025-12-01;17;2398
7;2025-12-01;18;2480
7;2025-12-01;19;1675
7;2025-12-01;20;1020
7;2025-12-01;21;577
7;2025-12-01;22;279
7;2025-12-01;23;144
7;2025-12-02;0;56
7;2025-12-02;1;12
7;2025-12-02;2;0
7;2025-12-02;3;0
7;2025-12-02;4;2
7;2025-12-02;5;181
7;2025-12-02;6;575
7;2025-12-02;7;1568
7;2025-12-02;8;2412
7;2025-12-02;9;1823
7;2025-12-02;10;1636
7;2025-12-02;11;1524
7;2025-12-02;12;1703
7;2025-12-02;13;1536
7;2025-12-02;14;1640
7;2025-12-02;15;1734
7;2025-12-02;16;1806
7;2025-12-02;17;2311
7;2025-12-02;18;2540
7;2025-12-02;19;1663
7;2025-12-02;20;1043
7;2025-12-02;21;620
7;2025-12-02;22;295
7;2025-12-02;23;198
7;2025-12-03;0;56
7;2025-12-03;1;12
7;2025-12-03;2;0
7;2025-12-03;3;0
7;2025-12-03;4;2
7;2025-12-03;5;181
7;2025-12-03;6;575
7;2025-12-03;7;1568
7;2025-12-03;8;2412
7;2025-12-03;9;1823
7;2025-12-03;10;1636
7;2025-12-03;11;1524
7;2025-12-03;12;1703
7;2025-12-03;13;1536
7;2025-12-03;14;1640
7;2025-12-03;15;1734
7;2025-12-03;16;1806
7;2025-12-03;17;2311
7;2025-12-03;18;2540
7;2025-12-03;19;1663
7;2025-12-03;20;1043
7;2025-12-03;21;620
7;2025-12-03;22;295
7;2025-12-03;23;198
7;2025-12-04;0;56
7;2025-12-04;1;12
7;2025-12-04;2;0
7;2025-12-04;3;0
7;2025-12-04;4;2
7;2025-12-04;5;181
7;2025-12-04;6;575
7;2025-12-04;7;1568
7;2025-12-04;8;2412
7;2025-12-04;9;1823
7;2025-12-04;10;1636
7;2025-12-04;11;1524
7;2025-12-04;12;1703
7;2025-12-04;13;1536
7;2025-12-04;14;1640
7;2025-12-04;15;1734
7;2025-12-04;16;1806
7;2025-12-04;17;2311
7;2025-12-04;18;2540
7;2025-12-04;19;1663
7;2025-12-04;20;1043
7;2025-12-04;21;620
7;2025-12-04;22;295
7;2025-12-04;23;198
7;2025-12-05;0;74
7;2025-12-05;1;14
7;2025-12-05;2;0
7;2025-12-05;3;0
7;2025-12-05;4;2
7;2025-12-05;5;167
7;2025-12-05;6;570
7;2025-12-05;7;1427
7;2025-12-05;8;2164
7;2025-12-05;9;1607
7;2025-12-05;10;1646
7;2025-12-05;11;1509
7;2025-12-05;12;1590
7;2025-12-05;13;1609
7;2025-12-05;14;1660
7;2025-12-05;15;1800
7;2025-12-05;16;2009
7;2025-12-05;17;2217
7;2025-12-05;18;1909
7;2025-12-05;19;1300
7;2025-12-05;20;938
7;2025-12-05;21;566
7;2025-12-05;22;312
7;2025-12-05;23;236
7;2025-12-06;0;118
7;2025-12-06;1;26
7;2025-12-06;2;0
7;2025-12-06;3;0
7;2025-12-06;4;1
7;2025-12-06;5;48
7;2025-12-06;6;261
7;2025-12-06;7;290
7;2025-12-06;8;692
7;2025-12-06;9;558
7;2025-12-06;10;620
7;2025-12-06;11;657
7;2025-12-06;12;915
7;2025-12-06;13;861
7;2025-12-06;14;822
7;2025-12-06;15;807
7;2025-12-06;16;806
7;2025-12-06;17;794
7;2025-12-06;18;745
7;2025-12-06;19;590
7;2025-12-06;20;523
7;2025-12-06;21;365
7;2025-12-06;22;206
7;2025-12-06;23;167
7;2025-12-07;0;99
7;2025-12-07;1;24
7;2025-12-07;2;0
7;2025-12-07;3;0
7;2025-12-07;4;1
7;2025-12-07;5;29
7;2025-12-07;6;124
7;2025-12-07;7;167
7;2025-12-07;8;376
7;2025-12-07;9;498
7;2025-12-07;10;386
7;2025-12-07;11;574
7;2025-12-07;12;620
7;2025-12-07;13;616
7;2025-12-07;14;643
7;2025-12-07;15;697
7;2025-12-07;16;600
7;2025-12-07;17;611
7;2025-12-07;18;634
7;2025-12-07;19;469
7;2025-12-07;20;388
7;2025-12-07;21;284
7;2025-12-07;22;147
7;2025-12-07;23;118
7;2025-12-08;0;57
7;2025-12-08;1;10
7;2025-12-08;2;0
7;2025-12-08;3;0
7;2025-12-08;4;1
7;2025-12-08;5;180
7;2025-12-08;6;554
7;2025-12-08;7;1551
7;2025-12-08;8;2514
7;2025-12-08;9;1736
7;2025-12-08;10;1564
7;2025-12-08;11;1484
7;2025-12-08;12;1476
7;2025-12-08;13;1497
7;2025-12-08;14;1529
7;2025-12-08;15;1680
7;2025-12-08;16;1720
7;2025-12-08;17;2398
7;2025-12-08;18;2480
7;2025-12-08;19;1675
7;2025-12-08;20;1020
7;2025-12-08;21;577
7;2025-12-08;22;279
7;2025-12-08;23;144
7;2025-12-09;0;56
7;2025-12-09;1;12
7;2025-12-09;2;0
7;2025-12-09;3;0
7;2025-12-09;4;2
7;2025-12-09;5;181
7;2025-12-09;6;575
7;2025-12-09;7;1568
7;2025-12-09;8;2412
7;2025-12-09;9;1823
7;2025-12-09;10;1636
7;2025-12-09;11;1524
7;2025-12-09;12;1703
7;2025-12-09;13;1536
7;2025-12-09;14;1640
7;2025-12-09;15;1734
7;2025-12-09;16;1806
7;2025-12-09;17;2311
7;2025-12-09;18;2540
7;2025-12-09;19;1663
7;2025-12-09;20;1043
7;2025-12-09;21;620
7;2025-12-09;22;295
7;2025-12-09;23;198
7;2025-12-10;0;56
7;2025-12-10;1;12
7;2025-12-10;2;0
7;2025-12-10;3;0
7;2025-12-10;4;2
7;2025-12-10;5;181
7;2025-12-10;6;575
7;2025-12-10;7;1568
7;2025-12-10;8;2412
7;2025-12-10;9;1823
7;2025-12-10;10;1636
7;2025-12-10;11;1524
7;2025-12-10;12;1703
7;2025-12-10;13;1536
7;2025-12-10;14;1640
7;2025-12-10;15;1734
7;2025-12-10;16;1806
7;2025-12-10;17;2311
7;2025-12-10;18;2540
7;2025-12-10;19;1663
7;2025-12-10;20;1043
7;2025-12-10;21;620
7;2025-12-10;22;295
7;2025-12-10;23;198
7;2025-12-11;0;56
7;2025-12-11;1;12
7;2025-12-11;2;0
7;2025-12-11;3;0
7;2025-12-11;4;2
7;2025-12-11;5;181
7;2025-12-11;6;575
7;2025-12-11;7;1568
7;2025-12-11;8;2412
7;2025-12-11;9;1823
7;2025-12-11;10;1636
7;2025-12-11;11;1524
7;2025-12-11;12;1703
7;2025-12-11;13;1536
7;2025-12-11;14;1640
7;2025-12-11;15;1734
7;2025-12-11;16;1806
7;2025-12-11;17;2311
7;2025-12-11;18;2540
7;2025-12-11;19;1663
7;2025-12-11;20;1043
7;2025-12-11;21;620
7;2025-12-11;22;295
7;2025-12-11;23;198
7;2025-12-12;0;74
7;2025-12-12;1;14
7;2025-12-12;2;0
7;2025-12-12;3;0
7;2025-12-12;4;2
7;2025-12-12;5;167
7;2025-12-12;6;570
7;2025-12-12;7;1427
7;2025-12-12;8;2164
7;2025-12-12;9;1607
7;2025-12-12;10;1646
7;2025-12-12;11;1509
7;2025-12-12;12;1590
7;2025-12-12;13;1609
7;2025-12-12;14;1660
7;2025-12-12;15;1800
7;2025-12-12;16;2009
7;2025-12-12;17;2217
7;2025-12-12;18;1909
7;2025-12-12;19;1300
7;2025-12-12;20;938
7;2025-12-12;21;566
7;2025-12-12;22;312
7;2025-12-12;23;236
7;2025-12-13;0;118
7;2025-12-13;1;26
7;2025-12-13;2;0
7;2025-12-13;3;0
7;2025-12-13;4;1
7;2025-12-13;5;48
7;2025-12-13;6;261
7;2025-12-13;7;290
7;2025-12-13;8;692
7;2025-12-13;9;558
7;2025-12-13;10;620
7;2025-12-13;11;657
7;2025-12-13;12;915
7;2025-12-13;13;861
7;2025-12-13;14;822
7;2025-12-13;15;807
7;2025-12-13;16;806
7;2025-12-13;17;794
7;2025-12-13;18;745
7;2025-12-13;19;590
7;2025-12-13;20;523
7;2025-12-13;21;365
7;2025-12-13;22;206
7;2025-12-13;23;167
7;2025-12-14;0;99
7;2025-12-14;1;24
7;2025-12-14;2;0
7;2025-12-14;3;0
7;2025-12-14;4;1
7;2025-12-14;5;29
7;2025-12-14;6;124
7;2025-12-14;7;167
7;2025-12-14;8;376
7;2025-12-14;9;498
7;2025-12-14;10;386
7;2025-12-14;11;574
7;2025-12-14;12;620
7;2025-12-14;13;616
7;2025-12-14;14;643
7;2025-12-14;15;697
7;2025-12-14;16;600
7;2025-12-14;17;611
7;2025-12-14;18;634
7;2025-12-14;19;469
7;2025-12-14;20;388
7;2025-12-14;21;284
7;2025-12-14;22;147
7;2025-12-14;23;118
7;2025-12-15;0;57
7;2025-12-15;1;10
7;2025-12-15;2;0
7;2025-12-15;3;0
7;2025-12-15;4;1
7;2025-12-15;5;180
7;2025-12-15;6;554
7;2025-12-15;7;1551
7;2025-12-15;8;2514
7;2025-12-15;9;1736
7;2025-12-15;10;1564
7;2025-12-15;11;1484
7;2025-12-15;12;1476
7;2025-12-15;13;1497
7;2025-12-15;14;1529
7;2025-12-15;15;1680
7;2025-12-15;16;1720
7;2025-12-15;17;2398
7;2025-12-15;18;2480
7;2025-12-15;19;1675
7;2025-12-15;20;1020
7;2025-12-15;21;577
7;2025-12-15;22;279
7;2025-12-15;23;144
7;2025-12-16;0;56
7;2025-12-16;1;12
7;2025-12-16;2;0
7;2025-12-16;3;0
7;2025-12-16;4;2
7;2025-12-16;5;181
7;2025-12-16;6;575
7;2025-12-16;7;1568
7;2025-12-16;8;2412
7;2025-12-16;9;1823
7;2025-12-16;10;1636
7;2025-12-16;11;1524
7;2025-12-16;12;1703
7;2025-12-16;13;1536
7;2025-12-16;14;1640
7;2025-12-16;15;1734
7;2025-12-16;16;1806
7;2025-12-16;17;2311
7;2025-12-16;18;2540
7;2025-12-16;19;1663
7;2025-12-16;20;1043
7;2025-12-16;21;620
7;2025-12-16;22;295
7;2025-12-16;23;198
7;2025-12-17;0;56
7;2025-12-17;1;12
7;2025-12-17;2;0
7;2025-12-17;3;0
7;2025-12-17;4;2
7;2025-12-17;5;181
7;2025-12-17;6;575
7;2025-12-17;7;1568
7;2025-12-17;8;2412
7;2025-12-17;9;1823
7;2025-12-17;10;1636
7;2025-12-17;11;1524
7;2025-12-17;12;1703
7;2025-12-17;13;1536
7;2025-12-17;14;1640
7;2025-12-17;15;1734
7;2025-12-17;16;1806
7;2025-12-17;17;2311
7;2025-12-17;18;2540
7;2025-12-17;19;1663
7;2025-12-17;20;1043
7;2025-12-17;21;620
7;2025-12-17;22;295
7;2025-12-17;23;198
7;2025-12-18;0;56
7;2025-12-18;1;12
7;2025-12-18;2;0
7;2025-12-18;3;0
7;2025-12-18;4;2
7;2025-12-18;5;181
7;2025-12-18;6;575
7;2025-12-18;7;1568
7;2025-12-18;8;2412
7;2025-12-18;9;1823
7;2025-12-18;10;1636
7;2025-12-18;11;1524
7;2025-12-18;12;1703
7;2025-12-18;13;1536
7;2025-12-18;14;1640
7;2025-12-18;15;1734
7;2025-12-18;16;1806
7;2025-12-18;17;2311
7;2025-12-18;18;2540
7;2025-12-18;19;1663
7;2025-12-18;20;1043
7;2025-12-18;21;620
7;2025-12-18;22;295
7;2025-12-18;23;198
7;2025-12-19;0;74
7;2025-12-19;1;14
7;2025-12-19;2;0
7;2025-12-19;3;0
7;2025-12-19;4;2
7;2025-12-19;5;167
7;2025-12-19;6;570
7;2025-12-19;7;1427
7;2025-12-19;8;2164
7;2025-12-19;9;1607
7;2025-12-19;10;1646
7;2025-12-19;11;1509
7;2025-12-19;12;1590
7;2025-12-19;13;1609
7;2025-12-19;14;1660
7;2025-12-19;15;1800
7;2025-12-19;16;2009
7;2025-12-19;17;2217
7;2025-12-19;18;1909
7;2025-12-19;19;1300
7;2025-12-19;20;938
7;2025-12-19;21;566
7;2025-12-19;22;312
7;2025-12-19;23;236
7;2025-12-20;0;118
7;2025-12-20;1;26
7;2025-12-20;2;0
7;2025-12-20;3;0
7;2025-12-20;4;1
7;2025-12-20;5;48
7;2025-12-20;6;261
7;2025-12-20;7;290
7;2025-12-20;8;692
7;2025-12-20;9;558
7;2025-12-20;10;620
7;2025-12-20;11;657
7;2025-12-20;12;915
7;2025-12-20;13;861
7;2025-12-20;14;822
7;2025-12-20;15;807
7;2025-12-20;16;806
7;2025-12-20;17;794
7;2025-12-20;18;745
7;2025-12-20;19;590
7;2025-12-20;20;523
7;2025-12-20;21;365
7;2025-12-20;22;206
7;2025-12-20;23;167
7;2025-12-21;0;99
7;2025-12-21;1;24
7;2025-12-21;2;0
7;2025-12-21;3;0
7;2025-12-21;4;1
7;2025-12-21;5;29
7;2025-12-21;6;124
7;2025-12-21;7;167
7;2025-12-21;8;376
7;2025-12-21;9;498
7;2025-12-21;10;386
7;2025-12-21;11;574
7;2025-12-21;12;620
7;2025-12-21;13;616
7;2025-12-21;14;643
7;2025-12-21;15;697
7;2025-12-21;16;600
7;2025-12-21;17;611
7;2025-12-21;18;634
7;2025-12-21;19;469
7;2025-12-21;20;388
7;2025-12-21;21;284
7;2025-12-21;22;147
7;2025-12-21;23;118
7;2025-12-22;0;57
7;2025-12-22;1;10
7;2025-12-22;2;0
7;2025-12-22;3;0
7;2025-12-22;4;1
7;2025-12-22;5;180
7;2025-12-22;6;554
7;2025-12-22;7;1551
7;2025-12-22;8;2514
7;2025-12-22;9;1736
7;2025-12-22;10;1564
7;2025-12-22;11;1484
7;2025-12-22;12;1476
7;2025-12-22;13;1497
7;2025-12-22;14;1529
7;2025-12-22;15;1680
7;2025-12-22;16;1720
7;2025-12-22;17;2398
7;2025-12-22;18;2480
7;2025-12-22;19;1675
7;2025-12-22;20;1020
7;2025-12-22;21;577
7;2025-12-22;22;279
7;2025-12-22;23;144
7;2025-12-23;0;56
7;2025-12-23;1;12
7;2025-12-23;2;0
7;2025-12-23;3;0
7;2025-12-23;4;2
7;2025-12-23;5;181
7;2025-12-23;6;575
7;2025-12-23;7;1568
7;2025-12-23;8;2412
7;2025-12-23;9;1823
7;2025-12-23;10;1636
7;2025-12-23;11;1524
7;2025-12-23;12;1703
7;2025-12-23;13;1536
7;2025-12-23;14;1640
7;2025-12-23;15;1734
7;2025-12-23;16;1806
7;2025-12-23;17;2311
7;2025-12-23;18;2540
7;2025-12-23;19;1663
7;2025-12-23;20;1043
7;2025-12-23;21;620
7;2025-12-23;22;295
7;2025-12-23;23;198
7;2025-12-24;0;56
7;2025-12-24;1;12
7;2025-12-24;2;0
7;2025-12-24;3;0
7;2025-12-24;4;2
7;2025-12-24;5;181
7;2025-12-24;6;575
7;2025-12-24;7;1568
7;2025-12-24;8;2412
7;2025-12-24;9;1823
7;2025-12-24;10;1636
7;2025-12-24;11;1524
7;2025-12-24;12;1703
7;2025-12-24;13;1536
7;2025-12-24;14;1640
7;2025-12-24;15;1734
7;2025-12-24;16;1806
7;2025-12-24;17;2311
7;2025-12-24;18;2540
7;2025-12-24;19;1663
7;2025-12-24;20;1043
7;2025-12-24;21;620
7;2025-12-24;22;295
7;2025-12-24;23;198
7;2025-12-25;0;56
7;2025-12-25;1;12
7;2025-12-25;2;0
7;2025-12-25;3;0
7;2025-12-25;4;2
7;2025-12-25;5;181
7;2025-12-25;6;575
7;2025-12-25;7;1568
7;2025-12-25;8;2412
7;2025-12-25;9;1823
7;2025-12-25;10;1636
7;2025-12-25;11;1524
7;2025-12-25;12;1703
7;2025-12-25;13;1536
7;2025-12-25;14;1640
7;2025-12-25;15;1734
7;2025-12-25;16;1806
7;2025-12-25;17;2311
7;2025-12-25;18;2540
7;2025-12-25;19;1663
7;2025-12-25;20;1043
7;2025-12-25;21;620
7;2025-12-25;22;295
7;2025-12-25;23;198
7;2025-12-26;0;74
7;2025-12-26;1;14
7;2025-12-26;2;0
7;2025-12-26;3;0
7;2025-12-26;4;2
7;2025-12-26;5;167
7;2025-12-26;6;570
7;2025-12-26;7;1427
7;2025-12-26;8;2164
7;2025-12-26;9;1607
7;2025-12-26;10;1646
7;2025-12-26;11;1509
7;2025-12-26;12;1590
7;2025-12-26;13;1609
7;2025-12-26;14;1660
7;2025-12-26;15;1800
7;2025-12-26;16;2009
7;2025-12-26;17;2217
7;2025-12-26;18;1909
7;2025-12-26;19;1300
7;2025-12-26;20;938
7;2025-12-26;21;566
7;2025-12-26;22;312
7;2025-12-26;23;236
7;2025-12-27;0;118
7;2025-12-27;1;26
7;2025-12-27;2;0
7;2025-12-27;3;0
7;2025-12-27;4;1
7;2025-12-27;5;48
7;2025-12-27;6;261
7;2025-12-27;7;290
7;2025-12-27;8;692
7;2025-12-27;9;558
7;2025-12-27;10;620
7;2025-12-27;11;657
7;2025-12-27;12;915
7;2025-12-27;13;861
7;2025-12-27;14;822
7;2025-12-27;15;807
7;2025-12-27;16;806
7;2025-12-27;17;794
7;2025-12-27;18;745
7;2025-12-27;19;590
7;2025-12-27;20;523
7;2025-12-27;21;365
7;2025-12-27;22;206
7;2025-12-27;23;167
7;2025-12-28;0;99
7;2025-12-28;1;24
7;2025-12-28;2;0
7;2025-12-28;3;0
7;2025-12-28;4;1
7;2025-12-28;5;29
7;2025-12-28;6;124
7;2025-12-28;7;167
7;2025-12-28;8;376
7;2025-12-28;9;498
7;2025-12-28;10;386
7;2025-12-28;11;574
7;2025-12-28;12;620
7;2025-12-28;13;616
7;2025-12-28;14;643
7;2025-12-28;15;697
7;2025-12-28;16;600
7;2025-12-28;17;611
7;2025-12-28;18;634
7;2025-12-28;19;469
7;2025-12-28;20;388
7;2025-12-28;21;284
7;2025-12-28;22;147
7;2025-12-28;23;118
7;2025-12-29;0;63
7;2025-12-29;1;12
7;2025-12-29;2;0
7;2025-12-29;3;0
7;2025-12-29;4;1
7;2025-12-29;5;143
7;2025-12-29;6;490
7;2025-12-29;7;1228
7;2025-12-29;8;1861
7;2025-12-29;9;1382
7;2025-12-29;10;1416
7;2025-12-29;11;1298
7;2025-12-29;12;1368
7;2025-12-29;13;1384
7;2025-12-29;14;1428
7;2025-12-29;15;1548
7;2025-12-29;16;1728
7;2025-12-29;17;1906
7;2025-12-29;18;1642
7;2025-12-29;19;1118
7;2025-12-29;20;807
7;2025-12-29;21;487
7;2025-12-29;22;268
7;2025-12-29;23;203
7;2025-12-30;0;63
7;2025-12-30;1;12
7;2025-12-30;2;0
7;2025-12-30;3;0
7;2025-12-30;4;1
7;2025-12-30;5;143
7;2025-12-30;6;490
7;2025-12-30;7;1228
7;2025-12-30;8;1861
7;2025-12-30;9;1382
7;2025-12-30;10;1416
7;2025-12-30;11;1298
7;2025-12-30;12;1368
7;2025-12-30;13;1384
7;2025-12-30;14;1428
7;2025-12-30;15;1548
7;2025-12-30;16;1728
7;2025-12-30;17;1906
7;2025-12-30;18;1642
7;2025-12-30;19;1118
7;2025-12-30;20;807
7;2025-12-30;21;487
7;2025-12-30;22;268
7;2025-12-30;23;203
7;2025-12-31;0;101
7;2025-12-31;1;22
7;2025-12-31;2;0
7;2025-12-31;3;0
7;2025-12-31;4;1
7;2025-12-31;5;41
7;2025-12-31;6;222
7;2025-12-31;7;247
7;2025-12-31;8;588
7;2025-12-31;9;474
7;2025-12-31;10;527
7;2025-12-31;11;559
7;2025-12-31;12;778
7;2025-12-31;13;732
7;2025-12-31;14;699
7;2025-12-31;15;686
7;2025-12-31;16;685
7;2025-12-31;17;675
7;2025-12-31;18;634
7;2025-12-31;19;276
7;2025-12-31;20;244
7;2025-12-31;21;171
7;2025-12-31;22;96
7;2025-12-31;23;78
11;2025-11-01;0;57
11;2025-11-01;1;2
11;2025-11-01;2;0
11;2025-11-01;3;0
11;2025-11-01;4;0
11;2025-11-01;5;210
11;2025-11-01;6;1068
11;2025-11-01;7;1994
11;2025-11-01;8;2704
11;2025-11-01;9;1828
11;2025-11-01;10;1517
11;2025-11-01;11;1434
11;2025-11-01;12;1559
11;2025-11-01;13;1531
11;2025-11-01;14;1704
11;2025-11-01;15;1691
11;2025-11-01;16;1877
11;2025-11-01;17;2378
11;2025-11-01;18;1986
11;2025-11-01;19;1488
11;2025-11-01;20;1082
11;2025-11-01;21;675
11;2025-11-01;22;305
11;2025-11-01;23;274
11;2025-11-02;0;110
11;2025-11-02;1;15
11;2025-11-02;2;0
11;2025-11-02;3;0
11;2025-11-02;4;0
11;2025-11-02;5;105
11;2025-11-02;6;484
11;2025-11-02;7;479
11;2025-11-02;8;673
11;2025-11-02;9;915
11;2025-11-02;10;1012
11;2025-11-02;11;1485
11;2025-11-02;12;1558
11;2025-11-02;13;1505
11;2025-11-02;14;1611
11;2025-11-02;15;1580
11;2025-11-02;16;1489
11;2025-11-02;17;1657
11;2025-11-02;18;1219
11;2025-11-02;19;972
11;2025-11-02;20;750
11;2025-11-02;21;574
11;2025-11-02;22;336
11;2025-11-02;23;234
11;2025-11-03;0;107
11;2025-11-03;1;15
11;2025-11-03;2;0
11;2025-11-03;3;0
11;2025-11-03;4;0
11;2025-11-03;5;101
11;2025-11-03;6;468
11;2025-11-03;7;463
11;2025-11-03;8;650
11;2025-11-03;9;884
11;2025-11-03;10;979
11;2025-11-03;11;1436
11;2025-11-03;12;1507
11;2025-11-03;13;1455
11;2025-11-03;14;1557
11;2025-11-03;15;1528
11;2025-11-03;16;1440
11;2025-11-03;17;1602
11;2025-11-03;18;1179
11;2025-11-03;19;940
11;2025-11-03;20;725
11;2025-11-03;21;555
11;2025-11-03;22;325
11;2025-11-03;23;226
11;2025-11-04;0;107
11;2025-11-04;1;15
11;2025-11-04;2;0
11;2025-11-04;3;0
11;2025-11-04;4;0
11;2025-11-04;5;101
11;2025-11-04;6;468
11;2025-11-04;7;463
11;2025-11-04;8;650
11;2025-11-04;9;884
11;2025-11-04;10;979
11;2025-11-04;11;1436
11;2025-11-04;12;1507
11;2025-11-04;13;1455
11;2025-11-04;14;1557
11;2025-11-04;15;1528
11;2025-11-04;16;1440
11;2025-11-04;17;1602
11;2025-11-04;18;1179
11;2025-11-04;19;940
11;2025-11-04;20;725
11;2025-11-04;21;555
11;2025-11-04;22;325
11;2025-11-04;23;226
11;2025-11-05;0;55
11;2025-11-05;1;0
11;2025-11-05;2;0
11;2025-11-05;3;0
11;2025-11-05;4;0
11;2025-11-05;5;234
11;2025-11-05;6;1240
11;2025-11-05;7;2389
11;2025-11-05;8;3087
11;2025-11-05;9;2364
11;2025-11-05;10;1959
11;2025-11-05;11;1842
11;2025-11-05;12;1896
11;2025-11-05;13;2014
11;2025-11-05;14;1971
11;2025-11-05;15;1851
11;2025-11-05;16;2091
11;2025-11-05;17;2662
11;2025-11-05;18;2944
11;2025-11-05;19;2168
11;2025-11-05;20;1382
11;2025-11-05;21;763
11;2025-11-05;22;369
11;2025-11-05;23;228
11;2025-11-06;0;55
11;2025-11-06;1;0
11;2025-11-06;2;0
11;2025-11-06;3;0
11;2025-11-06;4;0
11;2025-11-06;5;234
11;2025-11-06;6;1240
11;2025-11-06;7;2389
11;2025-11-06;8;3087
11;2025-11-06;9;2364
11;2025-11-06;10;1959
11;2025-11-06;11;1842
11;2025-11-06;12;1896
11;2025-11-06;13;2014
11;2025-11-06;14;1971
11;2025-11-06;15;1851
11;2025-11-06;16;2091
11;2025-11-06;17;2662
11;2025-11-06;18;2944
11;2025-11-06;19;2168
11;2025-11-06;20;1382
11;2025-11-06;21;763
11;2025-11-06;22;369
11;2025-11-06;23;228
11;2025-11-07;0;67
11;2025-11-07;1;2
11;2025-11-07;2;0
11;2025-11-07;3;0
11;2025-11-07;4;0
11;2025-11-07;5;248
11;2025-11-07;6;1257
11;2025-11-07;7;2346
11;2025-11-07;8;3182
11;2025-11-07;9;2151
11;2025-11-07;10;1785
11;2025-11-07;11;1687
11;2025-11-07;12;1834
11;2025-11-07;13;1801
11;2025-11-07;14;2004
11;2025-11-07;15;1989
11;2025-11-07;16;2208
11;2025-11-07;17;2797
11;2025-11-07;18;2337
11;2025-11-07;19;1750
11;2025-11-07;20;1273
11;2025-11-07;21;794
11;2025-11-07;22;358
11;2025-11-07;23;323
11;2025-11-08;0;104
11;2025-11-08;1;1
11;2025-11-08;2;0
11;2025-11-08;3;0
11;2025-11-08;4;0
11;2025-11-08;5;163
11;2025-11-08;6;813
11;2025-11-08;7;739
11;2025-11-08;8;1014
11;2025-11-08;9;1135
11;2025-11-08;10;1355
11;2025-11-08;11;1670
11;2025-11-08;12;1904
11;2025-11-08;13;1771
11;2025-11-08;14;2007
11;2025-11-08;15;1858
11;2025-11-08;16;1741
11;2025-11-08;17;1844
11;2025-11-08;18;1464
11;2025-11-08;19;1425
11;2025-11-08;20;953
11;2025-11-08;21;691
11;2025-11-08;22;403
11;2025-11-08;23;270
11;2025-11-09;0;110
11;2025-11-09;1;15
11;2025-11-09;2;0
11;2025-11-09;3;0
11;2025-11-09;4;0
11;2025-11-09;5;105
11;2025-11-09;6;484
11;2025-11-09;7;479
11;2025-11-09;8;673
11;2025-11-09;9;915
11;2025-11-09;10;1012
11;2025-11-09;11;1485
11;2025-11-09;12;1558
11;2025-11-09;13;1505
11;2025-11-09;14;1611
11;2025-11-09;15;1580
11;2025-11-09;16;1489
11;2025-11-09;17;1657
11;2025-11-09;18;1219
11;2025-11-09;19;972
11;2025-11-09;20;750
11;2025-11-09;21;574
11;2025-11-09;22;336
11;2025-11-09;23;234
11;2025-11-10;0;70
11;2025-11-10;1;12
11;2025-11-10;2;0
11;2025-11-10;3;0
11;2025-11-10;4;1
11;2025-11-10;5;226
11;2025-11-10;6;1285
11;2025-11-10;7;2277
11;2025-11-10;8;3048
11;2025-11-10;9;2259
11;2025-11-10;10;1815
11;2025-11-10;11;1802
11;2025-11-10;12;1732
11;2025-11-10;13;1788
11;2025-11-10;14;1915
11;2025-11-10;15;1990
11;2025-11-10;16;2119
11;2025-11-10;17;2657
11;2025-11-10;18;2813
11;2025-11-10;19;2064
11;2025-11-10;20;1119
11;2025-11-10;21;733
11;2025-11-10;22;309
11;2025-11-10;23;194
11;2025-11-11;0;55
11;2025-11-11;1;0
11;2025-11-11;2;0
11;2025-11-11;3;0
11;2025-11-11;4;0
11;2025-11-11;5;234
11;2025-11-11;6;1240
11;2025-11-11;7;2389
11;2025-11-11;8;3087
11;2025-11-11;9;2364
11;2025-11-11;10;1959
11;2025-11-11;11;1842
11;2025-11-11;12;1896
11;2025-11-11;13;2014
11;2025-11-11;14;1971
11;2025-11-11;15;1851
11;2025-11-11;16;2091
11;2025-11-11;17;2662
11;2025-11-11;18;2944
11;2025-11-11;19;2168
11;2025-11-11;20;1382
11;2025-11-11;21;763
11;2025-11-11;22;369
11;2025-11-11;23;228
11;2025-11-12;0;55
11;2025-11-12;1;0
11;2025-11-12;2;0
11;2025-11-12;3;0
11;2025-11-12;4;0
11;2025-11-12;5;234
11;2025-11-12;6;1240
11;2025-11-12;7;2389
11;2025-11-12;8;3087
11;2025-11-12;9;2364
11;2025-11-12;10;1959
11;2025-11-12;11;1842
11;2025-11-12;12;1896
11;2025-11-12;13;2014
11;2025-11-12;14;1971
11;2025-11-12;15;1851
11;2025-11-12;16;2091
11;2025-11-12;17;2662
11;2025-11-12;18;2944
11;2025-11-12;19;2168
11;2025-11-12;20;1382
11;2025-11-12;21;763
11;2025-11-12;22;369
11;2025-11-12;23;228
11;2025-11-13;0;55
11;2025-11-13;1;0
11;2025-11-13;2;0
11;2025-11-13;3;0
11;2025-11-13;4;0
11;2025-11-13;5;234
11;2025-11-13;6;1240
11;2025-11-13;7;2389
11;2025-11-13;8;3087
11;2025-11-13;9;2364
11;2025-11-13;10;1959
11;2025-11-13;11;1842
11;2025-11-13;12;1896
11;2025-11-13;13;2014
11;2025-11-13;14;1971
11;2025-11-13;15;1851
11;2025-11-13;16;2091
11;2025-11-13;17;2662
11;2025-11-13;18;2944
11;2025-11-13;19;2168
11;2025-11-13;20;1382
11;2025-11-13;21;763
11;2025-11-13;22;369
11;2025-11-13;23;228
11;2025-11-14;0;67
11;2025-11-14;1;2
11;2025-11-14;2;0
11;2025-11-14;3;0
11;2025-11-14;4;0
11;2025-11-14;5;248
11;2025-11-14;6;1257
11;2025-11-14;7;2346
11;2025-11-14;8;3182
11;2025-11-14;9;2151
11;2025-11-14;10;1785
11;2025-11-14;11;1687
11;2025-11-14;12;1834
11;2025-11-14;13;1801
11;2025-11-14;14;2004
11;2025-11-14;15;1989
11;2025-11-14;16;2208
11;2025-11-14;17;2797
11;2025-11-14;18;2337
11;2025-11-14;19;1750
11;2025-11-14;20;1273
11;2025-11-14;21;794
11;2025-11-14;22;358
11;2025-11-14;23;323
11;2025-11-15;0;99
11;2025-11-15;1;1
11;2025-11-15;2;0
11;2025-11-15;3;0
11;2025-11-15;4;0
11;2025-11-15;5;155
11;2025-11-15;6;771
11;2025-11-15;7;700
11;2025-11-15;8;961
11;2025-11-15;9;1077
11;2025-11-15;10;1285
11;2025-11-15;11;1583
11;2025-11-15;12;1805
11;2025-11-15;13;1679
11;2025-11-15;14;1903
11;2025-11-15;15;1762
11;2025-11-15;16;1651
11;2025-11-15;17;1749
11;2025-11-15;18;1388
11;2025-11-15;19;1351
11;2025-11-15;20;903
11;2025-11-15;21;655
11;2025-11-15;22;383
11;2025-11-15;23;256
11;2025-11-16;0;110
11;2025-11-16;1;15
11;2025-11-16;2;0
11;2025-11-16;3;0
11;2025-11-16;4;0
11;2025-11-16;5;105
11;2025-11-16;6;484
11;2025-11-16;7;479
11;2025-11-16;8;673
11;2025-11-16;9;915
11;2025-11-16;10;1012
11;2025-11-16;11;1485
11;2025-11-16;12;1558
11;2025-11-16;13;1505
11;2025-11-16;14;1611
11;2025-11-16;15;1580
11;2025-11-16;16;1489
11;2025-11-16;17;1657
11;2025-11-16;18;1219
11;2025-11-16;19;972
11;2025-11-16;20;750
11;2025-11-16;21;574
11;2025-11-16;22;336
11;2025-11-16;23;234
11;2025-11-17;0;70
11;2025-11-17;1;12
11;2025-11-17;2;0
11;2025-11-17;3;0
11;2025-11-17;4;1
11;2025-11-17;5;226
11;2025-11-17;6;1285
11;2025-11-17;7;2277
11;2025-11-17;8;3048
11;2025-11-17;9;2259
11;2025-11-17;10;1815
11;2025-11-17;11;1802
11;2025-11-17;12;1732
11;2025-11-17;13;1788
11;2025-11-17;14;1915
11;2025-11-17;15;1990
11;2025-11-17;16;2119
11;2025-11-17;17;2657
11;2025-11-17;18;2813
11;2025-11-17;19;2064
11;2025-11-17;20;1119
11;2025-11-17;21;733
11;2025-11-17;22;309
11;2025-11-17;23;194
11;2025-11-18;0;55
11;2025-11-18;1;0
11;2025-11-18;2;0
11;2025-11-18;3;0
11;2025-11-18;4;0
11;2025-11-18;5;234
11;2025-11-18;6;1240
11;2025-11-18;7;2389
11;2025-11-18;8;3087
11;2025-11-18;9;2364
11;2025-11-18;10;1959
11;2025-11-18;11;1842
11;2025-11-18;12;1896
11;2025-11-18;13;2014
11;2025-11-18;14;1971
11;2025-11-18;15;1851
11;2025-11-18;16;2091
11;2025-11-18;17;2662
11;2025-11-18;18;2944
11;2025-11-18;19;2168
11;2025-11-18;20;1382
11;2025-11-18;21;763
11;2025-11-18;22;369
11;2025-11-18;23;228
11;2025-11-19;0;55
11;2025-11-19;1;0
11;2025-11-19;2;0
11;2025-11-19;3;0
11;2025-11-19;4;0
11;2025-11-19;5;234
11;2025-11-19;6;1240
11;2025-11-19;7;2389
11;2025-11-19;8;3087
11;2025-11-19;9;2364
11;2025-11-19;10;1959
11;2025-11-19;11;1842
11;2025-11-19;12;1896
11;2025-11-19;13;2014
11;2025-11-19;14;1971
11;2025-11-19;15;1851
11;2025-11-19;16;2091
11;2025-11-19;17;2662
11;2025-11-19;18;2944
11;2025-11-19;19;2168
11;2025-11-19;20;1382
11;2025-11-19;21;763
11;2025-11-19;22;369
11;2025-11-19;23;228
11;2025-11-20;0;55
11;2025-11-20;1;0
11;2025-11-20;2;0
11;2025-11-20;3;0
11;2025-11-20;4;0
11;2025-11-20;5;234
11;2025-11-20;6;1240
11;2025-11-20;7;2389
11;2025-11-20;8;3087
11;2025-11-20;9;2364
11;2025-11-20;10;1959
11;2025-11-20;11;1842
11;2025-11-20;12;1896
11;2025-11-20;13;2014
11;2025-11-20;14;1971
11;2025-11-20;15;1851
11;2025-11-20;16;2091
11;2025-11-20;17;2662
11;2025-11-20;18;2944
11;2025-11-20;19;2168
11;2025-11-20;20;1382
11;2025-11-20;21;763
11;2025-11-20;22;369
11;2025-11-20;23;228
11;2025-11-21;0;67
11;2025-11-21;1;2
11;2025-11-21;2;0
11;2025-11-21;3;0
11;2025-11-21;4;0
11;2025-11-21;5;248
11;2025-11-21;6;1257
11;2025-11-21;7;2346
11;2025-11-21;8;3182
11;2025-11-21;9;2151
11;2025-11-21;10;1785
11;2025-11-21;11;1687
11;2025-11-21;12;1834
11;2025-11-21;13;1801
11;2025-11-21;14;2004
11;2025-11-21;15;1989
11;2025-11-21;16;2208
11;2025-11-21;17;2797
11;2025-11-21;18;2337
11;2025-11-21;19;1750
11;2025-11-21;20;1273
11;2025-11-21;21;794
11;2025-11-21;22;358
11;2025-11-21;23;323
11;2025-11-22;0;104
11;2025-11-22;1;1
11;2025-11-22;2;0
11;2025-11-22;3;0
11;2025-11-22;4;0
11;2025-11-22;5;163
11;2025-11-22;6;813
11;2025-11-22;7;739
11;2025-11-22;8;1014
11;2025-11-22;9;1135
11;2025-11-22;10;1355
11;2025-11-22;11;1670
11;2025-11-22;12;1904
11;2025-11-22;13;1771
11;2025-11-22;14;2007
11;2025-11-22;15;1858
11;2025-11-22;16;1741
11;2025-11-22;17;1844
11;2025-11-22;18;1464
11;2025-11-22;19;1425
11;2025-11-22;20;953
11;2025-11-22;21;691
11;2025-11-22;22;403
11;2025-11-22;23;270
11;2025-11-23;0;110
11;2025-11-23;1;15
11;2025-11-23;2;0
11;2025-11-23;3;0
11;2025-11-23;4;0
11;2025-11-23;5;105
11;2025-11-23;6;484
11;2025-11-23;7;479
11;2025-11-23;8;673
11;2025-11-23;9;915
11;2025-11-23;10;1012
11;2025-11-23;11;1485
11;2025-11-23;12;1558
11;2025-11-23;13;1505
11;2025-11-23;14;1611
11;2025-11-23;15;1580
11;2025-11-23;16;1489
11;2025-11-23;17;1657
11;2025-11-23;18;1219
11;2025-11-23;19;972
11;2025-11-23;20;750
11;2025-11-23;21;574
11;2025-11-23;22;336
11;2025-11-23;23;234
11;2025-11-24;0;70
11;2025-11-24;1;12
11;2025-11-24;2;0
11;2025-11-24;3;0
11;2025-11-24;4;1
11;2025-11-24;5;226
11;2025-11-24;6;1285
11;2025-11-24;7;2277
11;2025-11-24;8;3048
11;2025-11-24;9;2259
11;2025-11-24;10;1815
11;2025-11-24;11;1802
11;2025-11-24;12;1732
11;2025-11-24;13;1788
11;2025-11-24;14;1915
11;2025-11-24;15;1990
11;2025-11-24;16;2119
11;2025-11-24;17;2657
11;2025-11-24;18;2813
11;2025-11-24;19;2064
11;2025-11-24;20;1119
11;2025-11-24;21;733
11;2025-11-24;22;309
11;2025-11-24;23;194
11;2025-11-25;0;55
11;2025-11-25;1;0
11;2025-11-25;2;0
11;2025-11-25;3;0
11;2025-11-25;4;0
11;2025-11-25;5;234
11;2025-11-25;6;1240
11;2025-11-25;7;2389
11;2025-11-25;8;3087
11;2025-11-25;9;2364
11;2025-11-25;10;1959
11;2025-11-25;11;1842
11;2025-11-25;12;1896
11;2025-11-25;13;2014
11;2025-11-25;14;1971
11;2025-11-25;15;1851
11;2025-11-25;16;2091
11;2025-11-25;17;2662
11;2025-11-25;18;2944
11;2025-11-25;19;2168
11;2025-11-25;20;1382
11;2025-11-25;21;763
11;2025-11-25;22;369
11;2025-11-25;23;228
11;2025-11-26;0;55
11;2025-11-26;1;0
11;2025-11-26;2;0
11;2025-11-26;3;0
11;2025-11-26;4;0
11;2025-11-26;5;234
11;2025-11-26;6;1240
11;2025-11-26;7;2389
11;2025-11-26;8;3087
11;2025-11-26;9;2364
11;2025-11-26;10;1959
11;2025-11-26;11;1842
11;2025-11-26;12;1896
11;2025-11-26;13;2014
11;2025-11-26;14;1971
11;2025-11-26;15;1851
11;2025-11-26;16;2091
11;2025-11-26;17;2662
11;2025-11-26;18;2944
11;2025-11-26;19;2168
11;2025-11-26;20;1382
11;2025-11-26;21;763
11;2025-11-26;22;369
11;2025-11-26;23;228
11;2025-11-27;0;55
11;2025-11-27;1;0
11;2025-11-27;2;0
11;2025-11-27;3;0
11;2025-11-27;4;0
11;2025-11-27;5;234
11;2025-11-27;6;1240
11;2025-11-27;7;2389
11;2025-11-27;8;3087
11;2025-11-27;9;2364
11;2025-11-27;10;1959
11;2025-11-27;11;1842
11;2025-11-27;12;1896
11;2025-11-27;13;2014
11;2025-11-27;14;1971
11;2025-11-27;15;1851
11;2025-11-27;16;2091
11;2025-11-27;17;2662
11;2025-11-27;18;2944
11;2025-11-27;19;2168
11;2025-11-27;20;1382
11;2025-11-27;21;763
11;2025-11-27;22;369
11;2025-11-27;23;228
11;2025-11-28;0;67
11;2025-11-28;1;2
11;2025-11-28;2;0
11;2025-11-28;3;0
11;2025-11-28;4;0
11;2025-11-28;5;248
11;2025-11-28;6;1257
11;2025-11-28;7;2346
11;2025-11-28;8;3182
11;2025-11-28;9;2151
11;2025-11-28;10;1785
11;2025-11-28;11;1687
11;2025-11-28;12;1834
11;2025-11-28;13;1801
11;2025-11-28;14;2004
11;2025-11-28;15;1989
11;2025-11-28;16;2208
11;2025-11-28;17;2797
11;2025-11-28;18;2337
11;2025-11-28;19;1750
11;2025-11-28;20;1273
11;2025-11-28;21;794
11;2025-11-28;22;358
11;2025-11-28;23;323
11;2025-11-29;0;104
11;2025-11-29;1;1
11;2025-11-29;2;0
11;2025-11-29;3;0
11;2025-11-29;4;0
11;2025-11-29;5;163
11;2025-11-29;6;813
11;2025-11-29;7;739
11;2025-11-29;8;1014
11;2025-11-29;9;1135
11;2025-11-29;10;1355
11;2025-11-29;11;1670
11;2025-11-29;12;1904
11;2025-11-29;13;1771
11;2025-11-29;14;2007
11;2025-11-29;15;1858
11;2025-11-29;16;1741
11;2025-11-29;17;1844
11;2025-11-29;18;1464
11;2025-11-29;19;1425
11;2025-11-29;20;953
11;2025-11-29;21;691
11;2025-11-29;22;403
11;2025-11-29;23;270
11;2025-11-30;0;110
11;2025-11-30;1;15
11;2025-11-30;2;0
11;2025-11-30;3;0
11;2025-11-30;4;0
11;2025-11-30;5;105
11;2025-11-30;6;484
11;2025-11-30;7;479
11;2025-11-30;8;673
11;2025-11-30;9;915
11;2025-11-30;10;1012
11;2025-11-30;11;1485
11;2025-11-30;12;1558
11;2025-11-30;13;1505
11;2025-11-30;14;1611
11;2025-11-30;15;1580
11;2025-11-30;16;1489
11;2025-11-30;17;1657
11;2025-11-30;18;1219
11;2025-11-30;19;972
11;2025-11-30;20;750
11;2025-11-30;21;574
11;2025-11-30;22;336
11;2025-11-30;23;234
11;2025-12-01;0;70
11;2025-12-01;1;12
11;2025-12-01;2;0
11;2025-12-01;3;0
11;2025-12-01;4;1
11;2025-12-01;5;226
11;2025-12-01;6;1285
11;2025-12-01;7;2277
11;2025-12-01;8;3048
11;2025-12-01;9;2259
11;2025-12-01;10;1815
11;2025-12-01;11;1802
11;2025-12-01;12;1732
11;2025-12-01;13;1788
11;2025-12-01;14;1915
11;2025-12-01;15;1990
11;2025-12-01;16;2119
11;2025-12-01;17;2657
11;2025-12-01;18;2813
11;2025-12-01;19;2064
11;2025-12-01;20;1119
11;2025-12-01;21;733
11;2025-12-01;22;309
11;2025-12-01;23;194
11;2025-12-02;0;55
11;2025-12-02;1;0
11;2025-12-02;2;0
11;2025-12-02;3;0
11;2025-12-02;4;0
11;2025-12-02;5;234
11;2025-12-02;6;1240
11;2025-12-02;7;2389
11;2025-12-02;8;3087
11;2025-12-02;9;2364
11;2025-12-02;10;1959
11;2025-12-02;11;1842
11;2025-12-02;12;1896
11;2025-12-02;13;2014
11;2025-12-02;14;1971
11;2025-12-02;15;1851
11;2025-12-02;16;2091
11;2025-12-02;17;2662
11;2025-12-02;18;2944
11;2025-12-02;19;2168
11;2025-12-02;20;1382
11;2025-12-02;21;763
11;2025-12-02;22;369
11;2025-12-02;23;228
11;2025-12-03;0;55
11;2025-12-03;1;0
11;2025-12-03;2;0
11;2025-12-03;3;0
11;2025-12-03;4;0
11;2025-12-03;5;234
11;2025-12-03;6;1240
11;2025-12-03;7;2389
11;2025-12-03;8;3087
11;2025-12-03;9;2364
11;2025-12-03;10;1959
11;2025-12-03;11;1842
11;2025-12-03;12;1896
11;2025-12-03;13;2014
11;2025-12-03;14;1971
11;2025-12-03;15;1851
11;2025-12-03;16;2091
11;2025-12-03;17;2662
11;2025-12-03;18;2944
11;2025-12-03;19;2168
11;2025-12-03;20;1382
11;2025-12-03;21;763
11;2025-12-03;22;369
11;2025-12-03;23;228
11;2025-12-04;0;55
11;2025-12-04;1;0
11;2025-12-04;2;0
11;2025-12-04;3;0
11;2025-12-04;4;0
11;2025-12-04;5;234
11;2025-12-04;6;1240
11;2025-12-04;7;2389
11;2025-12-04;8;3087
11;2025-12-04;9;2364
11;2025-12-04;10;1959
11;2025-12-04;11;1842
11;2025-12-04;12;1896
11;2025-12-04;13;2014
11;2025-12-04;14;1971
11;2025-12-04;15;1851
11;2025-12-04;16;2091
11;2025-12-04;17;2662
11;2025-12-04;18;2944
11;2025-12-04;19;2168
11;2025-12-04;20;1382
11;2025-12-04;21;763
11;2025-12-04;22;369
11;2025-12-04;23;228
11;2025-12-05;0;67
11;2025-12-05;1;2
11;2025-12-05;2;0
11;2025-12-05;3;0
11;2025-12-05;4;0
11;2025-12-05;5;248
11;2025-12-05;6;1257
11;2025-12-05;7;2346
11;2025-12-05;8;3182
11;2025-12-05;9;2151
11;2025-12-05;10;1785
11;2025-12-05;11;1687
11;2025-12-05;12;1834
11;2025-12-05;13;1801
11;2025-12-05;14;2004
11;2025-12-05;15;1989
11;2025-12-05;16;2208
11;2025-12-05;17;2797
11;2025-12-05;18;2337
11;2025-12-05;19;1750
11;2025-12-05;20;1273
11;2025-12-05;21;794
11;2025-12-05;22;358
11;2025-12-05;23;323
11;2025-12-06;0;104
11;2025-12-06;1;1
11;2025-12-06;2;0
11;2025-12-06;3;0
11;2025-12-06;4;0
11;2025-12-06;5;163
11;2025-12-06;6;813
11;2025-12-06;7;739
11;2025-12-06;8;1014
11;2025-12-06;9;1135
11;2025-12-06;10;1355
11;2025-12-06;11;1670
11;2025-12-06;12;1904
11;2025-12-06;13;1771
11;2025-12-06;14;2007
11;2025-12-06;15;1858
11;2025-12-06;16;1741
11;2025-12-06;17;1844
11;2025-12-06;18;1464
11;2025-12-06;19;1425
11;2025-12-06;20;953
11;2025-12-06;21;691
11;2025-12-06;22;403
11;2025-12-06;23;270
11;2025-12-07;0;110
11;2025-12-07;1;15
11;2025-12-07;2;0
11;2025-12-07;3;0
11;2025-12-07;4;0
11;2025-12-07;5;105
11;2025-12-07;6;484
11;2025-12-07;7;479
11;2025-12-07;8;673
11;2025-12-07;9;915
11;2025-12-07;10;1012
11;2025-12-07;11;1485
11;2025-12-07;12;1558
11;2025-12-07;13;1505
11;2025-12-07;14;1611
11;2025-12-07;15;1580
11;2025-12-07;16;1489
11;2025-12-07;17;1657
11;2025-12-07;18;1219
11;2025-12-07;19;972
11;2025-12-07;20;750
11;2025-12-07;21;574
11;2025-12-07;22;336
11;2025-12-07;23;234
11;2025-12-08;0;70
11;2025-12-08;1;12
11;2025-12-08;2;0
11;2025-12-08;3;0
11;2025-12-08;4;1
11;2025-12-08;5;226
11;2025-12-08;6;1285
11;2025-12-08;7;2277
11;2025-12-08;8;3048
11;2025-12-08;9;2259
11;2025-12-08;10;1815
11;2025-12-08;11;1802
11;2025-12-08;12;1732
11;2025-12-08;13;1788
11;2025-12-08;14;1915
11;2025-12-08;15;1990
11;2025-12-08;16;2119
11;2025-12-08;17;2657
11;2025-12-08;18;2813
11;2025-12-08;19;2064
11;2025-12-08;20;1119
11;2025-12-08;21;733
11;2025-12-08;22;309
11;2025-12-08;23;194
11;2025-12-09;0;55
11;2025-12-09;1;0
11;2025-12-09;2;0
11;2025-12-09;3;0
11;2025-12-09;4;0
11;2025-12-09;5;234
11;2025-12-09;6;1240
11;2025-12-09;7;2389
11;2025-12-09;8;3087
11;2025-12-09;9;2364
11;2025-12-09;10;1959
11;2025-12-09;11;1842
11;2025-12-09;12;1896
11;2025-12-09;13;2014
11;2025-12-09;14;1971
11;2025-12-09;15;1851
11;2025-12-09;16;2091
11;2025-12-09;17;2662
11;2025-12-09;18;2944
11;2025-12-09;19;2168
11;2025-12-09;20;1382
11;2025-12-09;21;763
11;2025-12-09;22;369
11;2025-12-09;23;228
11;2025-12-10;0;55
11;2025-12-10;1;0
11;2025-12-10;2;0
11;2025-12-10;3;0
11;2025-12-10;4;0
11;2025-12-10;5;234
11;2025-12-10;6;1240
11;2025-12-10;7;2389
11;2025-12-10;8;3087
11;2025-12-10;9;2364
11;2025-12-10;10;1959
11;2025-12-10;11;1842
11;2025-12-10;12;1896
11;2025-12-10;13;2014
11;2025-12-10;14;1971
11;2025-12-10;15;1851
11;2025-12-10;16;2091
11;2025-12-10;17;2662
11;2025-12-10;18;2944
11;2025-12-10;19;2168
11;2025-12-10;20;1382
11;2025-12-10;21;763
11;2025-12-10;22;369
11;2025-12-10;23;228
11;2025-12-11;0;55
11;2025-12-11;1;0
11;2025-12-11;2;0
11;2025-12-11;3;0
11;2025-12-11;4;0
11;2025-12-11;5;234
11;2025-12-11;6;1240
11;2025-12-11;7;2389
11;2025-12-11;8;3087
11;2025-12-11;9;2364
11;2025-12-11;10;1959
11;2025-12-11;11;1842
11;2025-12-11;12;1896
11;2025-12-11;13;2014
11;2025-12-11;14;1971
11;2025-12-11;15;1851
11;2025-12-11;16;2091
11;2025-12-11;17;2662
11;2025-12-11;18;2944
11;2025-12-11;19;2168
11;2025-12-11;20;1382
11;2025-12-11;21;763
11;2025-12-11;22;369
11;2025-12-11;23;228
11;2025-12-12;0;67
11;2025-12-12;1;2
11;2025-12-12;2;0
11;2025-12-12;3;0
11;2025-12-12;4;0
11;2025-12-12;5;248
11;2025-12-12;6;1257
11;2025-12-12;7;2346
11;2025-12-12;8;3182
11;2025-12-12;9;2151
11;2025-12-12;10;1785
11;2025-12-12;11;1687
11;2025-12-12;12;1834
11;2025-12-12;13;1801
11;2025-12-12;14;2004
11;2025-12-12;15;1989
11;2025-12-12;16;2208
11;2025-12-12;17;2797
11;2025-12-12;18;2337
11;2025-12-12;19;1750
11;2025-12-12;20;1273
11;2025-12-12;21;794
11;2025-12-12;22;358
11;2025-12-12;23;323
11;2025-12-13;0;104
11;2025-12-13;1;1
11;2025-12-13;2;0
11;2025-12-13;3;0
11;2025-12-13;4;0
11;2025-12-13;5;163
11;2025-12-13;6;813
11;2025-12-13;7;739
11;2025-12-13;8;1014
11;2025-12-13;9;1135
11;2025-12-13;10;1355
11;2025-12-13;11;1670
11;2025-12-13;12;1904
11;2025-12-13;13;1771
11;2025-12-13;14;2007
11;2025-12-13;15;1858
11;2025-12-13;16;1741
11;2025-12-13;17;1844
11;2025-12-13;18;1464
11;2025-12-13;19;1425
11;2025-12-13;20;953
11;2025-12-13;21;691
11;2025-12-13;22;403
11;2025-12-13;23;270
11;2025-12-14;0;110
11;2025-12-14;1;15
11;2025-12-14;2;0
11;2025-12-14;3;0
11;2025-12-14;4;0
11;2025-12-14;5;105
11;2025-12-14;6;484
11;2025-12-14;7;479
11;2025-12-14;8;673
11;2025-12-14;9;915
11;2025-12-14;10;1012
11;2025-12-14;11;1485
11;2025-12-14;12;1558
11;2025-12-14;13;1505
11;2025-12-14;14;1611
11;2025-12-14;15;1580
11;2025-12-14;16;1489
11;2025-12-14;17;1657
11;2025-12-14;18;1219
11;2025-12-14;19;972
11;2025-12-14;20;750
11;2025-12-14;21;574
11;2025-12-14;22;336
11;2025-12-14;23;234
11;2025-12-15;0;70
11;2025-12-15;1;12
11;2025-12-15;2;0
11;2025-12-15;3;0
11;2025-12-15;4;1
11;2025-12-15;5;226
11;2025-12-15;6;1285
11;2025-12-15;7;2277
11;2025-12-15;8;3048
11;2025-12-15;9;2259
11;2025-12-15;10;1815
11;2025-12-15;11;1802
11;2025-12-15;12;1732
11;2025-12-15;13;1788
11;2025-12-15;14;1915
11;2025-12-15;15;1990
11;2025-12-15;16;2119
11;2025-12-15;17;2657
11;2025-12-15;18;2813
11;2025-12-15;19;2064
11;2025-12-15;20;1119
11;2025-12-15;21;733
11;2025-12-15;22;309
11;2025-12-15;23;194
11;2025-12-16;0;55
11;2025-12-16;1;0
11;2025-12-16;2;0
11;2025-12-16;3;0
11;2025-12-16;4;0
11;2025-12-16;5;234
11;2025-12-16;6;1240
11;2025-12-16;7;2389
11;2025-12-16;8;3087
11;2025-12-16;9;2364
11;2025-12-16;10;1959
11;2025-12-16;11;1842
11;2025-12-16;12;1896
11;2025-12-16;13;2014
11;2025-12-16;14;1971
11;2025-12-16;15;1851
11;2025-12-16;16;2091
11;2025-12-16;17;2662
11;2025-12-16;18;2944
11;2025-12-16;19;2168
11;2025-12-16;20;1382
11;2025-12-16;21;763
11;2025-12-16;22;369
11;2025-12-16;23;228
11;2025-12-17;0;55
11;2025-12-17;1;0
11;2025-12-17;2;0
11;2025-12-17;3;0
11;2025-12-17;4;0
11;2025-12-17;5;234
11;2025-12-17;6;1240
11;2025-12-17;7;2389
11;2025-12-17;8;3087
11;2025-12-17;9;2364
11;2025-12-17;10;1959
11;2025-12-17;11;1842
11;2025-12-17;12;1896
11;2025-12-17;13;2014
11;2025-12-17;14;1971
11;2025-12-17;15;1851
11;2025-12-17;16;2091
11;2025-12-17;17;2662
11;2025-12-17;18;2944
11;2025-12-17;19;2168
11;2025-12-17;20;1382
11;2025-12-17;21;763
11;2025-12-17;22;369
11;2025-12-17;23;228
11;2025-12-18;0;55
11;2025-12-18;1;0
11;2025-12-18;2;0
11;2025-12-18;3;0
11;2025-12-18;4;0
11;2025-12-18;5;234
11;2025-12-18;6;1240
11;2025-12-18;7;2389
11;2025-12-18;8;3087
11;2025-12-18;9;2364
11;2025-12-18;10;1959
11;2025-12-18;11;1842
11;2025-12-18;12;1896
11;2025-12-18;13;2014
11;2025-12-18;14;1971
11;2025-12-18;15;1851
11;2025-12-18;16;2091
11;2025-12-18;17;2662
11;2025-12-18;18;2944
11;2025-12-18;19;2168
11;2025-12-18;20;1382
11;2025-12-18;21;763
11;2025-12-18;22;369
11;2025-12-18;23;228
11;2025-12-19;0;67
11;2025-12-19;1;2
11;2025-12-19;2;0
11;2025-12-19;3;0
11;2025-12-19;4;0
11;2025-12-19;5;248
11;2025-12-19;6;1257
11;2025-12-19;7;2346
11;2025-12-19;8;3182
11;2025-12-19;9;2151
11;2025-12-19;10;1785
11;2025-12-19;11;1687
11;2025-12-19;12;1834
11;2025-12-19;13;1801
11;2025-12-19;14;2004
11;2025-12-19;15;1989
11;2025-12-19;16;2208
11;2025-12-19;17;2797
11;2025-12-19;18;2337
11;2025-12-19;19;1750
11;2025-12-19;20;1273
11;2025-12-19;21;794
11;2025-12-19;22;358
11;2025-12-19;23;323
11;2025-12-20;0;104
11;2025-12-20;1;1
11;2025-12-20;2;0
11;2025-12-20;3;0
11;2025-12-20;4;0
11;2025-12-20;5;163
11;2025-12-20;6;813
11;2025-12-20;7;739
11;2025-12-20;8;1014
11;2025-12-20;9;1135
11;2025-12-20;10;1355
11;2025-12-20;11;1670
11;2025-12-20;12;1904
11;2025-12-20;13;1771
11;2025-12-20;14;2007
11;2025-12-20;15;1858
11;2025-12-20;16;1741
11;2025-12-20;17;1844
11;2025-12-20;18;1464
11;2025-12-20;19;1425
11;2025-12-20;20;953
11;2025-12-20;21;691
11;2025-12-20;22;403
11;2025-12-20;23;270
11;2025-12-21;0;110
11;2025-12-21;1;15
11;2025-12-21;2;0
11;2025-12-21;3;0
11;2025-12-21;4;0
11;2025-12-21;5;105
11;2025-12-21;6;484
11;2025-12-21;7;479
11;2025-12-21;8;673
11;2025-12-21;9;915
11;2025-12-21;10;1012
11;2025-12-21;11;1485
11;2025-12-21;12;1558
11;2025-12-21;13;1505
11;2025-12-21;14;1611
11;2025-12-21;15;1580
11;2025-12-21;16;1489
11;2025-12-21;17;1657
11;2025-12-21;18;1219
11;2025-12-21;19;972
11;2025-12-21;20;750
11;2025-12-21;21;574
11;2025-12-21;22;336
11;2025-12-21;23;234
11;2025-12-22;0;70
11;2025-12-22;1;12
11;2025-12-22;2;0
11;2025-12-22;3;0
11;2025-12-22;4;1
11;2025-12-22;5;226
11;2025-12-22;6;1285
11;2025-12-22;7;2277
11;2025-12-22;8;3048
11;2025-12-22;9;2259
11;2025-12-22;10;1815
11;2025-12-22;11;1802
11;2025-12-22;12;1732
11;2025-12-22;13;1788
11;2025-12-22;14;1915
11;2025-12-22;15;1990
11;2025-12-22;16;2119
11;2025-12-22;17;2657
11;2025-12-22;18;2813
11;2025-12-22;19;2064
11;2025-12-22;20;1119
11;2025-12-22;21;733
11;2025-12-22;22;309
11;2025-12-22;23;194
11;2025-12-23;0;55
11;2025-12-23;1;0
11;2025-12-23;2;0
11;2025-12-23;3;0
11;2025-12-23;4;0
11;2025-12-23;5;234
11;2025-12-23;6;1240
11;2025-12-23;7;2389
11;2025-12-23;8;3087
11;2025-12-23;9;2364
11;2025-12-23;10;1959
11;2025-12-23;11;1842
11;2025-12-23;12;1896
11;2025-12-23;13;2014
11;2025-12-23;14;1971
11;2025-12-23;15;1851
11;2025-12-23;16;2091
11;2025-12-23;17;2662
11;2025-12-23;18;2944
11;2025-12-23;19;2168
11;2025-12-23;20;1382
11;2025-12-23;21;763
11;2025-12-23;22;369
11;2025-12-23;23;228
11;2025-12-24;0;55
11;2025-12-24;1;0
11;2025-12-24;2;0
11;2025-12-24;3;0
11;2025-12-24;4;0
11;2025-12-24;5;234
11;2025-12-24;6;1240
11;2025-12-24;7;2389
11;2025-12-24;8;3087
11;2025-12-24;9;2364
11;2025-12-24;10;1959
11;2025-12-24;11;1842
11;2025-12-24;12;1896
11;2025-12-24;13;2014
11;2025-12-24;14;1971
11;2025-12-24;15;1851
11;2025-12-24;16;2091
11;2025-12-24;17;2662
11;2025-12-24;18;2944
11;2025-12-24;19;2168
11;2025-12-24;20;1382
11;2025-12-24;21;763
11;2025-12-24;22;369
11;2025-12-24;23;228
11;2025-12-25;0;55
11;2025-12-25;1;0
11;2025-12-25;2;0
11;2025-12-25;3;0
11;2025-12-25;4;0
11;2025-12-25;5;234
11;2025-12-25;6;1240
11;2025-12-25;7;2389
11;2025-12-25;8;3087
11;2025-12-25;9;2364
11;2025-12-25;10;1959
11;2025-12-25;11;1842
11;2025-12-25;12;1896
11;2025-12-25;13;2014
11;2025-12-25;14;1971
11;2025-12-25;15;1851
11;2025-12-25;16;2091
11;2025-12-25;17;2662
11;2025-12-25;18;2944
11;2025-12-25;19;2168
11;2025-12-25;20;1382
11;2025-12-25;21;763
11;2025-12-25;22;369
11;2025-12-25;23;228
11;2025-12-26;0;67
11;2025-12-26;1;2
11;2025-12-26;2;0
11;2025-12-26;3;0
11;2025-12-26;4;0
11;2025-12-26;5;248
11;2025-12-26;6;1257
11;2025-12-26;7;2346
11;2025-12-26;8;3182
11;2025-12-26;9;2151
11;2025-12-26;10;1785
11;2025-12-26;11;1687
11;2025-12-26;12;1834
11;2025-12-26;13;1801
11;2025-12-26;14;2004
11;2025-12-26;15;1989
11;2025-12-26;16;2208
11;2025-12-26;17;2797
11;2025-12-26;18;2337
11;2025-12-26;19;1750
11;2025-12-26;20;1273
11;2025-12-26;21;794
11;2025-12-26;22;358
11;2025-12-26;23;323
11;2025-12-27;0;104
11;2025-12-27;1;1
11;2025-12-27;2;0
11;2025-12-27;3;0
11;2025-12-27;4;0
11;2025-12-27;5;163
11;2025-12-27;6;813
11;2025-12-27;7;739
11;2025-12-27;8;1014
11;2025-12-27;9;1135
11;2025-12-27;10;1355
11;2025-12-27;11;1670
11;2025-12-27;12;1904
11;2025-12-27;13;1771
11;2025-12-27;14;2007
11;2025-12-27;15;1858
11;2025-12-27;16;1741
11;2025-12-27;17;1844
11;2025-12-27;18;1464
11;2025-12-27;19;1425
11;2025-12-27;20;953
11;2025-12-27;21;691
11;2025-12-27;22;403
11;2025-12-27;23;270
11;2025-12-28;0;110
11;2025-12-28;1;15
11;2025-12-28;2;0
11;2025-12-28;3;0
11;2025-12-28;4;0
11;2025-12-28;5;105
11;2025-12-28;6;484
11;2025-12-28;7;479
11;2025-12-28;8;673
11;2025-12-28;9;915
11;2025-12-28;10;1012
11;2025-12-28;11;1485
11;2025-12-28;12;1558
11;2025-12-28;13;1505
11;2025-12-28;14;1611
11;2025-12-28;15;1580
11;2025-12-28;16;1489
11;2025-12-28;17;1657
11;2025-12-28;18;1219
11;2025-12-28;19;972
11;2025-12-28;20;750
11;2025-12-28;21;574
11;2025-12-28;22;336
11;2025-12-28;23;234
11;2025-12-29;0;57
11;2025-12-29;1;2
11;2025-12-29;2;0
11;2025-12-29;3;0
11;2025-12-29;4;0
11;2025-12-29;5;213
11;2025-12-29;6;1081
11;2025-12-29;7;2017
11;2025-12-29;8;2736
11;2025-12-29;9;1849
11;2025-12-29;10;1535
11;2025-12-29;11;1451
11;2025-12-29;12;1577
11;2025-12-29;13;1549
11;2025-12-29;14;1724
11;2025-12-29;15;1711
11;2025-12-29;16;1899
11;2025-12-29;17;2405
11;2025-12-29;18;2010
11;2025-12-29;19;1505
11;2025-12-29;20;1095
11;2025-12-29;21;683
11;2025-12-29;22;308
11;2025-12-29;23;278
11;2025-12-30;0;57
11;2025-12-30;1;2
11;2025-12-30;2;0
11;2025-12-30;3;0
11;2025-12-30;4;0
11;2025-12-30;5;213
11;2025-12-30;6;1081
11;2025-12-30;7;2017
11;2025-12-30;8;2736
11;2025-12-30;9;1849
11;2025-12-30;10;1535
11;2025-12-30;11;1451
11;2025-12-30;12;1577
11;2025-12-30;13;1549
11;2025-12-30;14;1724
11;2025-12-30;15;1711
11;2025-12-30;16;1899
11;2025-12-30;17;2405
11;2025-12-30;18;2010
11;2025-12-30;19;1505
11;2025-12-30;20;1095
11;2025-12-30;21;683
11;2025-12-30;22;308
11;2025-12-30;23;278
11;2025-12-31;0;89
11;2025-12-31;1;1
11;2025-12-31;2;0
11;2025-12-31;3;0
11;2025-12-31;4;0
11;2025-12-31;5;139
11;2025-12-31;6;691
11;2025-12-31;7;628
11;2025-12-31;8;862
11;2025-12-31;9;965
11;2025-12-31;10;1152
11;2025-12-31;11;1419
11;2025-12-31;12;1618
11;2025-12-31;13;1505
11;2025-12-31;14;1706
11;2025-12-31;15;1579
11;2025-12-31;16;1480
11;2025-12-31;17;1567
11;2025-12-31;18;1244
11;2025-12-31;19;666
11;2025-12-31;20;445
11;2025-12-31;21;323
11;2025-12-31;22;189
11;2025-12-31;23;126
12;2025-11-01;0;46
12;2025-11-01;1;1
12;2025-11-01;2;0
12;2025-11-01;3;0
12;2025-11-01;4;4
12;2025-11-01;5;273
12;2025-11-01;6;1183
12;2025-11-01;7;2268
12;2025-11-01;8;2799
12;2025-11-01;9;2101
12;2025-11-01;10;1580
12;2025-11-01;11;1569
12;2025-11-01;12;1604
12;2025-11-01;13;1817
12;2025-11-01;14;1644
12;2025-11-01;15;1846
12;2025-11-01;16;2425
12;2025-11-01;17;2423
12;2025-11-01;18;2126
12;2025-11-01;19;1753
12;2025-11-01;20;1147
12;2025-11-01;21;834
12;2025-11-01;22;418
12;2025-11-01;23;277
12;2025-11-02;0;82
12;2025-11-02;1;3
12;2025-11-02;2;0
12;2025-11-02;3;0
12;2025-11-02;4;3
12;2025-11-02;5;130
12;2025-11-02;6;513
12;2025-11-02;7;698
12;2025-11-02;8;712
12;2025-11-02;9;893
12;2025-11-02;10;1128
12;2025-11-02;11;1230
12;2025-11-02;12;1306
12;2025-11-02;13;1532
12;2025-11-02;14;1435
12;2025-11-02;15;1465
12;2025-11-02;16;1468
12;2025-11-02;17;1519
12;2025-11-02;18;1318
12;2025-11-02;19;982
12;2025-11-02;20;764
12;2025-11-02;21;586
12;2025-11-02;22;383
12;2025-11-02;23;193
12;2025-11-03;0;79
12;2025-11-03;1;3
12;2025-11-03;2;0
12;2025-11-03;3;0
12;2025-11-03;4;3
12;2025-11-03;5;125
12;2025-11-03;6;496
12;2025-11-03;7;674
12;2025-11-03;8;689
12;2025-11-03;9;864
12;2025-11-03;10;1091
12;2025-11-03;11;1189
12;2025-11-03;12;1263
12;2025-11-03;13;1481
12;2025-11-03;14;1387
12;2025-11-03;15;1417
12;2025-11-03;16;1419
12;2025-11-03;17;1468
12;2025-11-03;18;1275
12;2025-11-03;19;949
12;2025-11-03;20;739
12;2025-11-03;21;567
12;2025-11-03;22;370
12;2025-11-03;23;186
12;2025-11-04;0;79
12;2025-11-04;1;3
12;2025-11-04;2;0
12;2025-11-04;3;0
12;2025-11-04;4;3
12;2025-11-04;5;125
12;2025-11-04;6;496
12;2025-11-04;7;674
12;2025-11-04;8;689
12;2025-11-04;9;864
12;2025-11-04;10;1091
12;2025-11-04;11;1189
12;2025-11-04;12;1263
12;2025-11-04;13;1481
12;2025-11-04;14;1387
12;2025-11-04;15;1417
12;2025-11-04;16;1419
12;2025-11-04;17;1468
12;2025-11-04;18;1275
12;2025-11-04;19;949
12;2025-11-04;20;739
12;2025-11-04;21;567
12;2025-11-04;22;370
12;2025-11-04;23;186
12;2025-11-05;0;53
12;2025-11-05;1;1
12;2025-11-05;2;0
12;2025-11-05;3;0
12;2025-11-05;4;7
12;2025-11-05;5;313
12;2025-11-05;6;1409
12;2025-11-05;7;2689
12;2025-11-05;8;3610
12;2025-11-05;9;2570
12;2025-11-05;10;2101
12;2025-11-05;11;2004
12;2025-11-05;12;2027
12;2025-11-05;13;2065
12;2025-11-05;14;1931
12;2025-11-05;15;2168
12;2025-11-05;16;2646
12;2025-11-05;17;2997
12;2025-11-05;18;3130
12;2025-11-05;19;2333
12;2025-11-05;20;1528
12;2025-11-05;21;953
12;2025-11-05;22;483
12;2025-11-05;23;255
12;2025-11-06;0;53
12;2025-11-06;1;1
12;2025-11-06;2;0
12;2025-11-06;3;0
12;2025-11-06;4;7
12;2025-11-06;5;313
12;2025-11-06;6;1409
12;2025-11-06;7;2689
12;2025-11-06;8;3610
12;2025-11-06;9;2570
12;2025-11-06;10;2101
12;2025-11-06;11;2004
12;2025-11-06;12;2027
12;2025-11-06;13;2065
12;2025-11-06;14;1931
12;2025-11-06;15;2168
12;2025-11-06;16;2646
12;2025-11-06;17;2997
12;2025-11-06;18;3130
12;2025-11-06;19;2333
12;2025-11-06;20;1528
12;2025-11-06;21;953
12;2025-11-06;22;483
12;2025-11-06;23;255
12;2025-11-07;0;54
12;2025-11-07;1;1
12;2025-11-07;2;0
12;2025-11-07;3;0
12;2025-11-07;4;4
12;2025-11-07;5;321
12;2025-11-07;6;1391
12;2025-11-07;7;2668
12;2025-11-07;8;3293
12;2025-11-07;9;2471
12;2025-11-07;10;1859
12;2025-11-07;11;1846
12;2025-11-07;12;1887
12;2025-11-07;13;2138
12;2025-11-07;14;1935
12;2025-11-07;15;2172
12;2025-11-07;16;2852
12;2025-11-07;17;2850
12;2025-11-07;18;2501
12;2025-11-07;19;2062
12;2025-11-07;20;1350
12;2025-11-07;21;981
12;2025-11-07;22;492
12;2025-11-07;23;326
12;2025-11-08;0;66
12;2025-11-08;1;2
12;2025-11-08;2;0
12;2025-11-08;3;0
12;2025-11-08;4;1
12;2025-11-08;5;220
12;2025-11-08;6;782
12;2025-11-08;7;888
12;2025-11-08;8;1036
12;2025-11-08;9;1234
12;2025-11-08;10;1466
12;2025-11-08;11;1487
12;2025-11-08;12;1527
12;2025-11-08;13;1733
12;2025-11-08;14;1565
12;2025-11-08;15;1537
12;2025-11-08;16;1655
12;2025-11-08;17;1586
12;2025-11-08;18;1575
12;2025-11-08;19;1324
12;2025-11-08;20;930
12;2025-11-08;21;755
12;2025-11-08;22;384
12;2025-11-08;23;289
12;2025-11-09;0;82
12;2025-11-09;1;3
12;2025-11-09;2;0
12;2025-11-09;3;0
12;2025-11-09;4;3
12;2025-11-09;5;130
12;2025-11-09;6;513
12;2025-11-09;7;698
12;2025-11-09;8;712
12;2025-11-09;9;893
12;2025-11-09;10;1128
12;2025-11-09;11;1230
12;2025-11-09;12;1306
12;2025-11-09;13;1532
12;2025-11-09;14;1435
12;2025-11-09;15;1465
12;2025-11-09;16;1468
12;2025-11-09;17;1519
12;2025-11-09;18;1318
12;2025-11-09;19;982
12;2025-11-09;20;764
12;2025-11-09;21;586
12;2025-11-09;22;383
12;2025-11-09;23;193
12;2025-11-10;0;51
12;2025-11-10;1;2
12;2025-11-10;2;0
12;2025-11-10;3;0
12;2025-11-10;4;6
12;2025-11-10;5;298
12;2025-11-10;6;1402
12;2025-11-10;7;2596
12;2025-11-10;8;3464
12;2025-11-10;9;2412
12;2025-11-10;10;1907
12;2025-11-10;11;1826
12;2025-11-10;12;2001
12;2025-11-10;13;1932
12;2025-11-10;14;1919
12;2025-11-10;15;2108
12;2025-11-10;16;2623
12;2025-11-10;17;2909
12;2025-11-10;18;3062
12;2025-11-10;19;2265
12;2025-11-10;20;1580
12;2025-11-10;21;935
12;2025-11-10;22;451
12;2025-11-10;23;227
12;2025-11-11;0;53
12;2025-11-11;1;1
12;2025-11-11;2;0
12;2025-11-11;3;0
12;2025-11-11;4;7
12;2025-11-11;5;313
12;2025-11-11;6;1409
12;2025-11-11;7;2689
12;2025-11-11;8;3610
12;2025-11-11;9;2570
12;2025-11-11;10;2101
12;2025-11-11;11;2004
12;2025-11-11;12;2027
12;2025-11-11;13;2065
12;2025-11-11;14;1931
12;2025-11-11;15;2168
12;2025-11-11;16;2646
12;2025-11-11;17;2997
12;2025-11-11;18;3130
12;2025-11-11;19;2333
12;2025-11-11;20;1528
12;2025-11-11;21;953
12;2025-11-11;22;483
12;2025-11-11;23;255
12;2025-11-12;0;53
12;2025-11-12;1;1
12;2025-11-12;2;0
12;2025-11-12;3;0
12;2025-11-12;4;7
12;2025-11-12;5;313
12;2025-11-12;6;1409
12;2025-11-12;7;2689
12;2025-11-12;8;3610
12;2025-11-12;9;2570
12;2025-11-12;10;2101
12;2025-11-12;11;2004
12;2025-11-12;12;2027
12;2025-11-12;13;2065
12;2025-11-12;14;1931
12;2025-11-12;15;2168
12;2025-11-12;16;2646
12;2025-11-12;17;2997
12;2025-11-12;18;3130
12;2025-11-12;19;2333
12;2025-11-12;20;1528
12;2025-11-12;21;953
12;2025-11-12;22;483
12;2025-11-12;23;255
12;2025-11-13;0;53
12;2025-11-13;1;1
12;2025-11-13;2;0
12;2025-11-13;3;0
12;2025-11-13;4;7
12;2025-11-13;5;313
12;2025-11-13;6;1409
12;2025-11-13;7;2689
12;2025-11-13;8;3610
12;2025-11-13;9;2570
12;2025-11-13;10;2101
12;2025-11-13;11;2004
12;2025-11-13;12;2027
12;2025-11-13;13;2065
12;2025-11-13;14;1931
12;2025-11-13;15;2168
12;2025-11-13;16;2646
12;2025-11-13;17;2997
12;2025-11-13;18;3130
12;2025-11-13;19;2333
12;2025-11-13;20;1528
12;2025-11-13;21;953
12;2025-11-13;22;483
12;2025-11-13;23;255
12;2025-11-14;0;54
12;2025-11-14;1;1
12;2025-11-14;2;0
12;2025-11-14;3;0
12;2025-11-14;4;4
12;2025-11-14;5;321
12;2025-11-14;6;1391
12;2025-11-14;7;2668
12;2025-11-14;8;3293
12;2025-11-14;9;2471
12;2025-11-14;10;1859
12;2025-11-14;11;1846
12;2025-11-14;12;1887
12;2025-11-14;13;2138
12;2025-11-14;14;1935
12;2025-11-14;15;2172
12;2025-11-14;16;2852
12;2025-11-14;17;2850
12;2025-11-14;18;2501
12;2025-11-14;19;2062
12;2025-11-14;20;1350
12;2025-11-14;21;981
12;2025-11-14;22;492
12;2025-11-14;23;326
12;2025-11-15;0;63
12;2025-11-15;1;2
12;2025-11-15;2;0
12;2025-11-15;3;0
12;2025-11-15;4;1
12;2025-11-15;5;209
12;2025-11-15;6;741
12;2025-11-15;7;843
12;2025-11-15;8;982
12;2025-11-15;9;1170
12;2025-11-15;10;1390
12;2025-11-15;11;1410
12;2025-11-15;12;1448
12;2025-11-15;13;1643
12;2025-11-15;14;1484
12;2025-11-15;15;1458
12;2025-11-15;16;1570
12;2025-11-15;17;1504
12;2025-11-15;18;1494
12;2025-11-15;19;1256
12;2025-11-15;20;882
12;2025-11-15;21;716
12;2025-11-15;22;364
12;2025-11-15;23;274
12;2025-11-16;0;82
12;2025-11-16;1;3
12;2025-11-16;2;0
12;2025-11-16;3;0
12;2025-11-16;4;3
12;2025-11-16;5;130
12;2025-11-16;6;513
12;2025-11-16;7;698
12;2025-11-16;8;712
12;2025-11-16;9;893
12;2025-11-16;10;1128
12;2025-11-16;11;1230
12;2025-11-16;12;1306
12;2025-11-16;13;1532
12;2025-11-16;14;1435
12;2025-11-16;15;1465
12;2025-11-16;16;1468
12;2025-11-16;17;1519
12;2025-11-16;18;1318
12;2025-11-16;19;982
12;2025-11-16;20;764
12;2025-11-16;21;586
12;2025-11-16;22;383
12;2025-11-16;23;193
12;2025-11-17;0;51
12;2025-11-17;1;2
12;2025-11-17;2;0
12;2025-11-17;3;0
12;2025-11-17;4;6
12;2025-11-17;5;298
12;2025-11-17;6;1402
12;2025-11-17;7;2596
12;2025-11-17;8;3464
12;2025-11-17;9;2412
12;2025-11-17;10;1907
12;2025-11-17;11;1826
12;2025-11-17;12;2001
12;2025-11-17;13;1932
12;2025-11-17;14;1919
12;2025-11-17;15;2108
12;2025-11-17;16;2623
12;2025-11-17;17;2909
12;2025-11-17;18;3062
12;2025-11-17;19;2265
12;2025-11-17;20;1580
12;2025-11-17;21;935
12;2025-11-17;22;451
12;2025-11-17;23;227
12;2025-11-18;0;53
12;2025-11-18;1;1
12;2025-11-18;2;0
12;2025-11-18;3;0
12;2025-11-18;4;7
12;2025-11-18;5;313
12;2025-11-18;6;1409
12;2025-11-18;7;2689
12;2025-11-18;8;3610
12;2025-11-18;9;2570
12;2025-11-18;10;2101
12;2025-11-18;11;2004
12;2025-11-18;12;2027
12;2025-11-18;13;2065
12;2025-11-18;14;1931
12;2025-11-18;15;2168
12;2025-11-18;16;2646
12;2025-11-18;17;2997
12;2025-11-18;18;3130
12;2025-11-18;19;2333
12;2025-11-18;20;1528
12;2025-11-18;21;953
12;2025-11-18;22;483
12;2025-11-18;23;255
12;2025-11-19;0;53
12;2025-11-19;1;1
12;2025-11-19;2;0
12;2025-11-19;3;0
12;2025-11-19;4;7
12;2025-11-19;5;313
12;2025-11-19;6;1409
12;2025-11-19;7;2689
12;2025-11-19;8;3610
12;2025-11-19;9;2570
12;2025-11-19;10;2101
12;2025-11-19;11;2004
12;2025-11-19;12;2027
12;2025-11-19;13;2065
12;2025-11-19;14;1931
12;2025-11-19;15;2168
12;2025-11-19;16;2646
12;2025-11-19;17;2997
12;2025-11-19;18;3130
12;2025-11-19;19;2333
12;2025-11-19;20;1528
12;2025-11-19;21;953
12;2025-11-19;22;483
12;2025-11-19;23;255
12;2025-11-20;0;53
12;2025-11-20;1;1
12;2025-11-20;2;0
12;2025-11-20;3;0
12;2025-11-20;4;7
12;2025-11-20;5;313
12;2025-11-20;6;1409
12;2025-11-20;7;2689
12;2025-11-20;8;3610
12;2025-11-20;9;2570
12;2025-11-20;10;2101
12;2025-11-20;11;2004
12;2025-11-20;12;2027
12;2025-11-20;13;2065
12;2025-11-20;14;1931
12;2025-11-20;15;2168
12;2025-11-20;16;2646
12;2025-11-20;17;2997
12;2025-11-20;18;3130
12;2025-11-20;19;2333
12;2025-11-20;20;1528
12;2025-11-20;21;953
12;2025-11-20;22;483
12;2025-11-20;23;255
12;2025-11-21;0;54
12;2025-11-21;1;1
12;2025-11-21;2;0
12;2025-11-21;3;0
12;2025-11-21;4;4
12;2025-11-21;5;321
12;2025-11-21;6;1391
12;2025-11-21;7;2668
12;2025-11-21;8;3293
12;2025-11-21;9;2471
12;2025-11-21;10;1859
12;2025-11-21;11;1846
12;2025-11-21;12;1887
12;2025-11-21;13;2138
12;2025-11-21;14;1935
12;2025-11-21;15;2172
12;2025-11-21;16;2852
12;2025-11-21;17;2850
12;2025-11-21;18;2501
12;2025-11-21;19;2062
12;2025-11-21;20;1350
12;2025-11-21;21;981
12;2025-11-21;22;492
12;2025-11-21;23;326
12;2025-11-22;0;66
12;2025-11-22;1;2
12;2025-11-22;2;0
12;2025-11-22;3;0
12;2025-11-22;4;1
12;2025-11-22;5;220
12;2025-11-22;6;782
12;2025-11-22;7;888
12;2025-11-22;8;1036
12;2025-11-22;9;1234
12;2025-11-22;10;1466
12;2025-11-22;11;1487
12;2025-11-22;12;1527
12;2025-11-22;13;1733
12;2025-11-22;14;1565
12;2025-11-22;15;1537
12;2025-11-22;16;1655
12;2025-11-22;17;1586
12;2025-11-22;18;1575
12;2025-11-22;19;1324
12;2025-11-22;20;930
12;2025-11-22;21;755
12;2025-11-22;22;384
12;2025-11-22;23;289
12;2025-11-23;0;82
12;2025-11-23;1;3
12;2025-11-23;2;0
12;2025-11-23;3;0
12;2025-11-23;4;3
12;2025-11-23;5;130
12;2025-11-23;6;513
12;2025-11-23;7;698
12;2025-11-23;8;712
12;2025-11-23;9;893
12;2025-11-23;10;1128
12;2025-11-23;11;1230
12;2025-11-23;12;1306
12;2025-11-23;13;1532
12;2025-11-23;14;1435
12;2025-11-23;15;1465
12;2025-11-23;16;1468
12;2025-11-23;17;1519
12;2025-11-23;18;1318
12;2025-11-23;19;982
12;2025-11-23;20;764
12;2025-11-23;21;586
12;2025-11-23;22;383
12;2025-11-23;23;193
12;2025-11-24;0;51
12;2025-11-24;1;2
12;2025-11-24;2;0
12;2025-11-24;3;0
12;2025-11-24;4;6
12;2025-11-24;5;298
12;2025-11-24;6;1402
12;2025-11-24;7;2596
12;2025-11-24;8;3464
12;2025-11-24;9;2412
12;2025-11-24;10;1907
12;2025-11-24;11;1826
12;2025-11-24;12;2001
12;2025-11-24;13;1932
12;2025-11-24;14;1919
12;2025-11-24;15;2108
12;2025-11-24;16;2623
12;2025-11-24;17;2909
12;2025-11-24;18;3062
12;2025-11-24;19;2265
12;2025-11-24;20;1580
12;2025-11-24;21;935
12;2025-11-24;22;451
12;2025-11-24;23;227
12;2025-11-25;0;53
12;2025-11-25;1;1
12;2025-11-25;2;0
12;2025-11-25;3;0
12;2025-11-25;4;7
12;2025-11-25;5;313
12;2025-11-25;6;1409
12;2025-11-25;7;2689
12;2025-11-25;8;3610
12;2025-11-25;9;2570
12;2025-11-25;10;2101
12;2025-11-25;11;2004
12;2025-11-25;12;2027
12;2025-11-25;13;2065
12;2025-11-25;14;1931
12;2025-11-25;15;2168
12;2025-11-25;16;2646
12;2025-11-25;17;2997
12;2025-11-25;18;3130
12;2025-11-25;19;2333
12;2025-11-25;20;1528
12;2025-11-25;21;953
12;2025-11-25;22;483
12;2025-11-25;23;255
12;2025-11-26;0;53
12;2025-11-26;1;1
12;2025-11-26;2;0
12;2025-11-26;3;0
12;2025-11-26;4;7
12;2025-11-26;5;313
12;2025-11-26;6;1409
12;2025-11-26;7;2689
12;2025-11-26;8;3610
12;2025-11-26;9;2570
12;2025-11-26;10;2101
12;2025-11-26;11;2004
12;2025-11-26;12;2027
12;2025-11-26;13;2065
12;2025-11-26;14;1931
12;2025-11-26;15;2168
12;2025-11-26;16;2646
12;2025-11-26;17;2997
12;2025-11-26;18;3130
12;2025-11-26;19;2333
12;2025-11-26;20;1528
12;2025-11-26;21;953
12;2025-11-26;22;483
12;2025-11-26;23;255
12;2025-11-27;0;53
12;2025-11-27;1;1
12;2025-11-27;2;0
12;2025-11-27;3;0
12;2025-11-27;4;7
12;2025-11-27;5;313
12;2025-11-27;6;1409
12;2025-11-27;7;2689
12;2025-11-27;8;3610
12;2025-11-27;9;2570
12;2025-11-27;10;2101
12;2025-11-27;11;2004
12;2025-11-27;12;2027
12;2025-11-27;13;2065
12;2025-11-27;14;1931
12;2025-11-27;15;2168
12;2025-11-27;16;2646
12;2025-11-27;17;2997
12;2025-11-27;18;3130
12;2025-11-27;19;2333
12;2025-11-27;20;1528
12;2025-11-27;21;953
12;2025-11-27;22;483
12;2025-11-27;23;255
12;2025-11-28;0;54
12;2025-11-28;1;1
12;2025-11-28;2;0
12;2025-11-28;3;0
12;2025-11-28;4;4
12;2025-11-28;5;321
12;2025-11-28;6;1391
12;2025-11-28;7;2668
12;2025-11-28;8;3293
12;2025-11-28;9;2471
12;2025-11-28;10;1859
12;2025-11-28;11;1846
12;2025-11-28;12;1887
12;2025-11-28;13;2138
12;2025-11-28;14;1935
12;2025-11-28;15;2172
12;2025-11-28;16;2852
12;2025-11-28;17;2850
12;2025-11-28;18;2501
12;2025-11-28;19;2062
12;2025-11-28;20;1350
12;2025-11-28;21;981
12;2025-11-28;22;492
12;2025-11-28;23;326
12;2025-11-29;0;66
12;2025-11-29;1;2
12;2025-11-29;2;0
12;2025-11-29;3;0
12;2025-11-29;4;1
12;2025-11-29;5;220
12;2025-11-29;6;782
12;2025-11-29;7;888
12;2025-11-29;8;1036
12;2025-11-29;9;1234
12;2025-11-29;10;1466
12;2025-11-29;11;1487
12;2025-11-29;12;1527
12;2025-11-29;13;1733
12;2025-11-29;14;1565
12;2025-11-29;15;1537
12;2025-11-29;16;1655
12;2025-11-29;17;1586
12;2025-11-29;18;1575
12;2025-11-29;19;1324
12;2025-11-29;20;930
12;2025-11-29;21;755
12;2025-11-29;22;384
12;2025-11-29;23;289
12;2025-11-30;0;82
12;2025-11-30;1;3
12;2025-11-30;2;0
12;2025-11-30;3;0
12;2025-11-30;4;3
12;2025-11-30;5;130
12;2025-11-30;6;513
12;2025-11-30;7;698
12;2025-11-30;8;712
12;2025-11-30;9;893
12;2025-11-30;10;1128
12;2025-11-30;11;1230
12;2025-11-30;12;1306
12;2025-11-30;13;1532
12;2025-11-30;14;1435
12;2025-11-30;15;1465
12;2025-11-30;16;1468
12;2025-11-30;17;1519
12;2025-11-30;18;1318
12;2025-11-30;19;982
12;2025-11-30;20;764
12;2025-11-30;21;586
12;2025-11-30;22;383
12;2025-11-30;23;193
12;2025-12-01;0;51
12;2025-12-01;1;2
12;2025-12-01;2;0
12;2025-12-01;3;0
12;2025-12-01;4;6
12;2025-12-01;5;298
12;2025-12-01;6;1402
12;2025-12-01;7;2596
12;2025-12-01;8;3464
12;2025-12-01;9;2412
12;2025-12-01;10;1907
12;2025-12-01;11;1826
12;2025-12-01;12;2001
12;2025-12-01;13;1932
12;2025-12-01;14;1919
12;2025-12-01;15;2108
12;2025-12-01;16;2623
12;2025-12-01;17;2909
12;2025-12-01;18;3062
12;2025-12-01;19;2265
12;2025-12-01;20;1580
12;2025-12-01;21;935
12;2025-12-01;22;451
12;2025-12-01;23;227
12;2025-12-02;0;53
12;2025-12-02;1;1
12;2025-12-02;2;0
12;2025-12-02;3;0
12;2025-12-02;4;7
12;2025-12-02;5;313
12;2025-12-02;6;1409
12;2025-12-02;7;2689
12;2025-12-02;8;3610
12;2025-12-02;9;2570
12;2025-12-02;10;2101
12;2025-12-02;11;2004
12;2025-12-02;12;2027
12;2025-12-02;13;2065
12;2025-12-02;14;1931
12;2025-12-02;15;2168
12;2025-12-02;16;2646
12;2025-12-02;17;2997
12;2025-12-02;18;3130
12;2025-12-02;19;2333
12;2025-12-02;20;1528
12;2025-12-02;21;953
12;2025-12-02;22;483
12;2025-12-02;23;255
12;2025-12-03;0;53
12;2025-12-03;1;1
12;2025-12-03;2;0
12;2025-12-03;3;0
12;2025-12-03;4;7
12;2025-12-03;5;313
12;2025-12-03;6;1409
12;2025-12-03;7;2689
12;2025-12-03;8;3610
12;2025-12-03;9;2570
12;2025-12-03;10;2101
12;2025-12-03;11;2004
12;2025-12-03;12;2027
12;2025-12-03;13;2065
12;2025-12-03;14;1931
12;2025-12-03;15;2168
12;2025-12-03;16;2646
12;2025-12-03;17;2997
12;2025-12-03;18;3130
12;2025-12-03;19;2333
12;2025-12-03;20;1528
12;2025-12-03;21;953
12;2025-12-03;22;483
12;2025-12-03;23;255
12;2025-12-04;0;53
12;2025-12-04;1;1
12;2025-12-04;2;0
12;2025-12-04;3;0
12;2025-12-04;4;7
12;2025-12-04;5;313
12;2025-12-04;6;1409
12;2025-12-04;7;2689
12;2025-12-04;8;3610
12;2025-12-04;9;2570
12;2025-12-04;10;2101
12;2025-12-04;11;2004
12;2025-12-04;12;2027
12;2025-12-04;13;2065
12;2025-12-04;14;1931
12;2025-12-04;15;2168
12;2025-12-04;16;2646
12;2025-12-04;17;2997
12;2025-12-04;18;3130
12;2025-12-04;19;2333
12;2025-12-04;20;1528
12;2025-12-04;21;953
12;2025-12-04;22;483
12;2025-12-04;23;255
12;2025-12-05;0;54
12;2025-12-05;1;1
12;2025-12-05;2;0
12;2025-12-05;3;0
12;2025-12-05;4;4
12;2025-12-05;5;321
12;2025-12-05;6;1391
12;2025-12-05;7;2668
12;2025-12-05;8;3293
12;2025-12-05;9;2471
12;2025-12-05;10;1859
12;2025-12-05;11;1846
12;2025-12-05;12;1887
12;2025-12-05;13;2138
12;2025-12-05;14;1935
12;2025-12-05;15;2172
12;2025-12-05;16;2852
12;2025-12-05;17;2850
12;2025-12-05;18;2501
12;2025-12-05;19;2062
12;2025-12-05;20;1350
12;2025-12-05;21;981
12;2025-12-05;22;492
12;2025-12-05;23;326
12;2025-12-06;0;66
12;2025-12-06;1;2
12;2025-12-06;2;0
12;2025-12-06;3;0
12;2025-12-06;4;1
12;2025-12-06;5;220
12;2025-12-06;6;782
12;2025-12-06;7;888
12;2025-12-06;8;1036
12;2025-12-06;9;1234
12;2025-12-06;10;1466
12;2025-12-06;11;1487
12;2025-12-06;12;1527
12;2025-12-06;13;1733
12;2025-12-06;14;1565
12;2025-12-06;15;1537
12;2025-12-06;16;1655
12;2025-12-06;17;1586
12;2025-12-06;18;1575
12;2025-12-06;19;1324
12;2025-12-06;20;930
12;2025-12-06;21;755
12;2025-12-06;22;384
12;2025-12-06;23;289
12;2025-12-07;0;82
12;2025-12-07;1;3
12;2025-12-07;2;0
12;2025-12-07;3;0
12;2025-12-07;4;3
12;2025-12-07;5;130
12;2025-12-07;6;513
12;2025-12-07;7;698
12;2025-12-07;8;712
12;2025-12-07;9;893
12;2025-12-07;10;1128
12;2025-12-07;11;1230
12;2025-12-07;12;1306
12;2025-12-07;13;1532
12;2025-12-07;14;1435
12;2025-12-07;15;1465
12;2025-12-07;16;1468
12;2025-12-07;17;1519
12;2025-12-07;18;1318
12;2025-12-07;19;982
12;2025-12-07;20;764
12;2025-12-07;21;586
12;2025-12-07;22;383
12;2025-12-07;23;193
12;2025-12-08;0;51
12;2025-12-08;1;2
12;2025-12-08;2;0
12;2025-12-08;3;0
12;2025-12-08;4;6
12;2025-12-08;5;298
12;2025-12-08;6;1402
12;2025-12-08;7;2596
12;2025-12-08;8;3464
12;2025-12-08;9;2412
12;2025-12-08;10;1907
12;2025-12-08;11;1826
12;2025-12-08;12;2001
12;2025-12-08;13;1932
12;2025-12-08;14;1919
12;2025-12-08;15;2108
12;2025-12-08;16;2623
12;2025-12-08;17;2909
12;2025-12-08;18;3062
12;2025-12-08;19;2265
12;2025-12-08;20;1580
12;2025-12-08;21;935
12;2025-12-08;22;451
12;2025-12-08;23;227
12;2025-12-09;0;53
12;2025-12-09;1;1
12;2025-12-09;2;0
12;2025-12-09;3;0
12;2025-12-09;4;7
12;2025-12-09;5;313
12;2025-12-09;6;1409
12;2025-12-09;7;2689
12;2025-12-09;8;3610
12;2025-12-09;9;2570
12;2025-12-09;10;2101
12;2025-12-09;11;2004
12;2025-12-09;12;2027
12;2025-12-09;13;2065
12;2025-12-09;14;1931
12;2025-12-09;15;2168
12;2025-12-09;16;2646
12;2025-12-09;17;2997
12;2025-12-09;18;3130
12;2025-12-09;19;2333
12;2025-12-09;20;1528
12;2025-12-09;21;953
12;2025-12-09;22;483
12;2025-12-09;23;255
12;2025-12-10;0;53
12;2025-12-10;1;1
12;2025-12-10;2;0
12;2025-12-10;3;0
12;2025-12-10;4;7
12;2025-12-10;5;313
12;2025-12-10;6;1409
12;2025-12-10;7;2689
12;2025-12-10;8;3610
12;2025-12-10;9;2570
12;2025-12-10;10;2101
12;2025-12-10;11;2004
12;2025-12-10;12;2027
12;2025-12-10;13;2065
12;2025-12-10;14;1931
12;2025-12-10;15;2168
12;2025-12-10;16;2646
12;2025-12-10;17;2997
12;2025-12-10;18;3130
12;2025-12-10;19;2333
12;2025-12-10;20;1528
12;2025-12-10;21;953
12;2025-12-10;22;483
12;2025-12-10;23;255
12;2025-12-11;0;53
12;2025-12-11;1;1
12;2025-12-11;2;0
12;2025-12-11;3;0
12;2025-12-11;4;7
12;2025-12-11;5;313
12;2025-12-11;6;1409
12;2025-12-11;7;2689
12;2025-12-11;8;3610
12;2025-12-11;9;2570
12;2025-12-11;10;2101
12;2025-12-11;11;2004
12;2025-12-11;12;2027
12;2025-12-11;13;2065
12;2025-12-11;14;1931
12;2025-12-11;15;2168
12;2025-12-11;16;2646
12;2025-12-11;17;2997
12;2025-12-11;18;3130
12;2025-12-11;19;2333
12;2025-12-11;20;1528
12;2025-12-11;21;953
12;2025-12-11;22;483
12;2025-12-11;23;255
12;2025-12-12;0;54
12;2025-12-12;1;1
12;2025-12-12;2;0
12;2025-12-12;3;0
12;2025-12-12;4;4
12;2025-12-12;5;321
12;2025-12-12;6;1391
12;2025-12-12;7;2668
12;2025-12-12;8;3293
12;2025-12-12;9;2471
12;2025-12-12;10;1859
12;2025-12-12;11;1846
12;2025-12-12;12;1887
12;2025-12-12;13;2138
12;2025-12-12;14;1935
12;2025-12-12;15;2172
12;2025-12-12;16;2852
12;2025-12-12;17;2850
12;2025-12-12;18;2501
12;2025-12-12;19;2062
12;2025-12-12;20;1350
12;2025-12-12;21;981
12;2025-12-12;22;492
12;2025-12-12;23;326
12;2025-12-13;0;66
12;2025-12-13;1;2
12;2025-12-13;2;0
12;2025-12-13;3;0
12;2025-12-13;4;1
12;2025-12-13;5;220
12;2025-12-13;6;782
12;2025-12-13;7;888
12;2025-12-13;8;1036
12;2025-12-13;9;1234
12;2025-12-13;10;1466
12;2025-12-13;11;1487
12;2025-12-13;12;1527
12;2025-12-13;13;1733
12;2025-12-13;14;1565
12;2025-12-13;15;1537
12;2025-12-13;16;1655
12;2025-12-13;17;1586
12;2025-12-13;18;1575
12;2025-12-13;19;1324
12;2025-12-13;20;930
12;2025-12-13;21;755
12;2025-12-13;22;384
12;2025-12-13;23;289
12;2025-12-14;0;82
12;2025-12-14;1;3
12;2025-12-14;2;0
12;2025-12-14;3;0
12;2025-12-14;4;3
12;2025-12-14;5;130
12;2025-12-14;6;513
12;2025-12-14;7;698
12;2025-12-14;8;712
12;2025-12-14;9;893
12;2025-12-14;10;1128
12;2025-12-14;11;1230
12;2025-12-14;12;1306
12;2025-12-14;13;1532
12;2025-12-14;14;1435
12;2025-12-14;15;1465
12;2025-12-14;16;1468
12;2025-12-14;17;1519
12;2025-12-14;18;1318
12;2025-12-14;19;982
12;2025-12-14;20;764
12;2025-12-14;21;586
12;2025-12-14;22;383
12;2025-12-14;23;193
12;2025-12-15;0;51
12;2025-12-15;1;2
12;2025-12-15;2;0
12;2025-12-15;3;0
12;2025-12-15;4;6
12;2025-12-15;5;298
12;2025-12-15;6;1402
12;2025-12-15;7;2596
12;2025-12-15;8;3464
12;2025-12-15;9;2412
12;2025-12-15;10;1907
12;2025-12-15;11;1826
12;2025-12-15;12;2001
12;2025-12-15;13;1932
12;2025-12-15;14;1919
12;2025-12-15;15;2108
12;2025-12-15;16;2623
12;2025-12-15;17;2909
12;2025-12-15;18;3062
12;2025-12-15;19;2265
12;2025-12-15;20;1580
12;2025-12-15;21;935
12;2025-12-15;22;451
12;2025-12-15;23;227
12;2025-12-16;0;53
12;2025-12-16;1;1
12;2025-12-16;2;0
12;2025-12-16;3;0
12;2025-12-16;4;7
12;2025-12-16;5;313
12;2025-12-16;6;1409
12;2025-12-16;7;2689
12;2025-12-16;8;3610
12;2025-12-16;9;2570
12;2025-12-16;10;2101
12;2025-12-16;11;2004
12;2025-12-16;12;2027
12;2025-12-16;13;2065
12;2025-12-16;14;1931
12;2025-12-16;15;2168
12;2025-12-16;16;2646
12;2025-12-16;17;2997
12;2025-12-16;18;3130
12;2025-12-16;19;2333
12;2025-12-16;20;1528
12;2025-12-16;21;953
12;2025-12-16;22;483
12;2025-12-16;23;255
12;2025-12-17;0;53
12;2025-12-17;1;1
12;2025-12-17;2;0
12;2025-12-17;3;0
12;2025-12-17;4;7
12;2025-12-17;5;313
12;2025-12-17;6;1409
12;2025-12-17;7;2689
12;2025-12-17;8;3610
12;2025-12-17;9;2570
12;2025-12-17;10;2101
12;2025-12-17;11;2004
12;2025-12-17;12;2027
12;2025-12-17;13;2065
12;2025-12-17;14;1931
12;2025-12-17;15;2168
12;2025-12-17;16;2646
12;2025-12-17;17;2997
12;2025-12-17;18;3130
12;2025-12-17;19;2333
12;2025-12-17;20;1528
12;2025-12-17;21;953
12;2025-12-17;22;483
12;2025-12-17;23;255
12;2025-12-18;0;53
12;2025-12-18;1;1
12;2025-12-18;2;0
12;2025-12-18;3;0
12;2025-12-18;4;7
12;2025-12-18;5;313
12;2025-12-18;6;1409
12;2025-12-18;7;2689
12;2025-12-18;8;3610
12;2025-12-18;9;2570
12;2025-12-18;10;2101
12;2025-12-18;11;2004
12;2025-12-18;12;2027
12;2025-12-18;13;2065
12;2025-12-18;14;1931
12;2025-12-18;15;2168
12;2025-12-18;16;2646
12;2025-12-18;17;2997
12;2025-12-18;18;3130
12;2025-12-18;19;2333
12;2025-12-18;20;1528
12;2025-12-18;21;953
12;2025-12-18;22;483
12;2025-12-18;23;255
12;2025-12-19;0;54
12;2025-12-19;1;1
12;2025-12-19;2;0
12;2025-12-19;3;0
12;2025-12-19;4;4
12;2025-12-19;5;321
12;2025-12-19;6;1391
12;2025-12-19;7;2668
12;2025-12-19;8;3293
12;2025-12-19;9;2471
12;2025-12-19;10;1859
12;2025-12-19;11;1846
12;2025-12-19;12;1887
12;2025-12-19;13;2138
12;2025-12-19;14;1935
12;2025-12-19;15;2172
12;2025-12-19;16;2852
12;2025-12-19;17;2850
12;2025-12-19;18;2501
12;2025-12-19;19;2062
12;2025-12-19;20;1350
12;2025-12-19;21;981
12;2025-12-19;22;492
12;2025-12-19;23;326
12;2025-12-20;0;66
12;2025-12-20;1;2
12;2025-12-20;2;0
12;2025-12-20;3;0
12;2025-12-20;4;1
12;2025-12-20;5;220
12;2025-12-20;6;782
12;2025-12-20;7;888
12;2025-12-20;8;1036
12;2025-12-20;9;1234
12;2025-12-20;10;1466
12;2025-12-20;11;1487
12;2025-12-20;12;1527
12;2025-12-20;13;1733
12;2025-12-20;14;1565
12;2025-12-20;15;1537
12;2025-12-20;16;1655
12;2025-12-20;17;1586
12;2025-12-20;18;1575
12;2025-12-20;19;1324
12;2025-12-20;20;930
12;2025-12-20;21;755
12;2025-12-20;22;384
12;2025-12-20;23;289
12;2025-12-21;0;82
12;2025-12-21;1;3
12;2025-12-21;2;0
12;2025-12-21;3;0
12;2025-12-21;4;3
12;2025-12-21;5;130
12;2025-12-21;6;513
12;2025-12-21;7;698
12;2025-12-21;8;712
12;2025-12-21;9;893
12;2025-12-21;10;1128
12;2025-12-21;11;1230
12;2025-12-21;12;1306
12;2025-12-21;13;1532
12;2025-12-21;14;1435
12;2025-12-21;15;1465
12;2025-12-21;16;1468
12;2025-12-21;17;1519
12;2025-12-21;18;1318
12;2025-12-21;19;982
12;2025-12-21;20;764
12;2025-12-21;21;586
12;2025-12-21;22;383
12;2025-12-21;23;193
12;2025-12-22;0;51
12;2025-12-22;1;2
12;2025-12-22;2;0
12;2025-12-22;3;0
12;2025-12-22;4;6
12;2025-12-22;5;298
12;2025-12-22;6;1402
12;2025-12-22;7;2596
12;2025-12-22;8;3464
12;2025-12-22;9;2412
12;2025-12-22;10;1907
12;2025-12-22;11;1826
12;2025-12-22;12;2001
12;2025-12-22;13;1932
12;2025-12-22;14;1919
12;2025-12-22;15;2108
12;2025-12-22;16;2623
12;2025-12-22;17;2909
12;2025-12-22;18;3062
12;2025-12-22;19;2265
12;2025-12-22;20;1580
12;2025-12-22;21;935
12;2025-12-22;22;451
12;2025-12-22;23;227
12;2025-12-23;0;53
12;2025-12-23;1;1
12;2025-12-23;2;0
12;2025-12-23;3;0
12;2025-12-23;4;7
12;2025-12-23;5;313
12;2025-12-23;6;1409
12;2025-12-23;7;2689
12;2025-12-23;8;3610
12;2025-12-23;9;2570
12;2025-12-23;10;2101
12;2025-12-23;11;2004
12;2025-12-23;12;2027
12;2025-12-23;13;2065
12;2025-12-23;14;1931
12;2025-12-23;15;2168
12;2025-12-23;16;2646
12;2025-12-23;17;2997
12;2025-12-23;18;3130
12;2025-12-23;19;2333
12;2025-12-23;20;1528
12;2025-12-23;21;953
12;2025-12-23;22;483
12;2025-12-23;23;255
12;2025-12-24;0;53
12;2025-12-24;1;1
12;2025-12-24;2;0
12;2025-12-24;3;0
12;2025-12-24;4;7
12;2025-12-24;5;313
12;2025-12-24;6;1409
12;2025-12-24;7;2689
12;2025-12-24;8;3610
12;2025-12-24;9;2570
12;2025-12-24;10;2101
12;2025-12-24;11;2004
12;2025-12-24;12;2027
12;2025-12-24;13;2065
12;2025-12-24;14;1931
12;2025-12-24;15;2168
12;2025-12-24;16;2646
12;2025-12-24;17;2997
12;2025-12-24;18;3130
12;2025-12-24;19;2333
12;2025-12-24;20;1528
12;2025-12-24;21;953
12;2025-12-24;22;483
12;2025-12-24;23;255
12;2025-12-25;0;53
12;2025-12-25;1;1
12;2025-12-25;2;0
12;2025-12-25;3;0
12;2025-12-25;4;7
12;2025-12-25;5;313
12;2025-12-25;6;1409
12;2025-12-25;7;2689
12;2025-12-25;8;3610
12;2025-12-25;9;2570
12;2025-12-25;10;2101
12;2025-12-25;11;2004
12;2025-12-25;12;2027
12;2025-12-25;13;2065
12;2025-12-25;14;1931
12;2025-12-25;15;2168
12;2025-12-25;16;2646
12;2025-12-25;17;2997
12;2025-12-25;18;3130
12;2025-12-25;19;2333
12;2025-12-25;20;1528
12;2025-12-25;21;953
12;2025-12-25;22;483
12;2025-12-25;23;255
12;2025-12-26;0;54
12;2025-12-26;1;1
12;2025-12-26;2;0
12;2025-12-26;3;0
12;2025-12-26;4;4
12;2025-12-26;5;321
12;2025-12-26;6;1391
12;2025-12-26;7;2668
12;2025-12-26;8;3293
12;2025-12-26;9;2471
12;2025-12-26;10;1859
12;2025-12-26;11;1846
12;2025-12-26;12;1887
12;2025-12-26;13;2138
12;2025-12-26;14;1935
12;2025-12-26;15;2172
12;2025-12-26;16;2852
12;2025-12-26;17;2850
12;2025-12-26;18;2501
12;2025-12-26;19;2062
12;2025-12-26;20;1350
12;2025-12-26;21;981
12;2025-12-26;22;492
12;2025-12-26;23;326
12;2025-12-27;0;66
12;2025-12-27;1;2
12;2025-12-27;2;0
12;2025-12-27;3;0
12;2025-12-27;4;1
12;2025-12-27;5;220
12;2025-12-27;6;782
12;2025-12-27;7;888
12;2025-12-27;8;1036
12;2025-12-27;9;1234
12;2025-12-27;10;1466
12;2025-12-27;11;1487
12;2025-12-27;12;1527
12;2025-12-27;13;1733
12;2025-12-27;14;1565
12;2025-12-27;15;1537
12;2025-12-27;16;1655
12;2025-12-27;17;1586
12;2025-12-27;18;1575
12;2025-12-27;19;1324
12;2025-12-27;20;930
12;2025-12-27;21;755
12;2025-12-27;22;384
12;2025-12-27;23;289
12;2025-12-28;0;82
12;2025-12-28;1;3
12;2025-12-28;2;0
12;2025-12-28;3;0
12;2025-12-28;4;3
12;2025-12-28;5;130
12;2025-12-28;6;513
12;2025-12-28;7;698
12;2025-12-28;8;712
12;2025-12-28;9;893
12;2025-12-28;10;1128
12;2025-12-28;11;1230
12;2025-12-28;12;1306
12;2025-12-28;13;1532
12;2025-12-28;14;1435
12;2025-12-28;15;1465
12;2025-12-28;16;1468
12;2025-12-28;17;1519
12;2025-12-28;18;1318
12;2025-12-28;19;982
12;2025-12-28;20;764
12;2025-12-28;21;586
12;2025-12-28;22;383
12;2025-12-28;23;193
12;2025-12-29;0;47
12;2025-12-29;1;1
12;2025-12-29;2;0
12;2025-12-29;3;0
12;2025-12-29;4;4
12;2025-12-29;5;276
12;2025-12-29;6;1197
12;2025-12-29;7;2294
12;2025-12-29;8;2832
12;2025-12-29;9;2125
12;2025-12-29;10;1599
12;2025-12-29;11;1588
12;2025-12-29;12;1623
12;2025-12-29;13;1839
12;2025-12-29;14;1664
12;2025-12-29;15;1868
12;2025-12-29;16;2453
12;2025-12-29;17;2451
12;2025-12-29;18;2151
12;2025-12-29;19;1773
12;2025-12-29;20;1161
12;2025-12-29;21;844
12;2025-12-29;22;423
12;2025-12-29;23;280
12;2025-12-30;0;47
12;2025-12-30;1;1
12;2025-12-30;2;0
12;2025-12-30;3;0
12;2025-12-30;4;4
12;2025-12-30;5;276
12;2025-12-30;6;1197
12;2025-12-30;7;2294
12;2025-12-30;8;2832
12;2025-12-30;9;2125
12;2025-12-30;10;1599
12;2025-12-30;11;1588
12;2025-12-30;12;1623
12;2025-12-30;13;1839
12;2025-12-30;14;1664
12;2025-12-30;15;1868
12;2025-12-30;16;2453
12;2025-12-30;17;2451
12;2025-12-30;18;2151
12;2025-12-30;19;1773
12;2025-12-30;20;1161
12;2025-12-30;21;844
12;2025-12-30;22;423
12;2025-12-30;23;280
12;2025-12-31;0;56
12;2025-12-31;1;1
12;2025-12-31;2;0
12;2025-12-31;3;0
12;2025-12-31;4;1
12;2025-12-31;5;187
12;2025-12-31;6;664
12;2025-12-31;7;755
12;2025-12-31;8;881
12;2025-12-31;9;1049
12;2025-12-31;10;1246
12;2025-12-31;11;1264
12;2025-12-31;12;1298
12;2025-12-31;13;1473
12;2025-12-31;14;1330
12;2025-12-31;15;1307
12;2025-12-31;16;1407
12;2025-12-31;17;1348
12;2025-12-31;18;1339
12;2025-12-31;19;619
12;2025-12-31;20;435
12;2025-12-31;21;353
12;2025-12-31;22;180
12;2025-12-31;23;135
17;2025-11-01;0;120
17;2025-11-01;1;15
17;2025-11-01;2;0
17;2025-11-01;3;0
17;2025-11-01;4;20
17;2025-11-01;5;260
17;2025-11-01;6;1275
17;2025-11-01;7;3458
17;2025-11-01;8;4380
17;2025-11-01;9;3165
17;2025-11-01;10;2506
17;2025-11-01;11;2550
17;2025-11-01;12;2520
17;2025-11-01;13;2595
17;2025-11-01;14;2652
17;2025-11-01;15;2882
17;2025-11-01;16;3485
17;2025-11-01;17;3963
17;2025-11-01;18;3595
17;2025-11-01;19;2660
17;2025-11-01;20;1959
17;2025-11-01;21;1318
17;2025-11-01;22;635
17;2025-11-01;23;395
17;2025-11-02;0;182
17;2025-11-02;1;23
17;2025-11-02;2;0
17;2025-11-02;3;0
17;2025-11-02;4;3
17;2025-11-02;5;104
17;2025-11-02;6;428
17;2025-11-02;7;832
17;2025-11-02;8;1211
17;2025-11-02;9;1658
17;2025-11-02;10;1957
17;2025-11-02;11;2516
17;2025-11-02;12;2855
17;2025-11-02;13;3099
17;2025-11-02;14;3232
17;2025-11-02;15;3164
17;2025-11-02;16;3077
17;2025-11-02;17;2921
17;2025-11-02;18;2518
17;2025-11-02;19;2015
17;2025-11-02;20;1486
17;2025-11-02;21;1098
17;2025-11-02;22;672
17;2025-11-02;23;309
17;2025-11-03;0;176
17;2025-11-03;1;22
17;2025-11-03;2;0
17;2025-11-03;3;0
17;2025-11-03;4;3
17;2025-11-03;5;101
17;2025-11-03;6;414
17;2025-11-03;7;804
17;2025-11-03;8;1171
17;2025-11-03;9;1603
17;2025-11-03;10;1892
17;2025-11-03;11;2433
17;2025-11-03;12;2761
17;2025-11-03;13;2997
17;2025-11-03;14;3125
17;2025-11-03;15;3059
17;2025-11-03;16;2975
17;2025-11-03;17;2824
17;2025-11-03;18;2435
17;2025-11-03;19;1949
17;2025-11-03;20;1437
17;2025-11-03;21;1061
17;2025-11-03;22;650
17;2025-11-03;23;299
17;2025-11-04;0;176
17;2025-11-04;1;22
17;2025-11-04;2;0
17;2025-11-04;3;0
17;2025-11-04;4;3
17;2025-11-04;5;101
17;2025-11-04;6;414
17;2025-11-04;7;804
17;2025-11-04;8;1171
17;2025-11-04;9;1603
17;2025-11-04;10;1892
17;2025-11-04;11;2433
17;2025-11-04;12;2761
17;2025-11-04;13;2997
17;2025-11-04;14;3125
17;2025-11-04;15;3059
17;2025-11-04;16;2975
17;2025-11-04;17;2824
17;2025-11-04;18;2435
17;2025-11-04;19;1949
17;2025-11-04;20;1437
17;2025-11-04;21;1061
17;2025-11-04;22;650
17;2025-11-04;23;299
17;2025-11-05;0;116
17;2025-11-05;1;11
17;2025-11-05;2;0
17;2025-11-05;3;0
17;2025-11-05;4;24
17;2025-11-05;5;306
17;2025-11-05;6;1492
17;2025-11-05;7;4121
17;2025-11-05;8;5258
17;2025-11-05;9;3776
17;2025-11-05;10;3001
17;2025-11-05;11;2968
17;2025-11-05;12;2979
17;2025-11-05;13;3028
17;2025-11-05;14;3153
17;2025-11-05;15;3202
17;2025-11-05;16;3565
17;2025-11-05;17;4428
17;2025-11-05;18;4675
17;2025-11-05;19;3248
17;2025-11-05;20;2285
17;2025-11-05;21;1415
17;2025-11-05;22;676
17;2025-11-05;23;367
17;2025-11-06;0;116
17;2025-11-06;1;11
17;2025-11-06;2;0
17;2025-11-06;3;0
17;2025-11-06;4;24
17;2025-11-06;5;306
17;2025-11-06;6;1492
17;2025-11-06;7;4121
17;2025-11-06;8;5258
17;2025-11-06;9;3776
17;2025-11-06;10;3001
17;2025-11-06;11;2968
17;2025-11-06;12;2979
17;2025-11-06;13;3028
17;2025-11-06;14;3153
17;2025-11-06;15;3202
17;2025-11-06;16;3565
17;2025-11-06;17;4428
17;2025-11-06;18;4675
17;2025-11-06;19;3248
17;2025-11-06;20;2285
17;2025-11-06;21;1415
17;2025-11-06;22;676
17;2025-11-06;23;367
17;2025-11-07;0;141
17;2025-11-07;1;17
17;2025-11-07;2;0
17;2025-11-07;3;0
17;2025-11-07;4;24
17;2025-11-07;5;306
17;2025-11-07;6;1500
17;2025-11-07;7;4068
17;2025-11-07;8;5153
17;2025-11-07;9;3724
17;2025-11-07;10;2948
17;2025-11-07;11;3000
17;2025-11-07;12;2964
17;2025-11-07;13;3053
17;2025-11-07;14;3120
17;2025-11-07;15;3390
17;2025-11-07;16;4100
17;2025-11-07;17;4662
17;2025-11-07;18;4230
17;2025-11-07;19;3130
17;2025-11-07;20;2305
17;2025-11-07;21;1551
17;2025-11-07;22;747
17;2025-11-07;23;465
17;2025-11-08;0;197
17;2025-11-08;1;27
17;2025-11-08;2;0
17;2025-11-08;3;0
17;2025-11-08;4;5
17;2025-11-08;5;133
17;2025-11-08;6;567
17;2025-11-08;7;1236
17;2025-11-08;8;1752
17;2025-11-08;9;2229
17;2025-11-08;10;2492
17;2025-11-08;11;2970
17;2025-11-08;12;3289
17;2025-11-08;13;3548
17;2025-11-08;14;3563
17;2025-11-08;15;3556
17;2025-11-08;16;3572
17;2025-11-08;17;3289
17;2025-11-08;18;2912
17;2025-11-08;19;2301
17;2025-11-08;20;1812
17;2025-11-08;21;1300
17;2025-11-08;22;783
17;2025-11-08;23;439
17;2025-11-09;0;182
17;2025-11-09;1;23
17;2025-11-09;2;0
17;2025-11-09;3;0
17;2025-11-09;4;3
17;2025-11-09;5;104
17;2025-11-09;6;428
17;2025-11-09;7;832
17;2025-11-09;8;1211
17;2025-11-09;9;1658
17;2025-11-09;10;1957
17;2025-11-09;11;2516
17;2025-11-09;12;2855
17;2025-11-09;13;3099
17;2025-11-09;14;3232
17;2025-11-09;15;3164
17;2025-11-09;16;3077
17;2025-11-09;17;2921
17;2025-11-09;18;2518
17;2025-11-09;19;2015
17;2025-11-09;20;1486
17;2025-11-09;21;1098
17;2025-11-09;22;672
17;2025-11-09;23;309
17;2025-11-10;0;117
17;2025-11-10;1;14
17;2025-11-10;2;0
17;2025-11-10;3;0
17;2025-11-10;4;26
17;2025-11-10;5;286
17;2025-11-10;6;1481
17;2025-11-10;7;3983
17;2025-11-10;8;5237
17;2025-11-10;9;3708
17;2025-11-10;10;2814
17;2025-11-10;11;2757
17;2025-11-10;12;2803
17;2025-11-10;13;2919
17;2025-11-10;14;2935
17;2025-11-10;15;3025
17;2025-11-10;16;3516
17;2025-11-10;17;4131
17;2025-11-10;18;4409
17;2025-11-10;19;2674
17;2025-11-10;20;1980
17;2025-11-10;21;1305
17;2025-11-10;22;612
17;2025-11-10;23;300
17;2025-11-11;0;116
17;2025-11-11;1;11
17;2025-11-11;2;0
17;2025-11-11;3;0
17;2025-11-11;4;24
17;2025-11-11;5;306
17;2025-11-11;6;1492
17;2025-11-11;7;4121
17;2025-11-11;8;5258
17;2025-11-11;9;3776
17;2025-11-11;10;3001
17;2025-11-11;11;2968
17;2025-11-11;12;2979
17;2025-11-11;13;3028
17;2025-11-11;14;3153
17;2025-11-11;15;3202
17;2025-11-11;16;3565
17;2025-11-11;17;4428
17;2025-11-11;18;4675
17;2025-11-11;19;3248
17;2025-11-11;20;2285
17;2025-11-11;21;1415
17;2025-11-11;22;676
17;2025-11-11;23;367
17;2025-11-12;0;116
17;2025-11-12;1;11
17;2025-11-12;2;0
17;2025-11-12;3;0
17;2025-11-12;4;24
17;2025-11-12;5;306
17;2025-11-12;6;1492
17;2025-11-12;7;4121
17;2025-11-12;8;5258
17;2025-11-12;9;3776
17;2025-11-12;10;3001
17;2025-11-12;11;2968
17;2025-11-12;12;2979
17;2025-11-12;13;3028
17;2025-11-12;14;3153
17;2025-11-12;15;3202
17;2025-11-12;16;3565
17;2025-11-12;17;4428
17;2025-11-12;18;4675
17;2025-11-12;19;3248
17;2025-11-12;20;2285
17;2025-11-12;21;1415
17;2025-11-12;22;676
17;2025-11-12;23;367
17;2025-11-13;0;116
17;2025-11-13;1;11
17;2025-11-13;2;0
17;2025-11-13;3;0
17;2025-11-13;4;24
17;2025-11-13;5;306
17;2025-11-13;6;1492
17;2025-11-13;7;4121
17;2025-11-13;8;5258
17;2025-11-13;9;3776
17;2025-11-13;10;3001
17;2025-11-13;11;2968
17;2025-11-13;12;2979
17;2025-11-13;13;3028
17;2025-11-13;14;3153
17;2025-11-13;15;3202
17;2025-11-13;16;3565
17;2025-11-13;17;4428
17;2025-11-13;18;4675
17;2025-11-13;19;3248
17;2025-11-13;20;2285
17;2025-11-13;21;1415
17;2025-11-13;22;676
17;2025-11-13;23;367
17;2025-11-14;0;141
17;2025-11-14;1;17
17;2025-11-14;2;0
17;2025-11-14;3;0
17;2025-11-14;4;24
17;2025-11-14;5;306
17;2025-11-14;6;1500
17;2025-11-14;7;4068
17;2025-11-14;8;5153
17;2025-11-14;9;3724
17;2025-11-14;10;2948
17;2025-11-14;11;3000
17;2025-11-14;12;2964
17;2025-11-14;13;3053
17;2025-11-14;14;3120
17;2025-11-14;15;3390
17;2025-11-14;16;4100
17;2025-11-14;17;4662
17;2025-11-14;18;4230
17;2025-11-14;19;3130
17;2025-11-14;20;2305
17;2025-11-14;21;1551
17;2025-11-14;22;747
17;2025-11-14;23;465
17;2025-11-15;0;187
17;2025-11-15;1;26
17;2025-11-15;2;0
17;2025-11-15;3;0
17;2025-11-15;4;5
17;2025-11-15;5;126
17;2025-11-15;6;538
17;2025-11-15;7;1172
17;2025-11-15;8;1662
17;2025-11-15;9;2114
17;2025-11-15;10;2363
17;2025-11-15;11;2816
17;2025-11-15;12;3119
17;2025-11-15;13;3365
17;2025-11-15;14;3379
17;2025-11-15;15;3372
17;2025-11-15;16;3387
17;2025-11-15;17;3119
17;2025-11-15;18;2761
17;2025-11-15;19;2182
17;2025-11-15;20;1719
17;2025-11-15;21;1233
17;2025-11-15;22;742
17;2025-11-15;23;416
17;2025-11-16;0;182
17;2025-11-16;1;23
17;2025-11-16;2;0
17;2025-11-16;3;0
17;2025-11-16;4;3
17;2025-11-16;5;104
17;2025-11-16;6;428
17;2025-11-16;7;832
17;2025-11-16;8;1211
17;2025-11-16;9;1658
17;2025-11-16;10;1957
17;2025-11-16;11;2516
17;2025-11-16;12;2855
17;2025-11-16;13;3099
17;2025-11-16;14;3232
17;2025-11-16;15;3164
17;2025-11-16;16;3077
17;2025-11-16;17;2921
17;2025-11-16;18;2518
17;2025-11-16;19;2015
17;2025-11-16;20;1486
17;2025-11-16;21;1098
17;2025-11-16;22;672
17;2025-11-16;23;309
17;2025-11-17;0;117
17;2025-11-17;1;14
17;2025-11-17;2;0
17;2025-11-17;3;0
17;2025-11-17;4;26
17;2025-11-17;5;286
17;2025-11-17;6;1481
17;2025-11-17;7;3983
17;2025-11-17;8;5237
17;2025-11-17;9;3708
17;2025-11-17;10;2814
17;2025-11-17;11;2757
17;2025-11-17;12;2803
17;2025-11-17;13;2919
17;2025-11-17;14;2935
17;2025-11-17;15;3025
17;2025-11-17;16;3516
17;2025-11-17;17;4131
17;2025-11-17;18;4409
17;2025-11-17;19;2674
17;2025-11-17;20;1980
17;2025-11-17;21;1305
17;2025-11-17;22;612
17;2025-11-17;23;300
17;2025-11-18;0;116
17;2025-11-18;1;11
17;2025-11-18;2;0
17;2025-11-18;3;0
17;2025-11-18;4;24
17;2025-11-18;5;306
17;2025-11-18;6;1492
17;2025-11-18;7;4121
17;2025-11-18;8;5258
17;2025-11-18;9;3776
17;2025-11-18;10;3001
17;2025-11-18;11;2968
17;2025-11-18;12;2979
17;2025-11-18;13;3028
17;2025-11-18;14;3153
17;2025-11-18;15;3202
17;2025-11-18;16;3565
17;2025-11-18;17;4428
17;2025-11-18;18;4675
17;2025-11-18;19;3248
17;2025-11-18;20;2285
17;2025-11-18;21;1415
17;2025-11-18;22;676
17;2025-11-18;23;367
17;2025-11-19;0;116
17;2025-11-19;1;11
17;2025-11-19;2;0
17;2025-11-19;3;0
17;2025-11-19;4;24
17;2025-11-19;5;306
17;2025-11-19;6;1492
17;2025-11-19;7;4121
17;2025-11-19;8;5258
17;2025-11-19;9;3776
17;2025-11-19;10;3001
17;2025-11-19;11;2968
17;2025-11-19;12;2979
17;2025-11-19;13;3028
17;2025-11-19;14;3153
17;2025-11-19;15;3202
17;2025-11-19;16;3565
17;2025-11-19;17;4428
17;2025-11-19;18;4675
17;2025-11-19;19;3248
17;2025-11-19;20;2285
17;2025-11-19;21;1415
17;2025-11-19;22;676
17;2025-11-19;23;367
17;2025-11-20;0;116
17;2025-11-20;1;11
17;2025-11-20;2;0
17;2025-11-20;3;0
17;2025-11-20;4;24
17;2025-11-20;5;306
17;2025-11-20;6;1492
17;2025-11-20;7;4121
17;2025-11-20;8;5258
17;2025-11-20;9;3776
17;2025-11-20;10;3001
17;2025-11-20;11;2968
17;2025-11-20;12;2979
17;2025-11-20;13;3028
17;2025-11-20;14;3153
17;2025-11-20;15;3202
17;2025-11-20;16;3565
17;2025-11-20;17;4428
17;2025-11-20;18;4675
17;2025-11-20;19;3248
17;2025-11-20;20;2285
17;2025-11-20;21;1415
17;2025-11-20;22;676
17;2025-11-20;23;367
17;2025-11-21;0;141
17;2025-11-21;1;17
17;2025-11-21;2;0
17;2025-11-21;3;0
17;2025-11-21;4;24
17;2025-11-21;5;306
17;2025-11-21;6;1500
17;2025-11-21;7;4068
17;2025-11-21;8;5153
17;2025-11-21;9;3724
17;2025-11-21;10;2948
17;2025-11-21;11;3000
17;2025-11-21;12;2964
17;2025-11-21;13;3053
17;2025-11-21;14;3120
17;2025-11-21;15;3390
17;2025-11-21;16;4100
17;2025-11-21;17;4662
17;2025-11-21;18;4230
17;2025-11-21;19;3130
17;2025-11-21;20;2305
17;2025-11-21;21;1551
17;2025-11-21;22;747
17;2025-11-21;23;465
17;2025-11-22;0;197
17;2025-11-22;1;27
17;2025-11-22;2;0
17;2025-11-22;3;0
17;2025-11-22;4;5
17;2025-11-22;5;133
17;2025-11-22;6;567
17;2025-11-22;7;1236
17;2025-11-22;8;1752
17;2025-11-22;9;2229
17;2025-11-22;10;2492
17;2025-11-22;11;2970
17;2025-11-22;12;3289
17;2025-11-22;13;3548
17;2025-11-22;14;3563
17;2025-11-22;15;3556
17;2025-11-22;16;3572
17;2025-11-22;17;3289
17;2025-11-22;18;2912
17;2025-11-22;19;2301
17;2025-11-22;20;1812
17;2025-11-22;21;1300
17;2025-11-22;22;783
17;2025-11-22;23;439
17;2025-11-23;0;182
17;2025-11-23;1;23
17;2025-11-23;2;0
17;2025-11-23;3;0
17;2025-11-23;4;3
17;2025-11-23;5;104
17;2025-11-23;6;428
17;2025-11-23;7;832
17;2025-11-23;8;1211
17;2025-11-23;9;1658
17;2025-11-23;10;1957
17;2025-11-23;11;2516
17;2025-11-23;12;2855
17;2025-11-23;13;3099
17;2025-11-23;14;3232
17;2025-11-23;15;3164
17;2025-11-23;16;3077
17;2025-11-23;17;2921
17;2025-11-23;18;2518
17;2025-11-23;19;2015
17;2025-11-23;20;1486
17;2025-11-23;21;1098
17;2025-11-23;22;672
17;2025-11-23;23;309
17;2025-11-24;0;117
17;2025-11-24;1;14
17;2025-11-24;2;0
17;2025-11-24;3;0
17;2025-11-24;4;26
17;2025-11-24;5;286
17;2025-11-24;6;1481
17;2025-11-24;7;3983
17;2025-11-24;8;5237
17;2025-11-24;9;3708
17;2025-11-24;10;2814
17;2025-11-24;11;2757
17;2025-11-24;12;2803
17;2025-11-24;13;2919
17;2025-11-24;14;2935
17;2025-11-24;15;3025
17;2025-11-24;16;3516
17;2025-11-24;17;4131
17;2025-11-24;18;4409
17;2025-11-24;19;2674
17;2025-11-24;20;1980
17;2025-11-24;21;1305
17;2025-11-24;22;612
17;2025-11-24;23;300
17;2025-11-25;0;116
17;2025-11-25;1;11
17;2025-11-25;2;0
17;2025-11-25;3;0
17;2025-11-25;4;24
17;2025-11-25;5;306
17;2025-11-25;6;1492
17;2025-11-25;7;4121
17;2025-11-25;8;5258
17;2025-11-25;9;3776
17;2025-11-25;10;3001
17;2025-11-25;11;2968
17;2025-11-25;12;2979
17;2025-11-25;13;3028
17;2025-11-25;14;3153
17;2025-11-25;15;3202
17;2025-11-25;16;3565
17;2025-11-25;17;4428
17;2025-11-25;18;4675
17;2025-11-25;19;3248
17;2025-11-25;20;2285
17;2025-11-25;21;1415
17;2025-11-25;22;676
17;2025-11-25;23;367
17;2025-11-26;0;116
17;2025-11-26;1;11
17;2025-11-26;2;0
17;2025-11-26;3;0
17;2025-11-26;4;24
17;2025-11-26;5;306
17;2025-11-26;6;1492
17;2025-11-26;7;4121
17;2025-11-26;8;5258
17;2025-11-26;9;3776
17;2025-11-26;10;3001
17;2025-11-26;11;2968
17;2025-11-26;12;2979
17;2025-11-26;13;3028
17;2025-11-26;14;3153
17;2025-11-26;15;3202
17;2025-11-26;16;3565
17;2025-11-26;17;4428
17;2025-11-26;18;4675
17;2025-11-26;19;3248
17;2025-11-26;20;2285
17;2025-11-26;21;1415
17;2025-11-26;22;676
17;2025-11-26;23;367
17;2025-11-27;0;116
17;2025-11-27;1;11
17;2025-11-27;2;0
17;2025-11-27;3;0
17;2025-11-27;4;24
17;2025-11-27;5;306
17;2025-11-27;6;1492
17;2025-11-27;7;4121
17;2025-11-27;8;5258
17;2025-11-27;9;3776
17;2025-11-27;10;3001
17;2025-11-27;11;2968
17;2025-11-27;12;2979
17;2025-11-27;13;3028
17;2025-11-27;14;3153
17;2025-11-27;15;3202
17;2025-11-27;16;3565
17;2025-11-27;17;4428
17;2025-11-27;18;4675
17;2025-11-27;19;3248
17;2025-11-27;20;2285
17;2025-11-27;21;1415
17;2025-11-27;22;676
17;2025-11-27;23;367
17;2025-11-28;0;141
17;2025-11-28;1;17
17;2025-11-28;2;0
17;2025-11-28;3;0
17;2025-11-28;4;24
17;2025-11-28;5;306
17;2025-11-28;6;1500
17;2025-11-28;7;4068
17;2025-11-28;8;5153
17;2025-11-28;9;3724
17;2025-11-28;10;2948
17;2025-11-28;11;3000
17;2025-11-28;12;2964
17;2025-11-28;13;3053
17;2025-11-28;14;3120
17;2025-11-28;15;3390
17;2025-11-28;16;4100
17;2025-11-28;17;4662
17;2025-11-28;18;4230
17;2025-11-28;19;3130
17;2025-11-28;20;2305
17;2025-11-28;21;1551
17;2025-11-28;22;747
17;2025-11-28;23;465
17;2025-11-29;0;197
17;2025-11-29;1;27
17;2025-11-29;2;0
17;2025-11-29;3;0
17;2025-11-29;4;5
17;2025-11-29;5;133
17;2025-11-29;6;567
17;2025-11-29;7;1236
17;2025-11-29;8;1752
17;2025-11-29;9;2229
17;2025-11-29;10;2492
17;2025-11-29;11;2970
17;2025-11-29;12;3289
17;2025-11-29;13;3548
17;2025-11-29;14;3563
17;2025-11-29;15;3556
17;2025-11-29;16;3572
17;2025-11-29;17;3289
17;2025-11-29;18;2912
17;2025-11-29;19;2301
17;2025-11-29;20;1812
17;2025-11-29;21;1300
17;2025-11-29;22;783
17;2025-11-29;23;439
17;2025-11-30;0;182
17;2025-11-30;1;23
17;2025-11-30;2;0
17;2025-11-30;3;0
17;2025-11-30;4;3
17;2025-11-30;5;104
17;2025-11-30;6;428
17;2025-11-30;7;832
17;2025-11-30;8;1211
17;2025-11-30;9;1658
17;2025-11-30;10;1957
17;2025-11-30;11;2516
17;2025-11-30;12;2855
17;2025-11-30;13;3099
17;2025-11-30;14;3232
17;2025-11-30;15;3164
17;2025-11-30;16;3077
17;2025-11-30;17;2921
17;2025-11-30;18;2518
17;2025-11-30;19;2015
17;2025-11-30;20;1486
17;2025-11-30;21;1098
17;2025-11-30;22;672
17;2025-11-30;23;309
17;2025-12-01;0;117
17;2025-12-01;1;14
17;2025-12-01;2;0
17;2025-12-01;3;0
17;2025-12-01;4;26
17;2025-12-01;5;286
17;2025-12-01;6;1481
17;2025-12-01;7;3983
17;2025-12-01;8;5237
17;2025-12-01;9;3708
17;2025-12-01;10;2814
17;2025-12-01;11;2757
17;2025-12-01;12;2803
17;2025-12-01;13;2919
17;2025-12-01;14;2935
17;2025-12-01;15;3025
17;2025-12-01;16;3516
17;2025-12-01;17;4131
17;2025-12-01;18;4409
17;2025-12-01;19;2674
17;2025-12-01;20;1980
17;2025-12-01;21;1305
17;2025-12-01;22;612
17;2025-12-01;23;300
17;2025-12-02;0;116
17;2025-12-02;1;11
17;2025-12-02;2;0
17;2025-12-02;3;0
17;2025-12-02;4;24
17;2025-12-02;5;306
17;2025-12-02;6;1492
17;2025-12-02;7;4121
17;2025-12-02;8;5258
17;2025-12-02;9;3776
17;2025-12-02;10;3001
17;2025-12-02;11;2968
17;2025-12-02;12;2979
17;2025-12-02;13;3028
17;2025-12-02;14;3153
17;2025-12-02;15;3202
17;2025-12-02;16;3565
17;2025-12-02;17;4428
17;2025-12-02;18;4675
17;2025-12-02;19;3248
17;2025-12-02;20;2285
17;2025-12-02;21;1415
17;2025-12-02;22;676
17;2025-12-02;23;367
17;2025-12-03;0;116
17;2025-12-03;1;11
17;2025-12-03;2;0
17;2025-12-03;3;0
17;2025-12-03;4;24
17;2025-12-03;5;306
17;2025-12-03;6;1492
17;2025-12-03;7;4121
17;2025-12-03;8;5258
17;2025-12-03;9;3776
17;2025-12-03;10;3001
17;2025-12-03;11;2968
17;2025-12-03;12;2979
17;2025-12-03;13;3028
17;2025-12-03;14;3153
17;2025-12-03;15;3202
17;2025-12-03;16;3565
17;2025-12-03;17;4428
17;2025-12-03;18;4675
17;2025-12-03;19;3248
17;2025-12-03;20;2285
17;2025-12-03;21;1415
17;2025-12-03;22;676
17;2025-12-03;23;367
17;2025-12-04;0;116
17;2025-12-04;1;11
17;2025-12-04;2;0
17;2025-12-04;3;0
17;2025-12-04;4;24
17;2025-12-04;5;306
17;2025-12-04;6;1492
17;2025-12-04;7;4121
17;2025-12-04;8;5258
17;2025-12-04;9;3776
17;2025-12-04;10;3001
17;2025-12-04;11;2968
17;2025-12-04;12;2979
17;2025-12-04;13;3028
17;2025-12-04;14;3153
17;2025-12-04;15;3202
17;2025-12-04;16;3565
17;2025-12-04;17;4428
17;2025-12-04;18;4675
17;2025-12-04;19;3248
17;2025-12-04;20;2285
17;2025-12-04;21;1415
17;2025-12-04;22;676
17;2025-12-04;23;367
17;2025-12-05;0;141
17;2025-12-05;1;17
17;2025-12-05;2;0
17;2025-12-05;3;0
17;2025-12-05;4;24
17;2025-12-05;5;306
17;2025-12-05;6;1500
17;2025-12-05;7;4068
17;2025-12-05;8;5153
17;2025-12-05;9;3724
17;2025-12-05;10;2948
17;2025-12-05;11;3000
17;2025-12-05;12;2964
17;2025-12-05;13;3053
17;2025-12-05;14;3120
17;2025-12-05;15;3390
17;2025-12-05;16;4100
17;2025-12-05;17;4662
17;2025-12-05;18;4230
17;2025-12-05;19;3130
17;2025-12-05;20;2305
17;2025-12-05;21;1551
17;2025-12-05;22;747
17;2025-12-05;23;465
17;2025-12-06;0;197
17;2025-12-06;1;27
17;2025-12-06;2;0
17;2025-12-06;3;0
17;2025-12-06;4;5
17;2025-12-06;5;133
17;2025-12-06;6;567
17;2025-12-06;7;1236
17;2025-12-06;8;1752
17;2025-12-06;9;2229
17;2025-12-06;10;2492
17;2025-12-06;11;2970
17;2025-12-06;12;3289
17;2025-12-06;13;3548
17;2025-12-06;14;3563
17;2025-12-06;15;3556
17;2025-12-06;16;3572
17;2025-12-06;17;3289
17;2025-12-06;18;2912
17;2025-12-06;19;2301
17;2025-12-06;20;1812
17;2025-12-06;21;1300
17;2025-12-06;22;783
17;2025-12-06;23;439
17;2025-12-07;0;182
17;2025-12-07;1;23
17;2025-12-07;2;0
17;2025-12-07;3;0
17;2025-12-07;4;3
17;2025-12-07;5;104
17;2025-12-07;6;428
17;2025-12-07;7;832
17;2025-12-07;8;1211
17;2025-12-07;9;1658
17;2025-12-07;10;1957
17;2025-12-07;11;2516
17;2025-12-07;12;2855
17;2025-12-07;13;3099
17;2025-12-07;14;3232
17;2025-12-07;15;3164
17;2025-12-07;16;3077
17;2025-12-07;17;2921
17;2025-12-07;18;2518
17;2025-12-07;19;2015
17;2025-12-07;20;1486
17;2025-12-07;21;1098
17;2025-12-07;22;672
17;2025-12-07;23;309
17;2025-12-08;0;117
17;2025-12-08;1;14
17;2025-12-08;2;0
17;2025-12-08;3;0
17;2025-12-08;4;26
17;2025-12-08;5;286
17;2025-12-08;6;1481
17;2025-12-08;7;3983
17;2025-12-08;8;5237
17;2025-12-08;9;3708
17;2025-12-08;10;2814
17;2025-12-08;11;2757
17;2025-12-08;12;2803
17;2025-12-08;13;2919
17;2025-12-08;14;2935
17;2025-12-08;15;3025
17;2025-12-08;16;3516
17;2025-12-08;17;4131
17;2025-12-08;18;4409
17;2025-12-08;19;2674
17;2025-12-08;20;1980
17;2025-12-08;21;1305
17;2025-12-08;22;612
17;2025-12-08;23;300
17;2025-12-09;0;116
17;2025-12-09;1;11
17;2025-12-09;2;0
17;2025-12-09;3;0
17;2025-12-09;4;24
17;2025-12-09;5;306
17;2025-12-09;6;1492
17;2025-12-09;7;4121
17;2025-12-09;8;5258
17;2025-12-09;9;3776
17;2025-12-09;10;3001
17;2025-12-09;11;2968
17;2025-12-09;12;2979
17;2025-12-09;13;3028
17;2025-12-09;14;3153
17;2025-12-09;15;3202
17;2025-12-09;16;3565
17;2025-12-09;17;4428
17;2025-12-09;18;4675
17;2025-12-09;19;3248
17;2025-12-09;20;2285
17;2025-12-09;21;1415
17;2025-12-09;22;676
17;2025-12-09;23;367
17;2025-12-10;0;116
17;2025-12-10;1;11
17;2025-12-10;2;0
17;2025-12-10;3;0
17;2025-12-10;4;24
17;2025-12-10;5;306
17;2025-12-10;6;1492
17;2025-12-10;7;4121
17;2025-12-10;8;5258
17;2025-12-10;9;3776
17;2025-12-10;10;3001
17;2025-12-10;11;2968
17;2025-12-10;12;2979
17;2025-12-10;13;3028
17;2025-12-10;14;3153
17;2025-12-10;15;3202
17;2025-12-10;16;3565
17;2025-12-10;17;4428
17;2025-12-10;18;4675
17;2025-12-10;19;3248
17;2025-12-10;20;2285
17;2025-12-10;21;1415
17;2025-12-10;22;676
17;2025-12-10;23;367
17;2025-12-11;0;116
17;2025-12-11;1;11
17;2025-12-11;2;0
17;2025-12-11;3;0
17;2025-12-11;4;24
17;2025-12-11;5;306
17;2025-12-11;6;1492
17;2025-12-11;7;4121
17;2025-12-11;8;5258
17;2025-12-11;9;3776
17;2025-12-11;10;3001
17;2025-12-11;11;2968
17;2025-12-11;12;2979
17;2025-12-11;13;3028
17;2025-12-11;14;3153
17;2025-12-11;15;3202
17;2025-12-11;16;3565
17;2025-12-11;17;4428
17;2025-12-11;18;4675
17;2025-12-11;19;3248
17;2025-12-11;20;2285
17;2025-12-11;21;1415
17;2025-12-11;22;676
17;2025-12-11;23;367
17;2025-12-12;0;141
17;2025-12-12;1;17
17;2025-12-12;2;0
17;2025-12-12;3;0
17;2025-12-12;4;24
17;2025-12-12;5;306
17;2025-12-12;6;1500
17;2025-12-12;7;4068
17;2025-12-12;8;5153
17;2025-12-12;9;3724
17;2025-12-12;10;2948
17;2025-12-12;11;3000
17;2025-12-12;12;2964
17;2025-12-12;13;3053
17;2025-12-12;14;3120
17;2025-12-12;15;3390
17;2025-12-12;16;4100
17;2025-12-12;17;4662
17;2025-12-12;18;4230
17;2025-12-12;19;3130
17;2025-12-12;20;2305
17;2025-12-12;21;1551
17;2025-12-12;22;747
17;2025-12-12;23;465
17;2025-12-13;0;197
17;2025-12-13;1;27
17;2025-12-13;2;0
17;2025-12-13;3;0
17;2025-12-13;4;5
17;2025-12-13;5;133
17;2025-12-13;6;567
17;2025-12-13;7;1236
17;2025-12-13;8;1752
17;2025-12-13;9;2229
17;2025-12-13;10;2492
17;2025-12-13;11;2970
17;2025-12-13;12;3289
17;2025-12-13;13;3548
17;2025-12-13;14;3563
17;2025-12-13;15;3556
17;2025-12-13;16;3572
17;2025-12-13;17;3289
17;2025-12-13;18;2912
17;2025-12-13;19;2301
17;2025-12-13;20;1812
17;2025-12-13;21;1300
17;2025-12-13;22;783
17;2025-12-13;23;439
17;2025-12-14;0;182
17;2025-12-14;1;23
17;2025-12-14;2;0
17;2025-12-14;3;0
17;2025-12-14;4;3
17;2025-12-14;5;104
17;2025-12-14;6;428
17;2025-12-14;7;832
17;2025-12-14;8;1211
17;2025-12-14;9;1658
17;2025-12-14;10;1957
17;2025-12-14;11;2516
17;2025-12-14;12;2855
17;2025-12-14;13;3099
17;2025-12-14;14;3232
17;2025-12-14;15;3164
17;2025-12-14;16;3077
17;2025-12-14;17;2921
17;2025-12-14;18;2518
17;2025-12-14;19;2015
17;2025-12-14;20;1486
17;2025-12-14;21;1098
17;2025-12-14;22;672
17;2025-12-14;23;309
17;2025-12-15;0;117
17;2025-12-15;1;14
17;2025-12-15;2;0
17;2025-12-15;3;0
17;2025-12-15;4;26
17;2025-12-15;5;286
17;2025-12-15;6;1481
17;2025-12-15;7;3983
17;2025-12-15;8;5237
17;2025-12-15;9;3708
17;2025-12-15;10;2814
17;2025-12-15;11;2757
17;2025-12-15;12;2803
17;2025-12-15;13;2919
17;2025-12-15;14;2935
17;2025-12-15;15;3025
17;2025-12-15;16;3516
17;2025-12-15;17;4131
17;2025-12-15;18;4409
17;2025-12-15;19;2674
17;2025-12-15;20;1980
17;2025-12-15;21;1305
17;2025-12-15;22;612
17;2025-12-15;23;300
17;2025-12-16;0;116
17;2025-12-16;1;11
17;2025-12-16;2;0
17;2025-12-16;3;0
17;2025-12-16;4;24
17;2025-12-16;5;306
17;2025-12-16;6;1492
17;2025-12-16;7;4121
17;2025-12-16;8;5258
17;2025-12-16;9;3776
17;2025-12-16;10;3001
17;2025-12-16;11;2968
17;2025-12-16;12;2979
17;2025-12-16;13;3028
17;2025-12-16;14;3153
17;2025-12-16;15;3202
17;2025-12-16;16;3565
17;2025-12-16;17;4428
17;2025-12-16;18;4675
17;2025-12-16;19;3248
17;2025-12-16;20;2285
17;2025-12-16;21;1415
17;2025-12-16;22;676
17;2025-12-16;23;367
17;2025-12-17;0;116
17;2025-12-17;1;11
17;2025-12-17;2;0
17;2025-12-17;3;0
17;2025-12-17;4;24
17;2025-12-17;5;306
17;2025-12-17;6;1492
17;2025-12-17;7;4121
17;2025-12-17;8;5258
17;2025-12-17;9;3776
17;2025-12-17;10;3001
17;2025-12-17;11;2968
17;2025-12-17;12;2979
17;2025-12-17;13;3028
17;2025-12-17;14;3153
17;2025-12-17;15;3202
17;2025-12-17;16;3565
17;2025-12-17;17;4428
17;2025-12-17;18;4675
17;2025-12-17;19;3248
17;2025-12-17;20;2285
17;2025-12-17;21;1415
17;2025-12-17;22;676
17;2025-12-17;23;367
17;2025-12-18;0;116
17;2025-12-18;1;11
17;2025-12-18;2;0
17;2025-12-18;3;0
17;2025-12-18;4;24
17;2025-12-18;5;306
17;2025-12-18;6;1492
17;2025-12-18;7;4121
17;2025-12-18;8;5258
17;2025-12-18;9;3776
17;2025-12-18;10;3001
17;2025-12-18;11;2968
17;2025-12-18;12;2979
17;2025-12-18;13;3028
17;2025-12-18;14;3153
17;2025-12-18;15;3202
17;2025-12-18;16;3565
17;2025-12-18;17;4428
17;2025-12-18;18;4675
17;2025-12-18;19;3248
17;2025-12-18;20;2285
17;2025-12-18;21;1415
17;2025-12-18;22;676
17;2025-12-18;23;367
17;2025-12-19;0;141
17;2025-12-19;1;17
17;2025-12-19;2;0
17;2025-12-19;3;0
17;2025-12-19;4;24
17;2025-12-19;5;306
17;2025-12-19;6;1500
17;2025-12-19;7;4068
17;2025-12-19;8;5153
17;2025-12-19;9;3724
17;2025-12-19;10;2948
17;2025-12-19;11;3000
17;2025-12-19;12;2964
17;2025-12-19;13;3053
17;2025-12-19;14;3120
17;2025-12-19;15;3390
17;2025-12-19;16;4100
17;2025-12-19;17;4662
17;2025-12-19;18;4230
17;2025-12-19;19;3130
17;2025-12-19;20;2305
17;2025-12-19;21;1551
17;2025-12-19;22;747
17;2025-12-19;23;465
17;2025-12-20;0;197
17;2025-12-20;1;27
17;2025-12-20;2;0
17;2025-12-20;3;0
17;2025-12-20;4;5
17;2025-12-20;5;133
17;2025-12-20;6;567
17;2025-12-20;7;1236
17;2025-12-20;8;1752
17;2025-12-20;9;2229
17;2025-12-20;10;2492
17;2025-12-20;11;2970
17;2025-12-20;12;3289
17;2025-12-20;13;3548
17;2025-12-20;14;3563
17;2025-12-20;15;3556
17;2025-12-20;16;3572
17;2025-12-20;17;3289
17;2025-12-20;18;2912
17;2025-12-20;19;2301
17;2025-12-20;20;1812
17;2025-12-20;21;1300
17;2025-12-20;22;783
17;2025-12-20;23;439
17;2025-12-21;0;182
17;2025-12-21;1;23
17;2025-12-21;2;0
17;2025-12-21;3;0
17;2025-12-21;4;3
17;2025-12-21;5;104
17;2025-12-21;6;428
17;2025-12-21;7;832
17;2025-12-21;8;1211
17;2025-12-21;9;1658
17;2025-12-21;10;1957
17;2025-12-21;11;2516
17;2025-12-21;12;2855
17;2025-12-21;13;3099
17;2025-12-21;14;3232
17;2025-12-21;15;3164
17;2025-12-21;16;3077
17;2025-12-21;17;2921
17;2025-12-21;18;2518
17;2025-12-21;19;2015
17;2025-12-21;20;1486
17;2025-12-21;21;1098
17;2025-12-21;22;672
17;2025-12-21;23;309
17;2025-12-22;0;117
17;2025-12-22;1;14
17;2025-12-22;2;0
17;2025-12-22;3;0
17;2025-12-22;4;26
17;2025-12-22;5;286
17;2025-12-22;6;1481
17;2025-12-22;7;3983
17;2025-12-22;8;5237
17;2025-12-22;9;3708
17;2025-12-22;10;2814
17;2025-12-22;11;2757
17;2025-12-22;12;2803
17;2025-12-22;13;2919
17;2025-12-22;14;2935
17;2025-12-22;15;3025
17;2025-12-22;16;3516
17;2025-12-22;17;4131
17;2025-12-22;18;4409
17;2025-12-22;19;2674
17;2025-12-22;20;1980
17;2025-12-22;21;1305
17;2025-12-22;22;612
17;2025-12-22;23;300
17;2025-12-23;0;116
17;2025-12-23;1;11
17;2025-12-23;2;0
17;2025-12-23;3;0
17;2025-12-23;4;24
17;2025-12-23;5;306
17;2025-12-23;6;1492
17;2025-12-23;7;4121
17;2025-12-23;8;5258
17;2025-12-23;9;3776
17;2025-12-23;10;3001
17;2025-12-23;11;2968
17;2025-12-23;12;2979
17;2025-12-23;13;3028
17;2025-12-23;14;3153
17;2025-12-23;15;3202
17;2025-12-23;16;3565
17;2025-12-23;17;4428
17;2025-12-23;18;4675
17;2025-12-23;19;3248
17;2025-12-23;20;2285
17;2025-12-23;21;1415
17;2025-12-23;22;676
17;2025-12-23;23;367
17;2025-12-24;0;116
17;2025-12-24;1;11
17;2025-12-24;2;0
17;2025-12-24;3;0
17;2025-12-24;4;24
17;2025-12-24;5;306
17;2025-12-24;6;1492
17;2025-12-24;7;4121
17;2025-12-24;8;5258
17;2025-12-24;9;3776
17;2025-12-24;10;3001
17;2025-12-24;11;2968
17;2025-12-24;12;2979
17;2025-12-24;13;3028
17;2025-12-24;14;3153
17;2025-12-24;15;3202
17;2025-12-24;16;3565
17;2025-12-24;17;4428
17;2025-12-24;18;4675
17;2025-12-24;19;3248
17;2025-12-24;20;2285
17;2025-12-24;21;1415
17;2025-12-24;22;676
17;2025-12-24;23;367
17;2025-12-25;0;116
17;2025-12-25;1;11
17;2025-12-25;2;0
17;2025-12-25;3;0
17;2025-12-25;4;24
17;2025-12-25;5;306
17;2025-12-25;6;1492
17;2025-12-25;7;4121
17;2025-12-25;8;5258
17;2025-12-25;9;3776
17;2025-12-25;10;3001
17;2025-12-25;11;2968
17;2025-12-25;12;2979
17;2025-12-25;13;3028
17;2025-12-25;14;3153
17;2025-12-25;15;3202
17;2025-12-25;16;3565
17;2025-12-25;17;4428
17;2025-12-25;18;4675
17;2025-12-25;19;3248
17;2025-12-25;20;2285
17;2025-12-25;21;1415
17;2025-12-25;22;676
17;2025-12-25;23;367
17;2025-12-26;0;141
17;2025-12-26;1;17
17;2025-12-26;2;0
17;2025-12-26;3;0
17;2025-12-26;4;24
17;2025-12-26;5;306
17;2025-12-26;6;1500
17;2025-12-26;7;4068
17;2025-12-26;8;5153
17;2025-12-26;9;3724
17;2025-12-26;10;2948
17;2025-12-26;11;3000
17;2025-12-26;12;2964
17;2025-12-26;13;3053
17;2025-12-26;14;3120
17;2025-12-26;15;3390
17;2025-12-26;16;4100
17;2025-12-26;17;4662
17;2025-12-26;18;4230
17;2025-12-26;19;3130
17;2025-12-26;20;2305
17;2025-12-26;21;1551
17;2025-12-26;22;747
17;2025-12-26;23;465
17;2025-12-27;0;197
17;2025-12-27;1;27
17;2025-12-27;2;0
17;2025-12-27;3;0
17;2025-12-27;4;5
17;2025-12-27;5;133
17;2025-12-27;6;567
17;2025-12-27;7;1236
17;2025-12-27;8;1752
17;2025-12-27;9;2229
17;2025-12-27;10;2492
17;2025-12-27;11;2970
17;2025-12-27;12;3289
17;2025-12-27;13;3548
17;2025-12-27;14;3563
17;2025-12-27;15;3556
17;2025-12-27;16;3572
17;2025-12-27;17;3289
17;2025-12-27;18;2912
17;2025-12-27;19;2301
17;2025-12-27;20;1812
17;2025-12-27;21;1300
17;2025-12-27;22;783
17;2025-12-27;23;439
17;2025-12-28;0;182
17;2025-12-28;1;23
17;2025-12-28;2;0
17;2025-12-28;3;0
17;2025-12-28;4;3
17;2025-12-28;5;104
17;2025-12-28;6;428
17;2025-12-28;7;832
17;2025-12-28;8;1211
17;2025-12-28;9;1658
17;2025-12-28;10;1957
17;2025-12-28;11;2516
17;2025-12-28;12;2855
17;2025-12-28;13;3099
17;2025-12-28;14;3232
17;2025-12-28;15;3164
17;2025-12-28;16;3077
17;2025-12-28;17;2921
17;2025-12-28;18;2518
17;2025-12-28;19;2015
17;2025-12-28;20;1486
17;2025-12-28;21;1098
17;2025-12-28;22;672
17;2025-12-28;23;309
17;2025-12-29;0;121
17;2025-12-29;1;15
17;2025-12-29;2;0
17;2025-12-29;3;0
17;2025-12-29;4;21
17;2025-12-29;5;263
17;2025-12-29;6;1290
17;2025-12-29;7;3498
17;2025-12-29;8;4432
17;2025-12-29;9;3202
17;2025-12-29;10;2536
17;2025-12-29;11;2580
17;2025-12-29;12;2549
17;2025-12-29;13;2625
17;2025-12-29;14;2683
17;2025-12-29;15;2915
17;2025-12-29;16;3526
17;2025-12-29;17;4009
17;2025-12-29;18;3638
17;2025-12-29;19;2691
17;2025-12-29;20;1983
17;2025-12-29;21;1334
17;2025-12-29;22;642
17;2025-12-29;23;400
17;2025-12-30;0;121
17;2025-12-30;1;15
17;2025-12-30;2;0
17;2025-12-30;3;0
17;2025-12-30;4;21
17;2025-12-30;5;263
17;2025-12-30;6;1290
17;2025-12-30;7;3498
17;2025-12-30;8;4432
17;2025-12-30;9;3202
17;2025-12-30;10;2536
17;2025-12-30;11;2580
17;2025-12-30;12;2549
17;2025-12-30;13;2625
17;2025-12-30;14;2683
17;2025-12-30;15;2915
17;2025-12-30;16;3526
17;2025-12-30;17;4009
17;2025-12-30;18;3638
17;2025-12-30;19;2691
17;2025-12-30;20;1983
17;2025-12-30;21;1334
17;2025-12-30;22;642
17;2025-12-30;23;400
17;2025-12-31;0;168
17;2025-12-31;1;23
17;2025-12-31;2;0
17;2025-12-31;3;0
17;2025-12-31;4;5
17;2025-12-31;5;113
17;2025-12-31;6;482
17;2025-12-31;7;1050
17;2025-12-31;8;1489
17;2025-12-31;9;1895
17;2025-12-31;10;2118
17;2025-12-31;11;2524
17;2025-12-31;12;2796
17;2025-12-31;13;3016
17;2025-12-31;14;3029
17;2025-12-31;15;3022
17;2025-12-31;16;3036
17;2025-12-31;17;2796
17;2025-12-31;18;2475
17;2025-12-31;19;1076
17;2025-12-31;20;847
17;2025-12-31;21;608
17;2025-12-31;22;366
17;2025-12-31;23;205
25;2025-11-01;0;0
25;2025-11-01;1;0
25;2025-11-01;2;0
25;2025-11-01;3;0
25;2025-11-01;4;0
25;2025-11-01;5;14
25;2025-11-01;6;235
25;2025-11-01;7;482
25;2025-11-01;8;741
25;2025-11-01;9;376
25;2025-11-01;10;345
25;2025-11-01;11;381
25;2025-11-01;12;363
25;2025-11-01;13;481
25;2025-11-01;14;399
25;2025-11-01;15;553
25;2025-11-01;16;705
25;2025-11-01;17;677
25;2025-11-01;18;597
25;2025-11-01;19;549
25;2025-11-01;20;293
25;2025-11-01;21;190
25;2025-11-01;22;93
25;2025-11-01;23;12
25;2025-11-02;0;16
25;2025-11-02;1;0
25;2025-11-02;2;0
25;2025-11-02;3;0
25;2025-11-02;4;0
25;2025-11-02;5;10
25;2025-11-02;6;110
25;2025-11-02;7;103
25;2025-11-02;8;195
25;2025-11-02;9;220
25;2025-11-02;10;223
25;2025-11-02;11;320
25;2025-11-02;12;383
25;2025-11-02;13;505
25;2025-11-02;14;596
25;2025-11-02;15;682
25;2025-11-02;16;580
25;2025-11-02;17;578
25;2025-11-02;18;443
25;2025-11-02;19;297
25;2025-11-02;20;235
25;2025-11-02;21;147
25;2025-11-02;22;93
25;2025-11-02;23;35
25;2025-11-03;0;15
25;2025-11-03;1;0
25;2025-11-03;2;0
25;2025-11-03;3;0
25;2025-11-03;4;0
25;2025-11-03;5;10
25;2025-11-03;6;106
25;2025-11-03;7;100
25;2025-11-03;8;189
25;2025-11-03;9;212
25;2025-11-03;10;216
25;2025-11-03;11;309
25;2025-11-03;12;371
25;2025-11-03;13;489
25;2025-11-03;14;577
25;2025-11-03;15;660
25;2025-11-03;16;561
25;2025-11-03;17;559
25;2025-11-03;18;428
25;2025-11-03;19;287
25;2025-11-03;20;228
25;2025-11-03;21;142
25;2025-11-03;22;90
25;2025-11-03;23;34
25;2025-11-04;0;15
25;2025-11-04;1;0
25;2025-11-04;2;0
25;2025-11-04;3;0
25;2025-11-04;4;0
25;2025-11-04;5;10
25;2025-11-04;6;106
25;2025-11-04;7;100
25;2025-11-04;8;189
25;2025-11-04;9;212
25;2025-11-04;10;216
25;2025-11-04;11;309
25;2025-11-04;12;371
25;2025-11-04;13;489
25;2025-11-04;14;577
25;2025-11-04;15;660
25;2025-11-04;16;561
25;2025-11-04;17;559
25;2025-11-04;18;428
25;2025-11-04;19;287
25;2025-11-04;20;228
25;2025-11-04;21;142
25;2025-11-04;22;90
25;2025-11-04;23;34
25;2025-11-05;0;0
25;2025-11-05;1;0
25;2025-11-05;2;0
25;2025-11-05;3;0
25;2025-11-05;4;0
25;2025-11-05;5;21
25;2025-11-05;6;269
25;2025-11-05;7;529
25;2025-11-05;8;894
25;2025-11-05;9;458
25;2025-11-05;10;380
25;2025-11-05;11;445
25;2025-11-05;12;434
25;2025-11-05;13;526
25;2025-11-05;14;474
25;2025-11-05;15;604
25;2025-11-05;16;686
25;2025-11-05;17;780
25;2025-11-05;18;777
25;2025-11-05;19;613
25;2025-11-05;20;327
25;2025-11-05;21;224
25;2025-11-05;22;91
25;2025-11-05;23;6
25;2025-11-06;0;0
25;2025-11-06;1;0
25;2025-11-06;2;0
25;2025-11-06;3;0
25;2025-11-06;4;0
25;2025-11-06;5;21
25;2025-11-06;6;269
25;2025-11-06;7;529
25;2025-11-06;8;894
25;2025-11-06;9;458
25;2025-11-06;10;380
25;2025-11-06;11;445
25;2025-11-06;12;434
25;2025-11-06;13;526
25;2025-11-06;14;474
25;2025-11-06;15;604
25;2025-11-06;16;686
25;2025-11-06;17;780
25;2025-11-06;18;777
25;2025-11-06;19;613
25;2025-11-06;20;327
25;2025-11-06;21;224
25;2025-11-06;22;91
25;2025-11-06;23;6
25;2025-11-07;0;0
25;2025-11-07;1;0
25;2025-11-07;2;0
25;2025-11-07;3;0
25;2025-11-07;4;0
25;2025-11-07;5;16
25;2025-11-07;6;277
25;2025-11-07;7;568
25;2025-11-07;8;872
25;2025-11-07;9;443
25;2025-11-07;10;406
25;2025-11-07;11;448
25;2025-11-07;12;428
25;2025-11-07;13;566
25;2025-11-07;14;470
25;2025-11-07;15;651
25;2025-11-07;16;829
25;2025-11-07;17;797
25;2025-11-07;18;702
25;2025-11-07;19;646
25;2025-11-07;20;345
25;2025-11-07;21;224
25;2025-11-07;22;110
25;2025-11-07;23;15
25;2025-11-08;0;6
25;2025-11-08;1;0
25;2025-11-08;2;0
25;2025-11-08;3;0
25;2025-11-08;4;0
25;2025-11-08;5;21
25;2025-11-08;6;138
25;2025-11-08;7;135
25;2025-11-08;8;313
25;2025-11-08;9;282
25;2025-11-08;10;290
25;2025-11-08;11;385
25;2025-11-08;12;406
25;2025-11-08;13;670
25;2025-11-08;14;677
25;2025-11-08;15;795
25;2025-11-08;16;745
25;2025-11-08;17;596
25;2025-11-08;18;523
25;2025-11-08;19;452
25;2025-11-08;20;256
25;2025-11-08;21;196
25;2025-11-08;22;114
25;2025-11-08;23;43
25;2025-11-09;0;16
25;2025-11-09;1;0
25;2025-11-09;2;0
25;2025-11-09;3;0
25;2025-11-09;4;0
25;2025-11-09;5;10
25;2025-11-09;6;110
25;2025-11-09;7;103
25;2025-11-09;8;195
25;2025-11-09;9;220
25;2025-11-09;10;223
25;2025-11-09;11;320
25;2025-11-09;12;383
25;2025-11-09;13;505
25;2025-11-09;14;596
25;2025-11-09;15;682
25;2025-11-09;16;580
25;2025-11-09;17;578
25;2025-11-09;18;443
25;2025-11-09;19;297
25;2025-11-09;20;235
25;2025-11-09;21;147
25;2025-11-09;22;93
25;2025-11-09;23;35
25;2025-11-10;0;8
25;2025-11-10;1;0
25;2025-11-10;2;0
25;2025-11-10;3;0
25;2025-11-10;4;0
25;2025-11-10;5;21
25;2025-11-10;6;255
25;2025-11-10;7;538
25;2025-11-10;8;968
25;2025-11-10;9;540
25;2025-11-10;10;341
25;2025-11-10;11;423
25;2025-11-10;12;416
25;2025-11-10;13;568
25;2025-11-10;14;473
25;2025-11-10;15;482
25;2025-11-10;16;693
25;2025-11-10;17;758
25;2025-11-10;18;738
25;2025-11-10;19;563
25;2025-11-10;20;293
25;2025-11-10;21;189
25;2025-11-10;22;79
25;2025-11-10;23;11
25;2025-11-11;0;0
25;2025-11-11;1;0
25;2025-11-11;2;0
25;2025-11-11;3;0
25;2025-11-11;4;0
25;2025-11-11;5;21
25;2025-11-11;6;269
25;2025-11-11;7;529
25;2025-11-11;8;894
25;2025-11-11;9;458
25;2025-11-11;10;380
25;2025-11-11;11;445
25;2025-11-11;12;434
25;2025-11-11;13;526
25;2025-11-11;14;474
25;2025-11-11;15;604
25;2025-11-11;16;686
25;2025-11-11;17;780
25;2025-11-11;18;777
25;2025-11-11;19;613
25;2025-11-11;20;327
25;2025-11-11;21;224
25;2025-11-11;22;91
25;2025-11-11;23;6
25;2025-11-12;0;0
25;2025-11-12;1;0
25;2025-11-12;2;0
25;2025-11-12;3;0
25;2025-11-12;4;0
25;2025-11-12;5;21
25;2025-11-12;6;269
25;2025-11-12;7;529
25;2025-11-12;8;894
25;2025-11-12;9;458
25;2025-11-12;10;380
25;2025-11-12;11;445
25;2025-11-12;12;434
25;2025-11-12;13;526
25;2025-11-12;14;474
25;2025-11-12;15;604
25;2025-11-12;16;686
25;2025-11-12;17;780
25;2025-11-12;18;777
25;2025-11-12;19;613
25;2025-11-12;20;327
25;2025-11-12;21;224
25;2025-11-12;22;91
25;2025-11-12;23;6
25;2025-11-13;0;0
25;2025-11-13;1;0
25;2025-11-13;2;0
25;2025-11-13;3;0
25;2025-11-13;4;0
25;2025-11-13;5;21
25;2025-11-13;6;269
25;2025-11-13;7;529
25;2025-11-13;8;894
25;2025-11-13;9;458
25;2025-11-13;10;380
25;2025-11-13;11;445
25;2025-11-13;12;434
25;2025-11-13;13;526
25;2025-11-13;14;474
25;2025-11-13;15;604
25;2025-11-13;16;686
25;2025-11-13;17;780
25;2025-11-13;18;777
25;2025-11-13;19;613
25;2025-11-13;20;327
25;2025-11-13;21;224
25;2025-11-13;22;91
25;2025-11-13;23;6
25;2025-11-14;0;0
25;2025-11-14;1;0
25;2025-11-14;2;0
25;2025-11-14;3;0
25;2025-11-14;4;0
25;2025-11-14;5;16
25;2025-11-14;6;277
25;2025-11-14;7;568
25;2025-11-14;8;872
25;2025-11-14;9;443
25;2025-11-14;10;406
25;2025-11-14;11;448
25;2025-11-14;12;428
25;2025-11-14;13;566
25;2025-11-14;14;470
25;2025-11-14;15;651
25;2025-11-14;16;829
25;2025-11-14;17;797
25;2025-11-14;18;702
25;2025-11-14;19;646
25;2025-11-14;20;345
25;2025-11-14;21;224
25;2025-11-14;22;110
25;2025-11-14;23;15
25;2025-11-15;0;6
25;2025-11-15;1;0
25;2025-11-15;2;0
25;2025-11-15;3;0
25;2025-11-15;4;0
25;2025-11-15;5;20
25;2025-11-15;6;131
25;2025-11-15;7;128
25;2025-11-15;8;297
25;2025-11-15;9;267
25;2025-11-15;10;275
25;2025-11-15;11;365
25;2025-11-15;12;385
25;2025-11-15;13;636
25;2025-11-15;14;642
25;2025-11-15;15;754
25;2025-11-15;16;707
25;2025-11-15;17;565
25;2025-11-15;18;496
25;2025-11-15;19;429
25;2025-11-15;20;243
25;2025-11-15;21;186
25;2025-11-15;22;108
25;2025-11-15;23;41
25;2025-11-16;0;16
25;2025-11-16;1;0
25;2025-11-16;2;0
25;2025-11-16;3;0
25;2025-11-16;4;0
25;2025-11-16;5;10
25;2025-11-16;6;110
25;2025-11-16;7;103
25;2025-11-16;8;195
25;2025-11-16;9;220
25;2025-11-16;10;223
25;2025-11-16;11;320
25;2025-11-16;12;383
25;2025-11-16;13;505
25;2025-11-16;14;596
25;2025-11-16;15;682
25;2025-11-16;16;580
25;2025-11-16;17;578
25;2025-11-16;18;443
25;2025-11-16;19;297
25;2025-11-16;20;235
25;2025-11-16;21;147
25;2025-11-16;22;93
25;2025-11-16;23;35
25;2025-11-17;0;8
25;2025-11-17;1;0
25;2025-11-17;2;0
25;2025-11-17;3;0
25;2025-11-17;4;0
25;2025-11-17;5;21
25;2025-11-17;6;255
25;2025-11-17;7;538
25;2025-11-17;8;968
25;2025-11-17;9;540
25;2025-11-17;10;341
25;2025-11-17;11;423
25;2025-11-17;12;416
25;2025-11-17;13;568
25;2025-11-17;14;473
25;2025-11-17;15;482
25;2025-11-17;16;693
25;2025-11-17;17;758
25;2025-11-17;18;738
25;2025-11-17;19;563
25;2025-11-17;20;293
25;2025-11-17;21;189
25;2025-11-17;22;79
25;2025-11-17;23;11
25;2025-11-18;0;0
25;2025-11-18;1;0
25;2025-11-18;2;0
25;2025-11-18;3;0
25;2025-11-18;4;0
25;2025-11-18;5;21
25;2025-11-18;6;269
25;2025-11-18;7;529
25;2025-11-18;8;894
25;2025-11-18;9;458
25;2025-11-18;10;380
25;2025-11-18;11;445
25;2025-11-18;12;434
25;2025-11-18;13;526
25;2025-11-18;14;474
25;2025-11-18;15;604
25;2025-11-18;16;686
25;2025-11-18;17;780
25;2025-11-18;18;777
25;2025-11-18;19;613
25;2025-11-18;20;327
25;2025-11-18;21;224
25;2025-11-18;22;91
25;2025-11-18;23;6
25;2025-11-19;0;0
25;2025-11-19;1;0
25;2025-11-19;2;0
25;2025-11-19;3;0
25;2025-11-19;4;0
25;2025-11-19;5;21
25;2025-11-19;6;269
25;2025-11-19;7;529
25;2025-11-19;8;894
25;2025-11-19;9;458
25;2025-11-19;10;380
25;2025-11-19;11;445
25;2025-11-19;12;434
25;2025-11-19;13;526
25;2025-11-19;14;474
25;2025-11-19;15;604
25;2025-11-19;16;686
25;2025-11-19;17;780
25;2025-11-19;18;777
25;2025-11-19;19;613
25;2025-11-19;20;327
25;2025-11-19;21;224
25;2025-11-19;22;91
25;2025-11-19;23;6
25;2025-11-20;0;0
25;2025-11-20;1;0
25;2025-11-20;2;0
25;2025-11-20;3;0
25;2025-11-20;4;0
25;2025-11-20;5;21
25;2025-11-20;6;269
25;2025-11-20;7;529
25;2025-11-20;8;894
25;2025-11-20;9;458
25;2025-11-20;10;380
25;2025-11-20;11;445
25;2025-11-20;12;434
25;2025-11-20;13;526
25;2025-11-20;14;474
25;2025-11-20;15;604
25;2025-11-20;16;686
25;2025-11-20;17;780
25;2025-11-20;18;777
25;2025-11-20;19;613
25;2025-11-20;20;327
25;2025-11-20;21;224
25;2025-11-20;22;91
25;2025-11-20;23;6
25;2025-11-21;0;0
25;2025-11-21;1;0
25;2025-11-21;2;0
25;2025-11-21;3;0
25;2025-11-21;4;0
25;2025-11-21;5;16
25;2025-11-21;6;277
25;2025-11-21;7;568
25;2025-11-21;8;872
25;2025-11-21;9;443
25;2025-11-21;10;406
25;2025-11-21;11;448
25;2025-11-21;12;428
25;2025-11-21;13;566
25;2025-11-21;14;470
25;2025-11-21;15;651
25;2025-11-21;16;829
25;2025-11-21;17;797
25;2025-11-21;18;702
25;2025-11-21;19;646
25;2025-11-21;20;345
25;2025-11-21;21;224
25;2025-11-21;22;110
25;2025-11-21;23;15
25;2025-11-22;0;6
25;2025-11-22;1;0
25;2025-11-22;2;0
25;2025-11-22;3;0
25;2025-11-22;4;0
25;2025-11-22;5;21
25;2025-11-22;6;138
25;2025-11-22;7;135
25;2025-11-22;8;313
25;2025-11-22;9;282
25;2025-11-22;10;290
25;2025-11-22;11;385
25;2025-11-22;12;406
25;2025-11-22;13;670
25;2025-11-22;14;677
25;2025-11-22;15;795
25;2025-11-22;16;745
25;2025-11-22;17;596
25;2025-11-22;18;523
25;2025-11-22;19;452
25;2025-11-22;20;256
25;2025-11-22;21;196
25;2025-11-22;22;114
25;2025-11-22;23;43
25;2025-11-23;0;16
25;2025-11-23;1;0
25;2025-11-23;2;0
25;2025-11-23;3;0
25;2025-11-23;4;0
25;2025-11-23;5;10
25;2025-11-23;6;110
25;2025-11-23;7;103
25;2025-11-23;8;195
25;2025-11-23;9;220
25;2025-11-23;10;223
25;2025-11-23;11;320
25;2025-11-23;12;383
25;2025-11-23;13;505
25;2025-11-23;14;596
25;2025-11-23;15;682
25;2025-11-23;16;580
25;2025-11-23;17;578
25;2025-11-23;18;443
25;2025-11-23;19;297
25;2025-11-23;20;235
25;2025-11-23;21;147
25;2025-11-23;22;93
25;2025-11-23;23;35
25;2025-11-24;0;8
25;2025-11-24;1;0
25;2025-11-24;2;0
25;2025-11-24;3;0
25;2025-11-24;4;0
25;2025-11-24;5;21
25;2025-11-24;6;255
25;2025-11-24;7;538
25;2025-11-24;8;968
25;2025-11-24;9;540
25;2025-11-24;10;341
25;2025-11-24;11;423
25;2025-11-24;12;416
25;2025-11-24;13;568
25;2025-11-24;14;473
25;2025-11-24;15;482
25;2025-11-24;16;693
25;2025-11-24;17;758
25;2025-11-24;18;738
25;2025-11-24;19;563
25;2025-11-24;20;293
25;2025-11-24;21;189
25;2025-11-24;22;79
25;2025-11-24;23;11
25;2025-11-25;0;0
25;2025-11-25;1;0
25;2025-11-25;2;0
25;2025-11-25;3;0
25;2025-11-25;4;0
25;2025-11-25;5;21
25;2025-11-25;6;269
25;2025-11-25;7;529
25;2025-11-25;8;894
25;2025-11-25;9;458
25;2025-11-25;10;380
25;2025-11-25;11;445
25;2025-11-25;12;434
25;2025-11-25;13;526
25;2025-11-25;14;474
25;2025-11-25;15;604
25;2025-11-25;16;686
25;2025-11-25;17;780
25;2025-11-25;18;777
25;2025-11-25;19;613
25;2025-11-25;20;327
25;2025-11-25;21;224
25;2025-11-25;22;91
25;2025-11-25;23;6
25;2025-11-26;0;0
25;2025-11-26;1;0
25;2025-11-26;2;0
25;2025-11-26;3;0
25;2025-11-26;4;0
25;2025-11-26;5;21
25;2025-11-26;6;269
25;2025-11-26;7;529
25;2025-11-26;8;894
25;2025-11-26;9;458
25;2025-11-26;10;380
25;2025-11-26;11;445
25;2025-11-26;12;434
25;2025-11-26;13;526
25;2025-11-26;14;474
25;2025-11-26;15;604
25;2025-11-26;16;686
25;2025-11-26;17;780
25;2025-11-26;18;777
25;2025-11-26;19;613
25;2025-11-26;20;327
25;2025-11-26;21;224
25;2025-11-26;22;91
25;2025-11-26;23;6
25;2025-11-27;0;0
25;2025-11-27;1;0
25;2025-11-27;2;0
25;2025-11-27;3;0
25;2025-11-27;4;0
25;2025-11-27;5;21
25;2025-11-27;6;269
25;2025-11-27;7;529
25;2025-11-27;8;894
25;2025-11-27;9;458
25;2025-11-27;10;380
25;2025-11-27;11;445
25;2025-11-27;12;434
25;2025-11-27;13;526
25;2025-11-27;14;474
25;2025-11-27;15;604
25;2025-11-27;16;686
25;2025-11-27;17;780
25;2025-11-27;18;777
25;2025-11-27;19;613
25;2025-11-27;20;327
25;2025-11-27;21;224
25;2025-11-27;22;91
25;2025-11-27;23;6
25;2025-11-28;0;0
25;2025-11-28;1;0
25;2025-11-28;2;0
25;2025-11-28;3;0
25;2025-11-28;4;0
25;2025-11-28;5;16
25;2025-11-28;6;277
25;2025-11-28;7;568
25;2025-11-28;8;872
25;2025-11-28;9;443
25;2025-11-28;10;406
25;2025-11-28;11;448
25;2025-11-28;12;428
25;2025-11-28;13;566
25;2025-11-28;14;470
25;2025-11-28;15;651
25;2025-11-28;16;829
25;2025-11-28;17;797
25;2025-11-28;18;702
25;2025-11-28;19;646
25;2025-11-28;20;345
25;2025-11-28;21;224
25;2025-11-28;22;110
25;2025-11-28;23;15
25;2025-11-29;0;6
25;2025-11-29;1;0
25;2025-11-29;2;0
25;2025-11-29;3;0
25;2025-11-29;4;0
25;2025-11-29;5;21
25;2025-11-29;6;138
25;2025-11-29;7;135
25;2025-11-29;8;313
25;2025-11-29;9;282
25;2025-11-29;10;290
25;2025-11-29;11;385
25;2025-11-29;12;406
25;2025-11-29;13;670
25;2025-11-29;14;677
25;2025-11-29;15;795
25;2025-11-29;16;745
25;2025-11-29;17;596
25;2025-11-29;18;523
25;2025-11-29;19;452
25;2025-11-29;20;256
25;2025-11-29;21;196
25;2025-11-29;22;114
25;2025-11-29;23;43
25;2025-11-30;0;16
25;2025-11-30;1;0
25;2025-11-30;2;0
25;2025-11-30;3;0
25;2025-11-30;4;0
25;2025-11-30;5;10
25;2025-11-30;6;110
25;2025-11-30;7;103
25;2025-11-30;8;195
25;2025-11-30;9;220
25;2025-11-30;10;223
25;2025-11-30;11;320
25;2025-11-30;12;383
25;2025-11-30;13;505
25;2025-11-30;14;596
25;2025-11-30;15;682
25;2025-11-30;16;580
25;2025-11-30;17;578
25;2025-11-30;18;443
25;2025-11-30;19;297
25;2025-11-30;20;235
25;2025-11-30;21;147
25;2025-11-30;22;93
25;2025-11-30;23;35
25;2025-12-01;0;8
25;2025-12-01;1;0
25;2025-12-01;2;0
25;2025-12-01;3;0
25;2025-12-01;4;0
25;2025-12-01;5;21
25;2025-12-01;6;255
25;2025-12-01;7;538
25;2025-12-01;8;968
25;2025-12-01;9;540
25;2025-12-01;10;341
25;2025-12-01;11;423
25;2025-12-01;12;416
25;2025-12-01;13;568
25;2025-12-01;14;473
25;2025-12-01;15;482
25;2025-12-01;16;693
25;2025-12-01;17;758
25;2025-12-01;18;738
25;2025-12-01;19;563
25;2025-12-01;20;293
25;2025-12-01;21;189
25;2025-12-01;22;79
25;2025-12-01;23;11
25;2025-12-02;0;0
25;2025-12-02;1;0
25;2025-12-02;2;0
25;2025-12-02;3;0
25;2025-12-02;4;0
25;2025-12-02;5;21
25;2025-12-02;6;269
25;2025-12-02;7;529
25;2025-12-02;8;894
25;2025-12-02;9;458
25;2025-12-02;10;380
25;2025-12-02;11;445
25;2025-12-02;12;434
25;2025-12-02;13;526
25;2025-12-02;14;474
25;2025-12-02;15;604
25;2025-12-02;16;686
25;2025-12-02;17;780
25;2025-12-02;18;777
25;2025-12-02;19;613
25;2025-12-02;20;327
25;2025-12-02;21;224
25;2025-12-02;22;91
25;2025-12-02;23;6
25;2025-12-03;0;0
25;2025-12-03;1;0
25;2025-12-03;2;0
25;2025-12-03;3;0
25;2025-12-03;4;0
25;2025-12-03;5;21
25;2025-12-03;6;269
25;2025-12-03;7;529
25;2025-12-03;8;894
25;2025-12-03;9;458
25;2025-12-03;10;380
25;2025-12-03;11;445
25;2025-12-03;12;434
25;2025-12-03;13;526
25;2025-12-03;14;474
25;2025-12-03;15;604
25;2025-12-03;16;686
25;2025-12-03;17;780
25;2025-12-03;18;777
25;2025-12-03;19;613
25;2025-12-03;20;327
25;2025-12-03;21;224
25;2025-12-03;22;91
25;2025-12-03;23;6
25;2025-12-04;0;0
25;2025-12-04;1;0
25;2025-12-04;2;0
25;2025-12-04;3;0
25;2025-12-04;4;0
25;2025-12-04;5;21
25;2025-12-04;6;269
25;2025-12-04;7;529
25;2025-12-04;8;894
25;2025-12-04;9;458
25;2025-12-04;10;380
25;2025-12-04;11;445
25;2025-12-04;12;434
25;2025-12-04;13;526
25;2025-12-04;14;474
25;2025-12-04;15;604
25;2025-12-04;16;686
25;2025-12-04;17;780
25;2025-12-04;18;777
25;2025-12-04;19;613
25;2025-12-04;20;327
25;2025-12-04;21;224
25;2025-12-04;22;91
25;2025-12-04;23;6
25;2025-12-05;0;0
25;2025-12-05;1;0
25;2025-12-05;2;0
25;2025-12-05;3;0
25;2025-12-05;4;0
25;2025-12-05;5;16
25;2025-12-05;6;277
25;2025-12-05;7;568
25;2025-12-05;8;872
25;2025-12-05;9;443
25;2025-12-05;10;406
25;2025-12-05;11;448
25;2025-12-05;12;428
25;2025-12-05;13;566
25;2025-12-05;14;470
25;2025-12-05;15;651
25;2025-12-05;16;829
25;2025-12-05;17;797
25;2025-12-05;18;702
25;2025-12-05;19;646
25;2025-12-05;20;345
25;2025-12-05;21;224
25;2025-12-05;22;110
25;2025-12-05;23;15
25;2025-12-06;0;6
25;2025-12-06;1;0
25;2025-12-06;2;0
25;2025-12-06;3;0
25;2025-12-06;4;0
25;2025-12-06;5;21
25;2025-12-06;6;138
25;2025-12-06;7;135
25;2025-12-06;8;313
25;2025-12-06;9;282
25;2025-12-06;10;290
25;2025-12-06;11;385
25;2025-12-06;12;406
25;2025-12-06;13;670
25;2025-12-06;14;677
25;2025-12-06;15;795
25;2025-12-06;16;745
25;2025-12-06;17;596
25;2025-12-06;18;523
25;2025-12-06;19;452
25;2025-12-06;20;256
25;2025-12-06;21;196
25;2025-12-06;22;114
25;2025-12-06;23;43
25;2025-12-07;0;16
25;2025-12-07;1;0
25;2025-12-07;2;0
25;2025-12-07;3;0
25;2025-12-07;4;0
25;2025-12-07;5;10
25;2025-12-07;6;110
25;2025-12-07;7;103
25;2025-12-07;8;195
25;2025-12-07;9;220
25;2025-12-07;10;223
25;2025-12-07;11;320
25;2025-12-07;12;383
25;2025-12-07;13;505
25;2025-12-07;14;596
25;2025-12-07;15;682
25;2025-12-07;16;580
25;2025-12-07;17;578
25;2025-12-07;18;443
25;2025-12-07;19;297
25;2025-12-07;20;235
25;2025-12-07;21;147
25;2025-12-07;22;93
25;2025-12-07;23;35
25;2025-12-08;0;8
25;2025-12-08;1;0
25;2025-12-08;2;0
25;2025-12-08;3;0
25;2025-12-08;4;0
25;2025-12-08;5;21
25;2025-12-08;6;255
25;2025-12-08;7;538
25;2025-12-08;8;968
25;2025-12-08;9;540
25;2025-12-08;10;341
25;2025-12-08;11;423
25;2025-12-08;12;416
25;2025-12-08;13;568
25;2025-12-08;14;473
25;2025-12-08;15;482
25;2025-12-08;16;693
25;2025-12-08;17;758
25;2025-12-08;18;738
25;2025-12-08;19;563
25;2025-12-08;20;293
25;2025-12-08;21;189
25;2025-12-08;22;79
25;2025-12-08;23;11
25;2025-12-09;0;0
25;2025-12-09;1;0
25;2025-12-09;2;0
25;2025-12-09;3;0
25;2025-12-09;4;0
25;2025-12-09;5;21
25;2025-12-09;6;269
25;2025-12-09;7;529
25;2025-12-09;8;894
25;2025-12-09;9;458
25;2025-12-09;10;380
25;2025-12-09;11;445
25;2025-12-09;12;434
25;2025-12-09;13;526
25;2025-12-09;14;474
25;2025-12-09;15;604
25;2025-12-09;16;686
25;2025-12-09;17;780
25;2025-12-09;18;777
25;2025-12-09;19;613
25;2025-12-09;20;327
25;2025-12-09;21;224
25;2025-12-09;22;91
25;2025-12-09;23;6
25;2025-12-10;0;0
25;2025-12-10;1;0
25;2025-12-10;2;0
25;2025-12-10;3;0
25;2025-12-10;4;0
25;2025-12-10;5;21
25;2025-12-10;6;269
25;2025-12-10;7;529
25;2025-12-10;8;894
25;2025-12-10;9;458
25;2025-12-10;10;380
25;2025-12-10;11;445
25;2025-12-10;12;434
25;2025-12-10;13;526
25;2025-12-10;14;474
25;2025-12-10;15;604
25;2025-12-10;16;686
25;2025-12-10;17;780
25;2025-12-10;18;777
25;2025-12-10;19;613
25;2025-12-10;20;327
25;2025-12-10;21;224
25;2025-12-10;22;91
25;2025-12-10;23;6
25;2025-12-11;0;0
25;2025-12-11;1;0
25;2025-12-11;2;0
25;2025-12-11;3;0
25;2025-12-11;4;0
25;2025-12-11;5;21
25;2025-12-11;6;269
25;2025-12-11;7;529
25;2025-12-11;8;894
25;2025-12-11;9;458
25;2025-12-11;10;380
25;2025-12-11;11;445
25;2025-12-11;12;434
25;2025-12-11;13;526
25;2025-12-11;14;474
25;2025-12-11;15;604
25;2025-12-11;16;686
25;2025-12-11;17;780
25;2025-12-11;18;777
25;2025-12-11;19;613
25;2025-12-11;20;327
25;2025-12-11;21;224
25;2025-12-11;22;91
25;2025-12-11;23;6
25;2025-12-12;0;0
25;2025-12-12;1;0
25;2025-12-12;2;0
25;2025-12-12;3;0
25;2025-12-12;4;0
25;2025-12-12;5;16
25;2025-12-12;6;277
25;2025-12-12;7;568
25;2025-12-12;8;872
25;2025-12-12;9;443
25;2025-12-12;10;406
25;2025-12-12;11;448
25;2025-12-12;12;428
25;2025-12-12;13;566
25;2025-12-12;14;470
25;2025-12-12;15;651
25;2025-12-12;16;829
25;2025-12-12;17;797
25;2025-12-12;18;702
25;2025-12-12;19;646
25;2025-12-12;20;345
25;2025-12-12;21;224
25;2025-12-12;22;110
25;2025-12-12;23;15
25;2025-12-13;0;6
25;2025-12-13;1;0
25;2025-12-13;2;0
25;2025-12-13;3;0
25;2025-12-13;4;0
25;2025-12-13;5;21
25;2025-12-13;6;138
25;2025-12-13;7;135
25;2025-12-13;8;313
25;2025-12-13;9;282
25;2025-12-13;10;290
25;2025-12-13;11;385
25;2025-12-13;12;406
25;2025-12-13;13;670
25;2025-12-13;14;677
25;2025-12-13;15;795
25;2025-12-13;16;745
25;2025-12-13;17;596
25;2025-12-13;18;523
25;2025-12-13;19;452
25;2025-12-13;20;256
25;2025-12-13;21;196
25;2025-12-13;22;114
25;2025-12-13;23;43
25;2025-12-14;0;16
25;2025-12-14;1;0
25;2025-12-14;2;0
25;2025-12-14;3;0
25;2025-12-14;4;0
25;2025-12-14;5;10
25;2025-12-14;6;110
25;2025-12-14;7;103
25;2025-12-14;8;195
25;2025-12-14;9;220
25;2025-12-14;10;223
25;2025-12-14;11;320
25;2025-12-14;12;383
25;2025-12-14;13;505
25;2025-12-14;14;596
25;2025-12-14;15;682
25;2025-12-14;16;580
25;2025-12-14;17;578
25;2025-12-14;18;443
25;2025-12-14;19;297
25;2025-12-14;20;235
25;2025-12-14;21;147
25;2025-12-14;22;93
25;2025-12-14;23;35
25;2025-12-15;0;8
25;2025-12-15;1;0
25;2025-12-15;2;0
25;2025-12-15;3;0
25;2025-12-15;4;0
25;2025-12-15;5;21
25;2025-12-15;6;255
25;2025-12-15;7;538
25;2025-12-15;8;968
25;2025-12-15;9;540
25;2025-12-15;10;341
25;2025-12-15;11;423
25;2025-12-15;12;416
25;2025-12-15;13;568
25;2025-12-15;14;473
25;2025-12-15;15;482
25;2025-12-15;16;693
25;2025-12-15;17;758
25;2025-12-15;18;738
25;2025-12-15;19;563
25;2025-12-15;20;293
25;2025-12-15;21;189
25;2025-12-15;22;79
25;2025-12-15;23;11
25;2025-12-16;0;0
25;2025-12-16;1;0
25;2025-12-16;2;0
25;2025-12-16;3;0
25;2025-12-16;4;0
25;2025-12-16;5;21
25;2025-12-16;6;269
25;2025-12-16;7;529
25;2025-12-16;8;894
25;2025-12-16;9;458
25;2025-12-16;10;380
25;2025-12-16;11;445
25;2025-12-16;12;434
25;2025-12-16;13;526
25;2025-12-16;14;474
25;2025-12-16;15;604
25;2025-12-16;16;686
25;2025-12-16;17;780
25;2025-12-16;18;777
25;2025-12-16;19;613
25;2025-12-16;20;327
25;2025-12-16;21;224
25;2025-12-16;22;91
25;2025-12-16;23;6
25;2025-12-17;0;0
25;2025-12-17;1;0
25;2025-12-17;2;0
25;2025-12-17;3;0
25;2025-12-17;4;0
25;2025-12-17;5;21
25;2025-12-17;6;269
25;2025-12-17;7;529
25;2025-12-17;8;894
25;2025-12-17;9;458
25;2025-12-17;10;380
25;2025-12-17;11;445
25;2025-12-17;12;434
25;2025-12-17;13;526
25;2025-12-17;14;474
25;2025-12-17;15;604
25;2025-12-17;16;686
25;2025-12-17;17;780
25;2025-12-17;18;777
25;2025-12-17;19;613
25;2025-12-17;20;327
25;2025-12-17;21;224
25;2025-12-17;22;91
25;2025-12-17;23;6
25;2025-12-18;0;0
25;2025-12-18;1;0
25;2025-12-18;2;0
25;2025-12-18;3;0
25;2025-12-18;4;0
25;2025-12-18;5;21
25;2025-12-18;6;269
25;2025-12-18;7;529
25;2025-12-18;8;894
25;2025-12-18;9;458
25;2025-12-18;10;380
25;2025-12-18;11;445
25;2025-12-18;12;434
25;2025-12-18;13;526
25;2025-12-18;14;474
25;2025-12-18;15;604
25;2025-12-18;16;686
25;2025-12-18;17;780
25;2025-12-18;18;777
25;2025-12-18;19;613
25;2025-12-18;20;327
25;2025-12-18;21;224
25;2025-12-18;22;91
25;2025-12-18;23;6
25;2025-12-19;0;0
25;2025-12-19;1;0
25;2025-12-19;2;0
25;2025-12-19;3;0
25;2025-12-19;4;0
25;2025-12-19;5;16
25;2025-12-19;6;277
25;2025-12-19;7;568
25;2025-12-19;8;872
25;2025-12-19;9;443
25;2025-12-19;10;406
25;2025-12-19;11;448
25;2025-12-19;12;428
25;2025-12-19;13;566
25;2025-12-19;14;470
25;2025-12-19;15;651
25;2025-12-19;16;829
25;2025-12-19;17;797
25;2025-12-19;18;702
25;2025-12-19;19;646
25;2025-12-19;20;345
25;2025-12-19;21;224
25;2025-12-19;22;110
25;2025-12-19;23;15
25;2025-12-20;0;6
25;2025-12-20;1;0
25;2025-12-20;2;0
25;2025-12-20;3;0
25;2025-12-20;4;0
25;2025-12-20;5;21
25;2025-12-20;6;138
25;2025-12-20;7;135
25;2025-12-20;8;313
25;2025-12-20;9;282
25;2025-12-20;10;290
25;2025-12-20;11;385
25;2025-12-20;12;406
25;2025-12-20;13;670
25;2025-12-20;14;677
25;2025-12-20;15;795
25;2025-12-20;16;745
25;2025-12-20;17;596
25;2025-12-20;18;523
25;2025-12-20;19;452
25;2025-12-20;20;256
25;2025-12-20;21;196
25;2025-12-20;22;114
25;2025-12-20;23;43
25;2025-12-21;0;16
25;2025-12-21;1;0
25;2025-12-21;2;0
25;2025-12-21;3;0
25;2025-12-21;4;0
25;2025-12-21;5;10
25;2025-12-21;6;110
25;2025-12-21;7;103
25;2025-12-21;8;195
25;2025-12-21;9;220
25;2025-12-21;10;223
25;2025-12-21;11;320
25;2025-12-21;12;383
25;2025-12-21;13;505
25;2025-12-21;14;596
25;2025-12-21;15;682
25;2025-12-21;16;580
25;2025-12-21;17;578
25;2025-12-21;18;443
25;2025-12-21;19;297
25;2025-12-21;20;235
25;2025-12-21;21;147
25;2025-12-21;22;93
25;2025-12-21;23;35
25;2025-12-22;0;8
25;2025-12-22;1;0
25;2025-12-22;2;0
25;2025-12-22;3;0
25;2025-12-22;4;0
25;2025-12-22;5;21
25;2025-12-22;6;255
25;2025-12-22;7;538
25;2025-12-22;8;968
25;2025-12-22;9;540
25;2025-12-22;10;341
25;2025-12-22;11;423
25;2025-12-22;12;416
25;2025-12-22;13;568
25;2025-12-22;14;473
25;2025-12-22;15;482
25;2025-12-22;16;693
25;2025-12-22;17;758
25;2025-12-22;18;738
25;2025-12-22;19;563
25;2025-12-22;20;293
25;2025-12-22;21;189
25;2025-12-22;22;79
25;2025-12-22;23;11
25;2025-12-23;0;0
25;2025-12-23;1;0
25;2025-12-23;2;0
25;2025-12-23;3;0
25;2025-12-23;4;0
25;2025-12-23;5;21
25;2025-12-23;6;269
25;2025-12-23;7;529
25;2025-12-23;8;894
25;2025-12-23;9;458
25;2025-12-23;10;380
25;2025-12-23;11;445
25;2025-12-23;12;434
25;2025-12-23;13;526
25;2025-12-23;14;474
25;2025-12-23;15;604
25;2025-12-23;16;686
25;2025-12-23;17;780
25;2025-12-23;18;777
25;2025-12-23;19;613
25;2025-12-23;20;327
25;2025-12-23;21;224
25;2025-12-23;22;91
25;2025-12-23;23;6
25;2025-12-24;0;0
25;2025-12-24;1;0
25;2025-12-24;2;0
25;2025-12-24;3;0
25;2025-12-24;4;0
25;2025-12-24;5;21
25;2025-12-24;6;269
25;2025-12-24;7;529
25;2025-12-24;8;894
25;2025-12-24;9;458
25;2025-12-24;10;380
25;2025-12-24;11;445
25;2025-12-24;12;434
25;2025-12-24;13;526
25;2025-12-24;14;474
25;2025-12-24;15;604
25;2025-12-24;16;686
25;2025-12-24;17;780
25;2025-12-24;18;777
25;2025-12-24;19;613
25;2025-12-24;20;327
25;2025-12-24;21;224
25;2025-12-24;22;91
25;2025-12-24;23;6
25;2025-12-25;0;0
25;2025-12-25;1;0
25;2025-12-25;2;0
25;2025-12-25;3;0
25;2025-12-25;4;0
25;2025-12-25;5;21
25;2025-12-25;6;269
25;2025-12-25;7;529
25;2025-12-25;8;894
25;2025-12-25;9;458
25;2025-12-25;10;380
25;2025-12-25;11;445
25;2025-12-25;12;434
25;2025-12-25;13;526
25;2025-12-25;14;474
25;2025-12-25;15;604
25;2025-12-25;16;686
25;2025-12-25;17;780
25;2025-12-25;18;777
25;2025-12-25;19;613
25;2025-12-25;20;327
25;2025-12-25;21;224
25;2025-12-25;22;91
25;2025-12-25;23;6
25;2025-12-26;0;0
25;2025-12-26;1;0
25;2025-12-26;2;0
25;2025-12-26;3;0
25;2025-12-26;4;0
25;2025-12-26;5;16
25;2025-12-26;6;277
25;2025-12-26;7;568
25;2025-12-26;8;872
25;2025-12-26;9;443
25;2025-12-26;10;406
25;2025-12-26;11;448
25;2025-12-26;12;428
25;2025-12-26;13;566
25;2025-12-26;14;470
25;2025-12-26;15;651
25;2025-12-26;16;829
25;2025-12-26;17;797
25;2025-12-26;18;702
25;2025-12-26;19;646
25;2025-12-26;20;345
25;2025-12-26;21;224
25;2025-12-26;22;110
25;2025-12-26;23;15
25;2025-12-27;0;6
25;2025-12-27;1;0
25;2025-12-27;2;0
25;2025-12-27;3;0
25;2025-12-27;4;0
25;2025-12-27;5;21
25;2025-12-27;6;138
25;2025-12-27;7;135
25;2025-12-27;8;313
25;2025-12-27;9;282
25;2025-12-27;10;290
25;2025-12-27;11;385
25;2025-12-27;12;406
25;2025-12-27;13;670
25;2025-12-27;14;677
25;2025-12-27;15;795
25;2025-12-27;16;745
25;2025-12-27;17;596
25;2025-12-27;18;523
25;2025-12-27;19;452
25;2025-12-27;20;256
25;2025-12-27;21;196
25;2025-12-27;22;114
25;2025-12-27;23;43
25;2025-12-28;0;16
25;2025-12-28;1;0
25;2025-12-28;2;0
25;2025-12-28;3;0
25;2025-12-28;4;0
25;2025-12-28;5;10
25;2025-12-28;6;110
25;2025-12-28;7;103
25;2025-12-28;8;195
25;2025-12-28;9;220
25;2025-12-28;10;223
25;2025-12-28;11;320
25;2025-12-28;12;383
25;2025-12-28;13;505
25;2025-12-28;14;596
25;2025-12-28;15;682
25;2025-12-28;16;580
25;2025-12-28;17;578
25;2025-12-28;18;443
25;2025-12-28;19;297
25;2025-12-28;20;235
25;2025-12-28;21;147
25;2025-12-28;22;93
25;2025-12-28;23;35
25;2025-12-29;0;0
25;2025-12-29;1;0
25;2025-12-29;2;0
25;2025-12-29;3;0
25;2025-12-29;4;0
25;2025-12-29;5;14
25;2025-12-29;6;238
25;2025-12-29;7;488
25;2025-12-29;8;750
25;2025-12-29;9;381
25;2025-12-29;10;349
25;2025-12-29;11;385
25;2025-12-29;12;368
25;2025-12-29;13;486
25;2025-12-29;14;404
25;2025-12-29;15;560
25;2025-12-29;16;713
25;2025-12-29;17;685
25;2025-12-29;18;604
25;2025-12-29;19;556
25;2025-12-29;20;297
25;2025-12-29;21;192
25;2025-12-29;22;94
25;2025-12-29;23;13
25;2025-12-30;0;0
25;2025-12-30;1;0
25;2025-12-30;2;0
25;2025-12-30;3;0
25;2025-12-30;4;0
25;2025-12-30;5;14
25;2025-12-30;6;238
25;2025-12-30;7;488
25;2025-12-30;8;750
25;2025-12-30;9;381
25;2025-12-30;10;349
25;2025-12-30;11;385
25;2025-12-30;12;368
25;2025-12-30;13;486
25;2025-12-30;14;404
25;2025-12-30;15;560
25;2025-12-30;16;713
25;2025-12-30;17;685
25;2025-12-30;18;604
25;2025-12-30;19;556
25;2025-12-30;20;297
25;2025-12-30;21;192
25;2025-12-30;22;94
25;2025-12-30;23;13
25;2025-12-31;0;5
25;2025-12-31;1;0
25;2025-12-31;2;0
25;2025-12-31;3;0
25;2025-12-31;4;0
25;2025-12-31;5;18
25;2025-12-31;6;117
25;2025-12-31;7;115
25;2025-12-31;8;266
25;2025-12-31;9;239
25;2025-12-31;10;246
25;2025-12-31;11;327
25;2025-12-31;12;345
25;2025-12-31;13;570
25;2025-12-31;14;576
25;2025-12-31;15;675
25;2025-12-31;16;633
25;2025-12-31;17;507
25;2025-12-31;18;445
25;2025-12-31;19;211
25;2025-12-31;20;120
25;2025-12-31;21;92
25;2025-12-31;22;53
25;2025-12-31;23;20
26;2025-11-01;0;25
26;2025-11-01;1;1
26;2025-11-01;2;0
26;2025-11-01;3;0
26;2025-11-01;4;1
26;2025-11-01;5;67
26;2025-11-01;6;392
26;2025-11-01;7;827
26;2025-11-01;8;1793
26;2025-11-01;9;1122
26;2025-11-01;10;1008
26;2025-11-01;11;900
26;2025-11-01;12;893
26;2025-11-01;13;921
26;2025-11-01;14;1103
26;2025-11-01;15;1090
26;2025-11-01;16;1332
26;2025-11-01;17;1435
26;2025-11-01;18;1052
26;2025-11-01;19;824
26;2025-11-01;20;525
26;2025-11-01;21;375
26;2025-11-01;22;157
26;2025-11-01;23;123
26;2025-11-02;0;47
26;2025-11-02;1;4
26;2025-11-02;2;0
26;2025-11-02;3;0
26;2025-11-02;4;1
26;2025-11-02;5;20
26;2025-11-02;6;149
26;2025-11-02;7;245
26;2025-11-02;8;363
26;2025-11-02;9;498
26;2025-11-02;10;560
26;2025-11-02;11;783
26;2025-11-02;12;773
26;2025-11-02;13;832
26;2025-11-02;14;813
26;2025-11-02;15;743
26;2025-11-02;16;709
26;2025-11-02;17;733
26;2025-11-02;18;657
26;2025-11-02;19;481
26;2025-11-02;20;377
26;2025-11-02;21;262
26;2025-11-02;22;151
26;2025-11-02;23;100
26;2025-11-03;0;45
26;2025-11-03;1;3
26;2025-11-03;2;0
26;2025-11-03;3;0
26;2025-11-03;4;1
26;2025-11-03;5;19
26;2025-11-03;6;144
26;2025-11-03;7;237
26;2025-11-03;8;351
26;2025-11-03;9;481
26;2025-11-03;10;542
26;2025-11-03;11;757
26;2025-11-03;12;748
26;2025-11-03;13;804
26;2025-11-03;14;786
26;2025-11-03;15;719
26;2025-11-03;16;686
26;2025-11-03;17;709
26;2025-11-03;18;636
26;2025-11-03;19;465
26;2025-11-03;20;365
26;2025-11-03;21;253
26;2025-11-03;22;146
26;2025-11-03;23;97
26;2025-11-04;0;45
26;2025-11-04;1;3
26;2025-11-04;2;0
26;2025-11-04;3;0
26;2025-11-04;4;1
26;2025-11-04;5;19
26;2025-11-04;6;144
26;2025-11-04;7;237
26;2025-11-04;8;351
26;2025-11-04;9;481
26;2025-11-04;10;542
26;2025-11-04;11;757
26;2025-11-04;12;748
26;2025-11-04;13;804
26;2025-11-04;14;786
26;2025-11-04;15;719
26;2025-11-04;16;686
26;2025-11-04;17;709
26;2025-11-04;18;636
26;2025-11-04;19;465
26;2025-11-04;20;365
26;2025-11-04;21;253
26;2025-11-04;22;146
26;2025-11-04;23;97
26;2025-11-05;0;32
26;2025-11-05;1;0
26;2025-11-05;2;0
26;2025-11-05;3;0
26;2025-11-05;4;2
26;2025-11-05;5;94
26;2025-11-05;6;443
26;2025-11-05;7;1044
26;2025-11-05;8;2167
26;2025-11-05;9;1409
26;2025-11-05;10;1163
26;2025-11-05;11;1067
26;2025-11-05;12;1146
26;2025-11-05;13;1122
26;2025-11-05;14;1292
26;2025-11-05;15;1333
26;2025-11-05;16;1441
26;2025-11-05;17;1664
26;2025-11-05;18;1804
26;2025-11-05;19;1198
26;2025-11-05;20;714
26;2025-11-05;21;479
26;2025-11-05;22;195
26;2025-11-05;23;121
26;2025-11-06;0;32
26;2025-11-06;1;0
26;2025-11-06;2;0
26;2025-11-06;3;0
26;2025-11-06;4;2
26;2025-11-06;5;94
26;2025-11-06;6;443
26;2025-11-06;7;1044
26;2025-11-06;8;2167
26;2025-11-06;9;1409
26;2025-11-06;10;1163
26;2025-11-06;11;1067
26;2025-11-06;12;1146
26;2025-11-06;13;1122
26;2025-11-06;14;1292
26;2025-11-06;15;1333
26;2025-11-06;16;1441
26;2025-11-06;17;1664
26;2025-11-06;18;1804
26;2025-11-06;19;1198
26;2025-11-06;20;714
26;2025-11-06;21;479
26;2025-11-06;22;195
26;2025-11-06;23;121
26;2025-11-07;0;29
26;2025-11-07;1;1
26;2025-11-07;2;0
26;2025-11-07;3;0
26;2025-11-07;4;1
26;2025-11-07;5;79
26;2025-11-07;6;461
26;2025-11-07;7;973
26;2025-11-07;8;2109
26;2025-11-07;9;1320
26;2025-11-07;10;1186
26;2025-11-07;11;1059
26;2025-11-07;12;1051
26;2025-11-07;13;1084
26;2025-11-07;14;1298
26;2025-11-07;15;1282
26;2025-11-07;16;1567
26;2025-11-07;17;1688
26;2025-11-07;18;1237
26;2025-11-07;19;970
26;2025-11-07;20;617
26;2025-11-07;21;441
26;2025-11-07;22;185
26;2025-11-07;23;145
26;2025-11-08;0;50
26;2025-11-08;1;2
26;2025-11-08;2;0
26;2025-11-08;3;0
26;2025-11-08;4;2
26;2025-11-08;5;49
26;2025-11-08;6;221
26;2025-11-08;7;353
26;2025-11-08;8;589
26;2025-11-08;9;636
26;2025-11-08;10;788
26;2025-11-08;11;945
26;2025-11-08;12;1019
26;2025-11-08;13;995
26;2025-11-08;14;1043
26;2025-11-08;15;939
26;2025-11-08;16;985
26;2025-11-08;17;901
26;2025-11-08;18;832
26;2025-11-08;19;724
26;2025-11-08;20;510
26;2025-11-08;21;332
26;2025-11-08;22;191
26;2025-11-08;23;148
26;2025-11-09;0;47
26;2025-11-09;1;4
26;2025-11-09;2;0
26;2025-11-09;3;0
26;2025-11-09;4;1
26;2025-11-09;5;20
26;2025-11-09;6;149
26;2025-11-09;7;245
26;2025-11-09;8;363
26;2025-11-09;9;498
26;2025-11-09;10;560
26;2025-11-09;11;783
26;2025-11-09;12;773
26;2025-11-09;13;832
26;2025-11-09;14;813
26;2025-11-09;15;743
26;2025-11-09;16;709
26;2025-11-09;17;733
26;2025-11-09;18;657
26;2025-11-09;19;481
26;2025-11-09;20;377
26;2025-11-09;21;262
26;2025-11-09;22;151
26;2025-11-09;23;100
26;2025-11-10;0;24
26;2025-11-10;1;2
26;2025-11-10;2;0
26;2025-11-10;3;0
26;2025-11-10;4;1
26;2025-11-10;5;89
26;2025-11-10;6;439
26;2025-11-10;7;1078
26;2025-11-10;8;2106
26;2025-11-10;9;1339
26;2025-11-10;10;1158
26;2025-11-10;11;992
26;2025-11-10;12;1022
26;2025-11-10;13;1091
26;2025-11-10;14;1206
26;2025-11-10;15;1236
26;2025-11-10;16;1333
26;2025-11-10;17;1623
26;2025-11-10;18;1777
26;2025-11-10;19;1132
26;2025-11-10;20;704
26;2025-11-10;21;439
26;2025-11-10;22;182
26;2025-11-10;23;103
26;2025-11-11;0;32
26;2025-11-11;1;0
26;2025-11-11;2;0
26;2025-11-11;3;0
26;2025-11-11;4;2
26;2025-11-11;5;94
26;2025-11-11;6;443
26;2025-11-11;7;1044
26;2025-11-11;8;2167
26;2025-11-11;9;1409
26;2025-11-11;10;1163
26;2025-11-11;11;1067
26;2025-11-11;12;1146
26;2025-11-11;13;1122
26;2025-11-11;14;1292
26;2025-11-11;15;1333
26;2025-11-11;16;1441
26;2025-11-11;17;1664
26;2025-11-11;18;1804
26;2025-11-11;19;1198
26;2025-11-11;20;714
26;2025-11-11;21;479
26;2025-11-11;22;195
26;2025-11-11;23;121
26;2025-11-12;0;32
26;2025-11-12;1;0
26;2025-11-12;2;0
26;2025-11-12;3;0
26;2025-11-12;4;2
26;2025-11-12;5;94
26;2025-11-12;6;443
26;2025-11-12;7;1044
26;2025-11-12;8;2167
26;2025-11-12;9;1409
26;2025-11-12;10;1163
26;2025-11-12;11;1067
26;2025-11-12;12;1146
26;2025-11-12;13;1122
26;2025-11-12;14;1292
26;2025-11-12;15;1333
26;2025-11-12;16;1441
26;2025-11-12;17;1664
26;2025-11-12;18;1804
26;2025-11-12;19;1198
26;2025-11-12;20;714
26;2025-11-12;21;479
26;2025-11-12;22;195
26;2025-11-12;23;121
26;2025-11-13;0;32
26;2025-11-13;1;0
26;2025-11-13;2;0
26;2025-11-13;3;0
26;2025-11-13;4;2
26;2025-11-13;5;94
26;2025-11-13;6;443
26;2025-11-13;7;1044
26;2025-11-13;8;2167
26;2025-11-13;9;1409
26;2025-11-13;10;1163
26;2025-11-13;11;1067
26;2025-11-13;12;1146
26;2025-11-13;13;1122
26;2025-11-13;14;1292
26;2025-11-13;15;1333
26;2025-11-13;16;1441
26;2025-11-13;17;1664
26;2025-11-13;18;1804
26;2025-11-13;19;1198
26;2025-11-13;20;714
26;2025-11-13;21;479
26;2025-11-13;22;195
26;2025-11-13;23;121
26;2025-11-14;0;29
26;2025-11-14;1;1
26;2025-11-14;2;0
26;2025-11-14;3;0
26;2025-11-14;4;1
26;2025-11-14;5;79
26;2025-11-14;6;461
26;2025-11-14;7;973
26;2025-11-14;8;2109
26;2025-11-14;9;1320
26;2025-11-14;10;1186
26;2025-11-14;11;1059
26;2025-11-14;12;1051
26;2025-11-14;13;1084
26;2025-11-14;14;1298
26;2025-11-14;15;1282
26;2025-11-14;16;1567
26;2025-11-14;17;1688
26;2025-11-14;18;1237
26;2025-11-14;19;970
26;2025-11-14;20;617
26;2025-11-14;21;441
26;2025-11-14;22;185
26;2025-11-14;23;145
26;2025-11-15;0;47
26;2025-11-15;1;2
26;2025-11-15;2;0
26;2025-11-15;3;0
26;2025-11-15;4;2
26;2025-11-15;5;46
26;2025-11-15;6;209
26;2025-11-15;7;334
26;2025-11-15;8;559
26;2025-11-15;9;603
26;2025-11-15;10;747
26;2025-11-15;11;896
26;2025-11-15;12;966
26;2025-11-15;13;944
26;2025-11-15;14;989
26;2025-11-15;15;890
26;2025-11-15;16;934
26;2025-11-15;17;854
26;2025-11-15;18;789
26;2025-11-15;19;686
26;2025-11-15;20;484
26;2025-11-15;21;314
26;2025-11-15;22;181
26;2025-11-15;23;141
26;2025-11-16;0;47
26;2025-11-16;1;4
26;2025-11-16;2;0
26;2025-11-16;3;0
26;2025-11-16;4;1
26;2025-11-16;5;20
26;2025-11-16;6;149
26;2025-11-16;7;245
26;2025-11-16;8;363
26;2025-11-16;9;498
26;2025-11-16;10;560
26;2025-11-16;11;783
26;2025-11-16;12;773
26;2025-11-16;13;832
26;2025-11-16;14;813
26;2025-11-16;15;743
26;2025-11-16;16;709
26;2025-11-16;17;733
26;2025-11-16;18;657
26;2025-11-16;19;481
26;2025-11-16;20;377
26;2025-11-16;21;262
26;2025-11-16;22;151
26;2025-11-16;23;100
26;2025-11-17;0;24
26;2025-11-17;1;2
26;2025-11-17;2;0
26;2025-11-17;3;0
26;2025-11-17;4;1
26;2025-11-17;5;89
26;2025-11-17;6;439
26;2025-11-17;7;1078
26;2025-11-17;8;2106
26;2025-11-17;9;1339
26;2025-11-17;10;1158
26;2025-11-17;11;992
26;2025-11-17;12;1022
26;2025-11-17;13;1091
26;2025-11-17;14;1206
26;2025-11-17;15;1236
26;2025-11-17;16;1333
26;2025-11-17;17;1623
26;2025-11-17;18;1777
26;2025-11-17;19;1132
26;2025-11-17;20;704
26;2025-11-17;21;439
26;2025-11-17;22;182
26;2025-11-17;23;103
26;2025-11-18;0;32
26;2025-11-18;1;0
26;2025-11-18;2;0
26;2025-11-18;3;0
26;2025-11-18;4;2
26;2025-11-18;5;94
26;2025-11-18;6;443
26;2025-11-18;7;1044
26;2025-11-18;8;2167
26;2025-11-18;9;1409
26;2025-11-18;10;1163
26;2025-11-18;11;1067
26;2025-11-18;12;1146
26;2025-11-18;13;1122
26;2025-11-18;14;1292
26;2025-11-18;15;1333
26;2025-11-18;16;1441
26;2025-11-18;17;1664
26;2025-11-18;18;1804
26;2025-11-18;19;1198
26;2025-11-18;20;714
26;2025-11-18;21;479
26;2025-11-18;22;195
26;2025-11-18;23;121
26;2025-11-19;0;32
26;2025-11-19;1;0
26;2025-11-19;2;0
26;2025-11-19;3;0
26;2025-11-19;4;2
26;2025-11-19;5;94
26;2025-11-19;6;443
26;2025-11-19;7;1044
26;2025-11-19;8;2167
26;2025-11-19;9;1409
26;2025-11-19;10;1163
26;2025-11-19;11;1067
26;2025-11-19;12;1146
26;2025-11-19;13;1122
26;2025-11-19;14;1292
26;2025-11-19;15;1333
26;2025-11-19;16;1441
26;2025-11-19;17;1664
26;2025-11-19;18;1804
26;2025-11-19;19;1198
26;2025-11-19;20;714
26;2025-11-19;21;479
26;2025-11-19;22;195
26;2025-11-19;23;121
26;2025-11-20;0;32
26;2025-11-20;1;0
26;2025-11-20;2;0
26;2025-11-20;3;0
26;2025-11-20;4;2
26;2025-11-20;5;94
26;2025-11-20;6;443
26;2025-11-20;7;1044
26;2025-11-20;8;2167
26;2025-11-20;9;1409
26;2025-11-20;10;1163
26;2025-11-20;11;1067
26;2025-11-20;12;1146
26;2025-11-20;13;1122
26;2025-11-20;14;1292
26;2025-11-20;15;1333
26;2025-11-20;16;1441
26;2025-11-20;17;1664
26;2025-11-20;18;1804
26;2025-11-20;19;1198
26;2025-11-20;20;714
26;2025-11-20;21;479
26;2025-11-20;22;195
26;2025-11-20;23;121
26;2025-11-21;0;29
26;2025-11-21;1;1
26;2025-11-21;2;0
26;2025-11-21;3;0
26;2025-11-21;4;1
26;2025-11-21;5;79
26;2025-11-21;6;461
26;2025-11-21;7;973
26;2025-11-21;8;2109
26;2025-11-21;9;1320
26;2025-11-21;10;1186
26;2025-11-21;11;1059
26;2025-11-21;12;1051
26;2025-11-21;13;1084
26;2025-11-21;14;1298
26;2025-11-21;15;1282
26;2025-11-21;16;1567
26;2025-11-21;17;1688
26;2025-11-21;18;1237
26;2025-11-21;19;970
26;2025-11-21;20;617
26;2025-11-21;21;441
26;2025-11-21;22;185
26;2025-11-21;23;145
26;2025-11-22;0;50
26;2025-11-22;1;2
26;2025-11-22;2;0
26;2025-11-22;3;0
26;2025-11-22;4;2
26;2025-11-22;5;49
26;2025-11-22;6;221
26;2025-11-22;7;353
26;2025-11-22;8;589
26;2025-11-22;9;636
26;2025-11-22;10;788
26;2025-11-22;11;945
26;2025-11-22;12;1019
26;2025-11-22;13;995
26;2025-11-22;14;1043
26;2025-11-22;15;939
26;2025-11-22;16;985
26;2025-11-22;17;901
26;2025-11-22;18;832
26;2025-11-22;19;724
26;2025-11-22;20;510
26;2025-11-22;21;332
26;2025-11-22;22;191
26;2025-11-22;23;148
26;2025-11-23;0;47
26;2025-11-23;1;4
26;2025-11-23;2;0
26;2025-11-23;3;0
26;2025-11-23;4;1
26;2025-11-23;5;20
26;2025-11-23;6;149
26;2025-11-23;7;245
26;2025-11-23;8;363
26;2025-11-23;9;498
26;2025-11-23;10;560
26;2025-11-23;11;783
26;2025-11-23;12;773
26;2025-11-23;13;832
26;2025-11-23;14;813
26;2025-11-23;15;743
26;2025-11-23;16;709
26;2025-11-23;17;733
26;2025-11-23;18;657
26;2025-11-23;19;481
26;2025-11-23;20;377
26;2025-11-23;21;262
26;2025-11-23;22;151
26;2025-11-23;23;100
26;2025-11-24;0;24
26;2025-11-24;1;2
26;2025-11-24;2;0
26;2025-11-24;3;0
26;2025-11-24;4;1
26;2025-11-24;5;89
26;2025-11-24;6;439
26;2025-11-24;7;1078
26;2025-11-24;8;2106
26;2025-11-24;9;1339
26;2025-11-24;10;1158
26;2025-11-24;11;992
26;2025-11-24;12;1022
26;2025-11-24;13;1091
26;2025-11-24;14;1206
26;2025-11-24;15;1236
26;2025-11-24;16;1333
26;2025-11-24;17;1623
26;2025-11-24;18;1777
26;2025-11-24;19;1132
26;2025-11-24;20;704
26;2025-11-24;21;439
26;2025-11-24;22;182
26;2025-11-24;23;103
26;2025-11-25;0;32
26;2025-11-25;1;0
26;2025-11-25;2;0
26;2025-11-25;3;0
26;2025-11-25;4;2
26;2025-11-25;5;94
26;2025-11-25;6;443
26;2025-11-25;7;1044
26;2025-11-25;8;2167
26;2025-11-25;9;1409
26;2025-11-25;10;1163
26;2025-11-25;11;1067
26;2025-11-25;12;1146
26;2025-11-25;13;1122
26;2025-11-25;14;1292
26;2025-11-25;15;1333
26;2025-11-25;16;1441
26;2025-11-25;17;1664
26;2025-11-25;18;1804
26;2025-11-25;19;1198
26;2025-11-25;20;714
26;2025-11-25;21;479
26;2025-11-25;22;195
26;2025-11-25;23;121
26;2025-11-26;0;32
26;2025-11-26;1;0
26;2025-11-26;2;0
26;2025-11-26;3;0
26;2025-11-26;4;2
26;2025-11-26;5;94
26;2025-11-26;6;443
26;2025-11-26;7;1044
26;2025-11-26;8;2167
26;2025-11-26;9;1409
26;2025-11-26;10;1163
26;2025-11-26;11;1067
26;2025-11-26;12;1146
26;2025-11-26;13;1122
26;2025-11-26;14;1292
26;2025-11-26;15;1333
26;2025-11-26;16;1441
26;2025-11-26;17;1664
26;2025-11-26;18;1804
26;2025-11-26;19;1198
26;2025-11-26;20;714
26;2025-11-26;21;479
26;2025-11-26;22;195
26;2025-11-26;23;121
26;2025-11-27;0;32
26;2025-11-27;1;0
26;2025-11-27;2;0
26;2025-11-27;3;0
26;2025-11-27;4;2
26;2025-11-27;5;94
26;2025-11-27;6;443
26;2025-11-27;7;1044
26;2025-11-27;8;2167
26;2025-11-27;9;1409
26;2025-11-27;10;1163
26;2025-11-27;11;1067
26;2025-11-27;12;1146
26;2025-11-27;13;1122
26;2025-11-27;14;1292
26;2025-11-27;15;1333
26;2025-11-27;16;1441
26;2025-11-27;17;1664
26;2025-11-27;18;1804
26;2025-11-27;19;1198
26;2025-11-27;20;714
26;2025-11-27;21;479
26;2025-11-27;22;195
26;2025-11-27;23;121
26;2025-11-28;0;29
26;2025-11-28;1;1
26;2025-11-28;2;0
26;2025-11-28;3;0
26;2025-11-28;4;1
26;2025-11-28;5;79
26;2025-11-28;6;461
26;2025-11-28;7;973
26;2025-11-28;8;2109
26;2025-11-28;9;1320
26;2025-11-28;10;1186
26;2025-11-28;11;1059
26;2025-11-28;12;1051
26;2025-11-28;13;1084
26;2025-11-28;14;1298
26;2025-11-28;15;1282
26;2025-11-28;16;1567
26;2025-11-28;17;1688
26;2025-11-28;18;1237
26;2025-11-28;19;970
26;2025-11-28;20;617
26;2025-11-28;21;441
26;2025-11-28;22;185
26;2025-11-28;23;145
26;2025-11-29;0;50
26;2025-11-29;1;2
26;2025-11-29;2;0
26;2025-11-29;3;0
26;2025-11-29;4;2
26;2025-11-29;5;49
26;2025-11-29;6;221
26;2025-11-29;7;353
26;2025-11-29;8;589
26;2025-11-29;9;636
26;2025-11-29;10;788
26;2025-11-29;11;945
26;2025-11-29;12;1019
26;2025-11-29;13;995
26;2025-11-29;14;1043
26;2025-11-29;15;939
26;2025-11-29;16;985
26;2025-11-29;17;901
26;2025-11-29;18;832
26;2025-11-29;19;724
26;2025-11-29;20;510
26;2025-11-29;21;332
26;2025-11-29;22;191
26;2025-11-29;23;148
26;2025-11-30;0;47
26;2025-11-30;1;4
26;2025-11-30;2;0
26;2025-11-30;3;0
26;2025-11-30;4;1
26;2025-11-30;5;20
26;2025-11-30;6;149
26;2025-11-30;7;245
26;2025-11-30;8;363
26;2025-11-30;9;498
26;2025-11-30;10;560
26;2025-11-30;11;783
26;2025-11-30;12;773
26;2025-11-30;13;832
26;2025-11-30;14;813
26;2025-11-30;15;743
26;2025-11-30;16;709
26;2025-11-30;17;733
26;2025-11-30;18;657
26;2025-11-30;19;481
26;2025-11-30;20;377
26;2025-11-30;21;262
26;2025-11-30;22;151
26;2025-11-30;23;100
26;2025-12-01;0;24
26;2025-12-01;1;2
26;2025-12-01;2;0
26;2025-12-01;3;0
26;2025-12-01;4;1
26;2025-12-01;5;89
26;2025-12-01;6;439
26;2025-12-01;7;1078
26;2025-12-01;8;2106
26;2025-12-01;9;1339
26;2025-12-01;10;1158
26;2025-12-01;11;992
26;2025-12-01;12;1022
26;2025-12-01;13;1091
26;2025-12-01;14;1206
26;2025-12-01;15;1236
26;2025-12-01;16;1333
26;2025-12-01;17;1623
26;2025-12-01;18;1777
26;2025-12-01;19;1132
26;2025-12-01;20;704
26;2025-12-01;21;439
26;2025-12-01;22;182
26;2025-12-01;23;103
26;2025-12-02;0;32
26;2025-12-02;1;0
26;2025-12-02;2;0
26;2025-12-02;3;0
26;2025-12-02;4;2
26;2025-12-02;5;94
26;2025-12-02;6;443
26;2025-12-02;7;1044
26;2025-12-02;8;2167
26;2025-12-02;9;1409
26;2025-12-02;10;1163
26;2025-12-02;11;1067
26;2025-12-02;12;1146
26;2025-12-02;13;1122
26;2025-12-02;14;1292
26;2025-12-02;15;1333
26;2025-12-02;16;1441
26;2025-12-02;17;1664
26;2025-12-02;18;1804
26;2025-12-02;19;1198
26;2025-12-02;20;714
26;2025-12-02;21;479
26;2025-12-02;22;195
26;2025-12-02;23;121
26;2025-12-03;0;32
26;2025-12-03;1;0
26;2025-12-03;2;0
26;2025-12-03;3;0
26;2025-12-03;4;2
26;2025-12-03;5;94
26;2025-12-03;6;443
26;2025-12-03;7;1044
26;2025-12-03;8;2167
26;2025-12-03;9;1409
26;2025-12-03;10;1163
26;2025-12-03;11;1067
26;2025-12-03;12;1146
26;2025-12-03;13;1122
26;2025-12-03;14;1292
26;2025-12-03;15;1333
26;2025-12-03;16;1441
26;2025-12-03;17;1664
26;2025-12-03;18;1804
26;2025-12-03;19;1198
26;2025-12-03;20;714
26;2025-12-03;21;479
26;2025-12-03;22;195
26;2025-12-03;23;121
26;2025-12-04;0;32
26;2025-12-04;1;0
26;2025-12-04;2;0
26;2025-12-04;3;0
26;2025-12-04;4;2
26;2025-12-04;5;94
26;2025-12-04;6;443
26;2025-12-04;7;1044
26;2025-12-04;8;2167
26;2025-12-04;9;1409
26;2025-12-04;10;1163
26;2025-12-04;11;1067
26;2025-12-04;12;1146
26;2025-12-04;13;1122
26;2025-12-04;14;1292
26;2025-12-04;15;1333
26;2025-12-04;16;1441
26;2025-12-04;17;1664
26;2025-12-04;18;1804
26;2025-12-04;19;1198
26;2025-12-04;20;714
26;2025-12-04;21;479
26;2025-12-04;22;195
26;2025-12-04;23;121
26;2025-12-05;0;29
26;2025-12-05;1;1
26;2025-12-05;2;0
26;2025-12-05;3;0
26;2025-12-05;4;1
26;2025-12-05;5;79
26;2025-12-05;6;461
26;2025-12-05;7;973
26;2025-12-05;8;2109
26;2025-12-05;9;1320
26;2025-12-05;10;1186
26;2025-12-05;11;1059
26;2025-12-05;12;1051
26;2025-12-05;13;1084
26;2025-12-05;14;1298
26;2025-12-05;15;1282
26;2025-12-05;16;1567
26;2025-12-05;17;1688
26;2025-12-05;18;1237
26;2025-12-05;19;970
26;2025-12-05;20;617
26;2025-12-05;21;441
26;2025-12-05;22;185
26;2025-12-05;23;145
26;2025-12-06;0;50
26;2025-12-06;1;2
26;2025-12-06;2;0
26;2025-12-06;3;0
26;2025-12-06;4;2
26;2025-12-06;5;49
26;2025-12-06;6;221
26;2025-12-06;7;353
26;2025-12-06;8;589
26;2025-12-06;9;636
26;2025-12-06;10;788
26;2025-12-06;11;945
26;2025-12-06;12;1019
26;2025-12-06;13;995
26;2025-12-06;14;1043
26;2025-12-06;15;939
26;2025-12-06;16;985
26;2025-12-06;17;901
26;2025-12-06;18;832
26;2025-12-06;19;724
26;2025-12-06;20;510
26;2025-12-06;21;332
26;2025-12-06;22;191
26;2025-12-06;23;148
26;2025-12-07;0;47
26;2025-12-07;1;4
26;2025-12-07;2;0
26;2025-12-07;3;0
26;2025-12-07;4;1
26;2025-12-07;5;20
26;2025-12-07;6;149
26;2025-12-07;7;245
26;2025-12-07;8;363
26;2025-12-07;9;498
26;2025-12-07;10;560
26;2025-12-07;11;783
26;2025-12-07;12;773
26;2025-12-07;13;832
26;2025-12-07;14;813
26;2025-12-07;15;743
26;2025-12-07;16;709
26;2025-12-07;17;733
26;2025-12-07;18;657
26;2025-12-07;19;481
26;2025-12-07;20;377
26;2025-12-07;21;262
26;2025-12-07;22;151
26;2025-12-07;23;100
26;2025-12-08;0;24
26;2025-12-08;1;2
26;2025-12-08;2;0
26;2025-12-08;3;0
26;2025-12-08;4;1
26;2025-12-08;5;89
26;2025-12-08;6;439
26;2025-12-08;7;1078
26;2025-12-08;8;2106
26;2025-12-08;9;1339
26;2025-12-08;10;1158
26;2025-12-08;11;992
26;2025-12-08;12;1022
26;2025-12-08;13;1091
26;2025-12-08;14;1206
26;2025-12-08;15;1236
26;2025-12-08;16;1333
26;2025-12-08;17;1623
26;2025-12-08;18;1777
26;2025-12-08;19;1132
26;2025-12-08;20;704
26;2025-12-08;21;439
26;2025-12-08;22;182
26;2025-12-08;23;103
26;2025-12-09;0;32
26;2025-12-09;1;0
26;2025-12-09;2;0
26;2025-12-09;3;0
26;2025-12-09;4;2
26;2025-12-09;5;94
26;2025-12-09;6;443
26;2025-12-09;7;1044
26;2025-12-09;8;2167
26;2025-12-09;9;1409
26;2025-12-09;10;1163
26;2025-12-09;11;1067
26;2025-12-09;12;1146
26;2025-12-09;13;1122
26;2025-12-09;14;1292
26;2025-12-09;15;1333
26;2025-12-09;16;1441
26;2025-12-09;17;1664
26;2025-12-09;18;1804
26;2025-12-09;19;1198
26;2025-12-09;20;714
26;2025-12-09;21;479
26;2025-12-09;22;195
26;2025-12-09;23;121
26;2025-12-10;0;32
26;2025-12-10;1;0
26;2025-12-10;2;0
26;2025-12-10;3;0
26;2025-12-10;4;2
26;2025-12-10;5;94
26;2025-12-10;6;443
26;2025-12-10;7;1044
26;2025-12-10;8;2167
26;2025-12-10;9;1409
26;2025-12-10;10;1163
26;2025-12-10;11;1067
26;2025-12-10;12;1146
26;2025-12-10;13;1122
26;2025-12-10;14;1292
26;2025-12-10;15;1333
26;2025-12-10;16;1441
26;2025-12-10;17;1664
26;2025-12-10;18;1804
26;2025-12-10;19;1198
26;2025-12-10;20;714
26;2025-12-10;21;479
26;2025-12-10;22;195
26;2025-12-10;23;121
26;2025-12-11;0;32
26;2025-12-11;1;0
26;2025-12-11;2;0
26;2025-12-11;3;0
26;2025-12-11;4;2
26;2025-12-11;5;94
26;2025-12-11;6;443
26;2025-12-11;7;1044
26;2025-12-11;8;2167
26;2025-12-11;9;1409
26;2025-12-11;10;1163
26;2025-12-11;11;1067
26;2025-12-11;12;1146
26;2025-12-11;13;1122
26;2025-12-11;14;1292
26;2025-12-11;15;1333
26;2025-12-11;16;1441
26;2025-12-11;17;1664
26;2025-12-11;18;1804
26;2025-12-11;19;1198
26;2025-12-11;20;714
26;2025-12-11;21;479
26;2025-12-11;22;195
26;2025-12-11;23;121
26;2025-12-12;0;29
26;2025-12-12;1;1
26;2025-12-12;2;0
26;2025-12-12;3;0
26;2025-12-12;4;1
26;2025-12-12;5;79
26;2025-12-12;6;461
26;2025-12-12;7;973
26;2025-12-12;8;2109
26;2025-12-12;9;1320
26;2025-12-12;10;1186
26;2025-12-12;11;1059
26;2025-12-12;12;1051
26;2025-12-12;13;1084
26;2025-12-12;14;1298
26;2025-12-12;15;1282
26;2025-12-12;16;1567
26;2025-12-12;17;1688
26;2025-12-12;18;1237
26;2025-12-12;19;970
26;2025-12-12;20;617
26;2025-12-12;21;441
26;2025-12-12;22;185
26;2025-12-12;23;145
26;2025-12-13;0;50
26;2025-12-13;1;2
26;2025-12-13;2;0
26;2025-12-13;3;0
26;2025-12-13;4;2
26;2025-12-13;5;49
26;2025-12-13;6;221
26;2025-12-13;7;353
26;2025-12-13;8;589
26;2025-12-13;9;636
26;2025-12-13;10;788
26;2025-12-13;11;945
26;2025-12-13;12;1019
26;2025-12-13;13;995
26;2025-12-13;14;1043
26;2025-12-13;15;939
26;2025-12-13;16;985
26;2025-12-13;17;901
26;2025-12-13;18;832
26;2025-12-13;19;724
26;2025-12-13;20;510
26;2025-12-13;21;332
26;2025-12-13;22;191
26;2025-12-13;23;148
26;2025-12-14;0;47
26;2025-12-14;1;4
26;2025-12-14;2;0
26;2025-12-14;3;0
26;2025-12-14;4;1
26;2025-12-14;5;20
26;2025-12-14;6;149
26;2025-12-14;7;245
26;2025-12-14;8;363
26;2025-12-14;9;498
26;2025-12-14;10;560
26;2025-12-14;11;783
26;2025-12-14;12;773
26;2025-12-14;13;832
26;2025-12-14;14;813
26;2025-12-14;15;743
26;2025-12-14;16;709
26;2025-12-14;17;733
26;2025-12-14;18;657
26;2025-12-14;19;481
26;2025-12-14;20;377
26;2025-12-14;21;262
26;2025-12-14;22;151
26;2025-12-14;23;100
26;2025-12-15;0;24
26;2025-12-15;1;2
26;2025-12-15;2;0
26;2025-12-15;3;0
26;2025-12-15;4;1
26;2025-12-15;5;89
26;2025-12-15;6;439
26;2025-12-15;7;1078
26;2025-12-15;8;2106
26;2025-12-15;9;1339
26;2025-12-15;10;1158
26;2025-12-15;11;992
26;2025-12-15;12;1022
26;2025-12-15;13;1091
26;2025-12-15;14;1206
26;2025-12-15;15;1236
26;2025-12-15;16;1333
26;2025-12-15;17;1623
26;2025-12-15;18;1777
26;2025-12-15;19;1132
26;2025-12-15;20;704
26;2025-12-15;21;439
26;2025-12-15;22;182
26;2025-12-15;23;103
26;2025-12-16;0;32
26;2025-12-16;1;0
26;2025-12-16;2;0
26;2025-12-16;3;0
26;2025-12-16;4;2
26;2025-12-16;5;94
26;2025-12-16;6;443
26;2025-12-16;7;1044
26;2025-12-16;8;2167
26;2025-12-16;9;1409
26;2025-12-16;10;1163
26;2025-12-16;11;1067
26;2025-12-16;12;1146
26;2025-12-16;13;1122
26;2025-12-16;14;1292
26;2025-12-16;15;1333
26;2025-12-16;16;1441
26;2025-12-16;17;1664
26;2025-12-16;18;1804
26;2025-12-16;19;1198
26;2025-12-16;20;714
26;2025-12-16;21;479
26;2025-12-16;22;195
26;2025-12-16;23;121
26;2025-12-17;0;32
26;2025-12-17;1;0
26;2025-12-17;2;0
26;2025-12-17;3;0
26;2025-12-17;4;2
26;2025-12-17;5;94
26;2025-12-17;6;443
26;2025-12-17;7;1044
26;2025-12-17;8;2167
26;2025-12-17;9;1409
26;2025-12-17;10;1163
26;2025-12-17;11;1067
26;2025-12-17;12;1146
26;2025-12-17;13;1122
26;2025-12-17;14;1292
26;2025-12-17;15;1333
26;2025-12-17;16;1441
26;2025-12-17;17;1664
26;2025-12-17;18;1804
26;2025-12-17;19;1198
26;2025-12-17;20;714
26;2025-12-17;21;479
26;2025-12-17;22;195
26;2025-12-17;23;121
26;2025-12-18;0;32
26;2025-12-18;1;0
26;2025-12-18;2;0
26;2025-12-18;3;0
26;2025-12-18;4;2
26;2025-12-18;5;94
26;2025-12-18;6;443
26;2025-12-18;7;1044
26;2025-12-18;8;2167
26;2025-12-18;9;1409
26;2025-12-18;10;1163
26;2025-12-18;11;1067
26;2025-12-18;12;1146
26;2025-12-18;13;1122
26;2025-12-18;14;1292
26;2025-12-18;15;1333
26;2025-12-18;16;1441
26;2025-12-18;17;1664
26;2025-12-18;18;1804
26;2025-12-18;19;1198
26;2025-12-18;20;714
26;2025-12-18;21;479
26;2025-12-18;22;195
26;2025-12-18;23;121
26;2025-12-19;0;29
26;2025-12-19;1;1
26;2025-12-19;2;0
26;2025-12-19;3;0
26;2025-12-19;4;1
26;2025-12-19;5;79
26;2025-12-19;6;461
26;2025-12-19;7;973
26;2025-12-19;8;2109
26;2025-12-19;9;1320
26;2025-12-19;10;1186
26;2025-12-19;11;1059
26;2025-12-19;12;1051
26;2025-12-19;13;1084
26;2025-12-19;14;1298
26;2025-12-19;15;1282
26;2025-12-19;16;1567
26;2025-12-19;17;1688
26;2025-12-19;18;1237
26;2025-12-19;19;970
26;2025-12-19;20;617
26;2025-12-19;21;441
26;2025-12-19;22;185
26;2025-12-19;23;145
26;2025-12-20;0;50
26;2025-12-20;1;2
26;2025-12-20;2;0
26;2025-12-20;3;0
26;2025-12-20;4;2
26;2025-12-20;5;49
26;2025-12-20;6;221
26;2025-12-20;7;353
26;2025-12-20;8;589
26;2025-12-20;9;636
26;2025-12-20;10;788
26;2025-12-20;11;945
26;2025-12-20;12;1019
26;2025-12-20;13;995
26;2025-12-20;14;1043
26;2025-12-20;15;939
26;2025-12-20;16;985
26;2025-12-20;17;901
26;2025-12-20;18;832
26;2025-12-20;19;724
26;2025-12-20;20;510
26;2025-12-20;21;332
26;2025-12-20;22;191
26;2025-12-20;23;148
26;2025-12-21;0;47
26;2025-12-21;1;4
26;2025-12-21;2;0
26;2025-12-21;3;0
26;2025-12-21;4;1
26;2025-12-21;5;20
26;2025-12-21;6;149
26;2025-12-21;7;245
26;2025-12-21;8;363
26;2025-12-21;9;498
26;2025-12-21;10;560
26;2025-12-21;11;783
26;2025-12-21;12;773
26;2025-12-21;13;832
26;2025-12-21;14;813
26;2025-12-21;15;743
26;2025-12-21;16;709
26;2025-12-21;17;733
26;2025-12-21;18;657
26;2025-12-21;19;481
26;2025-12-21;20;377
26;2025-12-21;21;262
26;2025-12-21;22;151
26;2025-12-21;23;100
26;2025-12-22;0;24
26;2025-12-22;1;2
26;2025-12-22;2;0
26;2025-12-22;3;0
26;2025-12-22;4;1
26;2025-12-22;5;89
26;2025-12-22;6;439
26;2025-12-22;7;1078
26;2025-12-22;8;2106
26;2025-12-22;9;1339
26;2025-12-22;10;1158
26;2025-12-22;11;992
26;2025-12-22;12;1022
26;2025-12-22;13;1091
26;2025-12-22;14;1206
26;2025-12-22;15;1236
26;2025-12-22;16;1333
26;2025-12-22;17;1623
26;2025-12-22;18;1777
26;2025-12-22;19;1132
26;2025-12-22;20;704
26;2025-12-22;21;439
26;2025-12-22;22;182
26;2025-12-22;23;103
26;2025-12-23;0;32
26;2025-12-23;1;0
26;2025-12-23;2;0
26;2025-12-23;3;0
26;2025-12-23;4;2
26;2025-12-23;5;94
26;2025-12-23;6;443
26;2025-12-23;7;1044
26;2025-12-23;8;2167
26;2025-12-23;9;1409
26;2025-12-23;10;1163
26;2025-12-23;11;1067
26;2025-12-23;12;1146
26;2025-12-23;13;1122
26;2025-12-23;14;1292
26;2025-12-23;15;1333
26;2025-12-23;16;1441
26;2025-12-23;17;1664
26;2025-12-23;18;1804
26;2025-12-23;19;1198
26;2025-12-23;20;714
26;2025-12-23;21;479
26;2025-12-23;22;195
26;2025-12-23;23;121
26;2025-12-24;0;32
26;2025-12-24;1;0
26;2025-12-24;2;0
26;2025-12-24;3;0
26;2025-12-24;4;2
26;2025-12-24;5;94
26;2025-12-24;6;443
26;2025-12-24;7;1044
26;2025-12-24;8;2167
26;2025-12-24;9;1409
26;2025-12-24;10;1163
26;2025-12-24;11;1067
26;2025-12-24;12;1146
26;2025-12-24;13;1122
26;2025-12-24;14;1292
26;2025-12-24;15;1333
26;2025-12-24;16;1441
26;2025-12-24;17;1664
26;2025-12-24;18;1804
26;2025-12-24;19;1198
26;2025-12-24;20;714
26;2025-12-24;21;479
26;2025-12-24;22;195
26;2025-12-24;23;121
26;2025-12-25;0;32
26;2025-12-25;1;0
26;2025-12-25;2;0
26;2025-12-25;3;0
26;2025-12-25;4;2
26;2025-12-25;5;94
26;2025-12-25;6;443
26;2025-12-25;7;1044
26;2025-12-25;8;2167
26;2025-12-25;9;1409
26;2025-12-25;10;1163
26;2025-12-25;11;1067
26;2025-12-25;12;1146
26;2025-12-25;13;1122
26;2025-12-25;14;1292
26;2025-12-25;15;1333
26;2025-12-25;16;1441
26;2025-12-25;17;1664
26;2025-12-25;18;1804
26;2025-12-25;19;1198
26;2025-12-25;20;714
26;2025-12-25;21;479
26;2025-12-25;22;195
26;2025-12-25;23;121
26;2025-12-26;0;29
26;2025-12-26;1;1
26;2025-12-26;2;0
26;2025-12-26;3;0
26;2025-12-26;4;1
26;2025-12-26;5;79
26;2025-12-26;6;461
26;2025-12-26;7;973
26;2025-12-26;8;2109
26;2025-12-26;9;1320
26;2025-12-26;10;1186
26;2025-12-26;11;1059
26;2025-12-26;12;1051
26;2025-12-26;13;1084
26;2025-12-26;14;1298
26;2025-12-26;15;1282
26;2025-12-26;16;1567
26;2025-12-26;17;1688
26;2025-12-26;18;1237
26;2025-12-26;19;970
26;2025-12-26;20;617
26;2025-12-26;21;441
26;2025-12-26;22;185
26;2025-12-26;23;145
26;2025-12-27;0;50
26;2025-12-27;1;2
26;2025-12-27;2;0
26;2025-12-27;3;0
26;2025-12-27;4;2
26;2025-12-27;5;49
26;2025-12-27;6;221
26;2025-12-27;7;353
26;2025-12-27;8;589
26;2025-12-27;9;636
26;2025-12-27;10;788
26;2025-12-27;11;945
26;2025-12-27;12;1019
26;2025-12-27;13;995
26;2025-12-27;14;1043
26;2025-12-27;15;939
26;2025-12-27;16;985
26;2025-12-27;17;901
26;2025-12-27;18;832
26;2025-12-27;19;724
26;2025-12-27;20;510
26;2025-12-27;21;332
26;2025-12-27;22;191
26;2025-12-27;23;148
26;2025-12-28;0;47
26;2025-12-28;1;4
26;2025-12-28;2;0
26;2025-12-28;3;0
26;2025-12-28;4;1
26;2025-12-28;5;20
26;2025-12-28;6;149
26;2025-12-28;7;245
26;2025-12-28;8;363
26;2025-12-28;9;498
26;2025-12-28;10;560
26;2025-12-28;11;783
26;2025-12-28;12;773
26;2025-12-28;13;832
26;2025-12-28;14;813
26;2025-12-28;15;743
26;2025-12-28;16;709
26;2025-12-28;17;733
26;2025-12-28;18;657
26;2025-12-28;19;481
26;2025-12-28;20;377
26;2025-12-28;21;262
26;2025-12-28;22;151
26;2025-12-28;23;100
26;2025-12-29;0;25
26;2025-12-29;1;1
26;2025-12-29;2;0
26;2025-12-29;3;0
26;2025-12-29;4;1
26;2025-12-29;5;68
26;2025-12-29;6;397
26;2025-12-29;7;837
26;2025-12-29;8;1814
26;2025-12-29;9;1135
26;2025-12-29;10;1020
26;2025-12-29;11;911
26;2025-12-29;12;904
26;2025-12-29;13;932
26;2025-12-29;14;1116
26;2025-12-29;15;1103
26;2025-12-29;16;1348
26;2025-12-29;17;1452
26;2025-12-29;18;1064
26;2025-12-29;19;834
26;2025-12-29;20;531
26;2025-12-29;21;379
26;2025-12-29;22;159
26;2025-12-29;23;125
26;2025-12-30;0;25
26;2025-12-30;1;1
26;2025-12-30;2;0
26;2025-12-30;3;0
26;2025-12-30;4;1
26;2025-12-30;5;68
26;2025-12-30;6;397
26;2025-12-30;7;837
26;2025-12-30;8;1814
26;2025-12-30;9;1135
26;2025-12-30;10;1020
26;2025-12-30;11;911
26;2025-12-30;12;904
26;2025-12-30;13;932
26;2025-12-30;14;1116
26;2025-12-30;15;1103
26;2025-12-30;16;1348
26;2025-12-30;17;1452
26;2025-12-30;18;1064
26;2025-12-30;19;834
26;2025-12-30;20;531
26;2025-12-30;21;379
26;2025-12-30;22;159
26;2025-12-30;23;125
26;2025-12-31;0;42
26;2025-12-31;1;2
26;2025-12-31;2;0
26;2025-12-31;3;0
26;2025-12-31;4;1
26;2025-12-31;5;41
26;2025-12-31;6;187
26;2025-12-31;7;300
26;2025-12-31;8;501
26;2025-12-31;9;541
26;2025-12-31;10;670
26;2025-12-31;11;803
26;2025-12-31;12;866
26;2025-12-31;13;846
26;2025-12-31;14;887
26;2025-12-31;15;798
26;2025-12-31;16;837
26;2025-12-31;17;766
26;2025-12-31;18;707
26;2025-12-31;19;338
26;2025-12-31;20;238
26;2025-12-31;21;155
26;2025-12-31;22;89
26;2025-12-31;23;69
28;2025-11-01;0;1
28;2025-11-01;1;0
28;2025-11-01;2;0
28;2025-11-01;3;0
28;2025-11-01;4;1
28;2025-11-01;5;63
28;2025-11-01;6;232
28;2025-11-01;7;712
28;2025-11-01;8;1095
28;2025-11-01;9;701
28;2025-11-01;10;527
28;2025-11-01;11;503
28;2025-11-01;12;663
28;2025-11-01;13;604
28;2025-11-01;14;594
28;2025-11-01;15;610
28;2025-11-01;16;801
28;2025-11-01;17;839
28;2025-11-01;18;734
28;2025-11-01;19;547
28;2025-11-01;20;356
28;2025-11-01;21;276
28;2025-11-01;22;107
28;2025-11-01;23;16
28;2025-11-02;0;2
28;2025-11-02;1;0
28;2025-11-02;2;0
28;2025-11-02;3;0
28;2025-11-02;4;0
28;2025-11-02;5;29
28;2025-11-02;6;74
28;2025-11-02;7;159
28;2025-11-02;8;246
28;2025-11-02;9;341
28;2025-11-02;10;384
28;2025-11-02;11;421
28;2025-11-02;12;434
28;2025-11-02;13;529
28;2025-11-02;14;501
28;2025-11-02;15;497
28;2025-11-02;16;445
28;2025-11-02;17;481
28;2025-11-02;18;413
28;2025-11-02;19;373
28;2025-11-02;20;281
28;2025-11-02;21;226
28;2025-11-02;22;106
28;2025-11-02;23;12
28;2025-11-03;0;2
28;2025-11-03;1;0
28;2025-11-03;2;0
28;2025-11-03;3;0
28;2025-11-03;4;0
28;2025-11-03;5;28
28;2025-11-03;6;72
28;2025-11-03;7;154
28;2025-11-03;8;238
28;2025-11-03;9;330
28;2025-11-03;10;371
28;2025-11-03;11;407
28;2025-11-03;12;420
28;2025-11-03;13;512
28;2025-11-03;14;485
28;2025-11-03;15;481
28;2025-11-03;16;430
28;2025-11-03;17;465
28;2025-11-03;18;399
28;2025-11-03;19;361
28;2025-11-03;20;272
28;2025-11-03;21;218
28;2025-11-03;22;103
28;2025-11-03;23;12
28;2025-11-04;0;2
28;2025-11-04;1;0
28;2025-11-04;2;0
28;2025-11-04;3;0
28;2025-11-04;4;0
28;2025-11-04;5;28
28;2025-11-04;6;72
28;2025-11-04;7;154
28;2025-11-04;8;238
28;2025-11-04;9;330
28;2025-11-04;10;371
28;2025-11-04;11;407
28;2025-11-04;12;420
28;2025-11-04;13;512
28;2025-11-04;14;485
28;2025-11-04;15;481
28;2025-11-04;16;430
28;2025-11-04;17;465
28;2025-11-04;18;399
28;2025-11-04;19;361
28;2025-11-04;20;272
28;2025-11-04;21;218
28;2025-11-04;22;103
28;2025-11-04;23;12
28;2025-11-05;0;0
28;2025-11-05;1;0
28;2025-11-05;2;0
28;2025-11-05;3;0
28;2025-11-05;4;1
28;2025-11-05;5;76
28;2025-11-05;6;245
28;2025-11-05;7;779
28;2025-11-05;8;1288
28;2025-11-05;9;823
28;2025-11-05;10;609
28;2025-11-05;11;558
28;2025-11-05;12;691
28;2025-11-05;13;687
28;2025-11-05;14;659
28;2025-11-05;15;690
28;2025-11-05;16;880
28;2025-11-05;17;1053
28;2025-11-05;18;1031
28;2025-11-05;19;754
28;2025-11-05;20;530
28;2025-11-05;21;325
28;2025-11-05;22;118
28;2025-11-05;23;11
28;2025-11-06;0;0
28;2025-11-06;1;0
28;2025-11-06;2;0
28;2025-11-06;3;0
28;2025-11-06;4;1
28;2025-11-06;5;76
28;2025-11-06;6;245
28;2025-11-06;7;779
28;2025-11-06;8;1288
28;2025-11-06;9;823
28;2025-11-06;10;609
28;2025-11-06;11;558
28;2025-11-06;12;691
28;2025-11-06;13;687
28;2025-11-06;14;659
28;2025-11-06;15;690
28;2025-11-06;16;880
28;2025-11-06;17;1053
28;2025-11-06;18;1031
28;2025-11-06;19;754
28;2025-11-06;20;530
28;2025-11-06;21;325
28;2025-11-06;22;118
28;2025-11-06;23;11
28;2025-11-07;0;2
28;2025-11-07;1;0
28;2025-11-07;2;0
28;2025-11-07;3;0
28;2025-11-07;4;1
28;2025-11-07;5;74
28;2025-11-07;6;273
28;2025-11-07;7;838
28;2025-11-07;8;1289
28;2025-11-07;9;825
28;2025-11-07;10;620
28;2025-11-07;11;592
28;2025-11-07;12;780
28;2025-11-07;13;711
28;2025-11-07;14;699
28;2025-11-07;15;717
28;2025-11-07;16;942
28;2025-11-07;17;987
28;2025-11-07;18;863
28;2025-11-07;19;643
28;2025-11-07;20;419
28;2025-11-07;21;325
28;2025-11-07;22;126
28;2025-11-07;23;19
28;2025-11-08;0;2
28;2025-11-08;1;0
28;2025-11-08;2;0
28;2025-11-08;3;0
28;2025-11-08;4;1
28;2025-11-08;5;38
28;2025-11-08;6;104
28;2025-11-08;7;228
28;2025-11-08;8;397
28;2025-11-08;9;447
28;2025-11-08;10;488
28;2025-11-08;11;493
28;2025-11-08;12;584
28;2025-11-08;13;590
28;2025-11-08;14;547
28;2025-11-08;15;593
28;2025-11-08;16;596
28;2025-11-08;17;572
28;2025-11-08;18;493
28;2025-11-08;19;373
28;2025-11-08;20;276
28;2025-11-08;21;251
28;2025-11-08;22;100
28;2025-11-08;23;12
28;2025-11-09;0;2
28;2025-11-09;1;0
28;2025-11-09;2;0
28;2025-11-09;3;0
28;2025-11-09;4;0
28;2025-11-09;5;29
28;2025-11-09;6;74
28;2025-11-09;7;159
28;2025-11-09;8;246
28;2025-11-09;9;341
28;2025-11-09;10;384
28;2025-11-09;11;421
28;2025-11-09;12;434
28;2025-11-09;13;529
28;2025-11-09;14;501
28;2025-11-09;15;497
28;2025-11-09;16;445
28;2025-11-09;17;481
28;2025-11-09;18;413
28;2025-11-09;19;373
28;2025-11-09;20;281
28;2025-11-09;21;226
28;2025-11-09;22;106
28;2025-11-09;23;12
28;2025-11-10;0;0
28;2025-11-10;1;1
28;2025-11-10;2;0
28;2025-11-10;3;0
28;2025-11-10;4;2
28;2025-11-10;5;71
28;2025-11-10;6;246
28;2025-11-10;7;713
28;2025-11-10;8;1223
28;2025-11-10;9;800
28;2025-11-10;10;601
28;2025-11-10;11;515
28;2025-11-10;12;672
28;2025-11-10;13;654
28;2025-11-10;14;613
28;2025-11-10;15;592
28;2025-11-10;16;855
28;2025-11-10;17;957
28;2025-11-10;18;911
28;2025-11-10;19;679
28;2025-11-10;20;437
28;2025-11-10;21;280
28;2025-11-10;22;99
28;2025-11-10;23;3
28;2025-11-11;0;0
28;2025-11-11;1;0
28;2025-11-11;2;0
28;2025-11-11;3;0
28;2025-11-11;4;1
28;2025-11-11;5;76
28;2025-11-11;6;245
28;2025-11-11;7;779
28;2025-11-11;8;1288
28;2025-11-11;9;823
28;2025-11-11;10;609
28;2025-11-11;11;558
28;2025-11-11;12;691
28;2025-11-11;13;687
28;2025-11-11;14;659
28;2025-11-11;15;690
28;2025-11-11;16;880
28;2025-11-11;17;1053
28;2025-11-11;18;1031
28;2025-11-11;19;754
28;2025-11-11;20;530
28;2025-11-11;21;325
28;2025-11-11;22;118
28;2025-11-11;23;11
28;2025-11-12;0;0
28;2025-11-12;1;0
28;2025-11-12;2;0
28;2025-11-12;3;0
28;2025-11-12;4;1
28;2025-11-12;5;76
28;2025-11-12;6;245
28;2025-11-12;7;779
28;2025-11-12;8;1288
28;2025-11-12;9;823
28;2025-11-12;10;609
28;2025-11-12;11;558
28;2025-11-12;12;691
28;2025-11-12;13;687
28;2025-11-12;14;659
28;2025-11-12;15;690
28;2025-11-12;16;880
28;2025-11-12;17;1053
28;2025-11-12;18;1031
28;2025-11-12;19;754
28;2025-11-12;20;530
28;2025-11-12;21;325
28;2025-11-12;22;118
28;2025-11-12;23;11
28;2025-11-13;0;0
28;2025-11-13;1;0
28;2025-11-13;2;0
28;2025-11-13;3;0
28;2025-11-13;4;1
28;2025-11-13;5;76
28;2025-11-13;6;245
28;2025-11-13;7;779
28;2025-11-13;8;1288
28;2025-11-13;9;823
28;2025-11-13;10;609
28;2025-11-13;11;558
28;2025-11-13;12;691
28;2025-11-13;13;687
28;2025-11-13;14;659
28;2025-11-13;15;690
28;2025-11-13;16;880
28;2025-11-13;17;1053
28;2025-11-13;18;1031
28;2025-11-13;19;754
28;2025-11-13;20;530
28;2025-11-13;21;325
28;2025-11-13;22;118
28;2025-11-13;23;11
28;2025-11-14;0;2
28;2025-11-14;1;0
28;2025-11-14;2;0
28;2025-11-14;3;0
28;2025-11-14;4;1
28;2025-11-14;5;74
28;2025-11-14;6;273
28;2025-11-14;7;838
28;2025-11-14;8;1289
28;2025-11-14;9;825
28;2025-11-14;10;620
28;2025-11-14;11;592
28;2025-11-14;12;780
28;2025-11-14;13;711
28;2025-11-14;14;699
28;2025-11-14;15;717
28;2025-11-14;16;942
28;2025-11-14;17;987
28;2025-11-14;18;863
28;2025-11-14;19;643
28;2025-11-14;20;419
28;2025-11-14;21;325
28;2025-11-14;22;126
28;2025-11-14;23;19
28;2025-11-15;0;2
28;2025-11-15;1;0
28;2025-11-15;2;0
28;2025-11-15;3;0
28;2025-11-15;4;1
28;2025-11-15;5;36
28;2025-11-15;6;98
28;2025-11-15;7;216
28;2025-11-15;8;376
28;2025-11-15;9;424
28;2025-11-15;10;463
28;2025-11-15;11;468
28;2025-11-15;12;554
28;2025-11-15;13;559
28;2025-11-15;14;519
28;2025-11-15;15;562
28;2025-11-15;16;565
28;2025-11-15;17;542
28;2025-11-15;18;468
28;2025-11-15;19;354
28;2025-11-15;20;262
28;2025-11-15;21;238
28;2025-11-15;22;95
28;2025-11-15;23;11
28;2025-11-16;0;2
28;2025-11-16;1;0
28;2025-11-16;2;0
28;2025-11-16;3;0
28;2025-11-16;4;0
28;2025-11-16;5;29
28;2025-11-16;6;74
28;2025-11-16;7;159
28;2025-11-16;8;246
28;2025-11-16;9;341
28;2025-11-16;10;384
28;2025-11-16;11;421
28;2025-11-16;12;434
28;2025-11-16;13;529
28;2025-11-16;14;501
28;2025-11-16;15;497
28;2025-11-16;16;445
28;2025-11-16;17;481
28;2025-11-16;18;413
28;2025-11-16;19;373
28;2025-11-16;20;281
28;2025-11-16;21;226
28;2025-11-16;22;106
28;2025-11-16;23;12
28;2025-11-17;0;0
28;2025-11-17;1;1
28;2025-11-17;2;0
28;2025-11-17;3;0
28;2025-11-17;4;2
28;2025-11-17;5;71
28;2025-11-17;6;246
28;2025-11-17;7;713
28;2025-11-17;8;1223
28;2025-11-17;9;800
28;2025-11-17;10;601
28;2025-11-17;11;515
28;2025-11-17;12;672
28;2025-11-17;13;654
28;2025-11-17;14;613
28;2025-11-17;15;592
28;2025-11-17;16;855
28;2025-11-17;17;957
28;2025-11-17;18;911
28;2025-11-17;19;679
28;2025-11-17;20;437
28;2025-11-17;21;280
28;2025-11-17;22;99
28;2025-11-17;23;3
28;2025-11-18;0;0
28;2025-11-18;1;0
28;2025-11-18;2;0
28;2025-11-18;3;0
28;2025-11-18;4;1
28;2025-11-18;5;76
28;2025-11-18;6;245
28;2025-11-18;7;779
28;2025-11-18;8;1288
28;2025-11-18;9;823
28;2025-11-18;10;609
28;2025-11-18;11;558
28;2025-11-18;12;691
28;2025-11-18;13;687
28;2025-11-18;14;659
28;2025-11-18;15;690
28;2025-11-18;16;880
28;2025-11-18;17;1053
28;2025-11-18;18;1031
28;2025-11-18;19;754
28;2025-11-18;20;530
28;2025-11-18;21;325
28;2025-11-18;22;118
28;2025-11-18;23;11
28;2025-11-19;0;0
28;2025-11-19;1;0
28;2025-11-19;2;0
28;2025-11-19;3;0
28;2025-11-19;4;1
28;2025-11-19;5;76
28;2025-11-19;6;245
28;2025-11-19;7;779
28;2025-11-19;8;1288
28;2025-11-19;9;823
28;2025-11-19;10;609
28;2025-11-19;11;558
28;2025-11-19;12;691
28;2025-11-19;13;687
28;2025-11-19;14;659
28;2025-11-19;15;690
28;2025-11-19;16;880
28;2025-11-19;17;1053
28;2025-11-19;18;1031
28;2025-11-19;19;754
28;2025-11-19;20;530
28;2025-11-19;21;325
28;2025-11-19;22;118
28;2025-11-19;23;11
28;2025-11-20;0;0
28;2025-11-20;1;0
28;2025-11-20;2;0
28;2025-11-20;3;0
28;2025-11-20;4;1
28;2025-11-20;5;76
28;2025-11-20;6;245
28;2025-11-20;7;779
28;2025-11-20;8;1288
28;2025-11-20;9;823
28;2025-11-20;10;609
28;2025-11-20;11;558
28;2025-11-20;12;691
28;2025-11-20;13;687
28;2025-11-20;14;659
28;2025-11-20;15;690
28;2025-11-20;16;880
28;2025-11-20;17;1053
28;2025-11-20;18;1031
28;2025-11-20;19;754
28;2025-11-20;20;530
28;2025-11-20;21;325
28;2025-11-20;22;118
28;2025-11-20;23;11
28;2025-11-21;0;2
28;2025-11-21;1;0
28;2025-11-21;2;0
28;2025-11-21;3;0
28;2025-11-21;4;1
28;2025-11-21;5;74
28;2025-11-21;6;273
28;2025-11-21;7;838
28;2025-11-21;8;1289
28;2025-11-21;9;825
28;2025-11-21;10;620
28;2025-11-21;11;592
28;2025-11-21;12;780
28;2025-11-21;13;711
28;2025-11-21;14;699
28;2025-11-21;15;717
28;2025-11-21;16;942
28;2025-11-21;17;987
28;2025-11-21;18;863
28;2025-11-21;19;643
28;2025-11-21;20;419
28;2025-11-21;21;325
28;2025-11-21;22;126
28;2025-11-21;23;19
28;2025-11-22;0;2
28;2025-11-22;1;0
28;2025-11-22;2;0
28;2025-11-22;3;0
28;2025-11-22;4;1
28;2025-11-22;5;38
28;2025-11-22;6;104
28;2025-11-22;7;228
28;2025-11-22;8;397
28;2025-11-22;9;447
28;2025-11-22;10;488
28;2025-11-22;11;493
28;2025-11-22;12;584
28;2025-11-22;13;590
28;2025-11-22;14;547
28;2025-11-22;15;593
28;2025-11-22;16;596
28;2025-11-22;17;572
28;2025-11-22;18;493
28;2025-11-22;19;373
28;2025-11-22;20;276
28;2025-11-22;21;251
28;2025-11-22;22;100
28;2025-11-22;23;12
28;2025-11-23;0;2
28;2025-11-23;1;0
28;2025-11-23;2;0
28;2025-11-23;3;0
28;2025-11-23;4;0
28;2025-11-23;5;29
28;2025-11-23;6;74
28;2025-11-23;7;159
28;2025-11-23;8;246
28;2025-11-23;9;341
28;2025-11-23;10;384
28;2025-11-23;11;421
28;2025-11-23;12;434
28;2025-11-23;13;529
28;2025-11-23;14;501
28;2025-11-23;15;497
28;2025-11-23;16;445
28;2025-11-23;17;481
28;2025-11-23;18;413
28;2025-11-23;19;373
28;2025-11-23;20;281
28;2025-11-23;21;226
28;2025-11-23;22;106
28;2025-11-23;23;12
28;2025-11-24;0;0
28;2025-11-24;1;1
28;2025-11-24;2;0
28;2025-11-24;3;0
28;2025-11-24;4;2
28;2025-11-24;5;71
28;2025-11-24;6;246
28;2025-11-24;7;713
28;2025-11-24;8;1223
28;2025-11-24;9;800
28;2025-11-24;10;601
28;2025-11-24;11;515
28;2025-11-24;12;672
28;2025-11-24;13;654
28;2025-11-24;14;613
28;2025-11-24;15;592
28;2025-11-24;16;855
28;2025-11-24;17;957
28;2025-11-24;18;911
28;2025-11-24;19;679
28;2025-11-24;20;437
28;2025-11-24;21;280
28;2025-11-24;22;99
28;2025-11-24;23;3
28;2025-11-25;0;0
28;2025-11-25;1;0
28;2025-11-25;2;0
28;2025-11-25;3;0
28;2025-11-25;4;1
28;2025-11-25;5;76
28;2025-11-25;6;245
28;2025-11-25;7;779
28;2025-11-25;8;1288
28;2025-11-25;9;823
28;2025-11-25;10;609
28;2025-11-25;11;558
28;2025-11-25;12;691
28;2025-11-25;13;687
28;2025-11-25;14;659
28;2025-11-25;15;690
28;2025-11-25;16;880
28;2025-11-25;17;1053
28;2025-11-25;18;1031
28;2025-11-25;19;754
28;2025-11-25;20;530
28;2025-11-25;21;325
28;2025-11-25;22;118
28;2025-11-25;23;11
28;2025-11-26;0;0
28;2025-11-26;1;0
28;2025-11-26;2;0
28;2025-11-26;3;0
28;2025-11-26;4;1
28;2025-11-26;5;76
28;2025-11-26;6;245
28;2025-11-26;7;779
28;2025-11-26;8;1288
28;2025-11-26;9;823
28;2025-11-26;10;609
28;2025-11-26;11;558
28;2025-11-26;12;691
28;2025-11-26;13;687
28;2025-11-26;14;659
28;2025-11-26;15;690
28;2025-11-26;16;880
28;2025-11-26;17;1053
28;2025-11-26;18;1031
28;2025-11-26;19;754
28;2025-11-26;20;530
28;2025-11-26;21;325
28;2025-11-26;22;118
28;2025-11-26;23;11
28;2025-11-27;0;0
28;2025-11-27;1;0
28;2025-11-27;2;0
28;2025-11-27;3;0
28;2025-11-27;4;1
28;2025-11-27;5;76
28;2025-11-27;6;245
28;2025-11-27;7;779
28;2025-11-27;8;1288
28;2025-11-27;9;823
28;2025-11-27;10;609
28;2025-11-27;11;558
28;2025-11-27;12;691
28;2025-11-27;13;687
28;2025-11-27;14;659
28;2025-11-27;15;690
28;2025-11-27;16;880
28;2025-11-27;17;1053
28;2025-11-27;18;1031
28;2025-11-27;19;754
28;2025-11-27;20;530
28;2025-11-27;21;325
28;2025-11-27;22;118
28;2025-11-27;23;11
28;2025-11-28;0;2
28;2025-11-28;1;0
28;2025-11-28;2;0
28;2025-11-28;3;0
28;2025-11-28;4;1
28;2025-11-28;5;74
28;2025-11-28;6;273
28;2025-11-28;7;838
28;2025-11-28;8;1289
28;2025-11-28;9;825
28;2025-11-28;10;620
28;2025-11-28;11;592
28;2025-11-28;12;780
28;2025-11-28;13;711
28;2025-11-28;14;699
28;2025-11-28;15;717
28;2025-11-28;16;942
28;2025-11-28;17;987
28;2025-11-28;18;863
28;2025-11-28;19;643
28;2025-11-28;20;419
28;2025-11-28;21;325
28;2025-11-28;22;126
28;2025-11-28;23;19
28;2025-11-29;0;2
28;2025-11-29;1;0
28;2025-11-29;2;0
28;2025-11-29;3;0
28;2025-11-29;4;1
28;2025-11-29;5;38
28;2025-11-29;6;104
28;2025-11-29;7;228
28;2025-11-29;8;397
28;2025-11-29;9;447
28;2025-11-29;10;488
28;2025-11-29;11;493
28;2025-11-29;12;584
28;2025-11-29;13;590
28;2025-11-29;14;547
28;2025-11-29;15;593
28;2025-11-29;16;596
28;2025-11-29;17;572
28;2025-11-29;18;493
28;2025-11-29;19;373
28;2025-11-29;20;276
28;2025-11-29;21;251
28;2025-11-29;22;100
28;2025-11-29;23;12
28;2025-11-30;0;2
28;2025-11-30;1;0
28;2025-11-30;2;0
28;2025-11-30;3;0
28;2025-11-30;4;0
28;2025-11-30;5;29
28;2025-11-30;6;74
28;2025-11-30;7;159
28;2025-11-30;8;246
28;2025-11-30;9;341
28;2025-11-30;10;384
28;2025-11-30;11;421
28;2025-11-30;12;434
28;2025-11-30;13;529
28;2025-11-30;14;501
28;2025-11-30;15;497
28;2025-11-30;16;445
28;2025-11-30;17;481
28;2025-11-30;18;413
28;2025-11-30;19;373
28;2025-11-30;20;281
28;2025-11-30;21;226
28;2025-11-30;22;106
28;2025-11-30;23;12
28;2025-12-01;0;0
28;2025-12-01;1;1
28;2025-12-01;2;0
28;2025-12-01;3;0
28;2025-12-01;4;2
28;2025-12-01;5;71
28;2025-12-01;6;246
28;2025-12-01;7;713
28;2025-12-01;8;1223
28;2025-12-01;9;800
28;2025-12-01;10;601
28;2025-12-01;11;515
28;2025-12-01;12;672
28;2025-12-01;13;654
28;2025-12-01;14;613
28;2025-12-01;15;592
28;2025-12-01;16;855
28;2025-12-01;17;957
28;2025-12-01;18;911
28;2025-12-01;19;679
28;2025-12-01;20;437
28;2025-12-01;21;280
28;2025-12-01;22;99
28;2025-12-01;23;3
28;2025-12-02;0;0
28;2025-12-02;1;0
28;2025-12-02;2;0
28;2025-12-02;3;0
28;2025-12-02;4;1
28;2025-12-02;5;76
28;2025-12-02;6;245
28;2025-12-02;7;779
28;2025-12-02;8;1288
28;2025-12-02;9;823
28;2025-12-02;10;609
28;2025-12-02;11;558
28;2025-12-02;12;691
28;2025-12-02;13;687
28;2025-12-02;14;659
28;2025-12-02;15;690
28;2025-12-02;16;880
28;2025-12-02;17;1053
28;2025-12-02;18;1031
28;2025-12-02;19;754
28;2025-12-02;20;530
28;2025-12-02;21;325
28;2025-12-02;22;118
28;2025-12-02;23;11
28;2025-12-03;0;0
28;2025-12-03;1;0
28;2025-12-03;2;0
28;2025-12-03;3;0
28;2025-12-03;4;1
28;2025-12-03;5;76
28;2025-12-03;6;245
28;2025-12-03;7;779
28;2025-12-03;8;1288
28;2025-12-03;9;823
28;2025-12-03;10;609
28;2025-12-03;11;558
28;2025-12-03;12;691
28;2025-12-03;13;687
28;2025-12-03;14;659
28;2025-12-03;15;690
28;2025-12-03;16;880
28;2025-12-03;17;1053
28;2025-12-03;18;1031
28;2025-12-03;19;754
28;2025-12-03;20;530
28;2025-12-03;21;325
28;2025-12-03;22;118
28;2025-12-03;23;11
28;2025-12-04;0;0
28;2025-12-04;1;0
28;2025-12-04;2;0
28;2025-12-04;3;0
28;2025-12-04;4;1
28;2025-12-04;5;76
28;2025-12-04;6;245
28;2025-12-04;7;779
28;2025-12-04;8;1288
28;2025-12-04;9;823
28;2025-12-04;10;609
28;2025-12-04;11;558
28;2025-12-04;12;691
28;2025-12-04;13;687
28;2025-12-04;14;659
28;2025-12-04;15;690
28;2025-12-04;16;880
28;2025-12-04;17;1053
28;2025-12-04;18;1031
28;2025-12-04;19;754
28;2025-12-04;20;530
28;2025-12-04;21;325
28;2025-12-04;22;118
28;2025-12-04;23;11
28;2025-12-05;0;2
28;2025-12-05;1;0
28;2025-12-05;2;0
28;2025-12-05;3;0
28;2025-12-05;4;1
28;2025-12-05;5;74
28;2025-12-05;6;273
28;2025-12-05;7;838
28;2025-12-05;8;1289
28;2025-12-05;9;825
28;2025-12-05;10;620
28;2025-12-05;11;592
28;2025-12-05;12;780
28;2025-12-05;13;711
28;2025-12-05;14;699
28;2025-12-05;15;717
28;2025-12-05;16;942
28;2025-12-05;17;987
28;2025-12-05;18;863
28;2025-12-05;19;643
28;2025-12-05;20;419
28;2025-12-05;21;325
28;2025-12-05;22;126
28;2025-12-05;23;19
28;2025-12-06;0;2
28;2025-12-06;1;0
28;2025-12-06;2;0
28;2025-12-06;3;0
28;2025-12-06;4;1
28;2025-12-06;5;38
28;2025-12-06;6;104
28;2025-12-06;7;228
28;2025-12-06;8;397
28;2025-12-06;9;447
28;2025-12-06;10;488
28;2025-12-06;11;493
28;2025-12-06;12;584
28;2025-12-06;13;590
28;2025-12-06;14;547
28;2025-12-06;15;593
28;2025-12-06;16;596
28;2025-12-06;17;572
28;2025-12-06;18;493
28;2025-12-06;19;373
28;2025-12-06;20;276
28;2025-12-06;21;251
28;2025-12-06;22;100
28;2025-12-06;23;12
28;2025-12-07;0;2
28;2025-12-07;1;0
28;2025-12-07;2;0
28;2025-12-07;3;0
28;2025-12-07;4;0
28;2025-12-07;5;29
28;2025-12-07;6;74
28;2025-12-07;7;159
28;2025-12-07;8;246
28;2025-12-07;9;341
28;2025-12-07;10;384
28;2025-12-07;11;421
28;2025-12-07;12;434
28;2025-12-07;13;529
28;2025-12-07;14;501
28;2025-12-07;15;497
28;2025-12-07;16;445
28;2025-12-07;17;481
28;2025-12-07;18;413
28;2025-12-07;19;373
28;2025-12-07;20;281
28;2025-12-07;21;226
28;2025-12-07;22;106
28;2025-12-07;23;12
28;2025-12-08;0;0
28;2025-12-08;1;1
28;2025-12-08;2;0
28;2025-12-08;3;0
28;2025-12-08;4;2
28;2025-12-08;5;71
28;2025-12-08;6;246
28;2025-12-08;7;713
28;2025-12-08;8;1223
28;2025-12-08;9;800
28;2025-12-08;10;601
28;2025-12-08;11;515
28;2025-12-08;12;672
28;2025-12-08;13;654
28;2025-12-08;14;613
28;2025-12-08;15;592
28;2025-12-08;16;855
28;2025-12-08;17;957
28;2025-12-08;18;911
28;2025-12-08;19;679
28;2025-12-08;20;437
28;2025-12-08;21;280
28;2025-12-08;22;99
28;2025-12-08;23;3
28;2025-12-09;0;0
28;2025-12-09;1;0
28;2025-12-09;2;0
28;2025-12-09;3;0
28;2025-12-09;4;1
28;2025-12-09;5;76
28;2025-12-09;6;245
28;2025-12-09;7;779
28;2025-12-09;8;1288
28;2025-12-09;9;823
28;2025-12-09;10;609
28;2025-12-09;11;558
28;2025-12-09;12;691
28;2025-12-09;13;687
28;2025-12-09;14;659
28;2025-12-09;15;690
28;2025-12-09;16;880
28;2025-12-09;17;1053
28;2025-12-09;18;1031
28;2025-12-09;19;754
28;2025-12-09;20;530
28;2025-12-09;21;325
28;2025-12-09;22;118
28;2025-12-09;23;11
28;2025-12-10;0;0
28;2025-12-10;1;0
28;2025-12-10;2;0
28;2025-12-10;3;0
28;2025-12-10;4;1
28;2025-12-10;5;76
28;2025-12-10;6;245
28;2025-12-10;7;779
28;2025-12-10;8;1288
28;2025-12-10;9;823
28;2025-12-10;10;609
28;2025-12-10;11;558
28;2025-12-10;12;691
28;2025-12-10;13;687
28;2025-12-10;14;659
28;2025-12-10;15;690
28;2025-12-10;16;880
28;2025-12-10;17;1053
28;2025-12-10;18;1031
28;2025-12-10;19;754
28;2025-12-10;20;530
28;2025-12-10;21;325
28;2025-12-10;22;118
28;2025-12-10;23;11
28;2025-12-11;0;0
28;2025-12-11;1;0
28;2025-12-11;2;0
28;2025-12-11;3;0
28;2025-12-11;4;1
28;2025-12-11;5;76
28;2025-12-11;6;245
28;2025-12-11;7;779
28;2025-12-11;8;1288
28;2025-12-11;9;823
28;2025-12-11;10;609
28;2025-12-11;11;558
28;2025-12-11;12;691
28;2025-12-11;13;687
28;2025-12-11;14;659
28;2025-12-11;15;690
28;2025-12-11;16;880
28;2025-12-11;17;1053
28;2025-12-11;18;1031
28;2025-12-11;19;754
28;2025-12-11;20;530
28;2025-12-11;21;325
28;2025-12-11;22;118
28;2025-12-11;23;11
28;2025-12-12;0;2
28;2025-12-12;1;0
28;2025-12-12;2;0
28;2025-12-12;3;0
28;2025-12-12;4;1
28;2025-12-12;5;74
28;2025-12-12;6;273
28;2025-12-12;7;838
28;2025-12-12;8;1289
28;2025-12-12;9;825
28;2025-12-12;10;620
28;2025-12-12;11;592
28;2025-12-12;12;780
28;2025-12-12;13;711
28;2025-12-12;14;699
28;2025-12-12;15;717
28;2025-12-12;16;942
28;2025-12-12;17;987
28;2025-12-12;18;863
28;2025-12-12;19;643
28;2025-12-12;20;419
28;2025-12-12;21;325
28;2025-12-12;22;126
28;2025-12-12;23;19
28;2025-12-13;0;2
28;2025-12-13;1;0
28;2025-12-13;2;0
28;2025-12-13;3;0
28;2025-12-13;4;1
28;2025-12-13;5;38
28;2025-12-13;6;104
28;2025-12-13;7;228
28;2025-12-13;8;397
28;2025-12-13;9;447
28;2025-12-13;10;488
28;2025-12-13;11;493
28;2025-12-13;12;584
28;2025-12-13;13;590
28;2025-12-13;14;547
28;2025-12-13;15;593
28;2025-12-13;16;596
28;2025-12-13;17;572
28;2025-12-13;18;493
28;2025-12-13;19;373
28;2025-12-13;20;276
28;2025-12-13;21;251
28;2025-12-13;22;100
28;2025-12-13;23;12
28;2025-12-14;0;2
28;2025-12-14;1;0
28;2025-12-14;2;0
28;2025-12-14;3;0
28;2025-12-14;4;0
28;2025-12-14;5;29
28;2025-12-14;6;74
28;2025-12-14;7;159
28;2025-12-14;8;246
28;2025-12-14;9;341
28;2025-12-14;10;384
28;2025-12-14;11;421
28;2025-12-14;12;434
28;2025-12-14;13;529
28;2025-12-14;14;501
28;2025-12-14;15;497
28;2025-12-14;16;445
28;2025-12-14;17;481
28;2025-12-14;18;413
28;2025-12-14;19;373
28;2025-12-14;20;281
28;2025-12-14;21;226
28;2025-12-14;22;106
28;2025-12-14;23;12
28;2025-12-15;0;0
28;2025-12-15;1;1
28;2025-12-15;2;0
28;2025-12-15;3;0
28;2025-12-15;4;2
28;2025-12-15;5;71
28;2025-12-15;6;246
28;2025-12-15;7;713
28;2025-12-15;8;1223
28;2025-12-15;9;800
28;2025-12-15;10;601
28;2025-12-15;11;515
28;2025-12-15;12;672
28;2025-12-15;13;654
28;2025-12-15;14;613
28;2025-12-15;15;592
28;2025-12-15;16;855
28;2025-12-15;17;957
28;2025-12-15;18;911
28;2025-12-15;19;679
28;2025-12-15;20;437
28;2025-12-15;21;280
28;2025-12-15;22;99
28;2025-12-15;23;3
28;2025-12-16;0;0
28;2025-12-16;1;0
28;2025-12-16;2;0
28;2025-12-16;3;0
28;2025-12-16;4;1
28;2025-12-16;5;76
28;2025-12-16;6;245
28;2025-12-16;7;779
28;2025-12-16;8;1288
28;2025-12-16;9;823
28;2025-12-16;10;609
28;2025-12-16;11;558
28;2025-12-16;12;691
28;2025-12-16;13;687
28;2025-12-16;14;659
28;2025-12-16;15;690
28;2025-12-16;16;880
28;2025-12-16;17;1053
28;2025-12-16;18;1031
28;2025-12-16;19;754
28;2025-12-16;20;530
28;2025-12-16;21;325
28;2025-12-16;22;118
28;2025-12-16;23;11
28;2025-12-17;0;0
28;2025-12-17;1;0
28;2025-12-17;2;0
28;2025-12-17;3;0
28;2025-12-17;4;1
28;2025-12-17;5;76
28;2025-12-17;6;245
28;2025-12-17;7;779
28;2025-12-17;8;1288
28;2025-12-17;9;823
28;2025-12-17;10;609
28;2025-12-17;11;558
28;2025-12-17;12;691
28;2025-12-17;13;687
28;2025-12-17;14;659
28;2025-12-17;15;690
28;2025-12-17;16;880
28;2025-12-17;17;1053
28;2025-12-17;18;1031
28;2025-12-17;19;754
28;2025-12-17;20;530
28;2025-12-17;21;325
28;2025-12-17;22;118
28;2025-12-17;23;11
28;2025-12-18;0;0
28;2025-12-18;1;0
28;2025-12-18;2;0
28;2025-12-18;3;0
28;2025-12-18;4;1
28;2025-12-18;5;76
28;2025-12-18;6;245
28;2025-12-18;7;779
28;2025-12-18;8;1288
28;2025-12-18;9;823
28;2025-12-18;10;609
28;2025-12-18;11;558
28;2025-12-18;12;691
28;2025-12-18;13;687
28;2025-12-18;14;659
28;2025-12-18;15;690
28;2025-12-18;16;880
28;2025-12-18;17;1053
28;2025-12-18;18;1031
28;2025-12-18;19;754
28;2025-12-18;20;530
28;2025-12-18;21;325
28;2025-12-18;22;118
28;2025-12-18;23;11
28;2025-12-19;0;2
28;2025-12-19;1;0
28;2025-12-19;2;0
28;2025-12-19;3;0
28;2025-12-19;4;1
28;2025-12-19;5;74
28;2025-12-19;6;273
28;2025-12-19;7;838
28;2025-12-19;8;1289
28;2025-12-19;9;825
28;2025-12-19;10;620
28;2025-12-19;11;592
28;2025-12-19;12;780
28;2025-12-19;13;711
28;2025-12-19;14;699
28;2025-12-19;15;717
28;2025-12-19;16;942
28;2025-12-19;17;987
28;2025-12-19;18;863
28;2025-12-19;19;643
28;2025-12-19;20;419
28;2025-12-19;21;325
28;2025-12-19;22;126
28;2025-12-19;23;19
28;2025-12-20;0;2
28;2025-12-20;1;0
28;2025-12-20;2;0
28;2025-12-20;3;0
28;2025-12-20;4;1
28;2025-12-20;5;38
28;2025-12-20;6;104
28;2025-12-20;7;228
28;2025-12-20;8;397
28;2025-12-20;9;447
28;2025-12-20;10;488
28;2025-12-20;11;493
28;2025-12-20;12;584
28;2025-12-20;13;590
28;2025-12-20;14;547
28;2025-12-20;15;593
28;2025-12-20;16;596
28;2025-12-20;17;572
28;2025-12-20;18;493
28;2025-12-20;19;373
28;2025-12-20;20;276
28;2025-12-20;21;251
28;2025-12-20;22;100
28;2025-12-20;23;12
28;2025-12-21;0;2
28;2025-12-21;1;0
28;2025-12-21;2;0
28;2025-12-21;3;0
28;2025-12-21;4;0
28;2025-12-21;5;29
28;2025-12-21;6;74
28;2025-12-21;7;159
28;2025-12-21;8;246
28;2025-12-21;9;341
28;2025-12-21;10;384
28;2025-12-21;11;421
28;2025-12-21;12;434
28;2025-12-21;13;529
28;2025-12-21;14;501
28;2025-12-21;15;497
28;2025-12-21;16;445
28;2025-12-21;17;481
28;2025-12-21;18;413
28;2025-12-21;19;373
28;2025-12-21;20;281
28;2025-12-21;21;226
28;2025-12-21;22;106
28;2025-12-21;23;12
28;2025-12-22;0;0
28;2025-12-22;1;1
28;2025-12-22;2;0
28;2025-12-22;3;0
28;2025-12-22;4;2
28;2025-12-22;5;71
28;2025-12-22;6;246
28;2025-12-22;7;713
28;2025-12-22;8;1223
28;2025-12-22;9;800
28;2025-12-22;10;601
28;2025-12-22;11;515
28;2025-12-22;12;672
28;2025-12-22;13;654
28;2025-12-22;14;613
28;2025-12-22;15;592
28;2025-12-22;16;855
28;2025-12-22;17;957
28;2025-12-22;18;911
28;2025-12-22;19;679
28;2025-12-22;20;437
28;2025-12-22;21;280
28;2025-12-22;22;99
28;2025-12-22;23;3
28;2025-12-23;0;0
28;2025-12-23;1;0
28;2025-12-23;2;0
28;2025-12-23;3;0
28;2025-12-23;4;1
28;2025-12-23;5;76
28;2025-12-23;6;245
28;2025-12-23;7;779
28;2025-12-23;8;1288
28;2025-12-23;9;823
28;2025-12-23;10;609
28;2025-12-23;11;558
28;2025-12-23;12;691
28;2025-12-23;13;687
28;2025-12-23;14;659
28;2025-12-23;15;690
28;2025-12-23;16;880
28;2025-12-23;17;1053
28;2025-12-23;18;1031
28;2025-12-23;19;754
28;2025-12-23;20;530
28;2025-12-23;21;325
28;2025-12-23;22;118
28;2025-12-23;23;11
28;2025-12-24;0;0
28;2025-12-24;1;0
28;2025-12-24;2;0
28;2025-12-24;3;0
28;2025-12-24;4;1
28;2025-12-24;5;76
28;2025-12-24;6;245
28;2025-12-24;7;779
28;2025-12-24;8;1288
28;2025-12-24;9;823
28;2025-12-24;10;609
28;2025-12-24;11;558
28;2025-12-24;12;691
28;2025-12-24;13;687
28;2025-12-24;14;659
28;2025-12-24;15;690
28;2025-12-24;16;880
28;2025-12-24;17;1053
28;2025-12-24;18;1031
28;2025-12-24;19;754
28;2025-12-24;20;530
28;2025-12-24;21;325
28;2025-12-24;22;118
28;2025-12-24;23;11
28;2025-12-25;0;0
28;2025-12-25;1;0
28;2025-12-25;2;0
28;2025-12-25;3;0
28;2025-12-25;4;1
28;2025-12-25;5;76
28;2025-12-25;6;245
28;2025-12-25;7;779
28;2025-12-25;8;1288
28;2025-12-25;9;823
28;2025-12-25;10;609
28;2025-12-25;11;558
28;2025-12-25;12;691
28;2025-12-25;13;687
28;2025-12-25;14;659
28;2025-12-25;15;690
28;2025-12-25;16;880
28;2025-12-25;17;1053
28;2025-12-25;18;1031
28;2025-12-25;19;754
28;2025-12-25;20;530
28;2025-12-25;21;325
28;2025-12-25;22;118
28;2025-12-25;23;11
28;2025-12-26;0;2
28;2025-12-26;1;0
28;2025-12-26;2;0
28;2025-12-26;3;0
28;2025-12-26;4;1
28;2025-12-26;5;74
28;2025-12-26;6;273
28;2025-12-26;7;838
28;2025-12-26;8;1289
28;2025-12-26;9;825
28;2025-12-26;10;620
28;2025-12-26;11;592
28;2025-12-26;12;780
28;2025-12-26;13;711
28;2025-12-26;14;699
28;2025-12-26;15;717
28;2025-12-26;16;942
28;2025-12-26;17;987
28;2025-12-26;18;863
28;2025-12-26;19;643
28;2025-12-26;20;419
28;2025-12-26;21;325
28;2025-12-26;22;126
28;2025-12-26;23;19
28;2025-12-27;0;2
28;2025-12-27;1;0
28;2025-12-27;2;0
28;2025-12-27;3;0
28;2025-12-27;4;1
28;2025-12-27;5;38
28;2025-12-27;6;104
28;2025-12-27;7;228
28;2025-12-27;8;397
28;2025-12-27;9;447
28;2025-12-27;10;488
28;2025-12-27;11;493
28;2025-12-27;12;584
28;2025-12-27;13;590
28;2025-12-27;14;547
28;2025-12-27;15;593
28;2025-12-27;16;596
28;2025-12-27;17;572
28;2025-12-27;18;493
28;2025-12-27;19;373
28;2025-12-27;20;276
28;2025-12-27;21;251
28;2025-12-27;22;100
28;2025-12-27;23;12
28;2025-12-28;0;2
28;2025-12-28;1;0
28;2025-12-28;2;0
28;2025-12-28;3;0
28;2025-12-28;4;0
28;2025-12-28;5;29
28;2025-12-28;6;74
28;2025-12-28;7;159
28;2025-12-28;8;246
28;2025-12-28;9;341
28;2025-12-28;10;384
28;2025-12-28;11;421
28;2025-12-28;12;434
28;2025-12-28;13;529
28;2025-12-28;14;501
28;2025-12-28;15;497
28;2025-12-28;16;445
28;2025-12-28;17;481
28;2025-12-28;18;413
28;2025-12-28;19;373
28;2025-12-28;20;281
28;2025-12-28;21;226
28;2025-12-28;22;106
28;2025-12-28;23;12
28;2025-12-29;0;1
28;2025-12-29;1;0
28;2025-12-29;2;0
28;2025-12-29;3;0
28;2025-12-29;4;1
28;2025-12-29;5;64
28;2025-12-29;6;235
28;2025-12-29;7;721
28;2025-12-29;8;1108
28;2025-12-29;9;710
28;2025-12-29;10;533
28;2025-12-29;11;509
28;2025-12-29;12;671
28;2025-12-29;13;612
28;2025-12-29;14;601
28;2025-12-29;15;617
28;2025-12-29;16;810
28;2025-12-29;17;849
28;2025-12-29;18;743
28;2025-12-29;19;553
28;2025-12-29;20;360
28;2025-12-29;21;279
28;2025-12-29;22;108
28;2025-12-29;23;16
28;2025-12-30;0;1
28;2025-12-30;1;0
28;2025-12-30;2;0
28;2025-12-30;3;0
28;2025-12-30;4;1
28;2025-12-30;5;64
28;2025-12-30;6;235
28;2025-12-30;7;721
28;2025-12-30;8;1108
28;2025-12-30;9;710
28;2025-12-30;10;533
28;2025-12-30;11;509
28;2025-12-30;12;671
28;2025-12-30;13;612
28;2025-12-30;14;601
28;2025-12-30;15;617
28;2025-12-30;16;810
28;2025-12-30;17;849
28;2025-12-30;18;743
28;2025-12-30;19;553
28;2025-12-30;20;360
28;2025-12-30;21;279
28;2025-12-30;22;108
28;2025-12-30;23;16
28;2025-12-31;0;1
28;2025-12-31;1;0
28;2025-12-31;2;0
28;2025-12-31;3;0
28;2025-12-31;4;1
28;2025-12-31;5;32
28;2025-12-31;6;88
28;2025-12-31;7;194
28;2025-12-31;8;337
28;2025-12-31;9;380
28;2025-12-31;10;415
28;2025-12-31;11;419
28;2025-12-31;12;497
28;2025-12-31;13;501
28;2025-12-31;14;465
28;2025-12-31;15;504
28;2025-12-31;16;506
28;2025-12-31;17;486
28;2025-12-31;18;419
28;2025-12-31;19;175
28;2025-12-31;20;129
28;2025-12-31;21;117
28;2025-12-31;22;47
28;2025-12-31;23;5
50;2025-11-01;0;30
50;2025-11-01;1;1
50;2025-11-01;2;0
50;2025-11-01;3;0
50;2025-11-01;4;3
50;2025-11-01;5;57
50;2025-11-01;6;422
50;2025-11-01;7;1452
50;2025-11-01;8;2296
50;2025-11-01;9;1789
50;2025-11-01;10;1244
50;2025-11-01;11;1251
50;2025-11-01;12;1163
50;2025-11-01;13;1259
50;2025-11-01;14;1200
50;2025-11-01;15;1432
50;2025-11-01;16;1877
50;2025-11-01;17;1778
50;2025-11-01;18;1323
50;2025-11-01;19;982
50;2025-11-01;20;710
50;2025-11-01;21;450
50;2025-11-01;22;223
50;2025-11-01;23;134
50;2025-11-02;0;2
50;2025-11-02;1;0
50;2025-11-02;2;0
50;2025-11-02;3;0
50;2025-11-02;4;0
50;2025-11-02;5;0
50;2025-11-02;6;3
50;2025-11-02;7;5
50;2025-11-02;8;11
50;2025-11-02;9;8
50;2025-11-02;10;21
50;2025-11-02;11;72
50;2025-11-02;12;55
50;2025-11-02;13;67
50;2025-11-02;14;113
50;2025-11-02;15;92
50;2025-11-02;16;109
50;2025-11-02;17;97
50;2025-11-02;18;57
50;2025-11-02;19;63
50;2025-11-02;20;46
50;2025-11-02;21;29
50;2025-11-02;22;34
50;2025-11-02;23;10
50;2025-11-03;0;2
50;2025-11-03;1;0
50;2025-11-03;2;0
50;2025-11-03;3;0
50;2025-11-03;4;0
50;2025-11-03;5;0
50;2025-11-03;6;3
50;2025-11-03;7;5
50;2025-11-03;8;10
50;2025-11-03;9;8
50;2025-11-03;10;21
50;2025-11-03;11;69
50;2025-11-03;12;53
50;2025-11-03;13;65
50;2025-11-03;14;109
50;2025-11-03;15;89
50;2025-11-03;16;105
50;2025-11-03;17;94
50;2025-11-03;18;55
50;2025-11-03;19;61
50;2025-11-03;20;44
50;2025-11-03;21;28
50;2025-11-03;22;33
50;2025-11-03;23;9
50;2025-11-04;0;2
50;2025-11-04;1;0
50;2025-11-04;2;0
50;2025-11-04;3;0
50;2025-11-04;4;0
50;2025-11-04;5;0
50;2025-11-04;6;3
50;2025-11-04;7;5
50;2025-11-04;8;10
50;2025-11-04;9;8
50;2025-11-04;10;21
50;2025-11-04;11;69
50;2025-11-04;12;53
50;2025-11-04;13;65
50;2025-11-04;14;109
50;2025-11-04;15;89
50;2025-11-04;16;105
50;2025-11-04;17;94
50;2025-11-04;18;55
50;2025-11-04;19;61
50;2025-11-04;20;44
50;2025-11-04;21;28
50;2025-11-04;22;33
50;2025-11-04;23;9
50;2025-11-05;0;29
50;2025-11-05;1;2
50;2025-11-05;2;0
50;2025-11-05;3;0
50;2025-11-05;4;3
50;2025-11-05;5;73
50;2025-11-05;6;511
50;2025-11-05;7;1629
50;2025-11-05;8;2716
50;2025-11-05;9;2099
50;2025-11-05;10;1673
50;2025-11-05;11;1475
50;2025-11-05;12;1419
50;2025-11-05;13;1477
50;2025-11-05;14;1385
50;2025-11-05;15;1620
50;2025-11-05;16;1618
50;2025-11-05;17;2354
50;2025-11-05;18;2362
50;2025-11-05;19;1414
50;2025-11-05;20;915
50;2025-11-05;21;623
50;2025-11-05;22;236
50;2025-11-05;23;144
50;2025-11-06;0;29
50;2025-11-06;1;2
50;2025-11-06;2;0
50;2025-11-06;3;0
50;2025-11-06;4;3
50;2025-11-06;5;73
50;2025-11-06;6;511
50;2025-11-06;7;1629
50;2025-11-06;8;2716
50;2025-11-06;9;2099
50;2025-11-06;10;1673
50;2025-11-06;11;1475
50;2025-11-06;12;1419
50;2025-11-06;13;1477
50;2025-11-06;14;1385
50;2025-11-06;15;1620
50;2025-11-06;16;1618
50;2025-11-06;17;2354
50;2025-11-06;18;2362
50;2025-11-06;19;1414
50;2025-11-06;20;915
50;2025-11-06;21;623
50;2025-11-06;22;236
50;2025-11-06;23;144
50;2025-11-07;0;35
50;2025-11-07;1;1
50;2025-11-07;2;0
50;2025-11-07;3;0
50;2025-11-07;4;4
50;2025-11-07;5;67
50;2025-11-07;6;496
50;2025-11-07;7;1708
50;2025-11-07;8;2701
50;2025-11-07;9;2104
50;2025-11-07;10;1463
50;2025-11-07;11;1471
50;2025-11-07;12;1368
50;2025-11-07;13;1481
50;2025-11-07;14;1412
50;2025-11-07;15;1685
50;2025-11-07;16;2208
50;2025-11-07;17;2092
50;2025-11-07;18;1556
50;2025-11-07;19;1155
50;2025-11-07;20;835
50;2025-11-07;21;529
50;2025-11-07;22;262
50;2025-11-07;23;158
50;2025-11-08;0;50
50;2025-11-08;1;6
50;2025-11-08;2;0
50;2025-11-08;3;2
50;2025-11-08;4;0
50;2025-11-08;5;8
50;2025-11-08;6;10
50;2025-11-08;7;16
50;2025-11-08;8;32
50;2025-11-08;9;63
50;2025-11-08;10;23
50;2025-11-08;11;40
50;2025-11-08;12;72
50;2025-11-08;13;48
50;2025-11-08;14;58
50;2025-11-08;15;85
50;2025-11-08;16;55
50;2025-11-08;17;54
50;2025-11-08;18;13
50;2025-11-08;19;12
50;2025-11-08;20;8
50;2025-11-08;21;9
50;2025-11-08;22;9
50;2025-11-08;23;2
50;2025-11-09;0;2
50;2025-11-09;1;0
50;2025-11-09;2;0
50;2025-11-09;3;0
50;2025-11-09;4;0
50;2025-11-09;5;0
50;2025-11-09;6;3
50;2025-11-09;7;5
50;2025-11-09;8;11
50;2025-11-09;9;8
50;2025-11-09;10;21
50;2025-11-09;11;72
50;2025-11-09;12;55
50;2025-11-09;13;67
50;2025-11-09;14;113
50;2025-11-09;15;92
50;2025-11-09;16;109
50;2025-11-09;17;97
50;2025-11-09;18;57
50;2025-11-09;19;63
50;2025-11-09;20;46
50;2025-11-09;21;29
50;2025-11-09;22;34
50;2025-11-09;23;10
50;2025-11-10;0;8
50;2025-11-10;1;3
50;2025-11-10;2;2
50;2025-11-10;3;0
50;2025-11-10;4;4
50;2025-11-10;5;65
50;2025-11-10;6;503
50;2025-11-10;7;1645
50;2025-11-10;8;2732
50;2025-11-10;9;2201
50;2025-11-10;10;1585
50;2025-11-10;11;1398
50;2025-11-10;12;1274
50;2025-11-10;13;1427
50;2025-11-10;14;1347
50;2025-11-10;15;1601
50;2025-11-10;16;1559
50;2025-11-10;17;2215
50;2025-11-10;18;2427
50;2025-11-10;19;1239
50;2025-11-10;20;841
50;2025-11-10;21;610
50;2025-11-10;22;216
50;2025-11-10;23;116
50;2025-11-11;0;29
50;2025-11-11;1;2
50;2025-11-11;2;0
50;2025-11-11;3;0
50;2025-11-11;4;3
50;2025-11-11;5;73
50;2025-11-11;6;511
50;2025-11-11;7;1629
50;2025-11-11;8;2716
50;2025-11-11;9;2099
50;2025-11-11;10;1673
50;2025-11-11;11;1475
50;2025-11-11;12;1419
50;2025-11-11;13;1477
50;2025-11-11;14;1385
50;2025-11-11;15;1620
50;2025-11-11;16;1618
50;2025-11-11;17;2354
50;2025-11-11;18;2362
50;2025-11-11;19;1414
50;2025-11-11;20;915
50;2025-11-11;21;623
50;2025-11-11;22;236
50;2025-11-11;23;144
50;2025-11-12;0;29
50;2025-11-12;1;2
50;2025-11-12;2;0
50;2025-11-12;3;0
50;2025-11-12;4;3
50;2025-11-12;5;73
50;2025-11-12;6;511
50;2025-11-12;7;1629
50;2025-11-12;8;2716
50;2025-11-12;9;2099
50;2025-11-12;10;1673
50;2025-11-12;11;1475
50;2025-11-12;12;1419
50;2025-11-12;13;1477
50;2025-11-12;14;1385
50;2025-11-12;15;1620
50;2025-11-12;16;1618
50;2025-11-12;17;2354
50;2025-11-12;18;2362
50;2025-11-12;19;1414
50;2025-11-12;20;915
50;2025-11-12;21;623
50;2025-11-12;22;236
50;2025-11-12;23;144
50;2025-11-13;0;29
50;2025-11-13;1;2
50;2025-11-13;2;0
50;2025-11-13;3;0
50;2025-11-13;4;3
50;2025-11-13;5;73
50;2025-11-13;6;511
50;2025-11-13;7;1629
50;2025-11-13;8;2716
50;2025-11-13;9;2099
50;2025-11-13;10;1673
50;2025-11-13;11;1475
50;2025-11-13;12;1419
50;2025-11-13;13;1477
50;2025-11-13;14;1385
50;2025-11-13;15;1620
50;2025-11-13;16;1618
50;2025-11-13;17;2354
50;2025-11-13;18;2362
50;2025-11-13;19;1414
50;2025-11-13;20;915
50;2025-11-13;21;623
50;2025-11-13;22;236
50;2025-11-13;23;144
50;2025-11-14;0;35
50;2025-11-14;1;1
50;2025-11-14;2;0
50;2025-11-14;3;0
50;2025-11-14;4;4
50;2025-11-14;5;67
50;2025-11-14;6;496
50;2025-11-14;7;1708
50;2025-11-14;8;2701
50;2025-11-14;9;2104
50;2025-11-14;10;1463
50;2025-11-14;11;1471
50;2025-11-14;12;1368
50;2025-11-14;13;1481
50;2025-11-14;14;1412
50;2025-11-14;15;1685
50;2025-11-14;16;2208
50;2025-11-14;17;2092
50;2025-11-14;18;1556
50;2025-11-14;19;1155
50;2025-11-14;20;835
50;2025-11-14;21;529
50;2025-11-14;22;262
50;2025-11-14;23;158
50;2025-11-15;0;47
50;2025-11-15;1;6
50;2025-11-15;2;0
50;2025-11-15;3;2
50;2025-11-15;4;0
50;2025-11-15;5;8
50;2025-11-15;6;10
50;2025-11-15;7;15
50;2025-11-15;8;30
50;2025-11-15;9;60
50;2025-11-15;10;22
50;2025-11-15;11;38
50;2025-11-15;12;68
50;2025-11-15;13;45
50;2025-11-15;14;55
50;2025-11-15;15;81
50;2025-11-15;16;52
50;2025-11-15;17;51
50;2025-11-15;18;12
50;2025-11-15;19;11
50;2025-11-15;20;8
50;2025-11-15;21;8
50;2025-11-15;22;8
50;2025-11-15;23;2
50;2025-11-16;0;2
50;2025-11-16;1;0
50;2025-11-16;2;0
50;2025-11-16;3;0
50;2025-11-16;4;0
50;2025-11-16;5;0
50;2025-11-16;6;3
50;2025-11-16;7;5
50;2025-11-16;8;11
50;2025-11-16;9;8
50;2025-11-16;10;21
50;2025-11-16;11;72
50;2025-11-16;12;55
50;2025-11-16;13;67
50;2025-11-16;14;113
50;2025-11-16;15;92
50;2025-11-16;16;109
50;2025-11-16;17;97
50;2025-11-16;18;57
50;2025-11-16;19;63
50;2025-11-16;20;46
50;2025-11-16;21;29
50;2025-11-16;22;34
50;2025-11-16;23;10
50;2025-11-17;0;8
50;2025-11-17;1;3
50;2025-11-17;2;2
50;2025-11-17;3;0
50;2025-11-17;4;4
50;2025-11-17;5;65
50;2025-11-17;6;503
50;2025-11-17;7;1645
50;2025-11-17;8;2732
50;2025-11-17;9;2201
50;2025-11-17;10;1585
50;2025-11-17;11;1398
50;2025-11-17;12;1274
50;2025-11-17;13;1427
50;2025-11-17;14;1347
50;2025-11-17;15;1601
50;2025-11-17;16;1559
50;2025-11-17;17;2215
50;2025-11-17;18;2427
50;2025-11-17;19;1239
50;2025-11-17;20;841
50;2025-11-17;21;610
50;2025-11-17;22;216
50;2025-11-17;23;116
50;2025-11-18;0;29
50;2025-11-18;1;2
50;2025-11-18;2;0
50;2025-11-18;3;0
50;2025-11-18;4;3
50;2025-11-18;5;73
50;2025-11-18;6;511
50;2025-11-18;7;1629
50;2025-11-18;8;2716
50;2025-11-18;9;2099
50;2025-11-18;10;1673
50;2025-11-18;11;1475
50;2025-11-18;12;1419
50;2025-11-18;13;1477
50;2025-11-18;14;1385
50;2025-11-18;15;1620
50;2025-11-18;16;1618
50;2025-11-18;17;2354
50;2025-11-18;18;2362
50;2025-11-18;19;1414
50;2025-11-18;20;915
50;2025-11-18;21;623
50;2025-11-18;22;236
50;2025-11-18;23;144
50;2025-11-19;0;29
50;2025-11-19;1;2
50;2025-11-19;2;0
50;2025-11-19;3;0
50;2025-11-19;4;3
50;2025-11-19;5;73
50;2025-11-19;6;511
50;2025-11-19;7;1629
50;2025-11-19;8;2716
50;2025-11-19;9;2099
50;2025-11-19;10;1673
50;2025-11-19;11;1475
50;2025-11-19;12;1419
50;2025-11-19;13;1477
50;2025-11-19;14;1385
50;2025-11-19;15;1620
50;2025-11-19;16;1618
50;2025-11-19;17;2354
50;2025-11-19;18;2362
50;2025-11-19;19;1414
50;2025-11-19;20;915
50;2025-11-19;21;623
50;2025-11-19;22;236
50;2025-11-19;23;144
50;2025-11-20;0;29
50;2025-11-20;1;2
50;2025-11-20;2;0
50;2025-11-20;3;0
50;2025-11-20;4;3
50;2025-11-20;5;73
50;2025-11-20;6;511
50;2025-11-20;7;1629
50;2025-11-20;8;2716
50;2025-11-20;9;2099
50;2025-11-20;10;1673
50;2025-11-20;11;1475
50;2025-11-20;12;1419
50;2025-11-20;13;1477
50;2025-11-20;14;1385
50;2025-11-20;15;1620
50;2025-11-20;16;1618
50;2025-11-20;17;2354
50;2025-11-20;18;2362
50;2025-11-20;19;1414
50;2025-11-20;20;915
50;2025-11-20;21;623
50;2025-11-20;22;236
50;2025-11-20;23;144
50;2025-11-21;0;35
50;2025-11-21;1;1
50;2025-11-21;2;0
50;2025-11-21;3;0
50;2025-11-21;4;4
50;2025-11-21;5;67
50;2025-11-21;6;496
50;2025-11-21;7;1708
50;2025-11-21;8;2701
50;2025-11-21;9;2104
50;2025-11-21;10;1463
50;2025-11-21;11;1471
50;2025-11-21;12;1368
50;2025-11-21;13;1481
50;2025-11-21;14;1412
50;2025-11-21;15;1685
50;2025-11-21;16;2208
50;2025-11-21;17;2092
50;2025-11-21;18;1556
50;2025-11-21;19;1155
50;2025-11-21;20;835
50;2025-11-21;21;529
50;2025-11-21;22;262
50;2025-11-21;23;158
50;2025-11-22;0;50
50;2025-11-22;1;6
50;2025-11-22;2;0
50;2025-11-22;3;2
50;2025-11-22;4;0
50;2025-11-22;5;8
50;2025-11-22;6;10
50;2025-11-22;7;16
50;2025-11-22;8;32
50;2025-11-22;9;63
50;2025-11-22;10;23
50;2025-11-22;11;40
50;2025-11-22;12;72
50;2025-11-22;13;48
50;2025-11-22;14;58
50;2025-11-22;15;85
50;2025-11-22;16;55
50;2025-11-22;17;54
50;2025-11-22;18;13
50;2025-11-22;19;12
50;2025-11-22;20;8
50;2025-11-22;21;9
50;2025-11-22;22;9
50;2025-11-22;23;2
50;2025-11-23;0;2
50;2025-11-23;1;0
50;2025-11-23;2;0
50;2025-11-23;3;0
50;2025-11-23;4;0
50;2025-11-23;5;0
50;2025-11-23;6;3
50;2025-11-23;7;5
50;2025-11-23;8;11
50;2025-11-23;9;8
50;2025-11-23;10;21
50;2025-11-23;11;72
50;2025-11-23;12;55
50;2025-11-23;13;67
50;2025-11-23;14;113
50;2025-11-23;15;92
50;2025-11-23;16;109
50;2025-11-23;17;97
50;2025-11-23;18;57
50;2025-11-23;19;63
50;2025-11-23;20;46
50;2025-11-23;21;29
50;2025-11-23;22;34
50;2025-11-23;23;10
50;2025-11-24;0;8
50;2025-11-24;1;3
50;2025-11-24;2;2
50;2025-11-24;3;0
50;2025-11-24;4;4
50;2025-11-24;5;65
50;2025-11-24;6;503
50;2025-11-24;7;1645
50;2025-11-24;8;2732
50;2025-11-24;9;2201
50;2025-11-24;10;1585
50;2025-11-24;11;1398
50;2025-11-24;12;1274
50;2025-11-24;13;1427
50;2025-11-24;14;1347
50;2025-11-24;15;1601
50;2025-11-24;16;1559
50;2025-11-24;17;2215
50;2025-11-24;18;2427
50;2025-11-24;19;1239
50;2025-11-24;20;841
50;2025-11-24;21;610
50;2025-11-24;22;216
50;2025-11-24;23;116
50;2025-11-25;0;29
50;2025-11-25;1;2
50;2025-11-25;2;0
50;2025-11-25;3;0
50;2025-11-25;4;3
50;2025-11-25;5;73
50;2025-11-25;6;511
50;2025-11-25;7;1629
50;2025-11-25;8;2716
50;2025-11-25;9;2099
50;2025-11-25;10;1673
50;2025-11-25;11;1475
50;2025-11-25;12;1419
50;2025-11-25;13;1477
50;2025-11-25;14;1385
50;2025-11-25;15;1620
50;2025-11-25;16;1618
50;2025-11-25;17;2354
50;2025-11-25;18;2362
50;2025-11-25;19;1414
50;2025-11-25;20;915
50;2025-11-25;21;623
50;2025-11-25;22;236
50;2025-11-25;23;144
50;2025-11-26;0;29
50;2025-11-26;1;2
50;2025-11-26;2;0
50;2025-11-26;3;0
50;2025-11-26;4;3
50;2025-11-26;5;73
50;2025-11-26;6;511
50;2025-11-26;7;1629
50;2025-11-26;8;2716
50;2025-11-26;9;2099
50;2025-11-26;10;1673
50;2025-11-26;11;1475
50;2025-11-26;12;1419
50;2025-11-26;13;1477
50;2025-11-26;14;1385
50;2025-11-26;15;1620
50;2025-11-26;16;1618
50;2025-11-26;17;2354
50;2025-11-26;18;2362
50;2025-11-26;19;1414
50;2025-11-26;20;915
50;2025-11-26;21;623
50;2025-11-26;22;236
50;2025-11-26;23;144
50;2025-11-27;0;29
50;2025-11-27;1;2
50;2025-11-27;2;0
50;2025-11-27;3;0
50;2025-11-27;4;3
50;2025-11-27;5;73
50;2025-11-27;6;511
50;2025-11-27;7;1629
50;2025-11-27;8;2716
50;2025-11-27;9;2099
50;2025-11-27;10;1673
50;2025-11-27;11;1475
50;2025-11-27;12;1419
50;2025-11-27;13;1477
50;2025-11-27;14;1385
50;2025-11-27;15;1620
50;2025-11-27;16;1618
50;2025-11-27;17;2354
50;2025-11-27;18;2362
50;2025-11-27;19;1414
50;2025-11-27;20;915
50;2025-11-27;21;623
50;2025-11-27;22;236
50;2025-11-27;23;144
50;2025-11-28;0;35
50;2025-11-28;1;1
50;2025-11-28;2;0
50;2025-11-28;3;0
50;2025-11-28;4;4
50;2025-11-28;5;67
50;2025-11-28;6;496
50;2025-11-28;7;1708
50;2025-11-28;8;2701
50;2025-11-28;9;2104
50;2025-11-28;10;1463
50;2025-11-28;11;1471
50;2025-11-28;12;1368
50;2025-11-28;13;1481
50;2025-11-28;14;1412
50;2025-11-28;15;1685
50;2025-11-28;16;2208
50;2025-11-28;17;2092
50;2025-11-28;18;1556
50;2025-11-28;19;1155
50;2025-11-28;20;835
50;2025-11-28;21;529
50;2025-11-28;22;262
50;2025-11-28;23;158
50;2025-11-29;0;50
50;2025-11-29;1;6
50;2025-11-29;2;0
50;2025-11-29;3;2
50;2025-11-29;4;0
50;2025-11-29;5;8
50;2025-11-29;6;10
50;2025-11-29;7;16
50;2025-11-29;8;32
50;2025-11-29;9;63
50;2025-11-29;10;23
50;2025-11-29;11;40
50;2025-11-29;12;72
50;2025-11-29;13;48
50;2025-11-29;14;58
50;2025-11-29;15;85
50;2025-11-29;16;55
50;2025-11-29;17;54
50;2025-11-29;18;13
50;2025-11-29;19;12
50;2025-11-29;20;8
50;2025-11-29;21;9
50;2025-11-29;22;9
50;2025-11-29;23;2
50;2025-11-30;0;2
50;2025-11-30;1;0
50;2025-11-30;2;0
50;2025-11-30;3;0
50;2025-11-30;4;0
50;2025-11-30;5;0
50;2025-11-30;6;3
50;2025-11-30;7;5
50;2025-11-30;8;11
50;2025-11-30;9;8
50;2025-11-30;10;21
50;2025-11-30;11;72
50;2025-11-30;12;55
50;2025-11-30;13;67
50;2025-11-30;14;113
50;2025-11-30;15;92
50;2025-11-30;16;109
50;2025-11-30;17;97
50;2025-11-30;18;57
50;2025-11-30;19;63
50;2025-11-30;20;46
50;2025-11-30;21;29
50;2025-11-30;22;34
50;2025-11-30;23;10
50;2025-12-01;0;8
50;2025-12-01;1;3
50;2025-12-01;2;2
50;2025-12-01;3;0
50;2025-12-01;4;4
50;2025-12-01;5;65
50;2025-12-01;6;503
50;2025-12-01;7;1645
50;2025-12-01;8;2732
50;2025-12-01;9;2201
50;2025-12-01;10;1585
50;2025-12-01;11;1398
50;2025-12-01;12;1274
50;2025-12-01;13;1427
50;2025-12-01;14;1347
50;2025-12-01;15;1601
50;2025-12-01;16;1559
50;2025-12-01;17;2215
50;2025-12-01;18;2427
50;2025-12-01;19;1239
50;2025-12-01;20;841
50;2025-12-01;21;610
50;2025-12-01;22;216
50;2025-12-01;23;116
50;2025-12-02;0;29
50;2025-12-02;1;2
50;2025-12-02;2;0
50;2025-12-02;3;0
50;2025-12-02;4;3
50;2025-12-02;5;73
50;2025-12-02;6;511
50;2025-12-02;7;1629
50;2025-12-02;8;2716
50;2025-12-02;9;2099
50;2025-12-02;10;1673
50;2025-12-02;11;1475
50;2025-12-02;12;1419
50;2025-12-02;13;1477
50;2025-12-02;14;1385
50;2025-12-02;15;1620
50;2025-12-02;16;1618
50;2025-12-02;17;2354
50;2025-12-02;18;2362
50;2025-12-02;19;1414
50;2025-12-02;20;915
50;2025-12-02;21;623
50;2025-12-02;22;236
50;2025-12-02;23;144
50;2025-12-03;0;29
50;2025-12-03;1;2
50;2025-12-03;2;0
50;2025-12-03;3;0
50;2025-12-03;4;3
50;2025-12-03;5;73
50;2025-12-03;6;511
50;2025-12-03;7;1629
50;2025-12-03;8;2716
50;2025-12-03;9;2099
50;2025-12-03;10;1673
50;2025-12-03;11;1475
50;2025-12-03;12;1419
50;2025-12-03;13;1477
50;2025-12-03;14;1385
50;2025-12-03;15;1620
50;2025-12-03;16;1618
50;2025-12-03;17;2354
50;2025-12-03;18;2362
50;2025-12-03;19;1414
50;2025-12-03;20;915
50;2025-12-03;21;623
50;2025-12-03;22;236
50;2025-12-03;23;144
50;2025-12-04;0;29
50;2025-12-04;1;2
50;2025-12-04;2;0
50;2025-12-04;3;0
50;2025-12-04;4;3
50;2025-12-04;5;73
50;2025-12-04;6;511
50;2025-12-04;7;1629
50;2025-12-04;8;2716
50;2025-12-04;9;2099
50;2025-12-04;10;1673
50;2025-12-04;11;1475
50;2025-12-04;12;1419
50;2025-12-04;13;1477
50;2025-12-04;14;1385
50;2025-12-04;15;1620
50;2025-12-04;16;1618
50;2025-12-04;17;2354
50;2025-12-04;18;2362
50;2025-12-04;19;1414
50;2025-12-04;20;915
50;2025-12-04;21;623
50;2025-12-04;22;236
50;2025-12-04;23;144
50;2025-12-05;0;35
50;2025-12-05;1;1
50;2025-12-05;2;0
50;2025-12-05;3;0
50;2025-12-05;4;4
50;2025-12-05;5;67
50;2025-12-05;6;496
50;2025-12-05;7;1708
50;2025-12-05;8;2701
50;2025-12-05;9;2104
50;2025-12-05;10;1463
50;2025-12-05;11;1471
50;2025-12-05;12;1368
50;2025-12-05;13;1481
50;2025-12-05;14;1412
50;2025-12-05;15;1685
50;2025-12-05;16;2208
50;2025-12-05;17;2092
50;2025-12-05;18;1556
50;2025-12-05;19;1155
50;2025-12-05;20;835
50;2025-12-05;21;529
50;2025-12-05;22;262
50;2025-12-05;23;158
50;2025-12-06;0;50
50;2025-12-06;1;6
50;2025-12-06;2;0
50;2025-12-06;3;2
50;2025-12-06;4;0
50;2025-12-06;5;8
50;2025-12-06;6;10
50;2025-12-06;7;16
50;2025-12-06;8;32
50;2025-12-06;9;63
50;2025-12-06;10;23
50;2025-12-06;11;40
50;2025-12-06;12;72
50;2025-12-06;13;48
50;2025-12-06;14;58
50;2025-12-06;15;85
50;2025-12-06;16;55
50;2025-12-06;17;54
50;2025-12-06;18;13
50;2025-12-06;19;12
50;2025-12-06;20;8
50;2025-12-06;21;9
50;2025-12-06;22;9
50;2025-12-06;23;2
50;2025-12-07;0;2
50;2025-12-07;1;0
50;2025-12-07;2;0
50;2025-12-07;3;0
50;2025-12-07;4;0
50;2025-12-07;5;0
50;2025-12-07;6;3
50;2025-12-07;7;5
50;2025-12-07;8;11
50;2025-12-07;9;8
50;2025-12-07;10;21
50;2025-12-07;11;72
50;2025-12-07;12;55
50;2025-12-07;13;67
50;2025-12-07;14;113
50;2025-12-07;15;92
50;2025-12-07;16;109
50;2025-12-07;17;97
50;2025-12-07;18;57
50;2025-12-07;19;63
50;2025-12-07;20;46
50;2025-12-07;21;29
50;2025-12-07;22;34
50;2025-12-07;23;10
50;2025-12-08;0;8
50;2025-12-08;1;3
50;2025-12-08;2;2
50;2025-12-08;3;0
50;2025-12-08;4;4
50;2025-12-08;5;65
50;2025-12-08;6;503
50;2025-12-08;7;1645
50;2025-12-08;8;2732
50;2025-12-08;9;2201
50;2025-12-08;10;1585
50;2025-12-08;11;1398
50;2025-12-08;12;1274
50;2025-12-08;13;1427
50;2025-12-08;14;1347
50;2025-12-08;15;1601
50;2025-12-08;16;1559
50;2025-12-08;17;2215
50;2025-12-08;18;2427
50;2025-12-08;19;1239
50;2025-12-08;20;841
50;2025-12-08;21;610
50;2025-12-08;22;216
50;2025-12-08;23;116
50;2025-12-09;0;29
50;2025-12-09;1;2
50;2025-12-09;2;0
50;2025-12-09;3;0
50;2025-12-09;4;3
50;2025-12-09;5;73
50;2025-12-09;6;511
50;2025-12-09;7;1629
50;2025-12-09;8;2716
50;2025-12-09;9;2099
50;2025-12-09;10;1673
50;2025-12-09;11;1475
50;2025-12-09;12;1419
50;2025-12-09;13;1477
50;2025-12-09;14;1385
50;2025-12-09;15;1620
50;2025-12-09;16;1618
50;2025-12-09;17;2354
50;2025-12-09;18;2362
50;2025-12-09;19;1414
50;2025-12-09;20;915
50;2025-12-09;21;623
50;2025-12-09;22;236
50;2025-12-09;23;144
50;2025-12-10;0;29
50;2025-12-10;1;2
50;2025-12-10;2;0
50;2025-12-10;3;0
50;2025-12-10;4;3
50;2025-12-10;5;73
50;2025-12-10;6;511
50;2025-12-10;7;1629
50;2025-12-10;8;2716
50;2025-12-10;9;2099
50;2025-12-10;10;1673
50;2025-12-10;11;1475
50;2025-12-10;12;1419
50;2025-12-10;13;1477
50;2025-12-10;14;1385
50;2025-12-10;15;1620
50;2025-12-10;16;1618
50;2025-12-10;17;2354
50;2025-12-10;18;2362
50;2025-12-10;19;1414
50;2025-12-10;20;915
50;2025-12-10;21;623
50;2025-12-10;22;236
50;2025-12-10;23;144
50;2025-12-11;0;29
50;2025-12-11;1;2
50;2025-12-11;2;0
50;2025-12-11;3;0
50;2025-12-11;4;3
50;2025-12-11;5;73
50;2025-12-11;6;511
50;2025-12-11;7;1629
50;2025-12-11;8;2716
50;2025-12-11;9;2099
50;2025-12-11;10;1673
50;2025-12-11;11;1475
50;2025-12-11;12;1419
50;2025-12-11;13;1477
50;2025-12-11;14;1385
50;2025-12-11;15;1620
50;2025-12-11;16;1618
50;2025-12-11;17;2354
50;2025-12-11;18;2362
50;2025-12-11;19;1414
50;2025-12-11;20;915
50;2025-12-11;21;623
50;2025-12-11;22;236
50;2025-12-11;23;144
50;2025-12-12;0;35
50;2025-12-12;1;1
50;2025-12-12;2;0
50;2025-12-12;3;0
50;2025-12-12;4;4
50;2025-12-12;5;67
50;2025-12-12;6;496
50;2025-12-12;7;1708
50;2025-12-12;8;2701
50;2025-12-12;9;2104
50;2025-12-12;10;1463
50;2025-12-12;11;1471
50;2025-12-12;12;1368
50;2025-12-12;13;1481
50;2025-12-12;14;1412
50;2025-12-12;15;1685
50;2025-12-12;16;2208
50;2025-12-12;17;2092
50;2025-12-12;18;1556
50;2025-12-12;19;1155
50;2025-12-12;20;835
50;2025-12-12;21;529
50;2025-12-12;22;262
50;2025-12-12;23;158
50;2025-12-13;0;50
50;2025-12-13;1;6
50;2025-12-13;2;0
50;2025-12-13;3;2
50;2025-12-13;4;0
50;2025-12-13;5;8
50;2025-12-13;6;10
50;2025-12-13;7;16
50;2025-12-13;8;32
50;2025-12-13;9;63
50;2025-12-13;10;23
50;2025-12-13;11;40
50;2025-12-13;12;72
50;2025-12-13;13;48
50;2025-12-13;14;58
50;2025-12-13;15;85
50;2025-12-13;16;55
50;2025-12-13;17;54
50;2025-12-13;18;13
50;2025-12-13;19;12
50;2025-12-13;20;8
50;2025-12-13;21;9
50;2025-12-13;22;9
50;2025-12-13;23;2
50;2025-12-14;0;2
50;2025-12-14;1;0
50;2025-12-14;2;0
50;2025-12-14;3;0
50;2025-12-14;4;0
50;2025-12-14;5;0
50;2025-12-14;6;3
50;2025-12-14;7;5
50;2025-12-14;8;11
50;2025-12-14;9;8
50;2025-12-14;10;21
50;2025-12-14;11;72
50;2025-12-14;12;55
50;2025-12-14;13;67
50;2025-12-14;14;113
50;2025-12-14;15;92
50;2025-12-14;16;109
50;2025-12-14;17;97
50;2025-12-14;18;57
50;2025-12-14;19;63
50;2025-12-14;20;46
50;2025-12-14;21;29
50;2025-12-14;22;34
50;2025-12-14;23;10
50;2025-12-15;0;8
50;2025-12-15;1;3
50;2025-12-15;2;2
50;2025-12-15;3;0
50;2025-12-15;4;4
50;2025-12-15;5;65
50;2025-12-15;6;503
50;2025-12-15;7;1645
50;2025-12-15;8;2732
50;2025-12-15;9;2201
50;2025-12-15;10;1585
50;2025-12-15;11;1398
50;2025-12-15;12;1274
50;2025-12-15;13;1427
50;2025-12-15;14;1347
50;2025-12-15;15;1601
50;2025-12-15;16;1559
50;2025-12-15;17;2215
50;2025-12-15;18;2427
50;2025-12-15;19;1239
50;2025-12-15;20;841
50;2025-12-15;21;610
50;2025-12-15;22;216
50;2025-12-15;23;116
50;2025-12-16;0;29
50;2025-12-16;1;2
50;2025-12-16;2;0
50;2025-12-16;3;0
50;2025-12-16;4;3
50;2025-12-16;5;73
50;2025-12-16;6;511
50;2025-12-16;7;1629
50;2025-12-16;8;2716
50;2025-12-16;9;2099
50;2025-12-16;10;1673
50;2025-12-16;11;1475
50;2025-12-16;12;1419
50;2025-12-16;13;1477
50;2025-12-16;14;1385
50;2025-12-16;15;1620
50;2025-12-16;16;1618
50;2025-12-16;17;2354
50;2025-12-16;18;2362
50;2025-12-16;19;1414
50;2025-12-16;20;915
50;2025-12-16;21;623
50;2025-12-16;22;236
50;2025-12-16;23;144
50;2025-12-17;0;29
50;2025-12-17;1;2
50;2025-12-17;2;0
50;2025-12-17;3;0
50;2025-12-17;4;3
50;2025-12-17;5;73
50;2025-12-17;6;511
50;2025-12-17;7;1629
50;2025-12-17;8;2716
50;2025-12-17;9;2099
50;2025-12-17;10;1673
50;2025-12-17;11;1475
50;2025-12-17;12;1419
50;2025-12-17;13;1477
50;2025-12-17;14;1385
50;2025-12-17;15;1620
50;2025-12-17;16;1618
50;2025-12-17;17;2354
50;2025-12-17;18;2362
50;2025-12-17;19;1414
50;2025-12-17;20;915
50;2025-12-17;21;623
50;2025-12-17;22;236
50;2025-12-17;23;144
50;2025-12-18;0;29
50;2025-12-18;1;2
50;2025-12-18;2;0
50;2025-12-18;3;0
50;2025-12-18;4;3
50;2025-12-18;5;73
50;2025-12-18;6;511
50;2025-12-18;7;1629
50;2025-12-18;8;2716
50;2025-12-18;9;2099
50;2025-12-18;10;1673
50;2025-12-18;11;1475
50;2025-12-18;12;1419
50;2025-12-18;13;1477
50;2025-12-18;14;1385
50;2025-12-18;15;1620
50;2025-12-18;16;1618
50;2025-12-18;17;2354
50;2025-12-18;18;2362
50;2025-12-18;19;1414
50;2025-12-18;20;915
50;2025-12-18;21;623
50;2025-12-18;22;236
50;2025-12-18;23;144
50;2025-12-19;0;35
50;2025-12-19;1;1
50;2025-12-19;2;0
50;2025-12-19;3;0
50;2025-12-19;4;4
50;2025-12-19;5;67
50;2025-12-19;6;496
50;2025-12-19;7;1708
50;2025-12-19;8;2701
50;2025-12-19;9;2104
50;2025-12-19;10;1463
50;2025-12-19;11;1471
50;2025-12-19;12;1368
50;2025-12-19;13;1481
50;2025-12-19;14;1412
50;2025-12-19;15;1685
50;2025-12-19;16;2208
50;2025-12-19;17;2092
50;2025-12-19;18;1556
50;2025-12-19;19;1155
50;2025-12-19;20;835
50;2025-12-19;21;529
50;2025-12-19;22;262
50;2025-12-19;23;158
50;2025-12-20;0;50
50;2025-12-20;1;6
50;2025-12-20;2;0
50;2025-12-20;3;2
50;2025-12-20;4;0
50;2025-12-20;5;8
50;2025-12-20;6;10
50;2025-12-20;7;16
50;2025-12-20;8;32
50;2025-12-20;9;63
50;2025-12-20;10;23
50;2025-12-20;11;40
50;2025-12-20;12;72
50;2025-12-20;13;48
50;2025-12-20;14;58
50;2025-12-20;15;85
50;2025-12-20;16;55
50;2025-12-20;17;54
50;2025-12-20;18;13
50;2025-12-20;19;12
50;2025-12-20;20;8
50;2025-12-20;21;9
50;2025-12-20;22;9
50;2025-12-20;23;2
50;2025-12-21;0;2
50;2025-12-21;1;0
50;2025-12-21;2;0
50;2025-12-21;3;0
50;2025-12-21;4;0
50;2025-12-21;5;0
50;2025-12-21;6;3
50;2025-12-21;7;5
50;2025-12-21;8;11
50;2025-12-21;9;8
50;2025-12-21;10;21
50;2025-12-21;11;72
50;2025-12-21;12;55
50;2025-12-21;13;67
50;2025-12-21;14;113
50;2025-12-21;15;92
50;2025-12-21;16;109
50;2025-12-21;17;97
50;2025-12-21;18;57
50;2025-12-21;19;63
50;2025-12-21;20;46
50;2025-12-21;21;29
50;2025-12-21;22;34
50;2025-12-21;23;10
50;2025-12-22;0;8
50;2025-12-22;1;3
50;2025-12-22;2;2
50;2025-12-22;3;0
50;2025-12-22;4;4
50;2025-12-22;5;65
50;2025-12-22;6;503
50;2025-12-22;7;1645
50;2025-12-22;8;2732
50;2025-12-22;9;2201
50;2025-12-22;10;1585
50;2025-12-22;11;1398
50;2025-12-22;12;1274
50;2025-12-22;13;1427
50;2025-12-22;14;1347
50;2025-12-22;15;1601
50;2025-12-22;16;1559
50;2025-12-22;17;2215
50;2025-12-22;18;2427
50;2025-12-22;19;1239
50;2025-12-22;20;841
50;2025-12-22;21;610
50;2025-12-22;22;216
50;2025-12-22;23;116
50;2025-12-23;0;29
50;2025-12-23;1;2
50;2025-12-23;2;0
50;2025-12-23;3;0
50;2025-12-23;4;3
50;2025-12-23;5;73
50;2025-12-23;6;511
50;2025-12-23;7;1629
50;2025-12-23;8;2716
50;2025-12-23;9;2099
50;2025-12-23;10;1673
50;2025-12-23;11;1475
50;2025-12-23;12;1419
50;2025-12-23;13;1477
50;2025-12-23;14;1385
50;2025-12-23;15;1620
50;2025-12-23;16;1618
50;2025-12-23;17;2354
50;2025-12-23;18;2362
50;2025-12-23;19;1414
50;2025-12-23;20;915
50;2025-12-23;21;623
50;2025-12-23;22;236
50;2025-12-23;23;144
50;2025-12-24;0;29
50;2025-12-24;1;2
50;2025-12-24;2;0
50;2025-12-24;3;0
50;2025-12-24;4;3
50;2025-12-24;5;73
50;2025-12-24;6;511
50;2025-12-24;7;1629
50;2025-12-24;8;2716
50;2025-12-24;9;2099
50;2025-12-24;10;1673
50;2025-12-24;11;1475
50;2025-12-24;12;1419
50;2025-12-24;13;1477
50;2025-12-24;14;1385
50;2025-12-24;15;1620
50;2025-12-24;16;1618
50;2025-12-24;17;2354
50;2025-12-24;18;2362
50;2025-12-24;19;1414
50;2025-12-24;20;915
50;2025-12-24;21;623
50;2025-12-24;22;236
50;2025-12-24;23;144
50;2025-12-25;0;29
50;2025-12-25;1;2
50;2025-12-25;2;0
50;2025-12-25;3;0
50;2025-12-25;4;3
50;2025-12-25;5;73
50;2025-12-25;6;511
50;2025-12-25;7;1629
50;2025-12-25;8;2716
50;2025-12-25;9;2099
50;2025-12-25;10;1673
50;2025-12-25;11;1475
50;2025-12-25;12;1419
50;2025-12-25;13;1477
50;2025-12-25;14;1385
50;2025-12-25;15;1620
50;2025-12-25;16;1618
50;2025-12-25;17;2354
50;2025-12-25;18;2362
50;2025-12-25;19;1414
50;2025-12-25;20;915
50;2025-12-25;21;623
50;2025-12-25;22;236
50;2025-12-25;23;144
50;2025-12-26;0;35
50;2025-12-26;1;1
50;2025-12-26;2;0
50;2025-12-26;3;0
50;2025-12-26;4;4
50;2025-12-26;5;67
50;2025-12-26;6;496
50;2025-12-26;7;1708
50;2025-12-26;8;2701
50;2025-12-26;9;2104
50;2025-12-26;10;1463
50;2025-12-26;11;1471
50;2025-12-26;12;1368
50;2025-12-26;13;1481
50;2025-12-26;14;1412
50;2025-12-26;15;1685
50;2025-12-26;16;2208
50;2025-12-26;17;2092
50;2025-12-26;18;1556
50;2025-12-26;19;1155
50;2025-12-26;20;835
50;2025-12-26;21;529
50;2025-12-26;22;262
50;2025-12-26;23;158
50;2025-12-27;0;50
50;2025-12-27;1;6
50;2025-12-27;2;0
50;2025-12-27;3;2
50;2025-12-27;4;0
50;2025-12-27;5;8
50;2025-12-27;6;10
50;2025-12-27;7;16
50;2025-12-27;8;32
50;2025-12-27;9;63
50;2025-12-27;10;23
50;2025-12-27;11;40
50;2025-12-27;12;72
50;2025-12-27;13;48
50;2025-12-27;14;58
50;2025-12-27;15;85
50;2025-12-27;16;55
50;2025-12-27;17;54
50;2025-12-27;18;13
50;2025-12-27;19;12
50;2025-12-27;20;8
50;2025-12-27;21;9
50;2025-12-27;22;9
50;2025-12-27;23;2
50;2025-12-28;0;2
50;2025-12-28;1;0
50;2025-12-28;2;0
50;2025-12-28;3;0
50;2025-12-28;4;0
50;2025-12-28;5;0
50;2025-12-28;6;3
50;2025-12-28;7;5
50;2025-12-28;8;11
50;2025-12-28;9;8
50;2025-12-28;10;21
50;2025-12-28;11;72
50;2025-12-28;12;55
50;2025-12-28;13;67
50;2025-12-28;14;113
50;2025-12-28;15;92
50;2025-12-28;16;109
50;2025-12-28;17;97
50;2025-12-28;18;57
50;2025-12-28;19;63
50;2025-12-28;20;46
50;2025-12-28;21;29
50;2025-12-28;22;34
50;2025-12-28;23;10
50;2025-12-29;0;30
50;2025-12-29;1;1
50;2025-12-29;2;0
50;2025-12-29;3;0
50;2025-12-29;4;3
50;2025-12-29;5;58
50;2025-12-29;6;427
50;2025-12-29;7;1469
50;2025-12-29;8;2323
50;2025-12-29;9;1810
50;2025-12-29;10;1259
50;2025-12-29;11;1265
50;2025-12-29;12;1176
50;2025-12-29;13;1274
50;2025-12-29;14;1214
50;2025-12-29;15;1449
50;2025-12-29;16;1899
50;2025-12-29;17;1799
50;2025-12-29;18;1338
50;2025-12-29;19;994
50;2025-12-29;20;718
50;2025-12-29;21;455
50;2025-12-29;22;226
50;2025-12-29;23;136
50;2025-12-30;0;30
50;2025-12-30;1;1
50;2025-12-30;2;0
50;2025-12-30;3;0
50;2025-12-30;4;3
50;2025-12-30;5;58
50;2025-12-30;6;427
50;2025-12-30;7;1469
50;2025-12-30;8;2323
50;2025-12-30;9;1810
50;2025-12-30;10;1259
50;2025-12-30;11;1265
50;2025-12-30;12;1176
50;2025-12-30;13;1274
50;2025-12-30;14;1214
50;2025-12-30;15;1449
50;2025-12-30;16;1899
50;2025-12-30;17;1799
50;2025-12-30;18;1338
50;2025-12-30;19;994
50;2025-12-30;20;718
50;2025-12-30;21;455
50;2025-12-30;22;226
50;2025-12-30;23;136
50;2025-12-31;0;42
50;2025-12-31;1;5
50;2025-12-31;2;0
50;2025-12-31;3;2
50;2025-12-31;4;0
50;2025-12-31;5;7
50;2025-12-31;6;9
50;2025-12-31;7;14
50;2025-12-31;8;27
50;2025-12-31;9;54
50;2025-12-31;10;20
50;2025-12-31;11;34
50;2025-12-31;12;61
50;2025-12-31;13;40
50;2025-12-31;14;50
50;2025-12-31;15;72
50;2025-12-31;16;46
50;2025-12-31;17;46
50;2025-12-31;18;11
50;2025-12-31;19;6
50;2025-12-31;20;4
50;2025-12-31;21;4
50;2025-12-31;22;4
50;2025-12-31;23;1
