route;date;hour;prediction
1;2025-11-01;0;3
1;2025-11-01;1;0
1;2025-11-01;2;0
1;2025-11-01;3;0
1;2025-11-01;4;6
1;2025-11-01;5;118
1;2025-11-01;6;417
1;2025-11-01;7;1315
1;2025-11-01;8;1597
1;2025-11-01;9;1242
1;2025-11-01;10;1106
1;2025-11-01;11;1180
1;2025-11-01;12;1176
1;2025-11-01;13;1218
1;2025-11-01;14;1144
1;2025-11-01;15;1291
1;2025-11-01;16;1391
1;2025-11-01;17;1589
1;2025-11-01;18;1285
1;2025-11-01;19;1074
1;2025-11-01;20;689
1;2025-11-01;21;419
1;2025-11-01;22;154
1;2025-11-01;23;34
1;2025-11-02;0;0
1;2025-11-02;1;0
1;2025-11-02;2;0
1;2025-11-02;3;0
1;2025-11-02;4;0
1;2025-11-02;5;21
1;2025-11-02;6;118
1;2025-11-02;7;271
1;2025-11-02;8;366
1;2025-11-02;9;633
1;2025-11-02;10;704
1;2025-11-02;11;744
1;2025-11-02;12;856
1;2025-11-02;13;890
1;2025-11-02;14;828
1;2025-11-02;15;739
1;2025-11-02;16;681
1;2025-11-02;17;597
1;2025-11-02;18;517
1;2025-11-02;19;449
1;2025-11-02;20;344
1;2025-11-02;21;282
1;2025-11-02;22;102
1;2025-11-02;23;27
1;2025-11-03;0;0
1;2025-11-03;1;0
1;2025-11-03;2;0
1;2025-11-03;3;0
1;2025-11-03;4;0
1;2025-11-03;5;20
1;2025-11-03;6;114
1;2025-11-03;7;262
1;2025-11-03;8;354
1;2025-11-03;9;612
1;2025-11-03;10;681
1;2025-11-03;11;719
1;2025-11-03;12;828
1;2025-11-03;13;861
1;2025-11-03;14;801
1;2025-11-03;15;715
1;2025-11-03;16;659
1;2025-11-03;17;578
1;2025-11-03;18;500
1;2025-11-03;19;434
1;2025-11-03;20;332
1;2025-11-03;21;273
1;2025-11-03;22;99
1;2025-11-03;23;26
1;2025-11-04;0;0
1;2025-11-04;1;0
1;2025-11-04;2;0
1;2025-11-04;3;0
1;2025-11-04;4;0
1;2025-11-04;5;20
1;2025-11-04;6;114
1;2025-11-04;7;262
1;2025-11-04;8;354
1;2025-11-04;9;612
1;2025-11-04;10;681
1;2025-11-04;11;719
1;2025-11-04;12;828
1;2025-11-04;13;861
1;2025-11-04;14;801
1;2025-11-04;15;715
1;2025-11-04;16;659
1;2025-11-04;17;578
1;2025-11-04;18;500
1;2025-11-04;19;434
1;2025-11-04;20;332
1;2025-11-04;21;273
1;2025-11-04;22;99
1;2025-11-04;23;26
1;2025-11-05;0;4
1;2025-11-05;1;0
1;2025-11-05;2;0
1;2025-11-05;3;0
1;2025-11-05;4;10
1;2025-11-05;5;115
1;2025-11-05;6;511
1;2025-11-05;7;1561
1;2025-11-05;8;2037
1;2025-11-05;9;1509
1;2025-11-05;10;1396
1;2025-11-05;11;1374
1;2025-11-05;12;1436
1;2025-11-05;13;1476
1;2025-11-05;14;1394
1;2025-11-05;15;1514
1;2025-11-05;16;1528
1;2025-11-05;17;1813
1;2025-11-05;18;1842
1;2025-11-05;19;1376
1;2025-11-05;20;901
1;2025-11-05;21;490
1;2025-11-05;22;178
1;2025-11-05;23;35
1;2025-11-06;0;4
1;2025-11-06;1;0
1;2025-11-06;2;0
1;2025-11-06;3;0
1;2025-11-06;4;10
1;2025-11-06;5;115
1;2025-11-06;6;511
1;2025-11-06;7;1561
1;2025-11-06;8;2037
1;2025-11-06;9;1509
1;2025-11-06;10;1396
1;2025-11-06;11;1374
1;2025-11-06;12;1436
1;2025-11-06;13;1476
1;2025-11-06;14;1394
1;2025-11-06;15;1514
1;2025-11-06;16;1528
1;2025-11-06;17;1813
1;2025-11-06;18;1842
1;2025-11-06;19;1376
1;2025-11-06;20;901
1;2025-11-06;21;490
1;2025-11-06;22;178
1;2025-11-06;23;35
1;2025-11-07;0;4
1;2025-11-07;1;0
1;2025-11-07;2;0
1;2025-11-07;3;0
1;2025-11-07;4;7
1;2025-11-07;5;139
1;2025-11-07;6;491
1;2025-11-07;7;1546
1;2025-11-07;8;1879
1;2025-11-07;9;1461
1;2025-11-07;10;1301
1;2025-11-07;11;1388
1;2025-11-07;12;1384
1;2025-11-07;13;1432
1;2025-11-07;14;1346
1;2025-11-07;15;1519
1;2025-11-07;16;1636
1;2025-11-07;17;1870
1;2025-11-07;18;1511
1;2025-11-07;19;1264
1;2025-11-07;20;810
1;2025-11-07;21;493
1;2025-11-07;22;181
1;2025-11-07;23;40
1;2025-11-08;0;4
1;2025-11-08;1;0
1;2025-11-08;2;0
1;2025-11-08;3;0
1;2025-11-08;4;1
1;2025-11-08;5;31
1;2025-11-08;6;156
1;2025-11-08;7;361
1;2025-11-08;8;499
1;2025-11-08;9;770
1;2025-11-08;10;943
1;2025-11-08;11;925
1;2025-11-08;12;1117
1;2025-11-08;13;1167
1;2025-11-08;14;1084
1;2025-11-08;15;939
1;2025-11-08;16;800
1;2025-11-08;17;750
1;2025-11-08;18;658
1;2025-11-08;19;567
1;2025-11-08;20;435
1;2025-11-08;21;305
1;2025-11-08;22;121
1;2025-11-08;23;25
1;2025-11-09;0;0
1;2025-11-09;1;0
1;2025-11-09;2;0
1;2025-11-09;3;0
1;2025-11-09;4;0
1;2025-11-09;5;21
1;2025-11-09;6;118
1;2025-11-09;7;271
1;2025-11-09;8;366
1;2025-11-09;9;633
1;2025-11-09;10;704
1;2025-11-09;11;744
1;2025-11-09;12;856
1;2025-11-09;13;890
1;2025-11-09;14;828
1;2025-11-09;15;739
1;2025-11-09;16;681
1;2025-11-09;17;597
1;2025-11-09;18;517
1;2025-11-09;19;449
1;2025-11-09;20;344
1;2025-11-09;21;282
1;2025-11-09;22;102
1;2025-11-09;23;27
1;2025-11-10;0;0
1;2025-11-10;1;0
1;2025-11-10;2;0
1;2025-11-10;3;0
1;2025-11-10;4;9
1;2025-11-10;5;136
1;2025-11-10;6;493
1;2025-11-10;7;1468
1;2025-11-10;8;1992
1;2025-11-10;9;1502
1;2025-11-10;10;1272
1;2025-11-10;11;1276
1;2025-11-10;12;1408
1;2025-11-10;13;1493
1;2025-11-10;14;1499
1;2025-11-10;15;1611
1;2025-11-10;16;1658
1;2025-11-10;17;1905
1;2025-11-10;18;2075
1;2025-11-10;19;1467
1;2025-11-10;20;919
1;2025-11-10;21;451
1;2025-11-10;22;180
1;2025-11-10;23;54
1;2025-11-11;0;4
1;2025-11-11;1;0
1;2025-11-11;2;0
1;2025-11-11;3;0
1;2025-11-11;4;10
1;2025-11-11;5;115
1;2025-11-11;6;511
1;2025-11-11;7;1561
1;2025-11-11;8;2037
1;2025-11-11;9;1509
1;2025-11-11;10;1396
1;2025-11-11;11;1374
1;2025-11-11;12;1436
1;2025-11-11;13;1476
1;2025-11-11;14;1394
1;2025-11-11;15;1514
1;2025-11-11;16;1528
1;2025-11-11;17;1813
1;2025-11-11;18;1842
1;2025-11-11;19;1376
1;2025-11-11;20;901
1;2025-11-11;21;490
1;2025-11-11;22;178
1;2025-11-11;23;35
1;2025-11-12;0;4
1;2025-11-12;1;0
1;2025-11-12;2;0
1;2025-11-12;3;0
1;2025-11-12;4;10
1;2025-11-12;5;115
1;2025-11-12;6;511
1;2025-11-12;7;1561
1;2025-11-12;8;2037
1;2025-11-12;9;1509
1;2025-11-12;10;1396
1;2025-11-12;11;1374
1;2025-11-12;12;1436
1;2025-11-12;13;1476
1;2025-11-12;14;1394
1;2025-11-12;15;1514
1;2025-11-12;16;1528
1;2025-11-12;17;1813
1;2025-11-12;18;1842
1;2025-11-12;19;1376
1;2025-11-12;20;901
1;2025-11-12;21;490
1;2025-11-12;22;178
1;2025-11-12;23;35
1;2025-11-13;0;4
1;2025-11-13;1;0
1;2025-11-13;2;0
1;2025-11-13;3;0
1;2025-11-13;4;10
1;2025-11-13;5;115
1;2025-11-13;6;511
1;2025-11-13;7;1561
1;2025-11-13;8;2037
1;2025-11-13;9;1509
1;2025-11-13;10;1396
1;2025-11-13;11;1374
1;2025-11-13;12;1436
1;2025-11-13;13;1476
1;2025-11-13;14;1394
1;2025-11-13;15;1514
1;2025-11-13;16;1528
1;2025-11-13;17;1813
1;2025-11-13;18;1842
1;2025-11-13;19;1376
1;2025-11-13;20;901
1;2025-11-13;21;490
1;2025-11-13;22;178
1;2025-11-13;23;35
1;2025-11-14;0;4
1;2025-11-14;1;0
1;2025-11-14;2;0
1;2025-11-14;3;0
1;2025-11-14;4;7
1;2025-11-14;5;139
1;2025-11-14;6;491
1;2025-11-14;7;1546
1;2025-11-14;8;1879
1;2025-11-14;9;1461
1;2025-11-14;10;1301
1;2025-11-14;11;1388
1;2025-11-14;12;1384
1;2025-11-14;13;1432
1;2025-11-14;14;1346
1;2025-11-14;15;1519
1;2025-11-14;16;1636
1;2025-11-14;17;1870
1;2025-11-14;18;1511
1;2025-11-14;19;1264
1;2025-11-14;20;810
1;2025-11-14;21;493
1;2025-11-14;22;181
1;2025-11-14;23;40
1;2025-11-15;0;4
1;2025-11-15;1;0
1;2025-11-15;2;0
1;2025-11-15;3;0
1;2025-11-15;4;0
1;2025-11-15;5;30
1;2025-11-15;6;147
1;2025-11-15;7;342
1;2025-11-15;8;474
1;2025-11-15;9;730
1;2025-11-15;10;895
1;2025-11-15;11;878
1;2025-11-15;12;1058
1;2025-11-15;13;1107
1;2025-11-15;14;1027
1;2025-11-15;15;891
1;2025-11-15;16;759
1;2025-11-15;17;712
1;2025-11-15;18;623
1;2025-11-15;19;537
1;2025-11-15;20;412
1;2025-11-15;21;290
1;2025-11-15;22;114
1;2025-11-15;23;24
1;2025-11-16;0;0
1;2025-11-16;1;0
1;2025-11-16;2;0
1;2025-11-16;3;0
1;2025-11-16;4;0
1;2025-11-16;5;21
1;2025-11-16;6;118
1;2025-11-16;7;271
1;2025-11-16;8;366
1;2025-11-16;9;633
1;2025-11-16;10;704
1;2025-11-16;11;744
1;2025-11-16;12;856
1;2025-11-16;13;890
1;2025-11-16;14;828
1;2025-11-16;15;739
1;2025-11-16;16;681
1;2025-11-16;17;597
1;2025-11-16;18;517
1;2025-11-16;19;449
1;2025-11-16;20;344
1;2025-11-16;21;282
1;2025-11-16;22;102
1;2025-11-16;23;27
1;2025-11-17;0;0
1;2025-11-17;1;0
1;2025-11-17;2;0
1;2025-11-17;3;0
1;2025-11-17;4;9
1;2025-11-17;5;136
1;2025-11-17;6;493
1;2025-11-17;7;1468
1;2025-11-17;8;1992
1;2025-11-17;9;1502
1;2025-11-17;10;1272
1;2025-11-17;11;1276
1;2025-11-17;12;1408
1;2025-11-17;13;1493
1;2025-11-17;14;1499
1;2025-11-17;15;1611
1;2025-11-17;16;1658
1;2025-11-17;17;1905
1;2025-11-17;18;2075
1;2025-11-17;19;1467
1;2025-11-17;20;919
1;2025-11-17;21;451
1;2025-11-17;22;180
1;2025-11-17;23;54
1;2025-11-18;0;4
1;2025-11-18;1;0
1;2025-11-18;2;0
1;2025-11-18;3;0
1;2025-11-18;4;10
1;2025-11-18;5;115
1;2025-11-18;6;511
1;2025-11-18;7;1561
1;2025-11-18;8;2037
1;2025-11-18;9;1509
1;2025-11-18;10;1396
1;2025-11-18;11;1374
1;2025-11-18;12;1436
1;2025-11-18;13;1476
1;2025-11-18;14;1394
1;2025-11-18;15;1514
1;2025-11-18;16;1528
1;2025-11-18;17;1813
1;2025-11-18;18;1842
1;2025-11-18;19;1376
1;2025-11-18;20;901
1;2025-11-18;21;490
1;2025-11-18;22;178
1;2025-11-18;23;35
1;2025-11-19;0;4
1;2025-11-19;1;0
1;2025-11-19;2;0
1;2025-11-19;3;0
1;2025-11-19;4;10
1;2025-11-19;5;115
1;2025-11-19;6;511
1;2025-11-19;7;1561
1;2025-11-19;8;2037
1;2025-11-19;9;1509
1;2025-11-19;10;1396
1;2025-11-19;11;1374
1;2025-11-19;12;1436
1;2025-11-19;13;1476
1;2025-11-19;14;1394
1;2025-11-19;15;1514
1;2025-11-19;16;1528
1;2025-11-19;17;1813
1;2025-11-19;18;1842
1;2025-11-19;19;1376
1;2025-11-19;20;901
1;2025-11-19;21;490
1;2025-11-19;22;178
1;2025-11-19;23;35
1;2025-11-20;0;4
1;2025-11-20;1;0
1;2025-11-20;2;0
1;2025-11-20;3;0
1;2025-11-20;4;10
1;2025-11-20;5;115
1;2025-11-20;6;511
1;2025-11-20;7;1561
1;2025-11-20;8;2037
1;2025-11-20;9;1509
1;2025-11-20;10;1396
1;2025-11-20;11;1374
1;2025-11-20;12;1436
1;2025-11-20;13;1476
1;2025-11-20;14;1394
1;2025-11-20;15;1514
1;2025-11-20;16;1528
1;2025-11-20;17;1813
1;2025-11-20;18;1842
1;2025-11-20;19;1376
1;2025-11-20;20;901
1;2025-11-20;21;490
1;2025-11-20;22;178
1;2025-11-20;23;35
1;2025-11-21;0;4
1;2025-11-21;1;0
1;2025-11-21;2;0
1;2025-11-21;3;0
1;2025-11-21;4;7
1;2025-11-21;5;139
1;2025-11-21;6;491
1;2025-11-21;7;1546
1;2025-11-21;8;1879
1;2025-11-21;9;1461
1;2025-11-21;10;1301
1;2025-11-21;11;1388
1;2025-11-21;12;1384
1;2025-11-21;13;1432
1;2025-11-21;14;1346
1;2025-11-21;15;1519
1;2025-11-21;16;1636
1;2025-11-21;17;1870
1;2025-11-21;18;1511
1;2025-11-21;19;1264
1;2025-11-21;20;810
1;2025-11-21;21;493
1;2025-11-21;22;181
1;2025-11-21;23;40
1;2025-11-22;0;4
1;2025-11-22;1;0
1;2025-11-22;2;0
1;2025-11-22;3;0
1;2025-11-22;4;1
1;2025-11-22;5;31
1;2025-11-22;6;156
1;2025-11-22;7;361
1;2025-11-22;8;499
1;2025-11-22;9;770
1;2025-11-22;10;943
1;2025-11-22;11;925
1;2025-11-22;12;1117
1;2025-11-22;13;1167
1;2025-11-22;14;1084
1;2025-11-22;15;939
1;2025-11-22;16;800
1;2025-11-22;17;750
1;2025-11-22;18;658
1;2025-11-22;19;567
1;2025-11-22;20;435
1;2025-11-22;21;305
1;2025-11-22;22;121
1;2025-11-22;23;25
1;2025-11-23;0;0
1;2025-11-23;1;0
1;2025-11-23;2;0
1;2025-11-23;3;0
1;2025-11-23;4;0
1;2025-11-23;5;21
1;2025-11-23;6;118
1;2025-11-23;7;271
1;2025-11-23;8;366
1;2025-11-23;9;633
1;2025-11-23;10;704
1;2025-11-23;11;744
1;2025-11-23;12;856
1;2025-11-23;13;890
1;2025-11-23;14;828
1;2025-11-23;15;739
1;2025-11-23;16;681
1;2025-11-23;17;597
1;2025-11-23;18;517
1;2025-11-23;19;449
1;2025-11-23;20;344
1;2025-11-23;21;282
1;2025-11-23;22;102
1;2025-11-23;23;27
1;2025-11-24;0;0
1;2025-11-24;1;0
1;2025-11-24;2;0
1;2025-11-24;3;0
1;2025-11-24;4;9
1;2025-11-24;5;136
1;2025-11-24;6;493
1;2025-11-24;7;1468
1;2025-11-24;8;1992
1;2025-11-24;9;1502
1;2025-11-24;10;1272
1;2025-11-24;11;1276
1;2025-11-24;12;1408
1;2025-11-24;13;1493
1;2025-11-24;14;1499
1;2025-11-24;15;1611
1;2025-11-24;16;1658
1;2025-11-24;17;1905
1;2025-11-24;18;2075
1;2025-11-24;19;1467
1;2025-11-24;20;919
1;2025-11-24;21;451
1;2025-11-24;22;180
1;2025-11-24;23;54
1;2025-11-25;0;4
1;2025-11-25;1;0
1;2025-11-25;2;0
1;2025-11-25;3;0
1;2025-11-25;4;10
1;2025-11-25;5;115
1;2025-11-25;6;511
1;2025-11-25;7;1561
1;2025-11-25;8;2037
1;2025-11-25;9;1509
1;2025-11-25;10;1396
1;2025-11-25;11;1374
1;2025-11-25;12;1436
1;2025-11-25;13;1476
1;2025-11-25;14;1394
1;2025-11-25;15;1514
1;2025-11-25;16;1528
1;2025-11-25;17;1813
1;2025-11-25;18;1842
1;2025-11-25;19;1376
1;2025-11-25;20;901
1;2025-11-25;21;490
1;2025-11-25;22;178
1;2025-11-25;23;35
1;2025-11-26;0;4
1;2025-11-26;1;0
1;2025-11-26;2;0
1;2025-11-26;3;0
1;2025-11-26;4;10
1;2025-11-26;5;115
1;2025-11-26;6;511
1;2025-11-26;7;1561
1;2025-11-26;8;2037
1;2025-11-26;9;1509
1;2025-11-26;10;1396
1;2025-11-26;11;1374
1;2025-11-26;12;1436
1;2025-11-26;13;1476
1;2025-11-26;14;1394
1;2025-11-26;15;1514
1;2025-11-26;16;1528
1;2025-11-26;17;1813
1;2025-11-26;18;1842
1;2025-11-26;19;1376
1;2025-11-26;20;901
1;2025-11-26;21;490
1;2025-11-26;22;178
1;2025-11-26;23;35
1;2025-11-27;0;4
1;2025-11-27;1;0
1;2025-11-27;2;0
1;2025-11-27;3;0
1;2025-11-27;4;10
1;2025-11-27;5;115
1;2025-11-27;6;511
1;2025-11-27;7;1561
1;2025-11-27;8;2037
1;2025-11-27;9;1509
1;2025-11-27;10;1396
1;2025-11-27;11;1374
1;2025-11-27;12;1436
1;2025-11-27;13;1476
1;2025-11-27;14;1394
1;2025-11-27;15;1514
1;2025-11-27;16;1528
1;2025-11-27;17;1813
1;2025-11-27;18;1842
1;2025-11-27;19;1376
1;2025-11-27;20;901
1;2025-11-27;21;490
1;2025-11-27;22;178
1;2025-11-27;23;35
1;2025-11-28;0;4
1;2025-11-28;1;0
1;2025-11-28;2;0
1;2025-11-28;3;0
1;2025-11-28;4;7
1;2025-11-28;5;139
1;2025-11-28;6;491
1;2025-11-28;7;1546
1;2025-11-28;8;1879
1;2025-11-28;9;1461
1;2025-11-28;10;1301
1;2025-11-28;11;1388
1;2025-11-28;12;1384
1;2025-11-28;13;1432
1;2025-11-28;14;1346
1;2025-11-28;15;1519
1;2025-11-28;16;1636
1;2025-11-28;17;1870
1;2025-11-28;18;1511
1;2025-11-28;19;1264
1;2025-11-28;20;810
1;2025-11-28;21;493
1;2025-11-28;22;181
1;2025-11-28;23;40
1;2025-11-29;0;4
1;2025-11-29;1;0
1;2025-11-29;2;0
1;2025-11-29;3;0
1;2025-11-29;4;1
1;2025-11-29;5;31
1;2025-11-29;6;156
1;2025-11-29;7;361
1;2025-11-29;8;499
1;2025-11-29;9;770
1;2025-11-29;10;943
1;2025-11-29;11;925
1;2025-11-29;12;1117
1;2025-11-29;13;1167
1;2025-11-29;14;1084
1;2025-11-29;15;939
1;2025-11-29;16;800
1;2025-11-29;17;750
1;2025-11-29;18;658
1;2025-11-29;19;567
1;2025-11-29;20;435
1;2025-11-29;21;305
1;2025-11-29;22;121
1;2025-11-29;23;25
1;2025-11-30;0;0
1;2025-11-30;1;0
1;2025-11-30;2;0
1;2025-11-30;3;0
1;2025-11-30;4;0
1;2025-11-30;5;21
1;2025-11-30;6;118
1;2025-11-30;7;271
1;2025-11-30;8;366
1;2025-11-30;9;633
1;2025-11-30;10;704
1;2025-11-30;11;744
1;2025-11-30;12;856
1;2025-11-30;13;890
1;2025-11-30;14;828
1;2025-11-30;15;739
1;2025-11-30;16;681
1;2025-11-30;17;597
1;2025-11-30;18;517
1;2025-11-30;19;449
1;2025-11-30;20;344
1;2025-11-30;21;282
1;2025-11-30;22;102
1;2025-11-30;23;27
1;2025-12-01;0;0
1;2025-12-01;1;0
1;2025-12-01;2;0
1;2025-12-01;3;0
1;2025-12-01;4;9
1;2025-12-01;5;136
1;2025-12-01;6;493
1;2025-12-01;7;1468
1;2025-12-01;8;1992
1;2025-12-01;9;1502
1;2025-12-01;10;1272
1;2025-12-01;11;1276
1;2025-12-01;12;1408
1;2025-12-01;13;1493
1;2025-12-01;14;1499
1;2025-12-01;15;1611
1;2025-12-01;16;1658
1;2025-12-01;17;1905
1;2025-12-01;18;2075
1;2025-12-01;19;1467
1;2025-12-01;20;919
1;2025-12-01;21;451
1;2025-12-01;22;180
1;2025-12-01;23;54
1;2025-12-02;0;4
1;2025-12-02;1;0
1;2025-12-02;2;0
1;2025-12-02;3;0
1;2025-12-02;4;10
1;2025-12-02;5;115
1;2025-12-02;6;511
1;2025-12-02;7;1561
1;2025-12-02;8;2037
1;2025-12-02;9;1509
1;2025-12-02;10;1396
1;2025-12-02;11;1374
1;2025-12-02;12;1436
1;2025-12-02;13;1476
1;2025-12-02;14;1394
1;2025-12-02;15;1514
1;2025-12-02;16;1528
1;2025-12-02;17;1813
1;2025-12-02;18;1842
1;2025-12-02;19;1376
1;2025-12-02;20;901
1;2025-12-02;21;490
1;2025-12-02;22;178
1;2025-12-02;23;35
1;2025-12-03;0;4
1;2025-12-03;1;0
1;2025-12-03;2;0
1;2025-12-03;3;0
1;2025-12-03;4;10
1;2025-12-03;5;115
1;2025-12-03;6;511
1;2025-12-03;7;1561
1;2025-12-03;8;2037
1;2025-12-03;9;1509
1;2025-12-03;10;1396
1;2025-12-03;11;1374
1;2025-12-03;12;1436
1;2025-12-03;13;1476
1;2025-12-03;14;1394
1;2025-12-03;15;1514
1;2025-12-03;16;1528
1;2025-12-03;17;1813
1;2025-12-03;18;1842
1;2025-12-03;19;1376
1;2025-12-03;20;901
1;2025-12-03;21;490
1;2025-12-03;22;178
1;2025-12-03;23;35
1;2025-12-04;0;4
1;2025-12-04;1;0
1;2025-12-04;2;0
1;2025-12-04;3;0
1;2025-12-04;4;10
1;2025-12-04;5;115
1;2025-12-04;6;511
1;2025-12-04;7;1561
1;2025-12-04;8;2037
1;2025-12-04;9;1509
1;2025-12-04;10;1396
1;2025-12-04;11;1374
1;2025-12-04;12;1436
1;2025-12-04;13;1476
1;2025-12-04;14;1394
1;2025-12-04;15;1514
1;2025-12-04;16;1528
1;2025-12-04;17;1813
1;2025-12-04;18;1842
1;2025-12-04;19;1376
1;2025-12-04;20;901
1;2025-12-04;21;490
1;2025-12-04;22;178
1;2025-12-04;23;35
1;2025-12-05;0;4
1;2025-12-05;1;0
1;2025-12-05;2;0
1;2025-12-05;3;0
1;2025-12-05;4;7
1;2025-12-05;5;139
1;2025-12-05;6;491
1;2025-12-05;7;1546
1;2025-12-05;8;1879
1;2025-12-05;9;1461
1;2025-12-05;10;1301
1;2025-12-05;11;1388
1;2025-12-05;12;1384
1;2025-12-05;13;1432
1;2025-12-05;14;1346
1;2025-12-05;15;1519
1;2025-12-05;16;1636
1;2025-12-05;17;1870
1;2025-12-05;18;1511
1;2025-12-05;19;1264
1;2025-12-05;20;810
1;2025-12-05;21;493
1;2025-12-05;22;181
1;2025-12-05;23;40
1;2025-12-06;0;4
1;2025-12-06;1;0
1;2025-12-06;2;0
1;2025-12-06;3;0
1;2025-12-06;4;1
1;2025-12-06;5;31
1;2025-12-06;6;156
1;2025-12-06;7;361
1;2025-12-06;8;499
1;2025-12-06;9;770
1;2025-12-06;10;943
1;2025-12-06;11;925
1;2025-12-06;12;1117
1;2025-12-06;13;1167
1;2025-12-06;14;1084
1;2025-12-06;15;939
1;2025-12-06;16;800
1;2025-12-06;17;750
1;2025-12-06;18;658
1;2025-12-06;19;567
1;2025-12-06;20;435
1;2025-12-06;21;305
1;2025-12-06;22;121
1;2025-12-06;23;25
1;2025-12-07;0;0
1;2025-12-07;1;0
1;2025-12-07;2;0
1;2025-12-07;3;0
1;2025-12-07;4;0
1;2025-12-07;5;21
1;2025-12-07;6;118
1;2025-12-07;7;271
1;2025-12-07;8;366
1;2025-12-07;9;633
1;2025-12-07;10;704
1;2025-12-07;11;744
1;2025-12-07;12;856
1;2025-12-07;13;890
1;2025-12-07;14;828
1;2025-12-07;15;739
1;2025-12-07;16;681
1;2025-12-07;17;597
1;2025-12-07;18;517
1;2025-12-07;19;449
1;2025-12-07;20;344
1;2025-12-07;21;282
1;2025-12-07;22;102
1;2025-12-07;23;27
1;2025-12-08;0;0
1;2025-12-08;1;0
1;2025-12-08;2;0
1;2025-12-08;3;0
1;2025-12-08;4;9
1;2025-12-08;5;136
1;2025-12-08;6;493
1;2025-12-08;7;1468
1;2025-12-08;8;1992
1;2025-12-08;9;1502
1;2025-12-08;10;1272
1;2025-12-08;11;1276
1;2025-12-08;12;1408
1;2025-12-08;13;1493
1;2025-12-08;14;1499
1;2025-12-08;15;1611
1;2025-12-08;16;1658
1;2025-12-08;17;1905
1;2025-12-08;18;2075
1;2025-12-08;19;1467
1;2025-12-08;20;919
1;2025-12-08;21;451
1;2025-12-08;22;180
1;2025-12-08;23;54
1;2025-12-09;0;4
1;2025-12-09;1;0
1;2025-12-09;2;0
1;2025-12-09;3;0
1;2025-12-09;4;10
1;2025-12-09;5;115
1;2025-12-09;6;511
1;2025-12-09;7;1561
1;2025-12-09;8;2037
1;2025-12-09;9;1509
1;2025-12-09;10;1396
1;2025-12-09;11;1374
1;2025-12-09;12;1436
1;2025-12-09;13;1476
1;2025-12-09;14;1394
1;2025-12-09;15;1514
1;2025-12-09;16;1528
1;2025-12-09;17;1813
1;2025-12-09;18;1842
1;2025-12-09;19;1376
1;2025-12-09;20;901
1;2025-12-09;21;490
1;2025-12-09;22;178
1;2025-12-09;23;35
1;2025-12-10;0;4
1;2025-12-10;1;0
1;2025-12-10;2;0
1;2025-12-10;3;0
1;2025-12-10;4;10
1;2025-12-10;5;115
1;2025-12-10;6;511
1;2025-12-10;7;1561
1;2025-12-10;8;2037
1;2025-12-10;9;1509
1;2025-12-10;10;1396
1;2025-12-10;11;1374
1;2025-12-10;12;1436
1;2025-12-10;13;1476
1;2025-12-10;14;1394
1;2025-12-10;15;1514
1;2025-12-10;16;1528
1;2025-12-10;17;1813
1;2025-12-10;18;1842
1;2025-12-10;19;1376
1;2025-12-10;20;901
1;2025-12-10;21;490
1;2025-12-10;22;178
1;2025-12-10;23;35
1;2025-12-11;0;4
1;2025-12-11;1;0
1;2025-12-11;2;0
1;2025-12-11;3;0
1;2025-12-11;4;10
1;2025-12-11;5;115
1;2025-12-11;6;511
1;2025-12-11;7;1561
1;2025-12-11;8;2037
1;2025-12-11;9;1509
1;2025-12-11;10;1396
1;2025-12-11;11;1374
1;2025-12-11;12;1436
1;2025-12-11;13;1476
1;2025-12-11;14;1394
1;2025-12-11;15;1514
1;2025-12-11;16;1528
1;2025-12-11;17;1813
1;2025-12-11;18;1842
1;2025-12-11;19;1376
1;2025-12-11;20;901
1;2025-12-11;21;490
1;2025-12-11;22;178
1;2025-12-11;23;35
1;2025-12-12;0;4
1;2025-12-12;1;0
1;2025-12-12;2;0
1;2025-12-12;3;0
1;2025-12-12;4;7
1;2025-12-12;5;139
1;2025-12-12;6;491
1;2025-12-12;7;1546
1;2025-12-12;8;1879
1;2025-12-12;9;1461
1;2025-12-12;10;1301
1;2025-12-12;11;1388
1;2025-12-12;12;1384
1;2025-12-12;13;1432
1;2025-12-12;14;1346
1;2025-12-12;15;1519
1;2025-12-12;16;1636
1;2025-12-12;17;1870
1;2025-12-12;18;1511
1;2025-12-12;19;1264
1;2025-12-12;20;810
1;2025-12-12;21;493
1;2025-12-12;22;181
1;2025-12-12;23;40
1;2025-12-13;0;4
1;2025-12-13;1;0
1;2025-12-13;2;0
1;2025-12-13;3;0
1;2025-12-13;4;1
1;2025-12-13;5;31
1;2025-12-13;6;156
1;2025-12-13;7;361
1;2025-12-13;8;499
1;2025-12-13;9;770
1;2025-12-13;10;943
1;2025-12-13;11;925
1;2025-12-13;12;1117
1;2025-12-13;13;1167
1;2025-12-13;14;1084
1;2025-12-13;15;939
1;2025-12-13;16;800
1;2025-12-13;17;750
1;2025-12-13;18;658
1;2025-12-13;19;567
1;2025-12-13;20;435
1;2025-12-13;21;305
1;2025-12-13;22;121
1;2025-12-13;23;25
1;2025-12-14;0;0
1;2025-12-14;1;0
1;2025-12-14;2;0
1;2025-12-14;3;0
1;2025-12-14;4;0
1;2025-12-14;5;21
1;2025-12-14;6;118
1;2025-12-14;7;271
1;2025-12-14;8;366
1;2025-12-14;9;633
1;2025-12-14;10;704
1;2025-12-14;11;744
1;2025-12-14;12;856
1;2025-12-14;13;890
1;2025-12-14;14;828
1;2025-12-14;15;739
1;2025-12-14;16;681
1;2025-12-14;17;597
1;2025-12-14;18;517
1;2025-12-14;19;449
1;2025-12-14;20;344
1;2025-12-14;21;282
1;2025-12-14;22;102
1;2025-12-14;23;27
1;2025-12-15;0;0
1;2025-12-15;1;0
1;2025-12-15;2;0
1;2025-12-15;3;0
1;2025-12-15;4;9
1;2025-12-15;5;136
1;2025-12-15;6;493
1;2025-12-15;7;1468
1;2025-12-15;8;1992
1;2025-12-15;9;1502
1;2025-12-15;10;1272
1;2025-12-15;11;1276
1;2025-12-15;12;1408
1;2025-12-15;13;1493
1;2025-12-15;14;1499
1;2025-12-15;15;1611
1;2025-12-15;16;1658
1;2025-12-15;17;1905
1;2025-12-15;18;2075
1;2025-12-15;19;1467
1;2025-12-15;20;919
1;2025-12-15;21;451
1;2025-12-15;22;180
1;2025-12-15;23;54
1;2025-12-16;0;4
1;2025-12-16;1;0
1;2025-12-16;2;0
1;2025-12-16;3;0
1;2025-12-16;4;10
1;2025-12-16;5;115
1;2025-12-16;6;511
1;2025-12-16;7;1561
1;2025-12-16;8;2037
1;2025-12-16;9;1509
1;2025-12-16;10;1396
1;2025-12-16;11;1374
1;2025-12-16;12;1436
1;2025-12-16;13;1476
1;2025-12-16;14;1394
1;2025-12-16;15;1514
1;2025-12-16;16;1528
1;2025-12-16;17;1813
1;2025-12-16;18;1842
1;2025-12-16;19;1376
1;2025-12-16;20;901
1;2025-12-16;21;490
1;2025-12-16;22;178
1;2025-12-16;23;35
1;2025-12-17;0;4
1;2025-12-17;1;0
1;2025-12-17;2;0
1;2025-12-17;3;0
1;2025-12-17;4;10
1;2025-12-17;5;115
1;2025-12-17;6;511
1;2025-12-17;7;1561
1;2025-12-17;8;2037
1;2025-12-17;9;1509
1;2025-12-17;10;1396
1;2025-12-17;11;1374
1;2025-12-17;12;1436
1;2025-12-17;13;1476
1;2025-12-17;14;1394
1;2025-12-17;15;1514
1;2025-12-17;16;1528
1;2025-12-17;17;1813
1;2025-12-17;18;1842
1;2025-12-17;19;1376
1;2025-12-17;20;901
1;2025-12-17;21;490
1;2025-12-17;22;178
1;2025-12-17;23;35
1;2025-12-18;0;4
1;2025-12-18;1;0
1;2025-12-18;2;0
1;2025-12-18;3;0
1;2025-12-18;4;10
1;2025-12-18;5;115
1;2025-12-18;6;511
1;2025-12-18;7;1561
1;2025-12-18;8;2037
1;2025-12-18;9;1509
1;2025-12-18;10;1396
1;2025-12-18;11;1374
1;2025-12-18;12;1436
1;2025-12-18;13;1476
1;2025-12-18;14;1394
1;2025-12-18;15;1514
1;2025-12-18;16;1528
1;2025-12-18;17;1813
1;2025-12-18;18;1842
1;2025-12-18;19;1376
1;2025-12-18;20;901
1;2025-12-18;21;490
1;2025-12-18;22;178
1;2025-12-18;23;35
1;2025-12-19;0;4
1;2025-12-19;1;0
1;2025-12-19;2;0
1;2025-12-19;3;0
1;2025-12-19;4;7
1;2025-12-19;5;139
1;2025-12-19;6;491
1;2025-12-19;7;1546
1;2025-12-19;8;1879
1;2025-12-19;9;1461
1;2025-12-19;10;1301
1;2025-12-19;11;1388
1;2025-12-19;12;1384
1;2025-12-19;13;1432
1;2025-12-19;14;1346
1;2025-12-19;15;1519
1;2025-12-19;16;1636
1;2025-12-19;17;1870
1;2025-12-19;18;1511
1;2025-12-19;19;1264
1;2025-12-19;20;810
1;2025-12-19;21;493
1;2025-12-19;22;181
1;2025-12-19;23;40
1;2025-12-20;0;4
1;2025-12-20;1;0
1;2025-12-20;2;0
1;2025-12-20;3;0
1;2025-12-20;4;1
1;2025-12-20;5;31
1;2025-12-20;6;156
1;2025-12-20;7;361
1;2025-12-20;8;499
1;2025-12-20;9;770
1;2025-12-20;10;943
1;2025-12-20;11;925
1;2025-12-20;12;1117
1;2025-12-20;13;1167
1;2025-12-20;14;1084
1;2025-12-20;15;939
1;2025-12-20;16;800
1;2025-12-20;17;750
1;2025-12-20;18;658
1;2025-12-20;19;567
1;2025-12-20;20;435
1;2025-12-20;21;305
1;2025-12-20;22;121
1;2025-12-20;23;25
1;2025-12-21;0;0
1;2025-12-21;1;0
1;2025-12-21;2;0
1;2025-12-21;3;0
1;2025-12-21;4;0
1;2025-12-21;5;21
1;2025-12-21;6;118
1;2025-12-21;7;271
1;2025-12-21;8;366
1;2025-12-21;9;633
1;2025-12-21;10;704
1;2025-12-21;11;744
1;2025-12-21;12;856
1;2025-12-21;13;890
1;2025-12-21;14;828
1;2025-12-21;15;739
1;2025-12-21;16;681
1;2025-12-21;17;597
1;2025-12-21;18;517
1;2025-12-21;19;449
1;2025-12-21;20;344
1;2025-12-21;21;282
1;2025-12-21;22;102
1;2025-12-21;23;27
1;2025-12-22;0;0
1;2025-12-22;1;0
1;2025-12-22;2;0
1;2025-12-22;3;0
1;2025-12-22;4;9
1;2025-12-22;5;136
1;2025-12-22;6;493
1;2025-12-22;7;1468
1;2025-12-22;8;1992
1;2025-12-22;9;1502
1;2025-12-22;10;1272
1;2025-12-22;11;1276
1;2025-12-22;12;1408
1;2025-12-22;13;1493
1;2025-12-22;14;1499
1;2025-12-22;15;1611
1;2025-12-22;16;1658
1;2025-12-22;17;1905
1;2025-12-22;18;2075
1;2025-12-22;19;1467
1;2025-12-22;20;919
1;2025-12-22;21;451
1;2025-12-22;22;180
1;2025-12-22;23;54
1;2025-12-23;0;4
1;2025-12-23;1;0
1;2025-12-23;2;0
1;2025-12-23;3;0
1;2025-12-23;4;10
1;2025-12-23;5;115
1;2025-12-23;6;511
1;2025-12-23;7;1561
1;2025-12-23;8;2037
1;2025-12-23;9;1509
1;2025-12-23;10;1396
1;2025-12-23;11;1374
1;2025-12-23;12;1436
1;2025-12-23;13;1476
1;2025-12-23;14;1394
1;2025-12-23;15;1514
1;2025-12-23;16;1528
1;2025-12-23;17;1813
1;2025-12-23;18;1842
1;2025-12-23;19;1376
1;2025-12-23;20;901
1;2025-12-23;21;490
1;2025-12-23;22;178
1;2025-12-23;23;35
1;2025-12-24;0;4
1;2025-12-24;1;0
1;2025-12-24;2;0
1;2025-12-24;3;0
1;2025-12-24;4;10
1;2025-12-24;5;115
1;2025-12-24;6;511
1;2025-12-24;7;1561
1;2025-12-24;8;2037
1;2025-12-24;9;1509
1;2025-12-24;10;1396
1;2025-12-24;11;1374
1;2025-12-24;12;1436
1;2025-12-24;13;1476
1;2025-12-24;14;1394
1;2025-12-24;15;1514
1;2025-12-24;16;1528
1;2025-12-24;17;1813
1;2025-12-24;18;1842
1;2025-12-24;19;1376
1;2025-12-24;20;901
1;2025-12-24;21;490
1;2025-12-24;22;178
1;2025-12-24;23;35
1;2025-12-25;0;4
1;2025-12-25;1;0
1;2025-12-25;2;0
1;2025-12-25;3;0
1;2025-12-25;4;10
1;2025-12-25;5;115
1;2025-12-25;6;511
1;2025-12-25;7;1561
1;2025-12-25;8;2037
1;2025-12-25;9;1509
1;2025-12-25;10;1396
1;2025-12-25;11;1374
1;2025-12-25;12;1436
1;2025-12-25;13;1476
1;2025-12-25;14;1394
1;2025-12-25;15;1514
1;2025-12-25;16;1528
1;2025-12-25;17;1813
1;2025-12-25;18;1842
1;2025-12-25;19;1376
1;2025-12-25;20;901
1;2025-12-25;21;490
1;2025-12-25;22;178
1;2025-12-25;23;35
1;2025-12-26;0;4
1;2025-12-26;1;0
1;2025-12-26;2;0
1;2025-12-26;3;0
1;2025-12-26;4;7
1;2025-12-26;5;139
1;2025-12-26;6;491
1;2025-12-26;7;1546
1;2025-12-26;8;1879
1;2025-12-26;9;1461
1;2025-12-26;10;1301
1;2025-12-26;11;1388
1;2025-12-26;12;1384
1;2025-12-26;13;1432
1;2025-12-26;14;1346
1;2025-12-26;15;1519
1;2025-12-26;16;1636
1;2025-12-26;17;1870
1;2025-12-26;18;1511
1;2025-12-26;19;1264
1;2025-12-26;20;810
1;2025-12-26;21;493
1;2025-12-26;22;181
1;2025-12-26;23;40
1;2025-12-27;0;4
1;2025-12-27;1;0
1;2025-12-27;2;0
1;2025-12-27;3;0
1;2025-12-27;4;1
1;2025-12-27;5;31
1;2025-12-27;6;156
1;2025-12-27;7;361
1;2025-12-27;8;499
1;2025-12-27;9;770
1;2025-12-27;10;943
1;2025-12-27;11;925
1;2025-12-27;12;1117
1;2025-12-27;13;1167
1;2025-12-27;14;1084
1;2025-12-27;15;939
1;2025-12-27;16;800
1;2025-12-27;17;750
1;2025-12-27;18;658
1;2025-12-27;19;567
1;2025-12-27;20;435
1;2025-12-27;21;305
1;2025-12-27;22;121
1;2025-12-27;23;25
1;2025-12-28;0;0
1;2025-12-28;1;0
1;2025-12-28;2;0
1;2025-12-28;3;0
1;2025-12-28;4;0
1;2025-12-28;5;21
1;2025-12-28;6;118
1;2025-12-28;7;271
1;2025-12-28;8;366
1;2025-12-28;9;633
1;2025-12-28;10;704
1;2025-12-28;11;744
1;2025-12-28;12;856
1;2025-12-28;13;890
1;2025-12-28;14;828
1;2025-12-28;15;739
1;2025-12-28;16;681
1;2025-12-28;17;597
1;2025-12-28;18;517
1;2025-12-28;19;449
1;2025-12-28;20;344
1;2025-12-28;21;282
1;2025-12-28;22;102
1;2025-12-28;23;27
1;2025-12-29;0;3
1;2025-12-29;1;0
1;2025-12-29;2;0
1;2025-12-29;3;0
1;2025-12-29;4;6
1;2025-12-29;5;120
1;2025-12-29;6;422
1;2025-12-29;7;1330
1;2025-12-29;8;1615
1;2025-12-29;9;1256
1;2025-12-29;10;1118
1;2025-12-29;11;1194
1;2025-12-29;12;1190
1;2025-12-29;13;1232
1;2025-12-29;14;1157
1;2025-12-29;15;1306
1;2025-12-29;16;1407
1;2025-12-29;17;1608
1;2025-12-29;18;1300
1;2025-12-29;19;1087
1;2025-12-29;20;697
1;2025-12-29;21;424
1;2025-12-29;22;156
1;2025-12-29;23;35
1;2025-12-30;0;3
1;2025-12-30;1;0
1;2025-12-30;2;0
1;2025-12-30;3;0
1;2025-12-30;4;6
1;2025-12-30;5;120
1;2025-12-30;6;422
1;2025-12-30;7;1330
1;2025-12-30;8;1615
1;2025-12-30;9;1256
1;2025-12-30;10;1118
1;2025-12-30;11;1194
1;2025-12-30;12;1190
1;2025-12-30;13;1232
1;2025-12-30;14;1157
1;2025-12-30;15;1306
1;2025-12-30;16;1407
1;2025-12-30;17;1608
1;2025-12-30;18;1300
1;2025-12-30;19;1087
1;2025-12-30;20;697
1;2025-12-30;21;424
1;2025-12-30;22;156
1;2025-12-30;23;35
1;2025-12-31;0;3
1;2025-12-31;1;0
1;2025-12-31;2;0
1;2025-12-31;3;0
1;2025-12-31;4;0
1;2025-12-31;5;27
1;2025-12-31;6;132
1;2025-12-31;7;307
1;2025-12-31;8;424
1;2025-12-31;9;654
1;2025-12-31;10;802
1;2025-12-31;11;787
1;2025-12-31;12;949
1;2025-12-31;13;992
1;2025-12-31;14;921
1;2025-12-31;15;799
1;2025-12-31;16;680
1;2025-12-31;17;638
1;2025-12-31;18;559
1;2025-12-31;19;265
1;2025-12-31;20;203
1;2025-12-31;21;142
1;2025-12-31;22;57
1;2025-12-31;23;12
5;2025-11-01;0;0
5;2025-11-01;1;0
5;2025-11-01;2;0
5;2025-11-01;3;0
5;2025-11-01;4;0
5;2025-11-01;5;0
5;2025-11-01;6;0
5;2025-11-01;7;0
5;2025-11-01;8;0
5;2025-11-01;9;0
5;2025-11-01;10;0
5;2025-11-01;11;0
5;2025-11-01;12;0
5;2025-11-01;13;0
5;2025-11-01;14;0
5;2025-11-01;15;0
5;2025-11-01;16;0
5;2025-11-01;17;0
5;2025-11-01;18;0
5;2025-11-01;19;0
5;2025-11-01;20;0
5;2025-11-01;21;0
5;2025-11-01;22;0
5;2025-11-01;23;0
5;2025-11-02;0;0
5;2025-11-02;1;0
5;2025-11-02;2;0
5;2025-11-02;3;0
5;2025-11-02;4;0
5;2025-11-02;5;0
5;2025-11-02;6;0
5;2025-11-02;7;0
5;2025-11-02;8;0
5;2025-11-02;9;0
5;2025-11-02;10;0
5;2025-11-02;11;0
5;2025-11-02;12;0
5;2025-11-02;13;0
5;2025-11-02;14;0
5;2025-11-02;15;0
5;2025-11-02;16;0
5;2025-11-02;17;0
5;2025-11-02;18;0
5;2025-11-02;19;0
5;2025-11-02;20;0
5;2025-11-02;21;0
5;2025-11-02;22;0
5;2025-11-02;23;0
5;2025-11-03;0;0
5;2025-11-03;1;0
5;2025-11-03;2;0
5;2025-11-03;3;0
5;2025-11-03;4;0
5;2025-11-03;5;0
5;2025-11-03;6;0
5;2025-11-03;7;0
5;2025-11-03;8;0
5;2025-11-03;9;0
5;2025-11-03;10;0
5;2025-11-03;11;0
5;2025-11-03;12;0
5;2025-11-03;13;0
5;2025-11-03;14;0
5;2025-11-03;15;0
5;2025-11-03;16;0
5;2025-11-03;17;0
5;2025-11-03;18;0
5;2025-11-03;19;0
5;2025-11-03;20;0
5;2025-11-03;21;0
5;2025-11-03;22;0
5;2025-11-03;23;0
5;2025-11-04;0;0
5;2025-11-04;1;0
5;2025-11-04;2;0
5;2025-11-04;3;0
5;2025-11-04;4;0
5;2025-11-04;5;0
5;2025-11-04;6;0
5;2025-11-04;7;0
5;2025-11-04;8;0
5;2025-11-04;9;0
5;2025-11-04;10;0
5;2025-11-04;11;0
5;2025-11-04;12;0
5;2025-11-04;13;0
5;2025-11-04;14;0
5;2025-11-04;15;0
5;2025-11-04;16;0
5;2025-11-04;17;0
5;2025-11-04;18;0
5;2025-11-04;19;0
5;2025-11-04;20;0
5;2025-11-04;21;0
5;2025-11-04;22;0
5;2025-11-04;23;0
5;2025-11-05;0;0
5;2025-11-05;1;0
5;2025-11-05;2;0
5;2025-11-05;3;0
5;2025-11-05;4;0
5;2025-11-05;5;0
5;2025-11-05;6;0
5;2025-11-05;7;0
5;2025-11-05;8;0
5;2025-11-05;9;0
5;2025-11-05;10;0
5;2025-11-05;11;0
5;2025-11-05;12;0
5;2025-11-05;13;0
5;2025-11-05;14;0
5;2025-11-05;15;0
5;2025-11-05;16;0
5;2025-11-05;17;0
5;2025-11-05;18;0
5;2025-11-05;19;0
5;2025-11-05;20;0
5;2025-11-05;21;0
5;2025-11-05;22;0
5;2025-11-05;23;0
5;2025-11-06;0;0
5;2025-11-06;1;0
5;2025-11-06;2;0
5;2025-11-06;3;0
5;2025-11-06;4;0
5;2025-11-06;5;0
5;2025-11-06;6;0
5;2025-11-06;7;0
5;2025-11-06;8;0
5;2025-11-06;9;0
5;2025-11-06;10;0
5;2025-11-06;11;0
5;2025-11-06;12;0
5;2025-11-06;13;0
5;2025-11-06;14;0
5;2025-11-06;15;0
5;2025-11-06;16;0
5;2025-11-06;17;0
5;2025-11-06;18;0
5;2025-11-06;19;0
5;2025-11-06;20;0
5;2025-11-06;21;0
5;2025-11-06;22;0
5;2025-11-06;23;0
5;2025-11-07;0;0
5;2025-11-07;1;0
5;2025-11-07;2;0
5;2025-11-07;3;0
5;2025-11-07;4;0
5;2025-11-07;5;0
5;2025-11-07;6;0
5;2025-11-07;7;0
5;2025-11-07;8;0
5;2025-11-07;9;0
5;2025-11-07;10;0
5;2025-11-07;11;0
5;2025-11-07;12;0
5;2025-11-07;13;0
5;2025-11-07;14;0
5;2025-11-07;15;0
5;2025-11-07;16;0
5;2025-11-07;17;0
5;2025-11-07;18;0
5;2025-11-07;19;0
5;2025-11-07;20;0
5;2025-11-07;21;0
5;2025-11-07;22;0
5;2025-11-07;23;0
5;2025-11-08;0;0
5;2025-11-08;1;0
5;2025-11-08;2;0
5;2025-11-08;3;0
5;2025-11-08;4;0
5;2025-11-08;5;0
5;2025-11-08;6;0
5;2025-11-08;7;0
5;2025-11-08;8;0
5;2025-11-08;9;0
5;2025-11-08;10;0
5;2025-11-08;11;0
5;2025-11-08;12;0
5;2025-11-08;13;0
5;2025-11-08;14;0
5;2025-11-08;15;0
5;2025-11-08;16;0
5;2025-11-08;17;0
5;2025-11-08;18;0
5;2025-11-08;19;0
5;2025-11-08;20;0
5;2025-11-08;21;0
5;2025-11-08;22;0
5;2025-11-08;23;0
5;2025-11-09;0;0
5;2025-11-09;1;0
5;2025-11-09;2;0
5;2025-11-09;3;0
5;2025-11-09;4;0
5;2025-11-09;5;0
5;2025-11-09;6;0
5;2025-11-09;7;0
5;2025-11-09;8;0
5;2025-11-09;9;0
5;2025-11-09;10;0
5;2025-11-09;11;0
5;2025-11-09;12;0
5;2025-11-09;13;0
5;2025-11-09;14;0
5;2025-11-09;15;0
5;2025-11-09;16;0
5;2025-11-09;17;0
5;2025-11-09;18;0
5;2025-11-09;19;0
5;2025-11-09;20;0
5;2025-11-09;21;0
5;2025-11-09;22;0
5;2025-11-09;23;0
5;2025-11-10;0;0
5;2025-11-10;1;0
5;2025-11-10;2;0
5;2025-11-10;3;0
5;2025-11-10;4;0
5;2025-11-10;5;0
5;2025-11-10;6;0
5;2025-11-10;7;0
5;2025-11-10;8;0
5;2025-11-10;9;0
5;2025-11-10;10;0
5;2025-11-10;11;0
5;2025-11-10;12;0
5;2025-11-10;13;0
5;2025-11-10;14;0
5;2025-11-10;15;0
5;2025-11-10;16;0
5;2025-11-10;17;0
5;2025-11-10;18;0
5;2025-11-10;19;0
5;2025-11-10;20;0
5;2025-11-10;21;0
5;2025-11-10;22;0
5;2025-11-10;23;0
5;2025-11-11;0;0
5;2025-11-11;1;0
5;2025-11-11;2;0
5;2025-11-11;3;0
5;2025-11-11;4;0
5;2025-11-11;5;0
5;2025-11-11;6;0
5;2025-11-11;7;0
5;2025-11-11;8;0
5;2025-11-11;9;0
5;2025-11-11;10;0
5;2025-11-11;11;0
5;2025-11-11;12;0
5;2025-11-11;13;0
5;2025-11-11;14;0
5;2025-11-11;15;0
5;2025-11-11;16;0
5;2025-11-11;17;0
5;2025-11-11;18;0
5;2025-11-11;19;0
5;2025-11-11;20;0
5;2025-11-11;21;0
5;2025-11-11;22;0
5;2025-11-11;23;0
5;2025-11-12;0;0
5;2025-11-12;1;0
5;2025-11-12;2;0
5;2025-11-12;3;0
5;2025-11-12;4;0
5;2025-11-12;5;0
5;2025-11-12;6;0
5;2025-11-12;7;0
5;2025-11-12;8;0
5;2025-11-12;9;0
5;2025-11-12;10;0
5;2025-11-12;11;0
5;2025-11-12;12;0
5;2025-11-12;13;0
5;2025-11-12;14;0
5;2025-11-12;15;0
5;2025-11-12;16;0
5;2025-11-12;17;0
5;2025-11-12;18;0
5;2025-11-12;19;0
5;2025-11-12;20;0
5;2025-11-12;21;0
5;2025-11-12;22;0
5;2025-11-12;23;0
5;2025-11-13;0;0
5;2025-11-13;1;0
5;2025-11-13;2;0
5;2025-11-13;3;0
5;2025-11-13;4;0
5;2025-11-13;5;0
5;2025-11-13;6;0
5;2025-11-13;7;0
5;2025-11-13;8;0
5;2025-11-13;9;0
5;2025-11-13;10;0
5;2025-11-13;11;0
5;2025-11-13;12;0
5;2025-11-13;13;0
5;2025-11-13;14;0
5;2025-11-13;15;0
5;2025-11-13;16;0
5;2025-11-13;17;0
5;2025-11-13;18;0
5;2025-11-13;19;0
5;2025-11-13;20;0
5;2025-11-13;21;0
5;2025-11-13;22;0
5;2025-11-13;23;0
5;2025-11-14;0;0
5;2025-11-14;1;0
5;2025-11-14;2;0
5;2025-11-14;3;0
5;2025-11-14;4;0
5;2025-11-14;5;0
5;2025-11-14;6;0
5;2025-11-14;7;0
5;2025-11-14;8;0
5;2025-11-14;9;0
5;2025-11-14;10;0
5;2025-11-14;11;0
5;2025-11-14;12;0
5;2025-11-14;13;0
5;2025-11-14;14;0
5;2025-11-14;15;0
5;2025-11-14;16;0
5;2025-11-14;17;0
5;2025-11-14;18;0
5;2025-11-14;19;0
5;2025-11-14;20;0
5;2025-11-14;21;0
5;2025-11-14;22;0
5;2025-11-14;23;0
5;2025-11-15;0;0
5;2025-11-15;1;0
5;2025-11-15;2;0
5;2025-11-15;3;0
5;2025-11-15;4;0
5;2025-11-15;5;0
5;2025-11-15;6;0
5;2025-11-15;7;0
5;2025-11-15;8;0
5;2025-11-15;9;0
5;2025-11-15;10;0
5;2025-11-15;11;0
5;2025-11-15;12;0
5;2025-11-15;13;0
5;2025-11-15;14;0
5;2025-11-15;15;0
5;2025-11-15;16;0
5;2025-11-15;17;0
5;2025-11-15;18;0
5;2025-11-15;19;0
5;2025-11-15;20;0
5;2025-11-15;21;0
5;2025-11-15;22;0
5;2025-11-15;23;0
5;2025-11-16;0;0
5;2025-11-16;1;0
5;2025-11-16;2;0
5;2025-11-16;3;0
5;2025-11-16;4;0
5;2025-11-16;5;0
5;2025-11-16;6;0
5;2025-11-16;7;0
5;2025-11-16;8;0
5;2025-11-16;9;0
5;2025-11-16;10;0
5;2025-11-16;11;0
5;2025-11-16;12;0
5;2025-11-16;13;0
5;2025-11-16;14;0
5;2025-11-16;15;0
5;2025-11-16;16;0
5;2025-11-16;17;0
5;2025-11-16;18;0
5;2025-11-16;19;0
5;2025-11-16;20;0
5;2025-11-16;21;0
5;2025-11-16;22;0
5;2025-11-16;23;0
5;2025-11-17;0;0
5;2025-11-17;1;0
5;2025-11-17;2;0
5;2025-11-17;3;0
5;2025-11-17;4;0
5;2025-11-17;5;0
5;2025-11-17;6;0
5;2025-11-17;7;0
5;2025-11-17;8;0
5;2025-11-17;9;0
5;2025-11-17;10;0
5;2025-11-17;11;0
5;2025-11-17;12;0
5;2025-11-17;13;0
5;2025-11-17;14;0
5;2025-11-17;15;0
5;2025-11-17;16;0
5;2025-11-17;17;0
5;2025-11-17;18;0
5;2025-11-17;19;0
5;2025-11-17;20;0
5;2025-11-17;21;0
5;2025-11-17;22;0
5;2025-11-17;23;0
5;2025-11-18;0;0
5;2025-11-18;1;0
5;2025-11-18;2;0
5;2025-11-18;3;0
5;2025-11-18;4;0
5;2025-11-18;5;0
5;2025-11-18;6;0
5;2025-11-18;7;0
5;2025-11-18;8;0
5;2025-11-18;9;0
5;2025-11-18;10;0
5;2025-11-18;11;0
5;2025-11-18;12;0
5;2025-11-18;13;0
5;2025-11-18;14;0
5;2025-11-18;15;0
5;2025-11-18;16;0
5;2025-11-18;17;0
5;2025-11-18;18;0
5;2025-11-18;19;0
5;2025-11-18;20;0
5;2025-11-18;21;0
5;2025-11-18;22;0
5;2025-11-18;23;0
5;2025-11-19;0;0
5;2025-11-19;1;0
5;2025-11-19;2;0
5;2025-11-19;3;0
5;2025-11-19;4;0
5;2025-11-19;5;0
5;2025-11-19;6;0
5;2025-11-19;7;0
5;2025-11-19;8;0
5;2025-11-19;9;0
5;2025-11-19;10;0
5;2025-11-19;11;0
5;2025-11-19;12;0
5;2025-11-19;13;0
5;2025-11-19;14;0
5;2025-11-19;15;0
5;2025-11-19;16;0
5;2025-11-19;17;0
5;2025-11-19;18;0
5;2025-11-19;19;0
5;2025-11-19;20;0
5;2025-11-19;21;0
5;2025-11-19;22;0
5;2025-11-19;23;0
5;2025-11-20;0;0
5;2025-11-20;1;0
5;2025-11-20;2;0
5;2025-11-20;3;0
5;2025-11-20;4;0
5;2025-11-20;5;0
5;2025-11-20;6;0
5;2025-11-20;7;0
5;2025-11-20;8;0
5;2025-11-20;9;0
5;2025-11-20;10;0
5;2025-11-20;11;0
5;2025-11-20;12;0
5;2025-11-20;13;0
5;2025-11-20;14;0
5;2025-11-20;15;0
5;2025-11-20;16;0
5;2025-11-20;17;0
5;2025-11-20;18;0
5;2025-11-20;19;0
5;2025-11-20;20;0
5;2025-11-20;21;0
5;2025-11-20;22;0
5;2025-11-20;23;0
5;2025-11-21;0;0
5;2025-11-21;1;0
5;2025-11-21;2;0
5;2025-11-21;3;0
5;2025-11-21;4;0
5;2025-11-21;5;0
5;2025-11-21;6;0
5;2025-11-21;7;0
5;2025-11-21;8;0
5;2025-11-21;9;0
5;2025-11-21;10;0
5;2025-11-21;11;0
5;2025-11-21;12;0
5;2025-11-21;13;0
5;2025-11-21;14;0
5;2025-11-21;15;0
5;2025-11-21;16;0
5;2025-11-21;17;0
5;2025-11-21;18;0
5;2025-11-21;19;0
5;2025-11-21;20;0
5;2025-11-21;21;0
5;2025-11-21;22;0
5;2025-11-21;23;0
5;2025-11-22;0;0
5;2025-11-22;1;0
5;2025-11-22;2;0
5;2025-11-22;3;0
5;2025-11-22;4;0
5;2025-11-22;5;0
5;2025-11-22;6;0
5;2025-11-22;7;0
5;2025-11-22;8;0
5;2025-11-22;9;0
5;2025-11-22;10;0
5;2025-11-22;11;0
5;2025-11-22;12;0
5;2025-11-22;13;0
5;2025-11-22;14;0
5;2025-11-22;15;0
5;2025-11-22;16;0
5;2025-11-22;17;0
5;2025-11-22;18;0
5;2025-11-22;19;0
5;2025-11-22;20;0
5;2025-11-22;21;0
5;2025-11-22;22;0
5;2025-11-22;23;0
5;2025-11-23;0;0
5;2025-11-23;1;0
5;2025-11-23;2;0
5;2025-11-23;3;0
5;2025-11-23;4;0
5;2025-11-23;5;0
5;2025-11-23;6;0
5;2025-11-23;7;0
5;2025-11-23;8;0
5;2025-11-23;9;0
5;2025-11-23;10;0
5;2025-11-23;11;0
5;2025-11-23;12;0
5;2025-11-23;13;0
5;2025-11-23;14;0
5;2025-11-23;15;0
5;2025-11-23;16;0
5;2025-11-23;17;0
5;2025-11-23;18;0
5;2025-11-23;19;0
5;2025-11-23;20;0
5;2025-11-23;21;0
5;2025-11-23;22;0
5;2025-11-23;23;0
5;2025-11-24;0;0
5;2025-11-24;1;0
5;2025-11-24;2;0
5;2025-11-24;3;0
5;2025-11-24;4;0
5;2025-11-24;5;0
5;2025-11-24;6;0
5;2025-11-24;7;0
5;2025-11-24;8;0
5;2025-11-24;9;0
5;2025-11-24;10;0
5;2025-11-24;11;0
5;2025-11-24;12;0
5;2025-11-24;13;0
5;2025-11-24;14;0
5;2025-11-24;15;0
5;2025-11-24;16;0
5;2025-11-24;17;0
5;2025-11-24;18;0
5;2025-11-24;19;0
5;2025-11-24;20;0
5;2025-11-24;21;0
5;2025-11-24;22;0
5;2025-11-24;23;0
5;2025-11-25;0;0
5;2025-11-25;1;0
5;2025-11-25;2;0
5;2025-11-25;3;0
5;2025-11-25;4;0
5;2025-11-25;5;0
5;2025-11-25;6;0
5;2025-11-25;7;0
5;2025-11-25;8;0
5;2025-11-25;9;0
5;2025-11-25;10;0
5;2025-11-25;11;0
5;2025-11-25;12;0
5;2025-11-25;13;0
5;2025-11-25;14;0
5;2025-11-25;15;0
5;2025-11-25;16;0
5;2025-11-25;17;0
5;2025-11-25;18;0
5;2025-11-25;19;0
5;2025-11-25;20;0
5;2025-11-25;21;0
5;2025-11-25;22;0
5;2025-11-25;23;0
5;2025-11-26;0;0
5;2025-11-26;1;0
5;2025-11-26;2;0
5;2025-11-26;3;0
5;2025-11-26;4;0
5;2025-11-26;5;0
5;2025-11-26;6;0
5;2025-11-26;7;0
5;2025-11-26;8;0
5;2025-11-26;9;0
5;2025-11-26;10;0
5;2025-11-26;11;0
5;2025-11-26;12;0
5;2025-11-26;13;0
5;2025-11-26;14;0
5;2025-11-26;15;0
5;2025-11-26;16;0
5;2025-11-26;17;0
5;2025-11-26;18;0
5;2025-11-26;19;0
5;2025-11-26;20;0
5;2025-11-26;21;0
5;2025-11-26;22;0
5;2025-11-26;23;0
5;2025-11-27;0;0
5;2025-11-27;1;0
5;2025-11-27;2;0
5;2025-11-27;3;0
5;2025-11-27;4;0
5;2025-11-27;5;0
5;2025-11-27;6;0
5;2025-11-27;7;0
5;2025-11-27;8;0
5;2025-11-27;9;0
5;2025-11-27;10;0
5;2025-11-27;11;0
5;2025-11-27;12;0
5;2025-11-27;13;0
5;2025-11-27;14;0
5;2025-11-27;15;0
5;2025-11-27;16;0
5;2025-11-27;17;0
5;2025-11-27;18;0
5;2025-11-27;19;0
5;2025-11-27;20;0
5;2025-11-27;21;0
5;2025-11-27;22;0
5;2025-11-27;23;0
5;2025-11-28;0;0
5;2025-11-28;1;0
5;2025-11-28;2;0
5;2025-11-28;3;0
5;2025-11-28;4;0
5;2025-11-28;5;0
5;2025-11-28;6;0
5;2025-11-28;7;0
5;2025-11-28;8;0
5;2025-11-28;9;0
5;2025-11-28;10;0
5;2025-11-28;11;0
5;2025-11-28;12;0
5;2025-11-28;13;0
5;2025-11-28;14;0
5;2025-11-28;15;0
5;2025-11-28;16;0
5;2025-11-28;17;0
5;2025-11-28;18;0
5;2025-11-28;19;0
5;2025-11-28;20;0
5;2025-11-28;21;0
5;2025-11-28;22;0
5;2025-11-28;23;0
5;2025-11-29;0;0
5;2025-11-29;1;0
5;2025-11-29;2;0
5;2025-11-29;3;0
5;2025-11-29;4;0
5;2025-11-29;5;0
5;2025-11-29;6;0
5;2025-11-29;7;0
5;2025-11-29;8;0
5;2025-11-29;9;0
5;2025-11-29;10;0
5;2025-11-29;11;0
5;2025-11-29;12;0
5;2025-11-29;13;0
5;2025-11-29;14;0
5;2025-11-29;15;0
5;2025-11-29;16;0
5;2025-11-29;17;0
5;2025-11-29;18;0
5;2025-11-29;19;0
5;2025-11-29;20;0
5;2025-11-29;21;0
5;2025-11-29;22;0
5;2025-11-29;23;0
5;2025-11-30;0;0
5;2025-11-30;1;0
5;2025-11-30;2;0
5;2025-11-30;3;0
5;2025-11-30;4;0
5;2025-11-30;5;0
5;2025-11-30;6;0
5;2025-11-30;7;0
5;2025-11-30;8;0
5;2025-11-30;9;0
5;2025-11-30;10;0
5;2025-11-30;11;0
5;2025-11-30;12;0
5;2025-11-30;13;0
5;2025-11-30;14;0
5;2025-11-30;15;0
5;2025-11-30;16;0
5;2025-11-30;17;0
5;2025-11-30;18;0
5;2025-11-30;19;0
5;2025-11-30;20;0
5;2025-11-30;21;0
5;2025-11-30;22;0
5;2025-11-30;23;0
5;2025-12-01;0;0
5;2025-12-01;1;0
5;2025-12-01;2;0
5;2025-12-01;3;0
5;2025-12-01;4;0
5;2025-12-01;5;0
5;2025-12-01;6;0
5;2025-12-01;7;0
5;2025-12-01;8;0
5;2025-12-01;9;0
5;2025-12-01;10;0
5;2025-12-01;11;0
5;2025-12-01;12;0
5;2025-12-01;13;0
5;2025-12-01;14;0
5;2025-12-01;15;0
5;2025-12-01;16;0
5;2025-12-01;17;0
5;2025-12-01;18;0
5;2025-12-01;19;0
5;2025-12-01;20;0
5;2025-12-01;21;0
5;2025-12-01;22;0
5;2025-12-01;23;0
5;2025-12-02;0;0
5;2025-12-02;1;0
5;2025-12-02;2;0
5;2025-12-02;3;0
5;2025-12-02;4;0
5;2025-12-02;5;0
5;2025-12-02;6;0
5;2025-12-02;7;0
5;2025-12-02;8;0
5;2025-12-02;9;0
5;2025-12-02;10;0
5;2025-12-02;11;0
5;2025-12-02;12;0
5;2025-12-02;13;0
5;2025-12-02;14;0
5;2025-12-02;15;0
5;2025-12-02;16;0
5;2025-12-02;17;0
5;2025-12-02;18;0
5;2025-12-02;19;0
5;2025-12-02;20;0
5;2025-12-02;21;0
5;2025-12-02;22;0
5;2025-12-02;23;0
5;2025-12-03;0;0
5;2025-12-03;1;0
5;2025-12-03;2;0
5;2025-12-03;3;0
5;2025-12-03;4;0
5;2025-12-03;5;0
5;2025-12-03;6;0
5;2025-12-03;7;0
5;2025-12-03;8;0
5;2025-12-03;9;0
5;2025-12-03;10;0
5;2025-12-03;11;0
5;2025-12-03;12;0
5;2025-12-03;13;0
5;2025-12-03;14;0
5;2025-12-03;15;0
5;2025-12-03;16;0
5;2025-12-03;17;0
5;2025-12-03;18;0
5;2025-12-03;19;0
5;2025-12-03;20;0
5;2025-12-03;21;0
5;2025-12-03;22;0
5;2025-12-03;23;0
5;2025-12-04;0;0
5;2025-12-04;1;0
5;2025-12-04;2;0
5;2025-12-04;3;0
5;2025-12-04;4;0
5;2025-12-04;5;0
5;2025-12-04;6;0
5;2025-12-04;7;0
5;2025-12-04;8;0
5;2025-12-04;9;0
5;2025-12-04;10;0
5;2025-12-04;11;0
5;2025-12-04;12;0
5;2025-12-04;13;0
5;2025-12-04;14;0
5;2025-12-04;15;0
5;2025-12-04;16;0
5;2025-12-04;17;0
5;2025-12-04;18;0
5;2025-12-04;19;0
5;2025-12-04;20;0
5;2025-12-04;21;0
5;2025-12-04;22;0
5;2025-12-04;23;0
5;2025-12-05;0;0
5;2025-12-05;1;0
5;2025-12-05;2;0
5;2025-12-05;3;0
5;2025-12-05;4;0
5;2025-12-05;5;0
5;2025-12-05;6;0
5;2025-12-05;7;0
5;2025-12-05;8;0
5;2025-12-05;9;0
5;2025-12-05;10;0
5;2025-12-05;11;0
5;2025-12-05;12;0
5;2025-12-05;13;0
5;2025-12-05;14;0
5;2025-12-05;15;0
5;2025-12-05;16;0
5;2025-12-05;17;0
5;2025-12-05;18;0
5;2025-12-05;19;0
5;2025-12-05;20;0
5;2025-12-05;21;0
5;2025-12-05;22;0
5;2025-12-05;23;0
5;2025-12-06;0;0
5;2025-12-06;1;0
5;2025-12-06;2;0
5;2025-12-06;3;0
5;2025-12-06;4;0
5;2025-12-06;5;0
5;2025-12-06;6;0
5;2025-12-06;7;0
5;2025-12-06;8;0
5;2025-12-06;9;0
5;2025-12-06;10;0
5;2025-12-06;11;0
5;2025-12-06;12;0
5;2025-12-06;13;0
5;2025-12-06;14;0
5;2025-12-06;15;0
5;2025-12-06;16;0
5;2025-12-06;17;0
5;2025-12-06;18;0
5;2025-12-06;19;0
5;2025-12-06;20;0
5;2025-12-06;21;0
5;2025-12-06;22;0
5;2025-12-06;23;0
5;2025-12-07;0;0
5;2025-12-07;1;0
5;2025-12-07;2;0
5;2025-12-07;3;0
5;2025-12-07;4;0
5;2025-12-07;5;0
5;2025-12-07;6;0
5;2025-12-07;7;0
5;2025-12-07;8;0
5;2025-12-07;9;0
5;2025-12-07;10;0
5;2025-12-07;11;0
5;2025-12-07;12;0
5;2025-12-07;13;0
5;2025-12-07;14;0
5;2025-12-07;15;0
5;2025-12-07;16;0
5;2025-12-07;17;0
5;2025-12-07;18;0
5;2025-12-07;19;0
5;2025-12-07;20;0
5;2025-12-07;21;0
5;2025-12-07;22;0
5;2025-12-07;23;0
5;2025-12-08;0;0
5;2025-12-08;1;0
5;2025-12-08;2;0
5;2025-12-08;3;0
5;2025-12-08;4;0
5;2025-12-08;5;0
5;2025-12-08;6;0
5;2025-12-08;7;0
5;2025-12-08;8;0
5;2025-12-08;9;0
5;2025-12-08;10;0
5;2025-12-08;11;0
5;2025-12-08;12;0
5;2025-12-08;13;0
5;2025-12-08;14;0
5;2025-12-08;15;0
5;2025-12-08;16;0
5;2025-12-08;17;0
5;2025-12-08;18;0
5;2025-12-08;19;0
5;2025-12-08;20;0
5;2025-12-08;21;0
5;2025-12-08;22;0
5;2025-12-08;23;0
5;2025-12-09;0;0
5;2025-12-09;1;0
5;2025-12-09;2;0
5;2025-12-09;3;0
5;2025-12-09;4;0
5;2025-12-09;5;0
5;2025-12-09;6;0
5;2025-12-09;7;0
5;2025-12-09;8;0
5;2025-12-09;9;0
5;2025-12-09;10;0
5;2025-12-09;11;0
5;2025-12-09;12;0
5;2025-12-09;13;0
5;2025-12-09;14;0
5;2025-12-09;15;0
5;2025-12-09;16;0
5;2025-12-09;17;0
5;2025-12-09;18;0
5;2025-12-09;19;0
5;2025-12-09;20;0
5;2025-12-09;21;0
5;2025-12-09;22;0
5;2025-12-09;23;0
5;2025-12-10;0;0
5;2025-12-10;1;0
5;2025-12-10;2;0
5;2025-12-10;3;0
5;2025-12-10;4;0
5;2025-12-10;5;0
5;2025-12-10;6;0
5;2025-12-10;7;0
5;2025-12-10;8;0
5;2025-12-10;9;0
5;2025-12-10;10;0
5;2025-12-10;11;0
5;2025-12-10;12;0
5;2025-12-10;13;0
5;2025-12-10;14;0
5;2025-12-10;15;0
5;2025-12-10;16;0
5;2025-12-10;17;0
5;2025-12-10;18;0
5;2025-12-10;19;0
5;2025-12-10;20;0
5;2025-12-10;21;0
5;2025-12-10;22;0
5;2025-12-10;23;0
5;2025-12-11;0;0
5;2025-12-11;1;0
5;2025-12-11;2;0
5;2025-12-11;3;0
5;2025-12-11;4;0
5;2025-12-11;5;0
5;2025-12-11;6;0
5;2025-12-11;7;0
5;2025-12-11;8;0
5;2025-12-11;9;0
5;2025-12-11;10;0
5;2025-12-11;11;0
5;2025-12-11;12;0
5;2025-12-11;13;0
5;2025-12-11;14;0
5;2025-12-11;15;0
5;2025-12-11;16;0
5;2025-12-11;17;0
5;2025-12-11;18;0
5;2025-12-11;19;0
5;2025-12-11;20;0
5;2025-12-11;21;0
5;2025-12-11;22;0
5;2025-12-11;23;0
5;2025-12-12;0;0
5;2025-12-12;1;0
5;2025-12-12;2;0
5;2025-12-12;3;0
5;2025-12-12;4;0
5;2025-12-12;5;0
5;2025-12-12;6;0
5;2025-12-12;7;0
5;2025-12-12;8;0
5;2025-12-12;9;0
5;2025-12-12;10;0
5;2025-12-12;11;0
5;2025-12-12;12;0
5;2025-12-12;13;0
5;2025-12-12;14;0
5;2025-12-12;15;0
5;2025-12-12;16;0
5;2025-12-12;17;0
5;2025-12-12;18;0
5;2025-12-12;19;0
5;2025-12-12;20;0
5;2025-12-12;21;0
5;2025-12-12;22;0
5;2025-12-12;23;0
5;2025-12-13;0;0
5;2025-12-13;1;0
5;2025-12-13;2;0
5;2025-12-13;3;0
5;2025-12-13;4;0
5;2025-12-13;5;0
5;2025-12-13;6;0
5;2025-12-13;7;0
5;2025-12-13;8;0
5;2025-12-13;9;0
5;2025-12-13;10;0
5;2025-12-13;11;0
5;2025-12-13;12;0
5;2025-12-13;13;0
5;2025-12-13;14;0
5;2025-12-13;15;0
5;2025-12-13;16;0
5;2025-12-13;17;0
5;2025-12-13;18;0
5;2025-12-13;19;0
5;2025-12-13;20;0
5;2025-12-13;21;0
5;2025-12-13;22;0
5;2025-12-13;23;0
5;2025-12-14;0;0
5;2025-12-14;1;0
5;2025-12-14;2;0
5;2025-12-14;3;0
5;2025-12-14;4;0
5;2025-12-14;5;0
5;2025-12-14;6;0
5;2025-12-14;7;0
5;2025-12-14;8;0
5;2025-12-14;9;0
5;2025-12-14;10;0
5;2025-12-14;11;0
5;2025-12-14;12;0
5;2025-12-14;13;0
5;2025-12-14;14;0
5;2025-12-14;15;0
5;2025-12-14;16;0
5;2025-12-14;17;0
5;2025-12-14;18;0
5;2025-12-14;19;0
5;2025-12-14;20;0
5;2025-12-14;21;0
5;2025-12-14;22;0
5;2025-12-14;23;0
5;2025-12-15;0;0
5;2025-12-15;1;0
5;2025-12-15;2;0
5;2025-12-15;3;0
5;2025-12-15;4;0
5;2025-12-15;5;0
5;2025-12-15;6;0
5;2025-12-15;7;0
5;2025-12-15;8;0
5;2025-12-15;9;0
5;2025-12-15;10;0
5;2025-12-15;11;0
5;2025-12-15;12;0
5;2025-12-15;13;0
5;2025-12-15;14;0
5;2025-12-15;15;0
5;2025-12-15;16;0
5;2025-12-15;17;0
5;2025-12-15;18;0
5;2025-12-15;19;0
5;2025-12-15;20;0
5;2025-12-15;21;0
5;2025-12-15;22;0
5;2025-12-15;23;0
5;2025-12-16;0;0
5;2025-12-16;1;0
5;2025-12-16;2;0
5;2025-12-16;3;0
5;2025-12-16;4;0
5;2025-12-16;5;0
5;2025-12-16;6;0
5;2025-12-16;7;0
5;2025-12-16;8;0
5;2025-12-16;9;0
5;2025-12-16;10;0
5;2025-12-16;11;0
5;2025-12-16;12;0
5;2025-12-16;13;0
5;2025-12-16;14;0
5;2025-12-16;15;0
5;2025-12-16;16;0
5;2025-12-16;17;0
5;2025-12-16;18;0
5;2025-12-16;19;0
5;2025-12-16;20;0
5;2025-12-16;21;0
5;2025-12-16;22;0
5;2025-12-16;23;0
5;2025-12-17;0;0
5;2025-12-17;1;0
5;2025-12-17;2;0
5;2025-12-17;3;0
5;2025-12-17;4;0
5;2025-12-17;5;0
5;2025-12-17;6;0
5;2025-12-17;7;0
5;2025-12-17;8;0
5;2025-12-17;9;0
5;2025-12-17;10;0
5;2025-12-17;11;0
5;2025-12-17;12;0
5;2025-12-17;13;0
5;2025-12-17;14;0
5;2025-12-17;15;0
5;2025-12-17;16;0
5;2025-12-17;17;0
5;2025-12-17;18;0
5;2025-12-17;19;0
5;2025-12-17;20;0
5;2025-12-17;21;0
5;2025-12-17;22;0
5;2025-12-17;23;0
5;2025-12-18;0;0
5;2025-12-18;1;0
5;2025-12-18;2;0
5;2025-12-18;3;0
5;2025-12-18;4;0
5;2025-12-18;5;0
5;2025-12-18;6;0
5;2025-12-18;7;0
5;2025-12-18;8;0
5;2025-12-18;9;0
5;2025-12-18;10;0
5;2025-12-18;11;0
5;2025-12-18;12;0
5;2025-12-18;13;0
5;2025-12-18;14;0
5;2025-12-18;15;0
5;2025-12-18;16;0
5;2025-12-18;17;0
5;2025-12-18;18;0
5;2025-12-18;19;0
5;2025-12-18;20;0
5;2025-12-18;21;0
5;2025-12-18;22;0
5;2025-12-18;23;0
5;2025-12-19;0;0
5;2025-12-19;1;0
5;2025-12-19;2;0
5;2025-12-19;3;0
5;2025-12-19;4;0
5;2025-12-19;5;0
5;2025-12-19;6;0
5;2025-12-19;7;0
5;2025-12-19;8;0
5;2025-12-19;9;0
5;2025-12-19;10;0
5;2025-12-19;11;0
5;2025-12-19;12;0
5;2025-12-19;13;0
5;2025-12-19;14;0
5;2025-12-19;15;0
5;2025-12-19;16;0
5;2025-12-19;17;0
5;2025-12-19;18;0
5;2025-12-19;19;0
5;2025-12-19;20;0
5;2025-12-19;21;0
5;2025-12-19;22;0
5;2025-12-19;23;0
5;2025-12-20;0;0
5;2025-12-20;1;0
5;2025-12-20;2;0
5;2025-12-20;3;0
5;2025-12-20;4;0
5;2025-12-20;5;0
5;2025-12-20;6;0
5;2025-12-20;7;0
5;2025-12-20;8;0
5;2025-12-20;9;0
5;2025-12-20;10;0
5;2025-12-20;11;0
5;2025-12-20;12;0
5;2025-12-20;13;0
5;2025-12-20;14;0
5;2025-12-20;15;0
5;2025-12-20;16;0
5;2025-12-20;17;0
5;2025-12-20;18;0
5;2025-12-20;19;0
5;2025-12-20;20;0
5;2025-12-20;21;0
5;2025-12-20;22;0
5;2025-12-20;23;0
5;2025-12-21;0;0
5;2025-12-21;1;0
5;2025-12-21;2;0
5;2025-12-21;3;0
5;2025-12-21;4;0
5;2025-12-21;5;0
5;2025-12-21;6;0
5;2025-12-21;7;0
5;2025-12-21;8;0
5;2025-12-21;9;0
5;2025-12-21;10;0
5;2025-12-21;11;0
5;2025-12-21;12;0
5;2025-12-21;13;0
5;2025-12-21;14;0
5;2025-12-21;15;0
5;2025-12-21;16;0
5;2025-12-21;17;0
5;2025-12-21;18;0
5;2025-12-21;19;0
5;2025-12-21;20;0
5;2025-12-21;21;0
5;2025-12-21;22;0
5;2025-12-21;23;0
5;2025-12-22;0;0
5;2025-12-22;1;0
5;2025-12-22;2;0
5;2025-12-22;3;0
5;2025-12-22;4;0
5;2025-12-22;5;0
5;2025-12-22;6;0
5;2025-12-22;7;0
5;2025-12-22;8;0
5;2025-12-22;9;0
5;2025-12-22;10;0
5;2025-12-22;11;0
5;2025-12-22;12;0
5;2025-12-22;13;0
5;2025-12-22;14;0
5;2025-12-22;15;0
5;2025-12-22;16;0
5;2025-12-22;17;0
5;2025-12-22;18;0
5;2025-12-22;19;0
5;2025-12-22;20;0
5;2025-12-22;21;0
5;2025-12-22;22;0
5;2025-12-22;23;0
5;2025-12-23;0;0
5;2025-12-23;1;0
5;2025-12-23;2;0
5;2025-12-23;3;0
5;2025-12-23;4;0
5;2025-12-23;5;0
5;2025-12-23;6;0
5;2025-12-23;7;0
5;2025-12-23;8;0
5;2025-12-23;9;0
5;2025-12-23;10;0
5;2025-12-23;11;0
5;2025-12-23;12;0
5;2025-12-23;13;0
5;2025-12-23;14;0
5;2025-12-23;15;0
5;2025-12-23;16;0
5;2025-12-23;17;0
5;2025-12-23;18;0
5;2025-12-23;19;0
5;2025-12-23;20;0
5;2025-12-23;21;0
5;2025-12-23;22;0
5;2025-12-23;23;0
5;2025-12-24;0;0
5;2025-12-24;1;0
5;2025-12-24;2;0
5;2025-12-24;3;0
5;2025-12-24;4;0
5;2025-12-24;5;0
5;2025-12-24;6;0
5;2025-12-24;7;0
5;2025-12-24;8;0
5;2025-12-24;9;0
5;2025-12-24;10;0
5;2025-12-24;11;0
5;2025-12-24;12;0
5;2025-12-24;13;0
5;2025-12-24;14;0
5;2025-12-24;15;0
5;2025-12-24;16;0
5;2025-12-24;17;0
5;2025-12-24;18;0
5;2025-12-24;19;0
5;2025-12-24;20;0
5;2025-12-24;21;0
5;2025-12-24;22;0
5;2025-12-24;23;0
5;2025-12-25;0;0
5;2025-12-25;1;0
5;2025-12-25;2;0
5;2025-12-25;3;0
5;2025-12-25;4;0
5;2025-12-25;5;0
5;2025-12-25;6;0
5;2025-12-25;7;0
5;2025-12-25;8;0
5;2025-12-25;9;0
5;2025-12-25;10;0
5;2025-12-25;11;0
5;2025-12-25;12;0
5;2025-12-25;13;0
5;2025-12-25;14;0
5;2025-12-25;15;0
5;2025-12-25;16;0
5;2025-12-25;17;0
5;2025-12-25;18;0
5;2025-12-25;19;0
5;2025-12-25;20;0
5;2025-12-25;21;0
5;2025-12-25;22;0
5;2025-12-25;23;0
5;2025-12-26;0;0
5;2025-12-26;1;0
5;2025-12-26;2;0
5;2025-12-26;3;0
5;2025-12-26;4;0
5;2025-12-26;5;0
5;2025-12-26;6;0
5;2025-12-26;7;0
5;2025-12-26;8;0
5;2025-12-26;9;0
5;2025-12-26;10;0
5;2025-12-26;11;0
5;2025-12-26;12;0
5;2025-12-26;13;0
5;2025-12-26;14;0
5;2025-12-26;15;0
5;2025-12-26;16;0
5;2025-12-26;17;0
5;2025-12-26;18;0
5;2025-12-26;19;0
5;2025-12-26;20;0
5;2025-12-26;21;0
5;2025-12-26;22;0
5;2025-12-26;23;0
5;2025-12-27;0;0
5;2025-12-27;1;0
5;2025-12-27;2;0
5;2025-12-27;3;0
5;2025-12-27;4;0
5;2025-12-27;5;0
5;2025-12-27;6;0
5;2025-12-27;7;0
5;2025-12-27;8;0
5;2025-12-27;9;0
5;2025-12-27;10;0
5;2025-12-27;11;0
5;2025-12-27;12;0
5;2025-12-27;13;0
5;2025-12-27;14;0
5;2025-12-27;15;0
5;2025-12-27;16;0
5;2025-12-27;17;0
5;2025-12-27;18;0
5;2025-12-27;19;0
5;2025-12-27;20;0
5;2025-12-27;21;0
5;2025-12-27;22;0
5;2025-12-27;23;0
5;2025-12-28;0;0
5;2025-12-28;1;0
5;2025-12-28;2;0
5;2025-12-28;3;0
5;2025-12-28;4;0
5;2025-12-28;5;0
5;2025-12-28;6;0
5;2025-12-28;7;0
5;2025-12-28;8;0
5;2025-12-28;9;0
5;2025-12-28;10;0
5;2025-12-28;11;0
5;2025-12-28;12;0
5;2025-12-28;13;0
5;2025-12-28;14;0
5;2025-12-28;15;0
5;2025-12-28;16;0
5;2025-12-28;17;0
5;2025-12-28;18;0
5;2025-12-28;19;0
5;2025-12-28;20;0
5;2025-12-28;21;0
5;2025-12-28;22;0
5;2025-12-28;23;0
5;2025-12-29;0;0
5;2025-12-29;1;0
5;2025-12-29;2;0
5;2025-12-29;3;0
5;2025-12-29;4;0
5;2025-12-29;5;0
5;2025-12-29;6;0
5;2025-12-29;7;0
5;2025-12-29;8;0
5;2025-12-29;9;0
5;2025-12-29;10;0
5;2025-12-29;11;0
5;2025-12-29;12;0
5;2025-12-29;13;0
5;2025-12-29;14;0
5;2025-12-29;15;0
5;2025-12-29;16;0
5;2025-12-29;17;0
5;2025-12-29;18;0
5;2025-12-29;19;0
5;2025-12-29;20;0
5;2025-12-29;21;0
5;2025-12-29;22;0
5;2025-12-29;23;0
5;2025-12-30;0;0
5;2025-12-30;1;0
5;2025-12-30;2;0
5;2025-12-30;3;0
5;2025-12-30;4;0
5;2025-12-30;5;0
5;2025-12-30;6;0
5;2025-12-30;7;0
5;2025-12-30;8;0
5;2025-12-30;9;0
5;2025-12-30;10;0
5;2025-12-30;11;0
5;2025-12-30;12;0
5;2025-12-30;13;0
5;2025-12-30;14;0
5;2025-12-30;15;0
5;2025-12-30;16;0
5;2025-12-30;17;0
5;2025-12-30;18;0
5;2025-12-30;19;0
5;2025-12-30;20;0
5;2025-12-30;21;0
5;2025-12-30;22;0
5;2025-12-30;23;0
5;2025-12-31;0;0
5;2025-12-31;1;0
5;2025-12-31;2;0
5;2025-12-31;3;0
5;2025-12-31;4;0
5;2025-12-31;5;0
5;2025-12-31;6;0
5;2025-12-31;7;0
5;2025-12-31;8;0
5;2025-12-31;9;0
5;2025-12-31;10;0
5;2025-12-31;11;0
5;2025-12-31;12;0
5;2025-12-31;13;0
5;2025-12-31;14;0
5;2025-12-31;15;0
5;2025-12-31;16;0
5;2025-12-31;17;0
5;2025-12-31;18;0
5;2025-12-31;19;0
5;2025-12-31;20;0
5;2025-12-31;21;0
5;2025-12-31;22;0
5;2025-12-31;23;0
7;2025-11-01;0;66
7;2025-11-01;1;12
7;2025-11-01;2;0
7;2025-11-01;3;0
7;2025-11-01;4;1
7;2025-11-01;5;147
7;2025-11-01;6;504
7;2025-11-01;7;1264
7;2025-11-01;8;1915
7;2025-11-01;9;1422
7;2025-11-01;10;1456
7;2025-11-01;11;1335
7;2025-11-01;12;1408
7;2025-11-01;13;1424
7;2025-11-01;14;1470
7;2025-11-01;15;1594
7;2025-11-01;16;1778
7;2025-11-01;17;1961
7;2025-11-01;18;1690
7;2025-11-01;19;1150
7;2025-11-01;20;830
7;2025-11-01;21;501
7;2025-11-01;22;276
7;2025-11-01;23;209
7;2025-11-02;0;103
7;2025-11-02;1;24
7;2025-11-02;2;0
7;2025-11-02;3;0
7;2025-11-02;4;1
7;2025-11-02;5;30
7;2025-11-02;6;129
7;2025-11-02;7;174
7;2025-11-02;8;392
7;2025-11-02;9;519
7;2025-11-02;10;402
7;2025-11-02;11;597
7;2025-11-02;12;645
7;2025-11-02;13;641
7;2025-11-02;14;670
7;2025-11-02;15;726
7;2025-11-02;16;625
7;2025-11-02;17;636
7;2025-11-02;18;660
7;2025-11-02;19;489
7;2025-11-02;20;404
7;2025-11-02;21;296
7;2025-11-02;22;153
7;2025-11-02;23;122
7;2025-11-03;0;100
7;2025-11-03;1;23
7;2025-11-03;2;0
7;2025-11-03;3;0
7;2025-11-03;4;1
7;2025-11-03;5;29
7;2025-11-03;6;125
7;2025-11-03;7;169
7;2025-11-03;8;379
7;2025-11-03;9;502
7;2025-11-03;10;389
7;2025-11-03;11;578
7;2025-11-03;12;624
7;2025-11-03;13;620
7;2025-11-03;14;647
7;2025-11-03;15;702
7;2025-11-03;16;604
7;2025-11-03;17;615
7;2025-11-03;18;638
7;2025-11-03;19;473
7;2025-11-03;20;391
7;2025-11-03;21;286
7;2025-11-03;22;147
7;2025-11-03;23;118
7;2025-11-04;0;100
7;2025-11-04;1;23
7;2025-11-04;2;0
7;2025-11-04;3;0
7;2025-11-04;4;1
7;2025-11-04;5;29
7;2025-11-04;6;125
7;2025-11-04;7;169
7;2025-11-04;8;379
7;2025-11-04;9;502
7;2025-11-04;10;389
7;2025-11-04;11;578
7;2025-11-04;12;624
7;2025-11-04;13;620
7;2025-11-04;14;647
7;2025-11-04;15;702
7;2025-11-04;16;604
7;2025-11-04;17;615
7;2025-11-04;18;638
7;2025-11-04;19;473
7;2025-11-04;20;391
7;2025-11-04;21;286
7;2025-11-04;22;147
7;2025-11-04;23;118
7;2025-11-05;0;59
7;2025-11-05;1;13
7;2025-11-05;2;0
7;2025-11-05;3;0
7;2025-11-05;4;2
7;2025-11-05;5;188
7;2025-11-05;6;598
7;2025-11-05;7;1633
7;2025-11-05;8;2511
7;2025-11-05;9;1898
7;2025-11-05;10;1703
7;2025-11-05;11;1587
7;2025-11-05;12;1774
7;2025-11-05;13;1599
7;2025-11-05;14;1707
7;2025-11-05;15;1806
7;2025-11-05;16;1881
7;2025-11-05;17;2406
7;2025-11-05;18;2645
7;2025-11-05;19;1731
7;2025-11-05;20;1086
7;2025-11-05;21;645
7;2025-11-05;22;307
7;2025-11-05;23;206
7;2025-11-06;0;59
7;2025-11-06;1;13
7;2025-11-06;2;0
7;2025-11-06;3;0
7;2025-11-06;4;2
7;2025-11-06;5;188
7;2025-11-06;6;598
7;2025-11-06;7;1633
7;2025-11-06;8;2511
7;2025-11-06;9;1898
7;2025-11-06;10;1703
7;2025-11-06;11;1587
7;2025-11-06;12;1774
7;2025-11-06;13;1599
7;2025-11-06;14;1707
7;2025-11-06;15;1806
7;2025-11-06;16;1881
7;2025-11-06;17;2406
7;2025-11-06;18;2645
7;2025-11-06;19;1731
7;2025-11-06;20;1086
7;2025-11-06;21;645
7;2025-11-06;22;307
7;2025-11-06;23;206
7;2025-11-07;0;77
7;2025-11-07;1;15
7;2025-11-07;2;1
7;2025-11-07;3;0
7;2025-11-07;4;2
7;2025-11-07;5;174
7;2025-11-07;6;593
7;2025-11-07;7;1487
7;2025-11-07;8;2253
7;2025-11-07;9;1673
7;2025-11-07;10;1714
7;2025-11-07;11;1572
7;2025-11-07;12;1656
7;2025-11-07;13;1676
7;2025-11-07;14;1728
7;2025-11-07;15;1875
7;2025-11-07;16;2092
7;2025-11-07;17;2308
7;2025-11-07;18;1988
7;2025-11-07;19;1353
7;2025-11-07;20;977
7;2025-11-07;21;589
7;2025-11-07;22;324
7;2025-11-07;23;246
7;2025-11-08;0;123
7;2025-11-08;1;27
7;2025-11-08;2;0
7;2025-11-08;3;0
7;2025-11-08;4;1
7;2025-11-08;5;50
7;2025-11-08;6;272
7;2025-11-08;7;302
7;2025-11-08;8;720
7;2025-11-08;9;581
7;2025-11-08;10;645
7;2025-11-08;11;685
7;2025-11-08;12;952
7;2025-11-08;13;896
7;2025-11-08;14;856
7;2025-11-08;15;840
7;2025-11-08;16;839
7;2025-11-08;17;826
7;2025-11-08;18;776
7;2025-11-08;19;614
7;2025-11-08;20;544
7;2025-11-08;21;381
7;2025-11-08;22;214
7;2025-11-08;23;174
7;2025-11-09;0;103
7;2025-11-09;1;24
7;2025-11-09;2;0
7;2025-11-09;3;0
7;2025-11-09;4;1
7;2025-11-09;5;30
7;2025-11-09;6;129
7;2025-11-09;7;174
7;2025-11-09;8;392
7;2025-11-09;9;519
7;2025-11-09;10;402
7;2025-11-09;11;597
7;2025-11-09;12;645
7;2025-11-09;13;641
7;2025-11-09;14;670
7;2025-11-09;15;726
7;2025-11-09;16;625
7;2025-11-09;17;636
7;2025-11-09;18;660
7;2025-11-09;19;489
7;2025-11-09;20;404
7;2025-11-09;21;296
7;2025-11-09;22;153
7;2025-11-09;23;122
7;2025-11-10;0;60
7;2025-11-10;1;10
7;2025-11-10;2;0
7;2025-11-10;3;0
7;2025-11-10;4;1
7;2025-11-10;5;187
7;2025-11-10;6;577
7;2025-11-10;7;1615
7;2025-11-10;8;2618
7;2025-11-10;9;1807
7;2025-11-10;10;1628
7;2025-11-10;11;1545
7;2025-11-10;12;1536
7;2025-11-10;13;1558
7;2025-11-10;14;1592
7;2025-11-10;15;1749
7;2025-11-10;16;1791
7;2025-11-10;17;2498
7;2025-11-10;18;2582
7;2025-11-10;19;1744
7;2025-11-10;20;1062
7;2025-11-10;21;600
7;2025-11-10;22;291
7;2025-11-10;23;150
7;2025-11-11;0;59
7;2025-11-11;1;13
7;2025-11-11;2;0
7;2025-11-11;3;0
7;2025-11-11;4;2
7;2025-11-11;5;188
7;2025-11-11;6;598
7;2025-11-11;7;1633
7;2025-11-11;8;2511
7;2025-11-11;9;1898
7;2025-11-11;10;1703
7;2025-11-11;11;1587
7;2025-11-11;12;1774
7;2025-11-11;13;1599
7;2025-11-11;14;1707
7;2025-11-11;15;1806
7;2025-11-11;16;1881
7;2025-11-11;17;2406
7;2025-11-11;18;2645
7;2025-11-11;19;1731
7;2025-11-11;20;1086
7;2025-11-11;21;645
7;2025-11-11;22;307
7;2025-11-11;23;206
7;2025-11-12;0;59
7;2025-11-12;1;13
7;2025-11-12;2;0
7;2025-11-12;3;0
7;2025-11-12;4;2
7;2025-11-12;5;188
7;2025-11-12;6;598
7;2025-11-12;7;1633
7;2025-11-12;8;2511
7;2025-11-12;9;1898
7;2025-11-12;10;1703
7;2025-11-12;11;1587
7;2025-11-12;12;1774
7;2025-11-12;13;1599
7;2025-11-12;14;1707
7;2025-11-12;15;1806
7;2025-11-12;16;1881
7;2025-11-12;17;2406
7;2025-11-12;18;2645
7;2025-11-12;19;1731
7;2025-11-12;20;1086
7;2025-11-12;21;645
7;2025-11-12;22;307
7;2025-11-12;23;206
7;2025-11-13;0;59
7;2025-11-13;1;13
7;2025-11-13;2;0
7;2025-11-13;3;0
7;2025-11-13;4;2
7;2025-11-13;5;188
7;2025-11-13;6;598
7;2025-11-13;7;1633
7;2025-11-13;8;2511
7;2025-11-13;9;1898
7;2025-11-13;10;1703
7;2025-11-13;11;1587
7;2025-11-13;12;1774
7;2025-11-13;13;1599
7;2025-11-13;14;1707
7;2025-11-13;15;1806
7;2025-11-13;16;1881
7;2025-11-13;17;2406
7;2025-11-13;18;2645
7;2025-11-13;19;1731
7;2025-11-13;20;1086
7;2025-11-13;21;645
7;2025-11-13;22;307
7;2025-11-13;23;206
7;2025-11-14;0;77
7;2025-11-14;1;15
7;2025-11-14;2;1
7;2025-11-14;3;0
7;2025-11-14;4;2
7;2025-11-14;5;174
7;2025-11-14;6;593
7;2025-11-14;7;1487
7;2025-11-14;8;2253
7;2025-11-14;9;1673
7;2025-11-14;10;1714
7;2025-11-14;11;1572
7;2025-11-14;12;1656
7;2025-11-14;13;1676
7;2025-11-14;14;1728
7;2025-11-14;15;1875
7;2025-11-14;16;2092
7;2025-11-14;17;2308
7;2025-11-14;18;1988
7;2025-11-14;19;1353
7;2025-11-14;20;977
7;2025-11-14;21;589
7;2025-11-14;22;324
7;2025-11-14;23;246
7;2025-11-15;0;117
7;2025-11-15;1;26
7;2025-11-15;2;0
7;2025-11-15;3;0
7;2025-11-15;4;1
7;2025-11-15;5;47
7;2025-11-15;6;258
7;2025-11-15;7;287
7;2025-11-15;8;684
7;2025-11-15;9;550
7;2025-11-15;10;612
7;2025-11-15;11;649
7;2025-11-15;12;904
7;2025-11-15;13;849
7;2025-11-15;14;812
7;2025-11-15;15;797
7;2025-11-15;16;796
7;2025-11-15;17;784
7;2025-11-15;18;736
7;2025-11-15;19;583
7;2025-11-15;20;516
7;2025-11-15;21;361
7;2025-11-15;22;203
7;2025-11-15;23;165
7;2025-11-16;0;103
7;2025-11-16;1;24
7;2025-11-16;2;0
7;2025-11-16;3;0
7;2025-11-16;4;1
7;2025-11-16;5;30
7;2025-11-16;6;129
7;2025-11-16;7;174
7;2025-11-16;8;392
7;2025-11-16;9;519
7;2025-11-16;10;402
7;2025-11-16;11;597
7;2025-11-16;12;645
7;2025-11-16;13;641
7;2025-11-16;14;670
7;2025-11-16;15;726
7;2025-11-16;16;625
7;2025-11-16;17;636
7;2025-11-16;18;660
7;2025-11-16;19;489
7;2025-11-16;20;404
7;2025-11-16;21;296
7;2025-11-16;22;153
7;2025-11-16;23;122
7;2025-11-17;0;60
7;2025-11-17;1;10
7;2025-11-17;2;0
7;2025-11-17;3;0
7;2025-11-17;4;1
7;2025-11-17;5;187
7;2025-11-17;6;577
7;2025-11-17;7;1615
7;2025-11-17;8;2618
7;2025-11-17;9;1807
7;2025-11-17;10;1628
7;2025-11-17;11;1545
7;2025-11-17;12;1536
7;2025-11-17;13;1558
7;2025-11-17;14;1592
7;2025-11-17;15;1749
7;2025-11-17;16;1791
7;2025-11-17;17;2498
7;2025-11-17;18;2582
7;2025-11-17;19;1744
7;2025-11-17;20;1062
7;2025-11-17;21;600
7;2025-11-17;22;291
7;2025-11-17;23;150
7;2025-11-18;0;59
7;2025-11-18;1;13
7;2025-11-18;2;0
7;2025-11-18;3;0
7;2025-11-18;4;2
7;2025-11-18;5;188
7;2025-11-18;6;598
7;2025-11-18;7;1633
7;2025-11-18;8;2511
7;2025-11-18;9;1898
7;2025-11-18;10;1703
7;2025-11-18;11;1587
7;2025-11-18;12;1774
7;2025-11-18;13;1599
7;2025-11-18;14;1707
7;2025-11-18;15;1806
7;2025-11-18;16;1881
7;2025-11-18;17;2406
7;2025-11-18;18;2645
7;2025-11-18;19;1731
7;2025-11-18;20;1086
7;2025-11-18;21;645
7;2025-11-18;22;307
7;2025-11-18;23;206
7;2025-11-19;0;59
7;2025-11-19;1;13
7;2025-11-19;2;0
7;2025-11-19;3;0
7;2025-11-19;4;2
7;2025-11-19;5;188
7;2025-11-19;6;598
7;2025-11-19;7;1633
7;2025-11-19;8;2511
7;2025-11-19;9;1898
7;2025-11-19;10;1703
7;2025-11-19;11;1587
7;2025-11-19;12;1774
7;2025-11-19;13;1599
7;2025-11-19;14;1707
7;2025-11-19;15;1806
7;2025-11-19;16;1881
7;2025-11-19;17;2406
7;2025-11-19;18;2645
7;2025-11-19;19;1731
7;2025-11-19;20;1086
7;2025-11-19;21;645
7;2025-11-19;22;307
7;2025-11-19;23;206
7;2025-11-20;0;59
7;2025-11-20;1;13
7;2025-11-20;2;0
7;2025-11-20;3;0
7;2025-11-20;4;2
7;2025-11-20;5;188
7;2025-11-20;6;598
7;2025-11-20;7;1633
7;2025-11-20;8;2511
7;2025-11-20;9;1898
7;2025-11-20;10;1703
7;2025-11-20;11;1587
7;2025-11-20;12;1774
7;2025-11-20;13;1599
7;2025-11-20;14;1707
7;2025-11-20;15;1806
7;2025-11-20;16;1881
7;2025-11-20;17;2406
7;2025-11-20;18;2645
7;2025-11-20;19;1731
7;2025-11-20;20;1086
7;2025-11-20;21;645
7;2025-11-20;22;307
7;2025-11-20;23;206
7;2025-11-21;0;77
7;2025-11-21;1;15
7;2025-11-21;2;1
7;2025-11-21;3;0
7;2025-11-21;4;2
7;2025-11-21;5;174
7;2025-11-21;6;593
7;2025-11-21;7;1487
7;2025-11-21;8;2253
7;2025-11-21;9;1673
7;2025-11-21;10;1714
7;2025-11-21;11;1572
7;2025-11-21;12;1656
7;2025-11-21;13;1676
7;2025-11-21;14;1728
7;2025-11-21;15;1875
7;2025-11-21;16;2092
7;2025-11-21;17;2308
7;2025-11-21;18;1988
7;2025-11-21;19;1353
7;2025-11-21;20;977
7;2025-11-21;21;589
7;2025-11-21;22;324
7;2025-11-21;23;246
7;2025-11-22;0;123
7;2025-11-22;1;27
7;2025-11-22;2;0
7;2025-11-22;3;0
7;2025-11-22;4;1
7;2025-11-22;5;50
7;2025-11-22;6;272
7;2025-11-22;7;302
7;2025-11-22;8;720
7;2025-11-22;9;581
7;2025-11-22;10;645
7;2025-11-22;11;685
7;2025-11-22;12;952
7;2025-11-22;13;896
7;2025-11-22;14;856
7;2025-11-22;15;840
7;2025-11-22;16;839
7;2025-11-22;17;826
7;2025-11-22;18;776
7;2025-11-22;19;614
7;2025-11-22;20;544
7;2025-11-22;21;381
7;2025-11-22;22;214
7;2025-11-22;23;174
7;2025-11-23;0;103
7;2025-11-23;1;24
7;2025-11-23;2;0
7;2025-11-23;3;0
7;2025-11-23;4;1
7;2025-11-23;5;30
7;2025-11-23;6;129
7;2025-11-23;7;174
7;2025-11-23;8;392
7;2025-11-23;9;519
7;2025-11-23;10;402
7;2025-11-23;11;597
7;2025-11-23;12;645
7;2025-11-23;13;641
7;2025-11-23;14;670
7;2025-11-23;15;726
7;2025-11-23;16;625
7;2025-11-23;17;636
7;2025-11-23;18;660
7;2025-11-23;19;489
7;2025-11-23;20;404
7;2025-11-23;21;296
7;2025-11-23;22;153
7;2025-11-23;23;122
7;2025-11-24;0;60
7;2025-11-24;1;10
7;2025-11-24;2;0
7;2025-11-24;3;0
7;2025-11-24;4;1
7;2025-11-24;5;187
7;2025-11-24;6;577
7;2025-11-24;7;1615
7;2025-11-24;8;2618
7;2025-11-24;9;1807
7;2025-11-24;10;1628
7;2025-11-24;11;1545
7;2025-11-24;12;1536
7;2025-11-24;13;1558
7;2025-11-24;14;1592
7;2025-11-24;15;1749
7;2025-11-24;16;1791
7;2025-11-24;17;2498
7;2025-11-24;18;2582
7;2025-11-24;19;1744
7;2025-11-24;20;1062
7;2025-11-24;21;600
7;2025-11-24;22;291
7;2025-11-24;23;150
7;2025-11-25;0;59
7;2025-11-25;1;13
7;2025-11-25;2;0
7;2025-11-25;3;0
7;2025-11-25;4;2
7;2025-11-25;5;188
7;2025-11-25;6;598
7;2025-11-25;7;1633
7;2025-11-25;8;2511
7;2025-11-25;9;1898
7;2025-11-25;10;1703
7;2025-11-25;11;1587
7;2025-11-25;12;1774
7;2025-11-25;13;1599
7;2025-11-25;14;1707
7;2025-11-25;15;1806
7;2025-11-25;16;1881
7;2025-11-25;17;2406
7;2025-11-25;18;2645
7;2025-11-25;19;1731
7;2025-11-25;20;1086
7;2025-11-25;21;645
7;2025-11-25;22;307
7;2025-11-25;23;206
7;2025-11-26;0;59
7;2025-11-26;1;13
7;2025-11-26;2;0
7;2025-11-26;3;0
7;2025-11-26;4;2
7;2025-11-26;5;188
7;2025-11-26;6;598
7;2025-11-26;7;1633
7;2025-11-26;8;2511
7;2025-11-26;9;1898
7;2025-11-26;10;1703
7;2025-11-26;11;1587
7;2025-11-26;12;1774
7;2025-11-26;13;1599
7;2025-11-26;14;1707
7;2025-11-26;15;1806
7;2025-11-26;16;1881
7;2025-11-26;17;2406
7;2025-11-26;18;2645
7;2025-11-26;19;1731
7;2025-11-26;20;1086
7;2025-11-26;21;645
7;2025-11-26;22;307
7;2025-11-26;23;206
7;2025-11-27;0;59
7;2025-11-27;1;13
7;2025-11-27;2;0
7;2025-11-27;3;0
7;2025-11-27;4;2
7;2025-11-27;5;188
7;2025-11-27;6;598
7;2025-11-27;7;1633
7;2025-11-27;8;2511
7;2025-11-27;9;1898
7;2025-11-27;10;1703
7;2025-11-27;11;1587
7;2025-11-27;12;1774
7;2025-11-27;13;1599
7;2025-11-27;14;1707
7;2025-11-27;15;1806
7;2025-11-27;16;1881
7;2025-11-27;17;2406
7;2025-11-27;18;2645
7;2025-11-27;19;1731
7;2025-11-27;20;1086
7;2025-11-27;21;645
7;2025-11-27;22;307
7;2025-11-27;23;206
7;2025-11-28;0;77
7;2025-11-28;1;15
7;2025-11-28;2;1
7;2025-11-28;3;0
7;2025-11-28;4;2
7;2025-11-28;5;174
7;2025-11-28;6;593
7;2025-11-28;7;1487
7;2025-11-28;8;2253
7;2025-11-28;9;1673
7;2025-11-28;10;1714
7;2025-11-28;11;1572
7;2025-11-28;12;1656
7;2025-11-28;13;1676
7;2025-11-28;14;1728
7;2025-11-28;15;1875
7;2025-11-28;16;2092
7;2025-11-28;17;2308
7;2025-11-28;18;1988
7;2025-11-28;19;1353
7;2025-11-28;20;977
7;2025-11-28;21;589
7;2025-11-28;22;324
7;2025-11-28;23;246
7;2025-11-29;0;123
7;2025-11-29;1;27
7;2025-11-29;2;0
7;2025-11-29;3;0
7;2025-11-29;4;1
7;2025-11-29;5;50
7;2025-11-29;6;272
7;2025-11-29;7;302
7;2025-11-29;8;720
7;2025-11-29;9;581
7;2025-11-29;10;645
7;2025-11-29;11;685
7;2025-11-29;12;952
7;2025-11-29;13;896
7;2025-11-29;14;856
7;2025-11-29;15;840
7;2025-11-29;16;839
7;2025-11-29;17;826
7;2025-11-29;18;776
7;2025-11-29;19;614
7;2025-11-29;20;544
7;2025-11-29;21;381
7;2025-11-29;22;214
7;2025-11-29;23;174
7;2025-11-30;0;103
7;2025-11-30;1;24
7;2025-11-30;2;0
7;2025-11-30;3;0
7;2025-11-30;4;1
7;2025-11-30;5;30
7;2025-11-30;6;129
7;2025-11-30;7;174
7;2025-11-30;8;392
7;2025-11-30;9;519
7;2025-11-30;10;402
7;2025-11-30;11;597
7;2025-11-30;12;645
7;2025-11-30;13;641
7;2025-11-30;14;670
7;2025-11-30;15;726
7;2025-11-30;16;625
7;2025-11-30;17;636
7;2025-11-30;18;660
7;2025-11-30;19;489
7;2025-11-30;20;404
7;2025-11-30;21;296
7;2025-11-30;22;153
7;2025-11-30;23;122
7;2025-12-01;0;60
7;2025-12-01;1;10
7;2025-12-01;2;0
7;2025-12-01;3;0
7;2025-12-01;4;1
7;2025-12-01;5;187
7;2025-12-01;6;577
7;2025-12-01;7;1615
7;2025-12-01;8;2618
7;2025-12-01;9;1807
7;2025-12-01;10;1628
7;2025-12-01;11;1545
7;2025-12-01;12;1536
7;2025-12-01;13;1558
7;2025-12-01;14;1592
7;2025-12-01;15;1749
7;2025-12-01;16;1791
7;2025-12-01;17;2498
7;2025-12-01;18;2582
7;2025-12-01;19;1744
7;2025-12-01;20;1062
7;2025-12-01;21;600
7;2025-12-01;22;291
7;2025-12-01;23;150
7;2025-12-02;0;59
7;2025-12-02;1;13
7;2025-12-02;2;0
7;2025-12-02;3;0
7;2025-12-02;4;2
7;2025-12-02;5;188
7;2025-12-02;6;598
7;2025-12-02;7;1633
7;2025-12-02;8;2511
7;2025-12-02;9;1898
7;2025-12-02;10;1703
7;2025-12-02;11;1587
7;2025-12-02;12;1774
7;2025-12-02;13;1599
7;2025-12-02;14;1707
7;2025-12-02;15;1806
7;2025-12-02;16;1881
7;2025-12-02;17;2406
7;2025-12-02;18;2645
7;2025-12-02;19;1731
7;2025-12-02;20;1086
7;2025-12-02;21;645
7;2025-12-02;22;307
7;2025-12-02;23;206
7;2025-12-03;0;59
7;2025-12-03;1;13
7;2025-12-03;2;0
7;2025-12-03;3;0
7;2025-12-03;4;2
7;2025-12-03;5;188
7;2025-12-03;6;598
7;2025-12-03;7;1633
7;2025-12-03;8;2511
7;2025-12-03;9;1898
7;2025-12-03;10;1703
7;2025-12-03;11;1587
7;2025-12-03;12;1774
7;2025-12-03;13;1599
7;2025-12-03;14;1707
7;2025-12-03;15;1806
7;2025-12-03;16;1881
7;2025-12-03;17;2406
7;2025-12-03;18;2645
7;2025-12-03;19;1731
7;2025-12-03;20;1086
7;2025-12-03;21;645
7;2025-12-03;22;307
7;2025-12-03;23;206
7;2025-12-04;0;59
7;2025-12-04;1;13
7;2025-12-04;2;0
7;2025-12-04;3;0
7;2025-12-04;4;2
7;2025-12-04;5;188
7;2025-12-04;6;598
7;2025-12-04;7;1633
7;2025-12-04;8;2511
7;2025-12-04;9;1898
7;2025-12-04;10;1703
7;2025-12-04;11;1587
7;2025-12-04;12;1774
7;2025-12-04;13;1599
7;2025-12-04;14;1707
7;2025-12-04;15;1806
7;2025-12-04;16;1881
7;2025-12-04;17;2406
7;2025-12-04;18;2645
7;2025-12-04;19;1731
7;2025-12-04;20;1086
7;2025-12-04;21;645
7;2025-12-04;22;307
7;2025-12-04;23;206
7;2025-12-05;0;77
7;2025-12-05;1;15
7;2025-12-05;2;1
7;2025-12-05;3;0
7;2025-12-05;4;2
7;2025-12-05;5;174
7;2025-12-05;6;593
7;2025-12-05;7;1487
7;2025-12-05;8;2253
7;2025-12-05;9;1673
7;2025-12-05;10;1714
7;2025-12-05;11;1572
7;2025-12-05;12;1656
7;2025-12-05;13;1676
7;2025-12-05;14;1728
7;2025-12-05;15;1875
7;2025-12-05;16;2092
7;2025-12-05;17;2308
7;2025-12-05;18;1988
7;2025-12-05;19;1353
7;2025-12-05;20;977
7;2025-12-05;21;589
7;2025-12-05;22;324
7;2025-12-05;23;246
7;2025-12-06;0;123
7;2025-12-06;1;27
7;2025-12-06;2;0
7;2025-12-06;3;0
7;2025-12-06;4;1
7;2025-12-06;5;50
7;2025-12-06;6;272
7;2025-12-06;7;302
7;2025-12-06;8;720
7;2025-12-06;9;581
7;2025-12-06;10;645
7;2025-12-06;11;685
7;2025-12-06;12;952
7;2025-12-06;13;896
7;2025-12-06;14;856
7;2025-12-06;15;840
7;2025-12-06;16;839
7;2025-12-06;17;826
7;2025-12-06;18;776
7;2025-12-06;19;614
7;2025-12-06;20;544
7;2025-12-06;21;381
7;2025-12-06;22;214
7;2025-12-06;23;174
7;2025-12-07;0;103
7;2025-12-07;1;24
7;2025-12-07;2;0
7;2025-12-07;3;0
7;2025-12-07;4;1
7;2025-12-07;5;30
7;2025-12-07;6;129
7;2025-12-07;7;174
7;2025-12-07;8;392
7;2025-12-07;9;519
7;2025-12-07;10;402
7;2025-12-07;11;597
7;2025-12-07;12;645
7;2025-12-07;13;641
7;2025-12-07;14;670
7;2025-12-07;15;726
7;2025-12-07;16;625
7;2025-12-07;17;636
7;2025-12-07;18;660
7;2025-12-07;19;489
7;2025-12-07;20;404
7;2025-12-07;21;296
7;2025-12-07;22;153
7;2025-12-07;23;122
7;2025-12-08;0;60
7;2025-12-08;1;10
7;2025-12-08;2;0
7;2025-12-08;3;0
7;2025-12-08;4;1
7;2025-12-08;5;187
7;2025-12-08;6;577
7;2025-12-08;7;1615
7;2025-12-08;8;2618
7;2025-12-08;9;1807
7;2025-12-08;10;1628
7;2025-12-08;11;1545
7;2025-12-08;12;1536
7;2025-12-08;13;1558
7;2025-12-08;14;1592
7;2025-12-08;15;1749
7;2025-12-08;16;1791
7;2025-12-08;17;2498
7;2025-12-08;18;2582
7;2025-12-08;19;1744
7;2025-12-08;20;1062
7;2025-12-08;21;600
7;2025-12-08;22;291
7;2025-12-08;23;150
7;2025-12-09;0;59
7;2025-12-09;1;13
7;2025-12-09;2;0
7;2025-12-09;3;0
7;2025-12-09;4;2
7;2025-12-09;5;188
7;2025-12-09;6;598
7;2025-12-09;7;1633
7;2025-12-09;8;2511
7;2025-12-09;9;1898
7;2025-12-09;10;1703
7;2025-12-09;11;1587
7;2025-12-09;12;1774
7;2025-12-09;13;1599
7;2025-12-09;14;1707
7;2025-12-09;15;1806
7;2025-12-09;16;1881
7;2025-12-09;17;2406
7;2025-12-09;18;2645
7;2025-12-09;19;1731
7;2025-12-09;20;1086
7;2025-12-09;21;645
7;2025-12-09;22;307
7;2025-12-09;23;206
7;2025-12-10;0;59
7;2025-12-10;1;13
7;2025-12-10;2;0
7;2025-12-10;3;0
7;2025-12-10;4;2
7;2025-12-10;5;188
7;2025-12-10;6;598
7;2025-12-10;7;1633
7;2025-12-10;8;2511
7;2025-12-10;9;1898
7;2025-12-10;10;1703
7;2025-12-10;11;1587
7;2025-12-10;12;1774
7;2025-12-10;13;1599
7;2025-12-10;14;1707
7;2025-12-10;15;1806
7;2025-12-10;16;1881
7;2025-12-10;17;2406
7;2025-12-10;18;2645
7;2025-12-10;19;1731
7;2025-12-10;20;1086
7;2025-12-10;21;645
7;2025-12-10;22;307
7;2025-12-10;23;206
7;2025-12-11;0;59
7;2025-12-11;1;13
7;2025-12-11;2;0
7;2025-12-11;3;0
7;2025-12-11;4;2
7;2025-12-11;5;188
7;2025-12-11;6;598
7;2025-12-11;7;1633
7;2025-12-11;8;2511
7;2025-12-11;9;1898
7;2025-12-11;10;1703
7;2025-12-11;11;1587
7;2025-12-11;12;1774
7;2025-12-11;13;1599
7;2025-12-11;14;1707
7;2025-12-11;15;1806
7;2025-12-11;16;1881
7;2025-12-11;17;2406
7;2025-12-11;18;2645
7;2025-12-11;19;1731
7;2025-12-11;20;1086
7;2025-12-11;21;645
7;2025-12-11;22;307
7;2025-12-11;23;206
7;2025-12-12;0;77
7;2025-12-12;1;15
7;2025-12-12;2;1
7;2025-12-12;3;0
7;2025-12-12;4;2
7;2025-12-12;5;174
7;2025-12-12;6;593
7;2025-12-12;7;1487
7;2025-12-12;8;2253
7;2025-12-12;9;1673
7;2025-12-12;10;1714
7;2025-12-12;11;1572
7;2025-12-12;12;1656
7;2025-12-12;13;1676
7;2025-12-12;14;1728
7;2025-12-12;15;1875
7;2025-12-12;16;2092
7;2025-12-12;17;2308
7;2025-12-12;18;1988
7;2025-12-12;19;1353
7;2025-12-12;20;977
7;2025-12-12;21;589
7;2025-12-12;22;324
7;2025-12-12;23;246
7;2025-12-13;0;123
7;2025-12-13;1;27
7;2025-12-13;2;0
7;2025-12-13;3;0
7;2025-12-13;4;1
7;2025-12-13;5;50
7;2025-12-13;6;272
7;2025-12-13;7;302
7;2025-12-13;8;720
7;2025-12-13;9;581
7;2025-12-13;10;645
7;2025-12-13;11;685
7;2025-12-13;12;952
7;2025-12-13;13;896
7;2025-12-13;14;856
7;2025-12-13;15;840
7;2025-12-13;16;839
7;2025-12-13;17;826
7;2025-12-13;18;776
7;2025-12-13;19;614
7;2025-12-13;20;544
7;2025-12-13;21;381
7;2025-12-13;22;214
7;2025-12-13;23;174
7;2025-12-14;0;103
7;2025-12-14;1;24
7;2025-12-14;2;0
7;2025-12-14;3;0
7;2025-12-14;4;1
7;2025-12-14;5;30
7;2025-12-14;6;129
7;2025-12-14;7;174
7;2025-12-14;8;392
7;2025-12-14;9;519
7;2025-12-14;10;402
7;2025-12-14;11;597
7;2025-12-14;12;645
7;2025-12-14;13;641
7;2025-12-14;14;670
7;2025-12-14;15;726
7;2025-12-14;16;625
7;2025-12-14;17;636
7;2025-12-14;18;660
7;2025-12-14;19;489
7;2025-12-14;20;404
7;2025-12-14;21;296
7;2025-12-14;22;153
7;2025-12-14;23;122
7;2025-12-15;0;60
7;2025-12-15;1;10
7;2025-12-15;2;0
7;2025-12-15;3;0
7;2025-12-15;4;1
7;2025-12-15;5;187
7;2025-12-15;6;577
7;2025-12-15;7;1615
7;2025-12-15;8;2618
7;2025-12-15;9;1807
7;2025-12-15;10;1628
7;2025-12-15;11;1545
7;2025-12-15;12;1536
7;2025-12-15;13;1558
7;2025-12-15;14;1592
7;2025-12-15;15;1749
7;2025-12-15;16;1791
7;2025-12-15;17;2498
7;2025-12-15;18;2582
7;2025-12-15;19;1744
7;2025-12-15;20;1062
7;2025-12-15;21;600
7;2025-12-15;22;291
7;2025-12-15;23;150
7;2025-12-16;0;59
7;2025-12-16;1;13
7;2025-12-16;2;0
7;2025-12-16;3;0
7;2025-12-16;4;2
7;2025-12-16;5;188
7;2025-12-16;6;598
7;2025-12-16;7;1633
7;2025-12-16;8;2511
7;2025-12-16;9;1898
7;2025-12-16;10;1703
7;2025-12-16;11;1587
7;2025-12-16;12;1774
7;2025-12-16;13;1599
7;2025-12-16;14;1707
7;2025-12-16;15;1806
7;2025-12-16;16;1881
7;2025-12-16;17;2406
7;2025-12-16;18;2645
7;2025-12-16;19;1731
7;2025-12-16;20;1086
7;2025-12-16;21;645
7;2025-12-16;22;307
7;2025-12-16;23;206
7;2025-12-17;0;59
7;2025-12-17;1;13
7;2025-12-17;2;0
7;2025-12-17;3;0
7;2025-12-17;4;2
7;2025-12-17;5;188
7;2025-12-17;6;598
7;2025-12-17;7;1633
7;2025-12-17;8;2511
7;2025-12-17;9;1898
7;2025-12-17;10;1703
7;2025-12-17;11;1587
7;2025-12-17;12;1774
7;2025-12-17;13;1599
7;2025-12-17;14;1707
7;2025-12-17;15;1806
7;2025-12-17;16;1881
7;2025-12-17;17;2406
7;2025-12-17;18;2645
7;2025-12-17;19;1731
7;2025-12-17;20;1086
7;2025-12-17;21;645
7;2025-12-17;22;307
7;2025-12-17;23;206
7;2025-12-18;0;59
7;2025-12-18;1;13
7;2025-12-18;2;0
7;2025-12-18;3;0
7;2025-12-18;4;2
7;2025-12-18;5;188
7;2025-12-18;6;598
7;2025-12-18;7;1633
7;2025-12-18;8;2511
7;2025-12-18;9;1898
7;2025-12-18;10;1703
7;2025-12-18;11;1587
7;2025-12-18;12;1774
7;2025-12-18;13;1599
7;2025-12-18;14;1707
7;2025-12-18;15;1806
7;2025-12-18;16;1881
7;2025-12-18;17;2406
7;2025-12-18;18;2645
7;2025-12-18;19;1731
7;2025-12-18;20;1086
7;2025-12-18;21;645
7;2025-12-18;22;307
7;2025-12-18;23;206
7;2025-12-19;0;77
7;2025-12-19;1;15
7;2025-12-19;2;1
7;2025-12-19;3;0
7;2025-12-19;4;2
7;2025-12-19;5;174
7;2025-12-19;6;593
7;2025-12-19;7;1487
7;2025-12-19;8;2253
7;2025-12-19;9;1673
7;2025-12-19;10;1714
7;2025-12-19;11;1572
7;2025-12-19;12;1656
7;2025-12-19;13;1676
7;2025-12-19;14;1728
7;2025-12-19;15;1875
7;2025-12-19;16;2092
7;2025-12-19;17;2308
7;2025-12-19;18;1988
7;2025-12-19;19;1353
7;2025-12-19;20;977
7;2025-12-19;21;589
7;2025-12-19;22;324
7;2025-12-19;23;246
7;2025-12-20;0;123
7;2025-12-20;1;27
7;2025-12-20;2;0
7;2025-12-20;3;0
7;2025-12-20;4;1
7;2025-12-20;5;50
7;2025-12-20;6;272
7;2025-12-20;7;302
7;2025-12-20;8;720
7;2025-12-20;9;581
7;2025-12-20;10;645
7;2025-12-20;11;685
7;2025-12-20;12;952
7;2025-12-20;13;896
7;2025-12-20;14;856
7;2025-12-20;15;840
7;2025-12-20;16;839
7;2025-12-20;17;826
7;2025-12-20;18;776
7;2025-12-20;19;614
7;2025-12-20;20;544
7;2025-12-20;21;381
7;2025-12-20;22;214
7;2025-12-20;23;174
7;2025-12-21;0;103
7;2025-12-21;1;24
7;2025-12-21;2;0
7;2025-12-21;3;0
7;2025-12-21;4;1
7;2025-12-21;5;30
7;2025-12-21;6;129
7;2025-12-21;7;174
7;2025-12-21;8;392
7;2025-12-21;9;519
7;2025-12-21;10;402
7;2025-12-21;11;597
7;2025-12-21;12;645
7;2025-12-21;13;641
7;2025-12-21;14;670
7;2025-12-21;15;726
7;2025-12-21;16;625
7;2025-12-21;17;636
7;2025-12-21;18;660
7;2025-12-21;19;489
7;2025-12-21;20;404
7;2025-12-21;21;296
7;2025-12-21;22;153
7;2025-12-21;23;122
7;2025-12-22;0;60
7;2025-12-22;1;10
7;2025-12-22;2;0
7;2025-12-22;3;0
7;2025-12-22;4;1
7;2025-12-22;5;187
7;2025-12-22;6;577
7;2025-12-22;7;1615
7;2025-12-22;8;2618
7;2025-12-22;9;1807
7;2025-12-22;10;1628
7;2025-12-22;11;1545
7;2025-12-22;12;1536
7;2025-12-22;13;1558
7;2025-12-22;14;1592
7;2025-12-22;15;1749
7;2025-12-22;16;1791
7;2025-12-22;17;2498
7;2025-12-22;18;2582
7;2025-12-22;19;1744
7;2025-12-22;20;1062
7;2025-12-22;21;600
7;2025-12-22;22;291
7;2025-12-22;23;150
7;2025-12-23;0;59
7;2025-12-23;1;13
7;2025-12-23;2;0
7;2025-12-23;3;0
7;2025-12-23;4;2
7;2025-12-23;5;188
7;2025-12-23;6;598
7;2025-12-23;7;1633
7;2025-12-23;8;2511
7;2025-12-23;9;1898
7;2025-12-23;10;1703
7;2025-12-23;11;1587
7;2025-12-23;12;1774
7;2025-12-23;13;1599
7;2025-12-23;14;1707
7;2025-12-23;15;1806
7;2025-12-23;16;1881
7;2025-12-23;17;2406
7;2025-12-23;18;2645
7;2025-12-23;19;1731
7;2025-12-23;20;1086
7;2025-12-23;21;645
7;2025-12-23;22;307
7;2025-12-23;23;206
7;2025-12-24;0;59
7;2025-12-24;1;13
7;2025-12-24;2;0
7;2025-12-24;3;0
7;2025-12-24;4;2
7;2025-12-24;5;188
7;2025-12-24;6;598
7;2025-12-24;7;1633
7;2025-12-24;8;2511
7;2025-12-24;9;1898
7;2025-12-24;10;1703
7;2025-12-24;11;1587
7;2025-12-24;12;1774
7;2025-12-24;13;1599
7;2025-12-24;14;1707
7;2025-12-24;15;1806
7;2025-12-24;16;1881
7;2025-12-24;17;2406
7;2025-12-24;18;2645
7;2025-12-24;19;1731
7;2025-12-24;20;1086
7;2025-12-24;21;645
7;2025-12-24;22;307
7;2025-12-24;23;206
7;2025-12-25;0;59
7;2025-12-25;1;13
7;2025-12-25;2;0
7;2025-12-25;3;0
7;2025-12-25;4;2
7;2025-12-25;5;188
7;2025-12-25;6;598
7;2025-12-25;7;1633
7;2025-12-25;8;2511
7;2025-12-25;9;1898
7;2025-12-25;10;1703
7;2025-12-25;11;1587
7;2025-12-25;12;1774
7;2025-12-25;13;1599
7;2025-12-25;14;1707
7;2025-12-25;15;1806
7;2025-12-25;16;1881
7;2025-12-25;17;2406
7;2025-12-25;18;2645
7;2025-12-25;19;1731
7;2025-12-25;20;1086
7;2025-12-25;21;645
7;2025-12-25;22;307
7;2025-12-25;23;206
7;2025-12-26;0;77
7;2025-12-26;1;15
7;2025-12-26;2;1
7;2025-12-26;3;0
7;2025-12-26;4;2
7;2025-12-26;5;174
7;2025-12-26;6;593
7;2025-12-26;7;1487
7;2025-12-26;8;2253
7;2025-12-26;9;1673
7;2025-12-26;10;1714
7;2025-12-26;11;1572
7;2025-12-26;12;1656
7;2025-12-26;13;1676
7;2025-12-26;14;1728
7;2025-12-26;15;1875
7;2025-12-26;16;2092
7;2025-12-26;17;2308
7;2025-12-26;18;1988
7;2025-12-26;19;1353
7;2025-12-26;20;977
7;2025-12-26;21;589
7;2025-12-26;22;324
7;2025-12-26;23;246
7;2025-12-27;0;123
7;2025-12-27;1;27
7;2025-12-27;2;0
7;2025-12-27;3;0
7;2025-12-27;4;1
7;2025-12-27;5;50
7;2025-12-27;6;272
7;2025-12-27;7;302
7;2025-12-27;8;720
7;2025-12-27;9;581
7;2025-12-27;10;645
7;2025-12-27;11;685
7;2025-12-27;12;952
7;2025-12-27;13;896
7;2025-12-27;14;856
7;2025-12-27;15;840
7;2025-12-27;16;839
7;2025-12-27;17;826
7;2025-12-27;18;776
7;2025-12-27;19;614
7;2025-12-27;20;544
7;2025-12-27;21;381
7;2025-12-27;22;214
7;2025-12-27;23;174
7;2025-12-28;0;103
7;2025-12-28;1;24
7;2025-12-28;2;0
7;2025-12-28;3;0
7;2025-12-28;4;1
7;2025-12-28;5;30
7;2025-12-28;6;129
7;2025-12-28;7;174
7;2025-12-28;8;392
7;2025-12-28;9;519
7;2025-12-28;10;402
7;2025-12-28;11;597
7;2025-12-28;12;645
7;2025-12-28;13;641
7;2025-12-28;14;670
7;2025-12-28;15;726
7;2025-12-28;16;625
7;2025-12-28;17;636
7;2025-12-28;18;660
7;2025-12-28;19;489
7;2025-12-28;20;404
7;2025-12-28;21;296
7;2025-12-28;22;153
7;2025-12-28;23;122
7;2025-12-29;0;66
7;2025-12-29;1;12
7;2025-12-29;2;0
7;2025-12-29;3;0
7;2025-12-29;4;2
7;2025-12-29;5;149
7;2025-12-29;6;510
7;2025-12-29;7;1279
7;2025-12-29;8;1937
7;2025-12-29;9;1438
7;2025-12-29;10;1474
7;2025-12-29;11;1351
7;2025-12-29;12;1424
7;2025-12-29;13;1441
7;2025-12-29;14;1487
7;2025-12-29;15;1612
7;2025-12-29;16;1799
7;2025-12-29;17;1985
7;2025-12-29;18;1710
7;2025-12-29;19;1165
7;2025-12-29;20;840
7;2025-12-29;21;507
7;2025-12-29;22;279
7;2025-12-29;23;211
7;2025-12-30;0;66
7;2025-12-30;1;12
7;2025-12-30;2;0
7;2025-12-30;3;0
7;2025-12-30;4;2
7;2025-12-30;5;149
7;2025-12-30;6;510
7;2025-12-30;7;1279
7;2025-12-30;8;1937
7;2025-12-30;9;1438
7;2025-12-30;10;1474
7;2025-12-30;11;1351
7;2025-12-30;12;1424
7;2025-12-30;13;1441
7;2025-12-30;14;1487
7;2025-12-30;15;1612
7;2025-12-30;16;1799
7;2025-12-30;17;1985
7;2025-12-30;18;1710
7;2025-12-30;19;1165
7;2025-12-30;20;840
7;2025-12-30;21;507
7;2025-12-30;22;279
7;2025-12-30;23;211
7;2025-12-31;0;105
7;2025-12-31;1;23
7;2025-12-31;2;0
7;2025-12-31;3;0
7;2025-12-31;4;1
7;2025-12-31;5;42
7;2025-12-31;6;231
7;2025-12-31;7;257
7;2025-12-31;8;612
7;2025-12-31;9;494
7;2025-12-31;10;548
7;2025-12-31;11;582
7;2025-12-31;12;810
7;2025-12-31;13;762
7;2025-12-31;14;727
7;2025-12-31;15;714
7;2025-12-31;16;713
7;2025-12-31;17;703
7;2025-12-31;18;660
7;2025-12-31;19;287
7;2025-12-31;20;255
7;2025-12-31;21;178
7;2025-12-31;22;100
7;2025-12-31;23;82
11;2025-11-01;0;60
11;2025-11-01;1;2
11;2025-11-01;2;0
11;2025-11-01;3;0
11;2025-11-01;4;0
11;2025-11-01;5;219
11;2025-11-01;6;1112
11;2025-11-01;7;2077
11;2025-11-01;8;2816
11;2025-11-01;9;1903
11;2025-11-01;10;1580
11;2025-11-01;11;1493
11;2025-11-01;12;1623
11;2025-11-01;13;1594
11;2025-11-01;14;1774
11;2025-11-01;15;1760
11;2025-11-01;16;1954
11;2025-11-01;17;2476
11;2025-11-01;18;2068
11;2025-11-01;19;1549
11;2025-11-01;20;1126
11;2025-11-01;21;703
11;2025-11-01;22;317
11;2025-11-01;23;286
11;2025-11-02;0;115
11;2025-11-02;1;16
11;2025-11-02;2;0
11;2025-11-02;3;0
11;2025-11-02;4;0
11;2025-11-02;5;109
11;2025-11-02;6;504
11;2025-11-02;7;499
11;2025-11-02;8;700
11;2025-11-02;9;952
11;2025-11-02;10;1053
11;2025-11-02;11;1546
11;2025-11-02;12;1622
11;2025-11-02;13;1568
11;2025-11-02;14;1677
11;2025-11-02;15;1645
11;2025-11-02;16;1550
11;2025-11-02;17;1725
11;2025-11-02;18;1269
11;2025-11-02;19;1012
11;2025-11-02;20;781
11;2025-11-02;21;598
11;2025-11-02;22;349
11;2025-11-02;23;243
11;2025-11-03;0;111
11;2025-11-03;1;15
11;2025-11-03;2;0
11;2025-11-03;3;0
11;2025-11-03;4;0
11;2025-11-03;5;105
11;2025-11-03;6;487
11;2025-11-03;7;482
11;2025-11-03;8;677
11;2025-11-03;9;921
11;2025-11-03;10;1019
11;2025-11-03;11;1495
11;2025-11-03;12;1569
11;2025-11-03;13;1515
11;2025-11-03;14;1621
11;2025-11-03;15;1591
11;2025-11-03;16;1500
11;2025-11-03;17;1668
11;2025-11-03;18;1227
11;2025-11-03;19;979
11;2025-11-03;20;755
11;2025-11-03;21;578
11;2025-11-03;22;338
11;2025-11-03;23;235
11;2025-11-04;0;111
11;2025-11-04;1;15
11;2025-11-04;2;0
11;2025-11-04;3;0
11;2025-11-04;4;0
11;2025-11-04;5;105
11;2025-11-04;6;487
11;2025-11-04;7;482
11;2025-11-04;8;677
11;2025-11-04;9;921
11;2025-11-04;10;1019
11;2025-11-04;11;1495
11;2025-11-04;12;1569
11;2025-11-04;13;1515
11;2025-11-04;14;1621
11;2025-11-04;15;1591
11;2025-11-04;16;1500
11;2025-11-04;17;1668
11;2025-11-04;18;1227
11;2025-11-04;19;979
11;2025-11-04;20;755
11;2025-11-04;21;578
11;2025-11-04;22;338
11;2025-11-04;23;235
11;2025-11-05;0;57
11;2025-11-05;1;0
11;2025-11-05;2;0
11;2025-11-05;3;0
11;2025-11-05;4;0
11;2025-11-05;5;243
11;2025-11-05;6;1291
11;2025-11-05;7;2488
11;2025-11-05;8;3215
11;2025-11-05;9;2461
11;2025-11-05;10;2039
11;2025-11-05;11;1918
11;2025-11-05;12;1975
11;2025-11-05;13;2098
11;2025-11-05;14;2052
11;2025-11-05;15;1928
11;2025-11-05;16;2177
11;2025-11-05;17;2771
11;2025-11-05;18;3065
11;2025-11-05;19;2257
11;2025-11-05;20;1439
11;2025-11-05;21;794
11;2025-11-05;22;384
11;2025-11-05;23;237
11;2025-11-06;0;57
11;2025-11-06;1;0
11;2025-11-06;2;0
11;2025-11-06;3;0
11;2025-11-06;4;0
11;2025-11-06;5;243
11;2025-11-06;6;1291
11;2025-11-06;7;2488
11;2025-11-06;8;3215
11;2025-11-06;9;2461
11;2025-11-06;10;2039
11;2025-11-06;11;1918
11;2025-11-06;12;1975
11;2025-11-06;13;2098
11;2025-11-06;14;2052
11;2025-11-06;15;1928
11;2025-11-06;16;2177
11;2025-11-06;17;2771
11;2025-11-06;18;3065
11;2025-11-06;19;2257
11;2025-11-06;20;1439
11;2025-11-06;21;794
11;2025-11-06;22;384
11;2025-11-06;23;237
11;2025-11-07;0;70
11;2025-11-07;1;3
11;2025-11-07;2;0
11;2025-11-07;3;0
11;2025-11-07;4;0
11;2025-11-07;5;258
11;2025-11-07;6;1309
11;2025-11-07;7;2442
11;2025-11-07;8;3313
11;2025-11-07;9;2239
11;2025-11-07;10;1858
11;2025-11-07;11;1756
11;2025-11-07;12;1909
11;2025-11-07;13;1876
11;2025-11-07;14;2087
11;2025-11-07;15;2072
11;2025-11-07;16;2299
11;2025-11-07;17;2913
11;2025-11-07;18;2433
11;2025-11-07;19;1823
11;2025-11-07;20;1325
11;2025-11-07;21;826
11;2025-11-07;22;374
11;2025-11-07;23;336
11;2025-11-08;0;108
11;2025-11-08;1;1
11;2025-11-08;2;0
11;2025-11-08;3;0
11;2025-11-08;4;0
11;2025-11-08;5;170
11;2025-11-08;6;846
11;2025-11-08;7;769
11;2025-11-08;8;1055
11;2025-11-08;9;1182
11;2025-11-08;10;1411
11;2025-11-08;11;1738
11;2025-11-08;12;1983
11;2025-11-08;13;1844
11;2025-11-08;14;2090
11;2025-11-08;15;1934
11;2025-11-08;16;1813
11;2025-11-08;17;1920
11;2025-11-08;18;1524
11;2025-11-08;19;1484
11;2025-11-08;20;992
11;2025-11-08;21;719
11;2025-11-08;22;420
11;2025-11-08;23;281
11;2025-11-09;0;115
11;2025-11-09;1;16
11;2025-11-09;2;0
11;2025-11-09;3;0
11;2025-11-09;4;0
11;2025-11-09;5;109
11;2025-11-09;6;504
11;2025-11-09;7;499
11;2025-11-09;8;700
11;2025-11-09;9;952
11;2025-11-09;10;1053
11;2025-11-09;11;1546
11;2025-11-09;12;1622
11;2025-11-09;13;1568
11;2025-11-09;14;1677
11;2025-11-09;15;1645
11;2025-11-09;16;1550
11;2025-11-09;17;1725
11;2025-11-09;18;1269
11;2025-11-09;19;1012
11;2025-11-09;20;781
11;2025-11-09;21;598
11;2025-11-09;22;349
11;2025-11-09;23;243
11;2025-11-10;0;73
11;2025-11-10;1;13
11;2025-11-10;2;0
11;2025-11-10;3;0
11;2025-11-10;4;1
11;2025-11-10;5;235
11;2025-11-10;6;1338
11;2025-11-10;7;2370
11;2025-11-10;8;3173
11;2025-11-10;9;2352
11;2025-11-10;10;1890
11;2025-11-10;11;1877
11;2025-11-10;12;1804
11;2025-11-10;13;1861
11;2025-11-10;14;1994
11;2025-11-10;15;2073
11;2025-11-10;16;2207
11;2025-11-10;17;2767
11;2025-11-10;18;2929
11;2025-11-10;19;2148
11;2025-11-10;20;1165
11;2025-11-10;21;764
11;2025-11-10;22;321
11;2025-11-10;23;202
11;2025-11-11;0;57
11;2025-11-11;1;0
11;2025-11-11;2;0
11;2025-11-11;3;0
11;2025-11-11;4;0
11;2025-11-11;5;243
11;2025-11-11;6;1291
11;2025-11-11;7;2488
11;2025-11-11;8;3215
11;2025-11-11;9;2461
11;2025-11-11;10;2039
11;2025-11-11;11;1918
11;2025-11-11;12;1975
11;2025-11-11;13;2098
11;2025-11-11;14;2052
11;2025-11-11;15;1928
11;2025-11-11;16;2177
11;2025-11-11;17;2771
11;2025-11-11;18;3065
11;2025-11-11;19;2257
11;2025-11-11;20;1439
11;2025-11-11;21;794
11;2025-11-11;22;384
11;2025-11-11;23;237
11;2025-11-12;0;57
11;2025-11-12;1;0
11;2025-11-12;2;0
11;2025-11-12;3;0
11;2025-11-12;4;0
11;2025-11-12;5;243
11;2025-11-12;6;1291
11;2025-11-12;7;2488
11;2025-11-12;8;3215
11;2025-11-12;9;2461
11;2025-11-12;10;2039
11;2025-11-12;11;1918
11;2025-11-12;12;1975
11;2025-11-12;13;2098
11;2025-11-12;14;2052
11;2025-11-12;15;1928
11;2025-11-12;16;2177
11;2025-11-12;17;2771
11;2025-11-12;18;3065
11;2025-11-12;19;2257
11;2025-11-12;20;1439
11;2025-11-12;21;794
11;2025-11-12;22;384
11;2025-11-12;23;237
11;2025-11-13;0;57
11;2025-11-13;1;0
11;2025-11-13;2;0
11;2025-11-13;3;0
11;2025-11-13;4;0
11;2025-11-13;5;243
11;2025-11-13;6;1291
11;2025-11-13;7;2488
11;2025-11-13;8;3215
11;2025-11-13;9;2461
11;2025-11-13;10;2039
11;2025-11-13;11;1918
11;2025-11-13;12;1975
11;2025-11-13;13;2098
11;2025-11-13;14;2052
11;2025-11-13;15;1928
11;2025-11-13;16;2177
11;2025-11-13;17;2771
11;2025-11-13;18;3065
11;2025-11-13;19;2257
11;2025-11-13;20;1439
11;2025-11-13;21;794
11;2025-11-13;22;384
11;2025-11-13;23;237
11;2025-11-14;0;70
11;2025-11-14;1;3
11;2025-11-14;2;0
11;2025-11-14;3;0
11;2025-11-14;4;0
11;2025-11-14;5;258
11;2025-11-14;6;1309
11;2025-11-14;7;2442
11;2025-11-14;8;3313
11;2025-11-14;9;2239
11;2025-11-14;10;1858
11;2025-11-14;11;1756
11;2025-11-14;12;1909
11;2025-11-14;13;1876
11;2025-11-14;14;2087
11;2025-11-14;15;2072
11;2025-11-14;16;2299
11;2025-11-14;17;2913
11;2025-11-14;18;2433
11;2025-11-14;19;1823
11;2025-11-14;20;1325
11;2025-11-14;21;826
11;2025-11-14;22;374
11;2025-11-14;23;336
11;2025-11-15;0;103
11;2025-11-15;1;1
11;2025-11-15;2;0
11;2025-11-15;3;0
11;2025-11-15;4;0
11;2025-11-15;5;161
11;2025-11-15;6;803
11;2025-11-15;7;729
11;2025-11-15;8;1001
11;2025-11-15;9;1121
11;2025-11-15;10;1338
11;2025-11-15;11;1648
11;2025-11-15;12;1880
11;2025-11-15;13;1748
11;2025-11-15;14;1982
11;2025-11-15;15;1834
11;2025-11-15;16;1720
11;2025-11-15;17;1821
11;2025-11-15;18;1445
11;2025-11-15;19;1407
11;2025-11-15;20;940
11;2025-11-15;21;682
11;2025-11-15;22;398
11;2025-11-15;23;267
11;2025-11-16;0;115
11;2025-11-16;1;16
11;2025-11-16;2;0
11;2025-11-16;3;0
11;2025-11-16;4;0
11;2025-11-16;5;109
11;2025-11-16;6;504
11;2025-11-16;7;499
11;2025-11-16;8;700
11;2025-11-16;9;952
11;2025-11-16;10;1053
11;2025-11-16;11;1546
11;2025-11-16;12;1622
11;2025-11-16;13;1568
11;2025-11-16;14;1677
11;2025-11-16;15;1645
11;2025-11-16;16;1550
11;2025-11-16;17;1725
11;2025-11-16;18;1269
11;2025-11-16;19;1012
11;2025-11-16;20;781
11;2025-11-16;21;598
11;2025-11-16;22;349
11;2025-11-16;23;243
11;2025-11-17;0;73
11;2025-11-17;1;13
11;2025-11-17;2;0
11;2025-11-17;3;0
11;2025-11-17;4;1
11;2025-11-17;5;235
11;2025-11-17;6;1338
11;2025-11-17;7;2370
11;2025-11-17;8;3173
11;2025-11-17;9;2352
11;2025-11-17;10;1890
11;2025-11-17;11;1877
11;2025-11-17;12;1804
11;2025-11-17;13;1861
11;2025-11-17;14;1994
11;2025-11-17;15;2073
11;2025-11-17;16;2207
11;2025-11-17;17;2767
11;2025-11-17;18;2929
11;2025-11-17;19;2148
11;2025-11-17;20;1165
11;2025-11-17;21;764
11;2025-11-17;22;321
11;2025-11-17;23;202
11;2025-11-18;0;57
11;2025-11-18;1;0
11;2025-11-18;2;0
11;2025-11-18;3;0
11;2025-11-18;4;0
11;2025-11-18;5;243
11;2025-11-18;6;1291
11;2025-11-18;7;2488
11;2025-11-18;8;3215
11;2025-11-18;9;2461
11;2025-11-18;10;2039
11;2025-11-18;11;1918
11;2025-11-18;12;1975
11;2025-11-18;13;2098
11;2025-11-18;14;2052
11;2025-11-18;15;1928
11;2025-11-18;16;2177
11;2025-11-18;17;2771
11;2025-11-18;18;3065
11;2025-11-18;19;2257
11;2025-11-18;20;1439
11;2025-11-18;21;794
11;2025-11-18;22;384
11;2025-11-18;23;237
11;2025-11-19;0;57
11;2025-11-19;1;0
11;2025-11-19;2;0
11;2025-11-19;3;0
11;2025-11-19;4;0
11;2025-11-19;5;243
11;2025-11-19;6;1291
11;2025-11-19;7;2488
11;2025-11-19;8;3215
11;2025-11-19;9;2461
11;2025-11-19;10;2039
11;2025-11-19;11;1918
11;2025-11-19;12;1975
11;2025-11-19;13;2098
11;2025-11-19;14;2052
11;2025-11-19;15;1928
11;2025-11-19;16;2177
11;2025-11-19;17;2771
11;2025-11-19;18;3065
11;2025-11-19;19;2257
11;2025-11-19;20;1439
11;2025-11-19;21;794
11;2025-11-19;22;384
11;2025-11-19;23;237
11;2025-11-20;0;57
11;2025-11-20;1;0
11;2025-11-20;2;0
11;2025-11-20;3;0
11;2025-11-20;4;0
11;2025-11-20;5;243
11;2025-11-20;6;1291
11;2025-11-20;7;2488
11;2025-11-20;8;3215
11;2025-11-20;9;2461
11;2025-11-20;10;2039
11;2025-11-20;11;1918
11;2025-11-20;12;1975
11;2025-11-20;13;2098
11;2025-11-20;14;2052
11;2025-11-20;15;1928
11;2025-11-20;16;2177
11;2025-11-20;17;2771
11;2025-11-20;18;3065
11;2025-11-20;19;2257
11;2025-11-20;20;1439
11;2025-11-20;21;794
11;2025-11-20;22;384
11;2025-11-20;23;237
11;2025-11-21;0;70
11;2025-11-21;1;3
11;2025-11-21;2;0
11;2025-11-21;3;0
11;2025-11-21;4;0
11;2025-11-21;5;258
11;2025-11-21;6;1309
11;2025-11-21;7;2442
11;2025-11-21;8;3313
11;2025-11-21;9;2239
11;2025-11-21;10;1858
11;2025-11-21;11;1756
11;2025-11-21;12;1909
11;2025-11-21;13;1876
11;2025-11-21;14;2087
11;2025-11-21;15;2072
11;2025-11-21;16;2299
11;2025-11-21;17;2913
11;2025-11-21;18;2433
11;2025-11-21;19;1823
11;2025-11-21;20;1325
11;2025-11-21;21;826
11;2025-11-21;22;374
11;2025-11-21;23;336
11;2025-11-22;0;108
11;2025-11-22;1;1
11;2025-11-22;2;0
11;2025-11-22;3;0
11;2025-11-22;4;0
11;2025-11-22;5;170
11;2025-11-22;6;846
11;2025-11-22;7;769
11;2025-11-22;8;1055
11;2025-11-22;9;1182
11;2025-11-22;10;1411
11;2025-11-22;11;1738
11;2025-11-22;12;1983
11;2025-11-22;13;1844
11;2025-11-22;14;2090
11;2025-11-22;15;1934
11;2025-11-22;16;1813
11;2025-11-22;17;1920
11;2025-11-22;18;1524
11;2025-11-22;19;1484
11;2025-11-22;20;992
11;2025-11-22;21;719
11;2025-11-22;22;420
11;2025-11-22;23;281
11;2025-11-23;0;115
11;2025-11-23;1;16
11;2025-11-23;2;0
11;2025-11-23;3;0
11;2025-11-23;4;0
11;2025-11-23;5;109
11;2025-11-23;6;504
11;2025-11-23;7;499
11;2025-11-23;8;700
11;2025-11-23;9;952
11;2025-11-23;10;1053
11;2025-11-23;11;1546
11;2025-11-23;12;1622
11;2025-11-23;13;1568
11;2025-11-23;14;1677
11;2025-11-23;15;1645
11;2025-11-23;16;1550
11;2025-11-23;17;1725
11;2025-11-23;18;1269
11;2025-11-23;19;1012
11;2025-11-23;20;781
11;2025-11-23;21;598
11;2025-11-23;22;349
11;2025-11-23;23;243
11;2025-11-24;0;73
11;2025-11-24;1;13
11;2025-11-24;2;0
11;2025-11-24;3;0
11;2025-11-24;4;1
11;2025-11-24;5;235
11;2025-11-24;6;1338
11;2025-11-24;7;2370
11;2025-11-24;8;3173
11;2025-11-24;9;2352
11;2025-11-24;10;1890
11;2025-11-24;11;1877
11;2025-11-24;12;1804
11;2025-11-24;13;1861
11;2025-11-24;14;1994
11;2025-11-24;15;2073
11;2025-11-24;16;2207
11;2025-11-24;17;2767
11;2025-11-24;18;2929
11;2025-11-24;19;2148
11;2025-11-24;20;1165
11;2025-11-24;21;764
11;2025-11-24;22;321
11;2025-11-24;23;202
11;2025-11-25;0;57
11;2025-11-25;1;0
11;2025-11-25;2;0
11;2025-11-25;3;0
11;2025-11-25;4;0
11;2025-11-25;5;243
11;2025-11-25;6;1291
11;2025-11-25;7;2488
11;2025-11-25;8;3215
11;2025-11-25;9;2461
11;2025-11-25;10;2039
11;2025-11-25;11;1918
11;2025-11-25;12;1975
11;2025-11-25;13;2098
11;2025-11-25;14;2052
11;2025-11-25;15;1928
11;2025-11-25;16;2177
11;2025-11-25;17;2771
11;2025-11-25;18;3065
11;2025-11-25;19;2257
11;2025-11-25;20;1439
11;2025-11-25;21;794
11;2025-11-25;22;384
11;2025-11-25;23;237
11;2025-11-26;0;57
11;2025-11-26;1;0
11;2025-11-26;2;0
11;2025-11-26;3;0
11;2025-11-26;4;0
11;2025-11-26;5;243
11;2025-11-26;6;1291
11;2025-11-26;7;2488
11;2025-11-26;8;3215
11;2025-11-26;9;2461
11;2025-11-26;10;2039
11;2025-11-26;11;1918
11;2025-11-26;12;1975
11;2025-11-26;13;2098
11;2025-11-26;14;2052
11;2025-11-26;15;1928
11;2025-11-26;16;2177
11;2025-11-26;17;2771
11;2025-11-26;18;3065
11;2025-11-26;19;2257
11;2025-11-26;20;1439
11;2025-11-26;21;794
11;2025-11-26;22;384
11;2025-11-26;23;237
11;2025-11-27;0;57
11;2025-11-27;1;0
11;2025-11-27;2;0
11;2025-11-27;3;0
11;2025-11-27;4;0
11;2025-11-27;5;243
11;2025-11-27;6;1291
11;2025-11-27;7;2488
11;2025-11-27;8;3215
11;2025-11-27;9;2461
11;2025-11-27;10;2039
11;2025-11-27;11;1918
11;2025-11-27;12;1975
11;2025-11-27;13;2098
11;2025-11-27;14;2052
11;2025-11-27;15;1928
11;2025-11-27;16;2177
11;2025-11-27;17;2771
11;2025-11-27;18;3065
11;2025-11-27;19;2257
11;2025-11-27;20;1439
11;2025-11-27;21;794
11;2025-11-27;22;384
11;2025-11-27;23;237
11;2025-11-28;0;70
11;2025-11-28;1;3
11;2025-11-28;2;0
11;2025-11-28;3;0
11;2025-11-28;4;0
11;2025-11-28;5;258
11;2025-11-28;6;1309
11;2025-11-28;7;2442
11;2025-11-28;8;3313
11;2025-11-28;9;2239
11;2025-11-28;10;1858
11;2025-11-28;11;1756
11;2025-11-28;12;1909
11;2025-11-28;13;1876
11;2025-11-28;14;2087
11;2025-11-28;15;2072
11;2025-11-28;16;2299
11;2025-11-28;17;2913
11;2025-11-28;18;2433
11;2025-11-28;19;1823
11;2025-11-28;20;1325
11;2025-11-28;21;826
11;2025-11-28;22;374
11;2025-11-28;23;336
11;2025-11-29;0;108
11;2025-11-29;1;1
11;2025-11-29;2;0
11;2025-11-29;3;0
11;2025-11-29;4;0
11;2025-11-29;5;170
11;2025-11-29;6;846
11;2025-11-29;7;769
11;2025-11-29;8;1055
11;2025-11-29;9;1182
11;2025-11-29;10;1411
11;2025-11-29;11;1738
11;2025-11-29;12;1983
11;2025-11-29;13;1844
11;2025-11-29;14;2090
11;2025-11-29;15;1934
11;2025-11-29;16;1813
11;2025-11-29;17;1920
11;2025-11-29;18;1524
11;2025-11-29;19;1484
11;2025-11-29;20;992
11;2025-11-29;21;719
11;2025-11-29;22;420
11;2025-11-29;23;281
11;2025-11-30;0;115
11;2025-11-30;1;16
11;2025-11-30;2;0
11;2025-11-30;3;0
11;2025-11-30;4;0
11;2025-11-30;5;109
11;2025-11-30;6;504
11;2025-11-30;7;499
11;2025-11-30;8;700
11;2025-11-30;9;952
11;2025-11-30;10;1053
11;2025-11-30;11;1546
11;2025-11-30;12;1622
11;2025-11-30;13;1568
11;2025-11-30;14;1677
11;2025-11-30;15;1645
11;2025-11-30;16;1550
11;2025-11-30;17;1725
11;2025-11-30;18;1269
11;2025-11-30;19;1012
11;2025-11-30;20;781
11;2025-11-30;21;598
11;2025-11-30;22;349
11;2025-11-30;23;243
11;2025-12-01;0;73
11;2025-12-01;1;13
11;2025-12-01;2;0
11;2025-12-01;3;0
11;2025-12-01;4;1
11;2025-12-01;5;235
11;2025-12-01;6;1338
11;2025-12-01;7;2370
11;2025-12-01;8;3173
11;2025-12-01;9;2352
11;2025-12-01;10;1890
11;2025-12-01;11;1877
11;2025-12-01;12;1804
11;2025-12-01;13;1861
11;2025-12-01;14;1994
11;2025-12-01;15;2073
11;2025-12-01;16;2207
11;2025-12-01;17;2767
11;2025-12-01;18;2929
11;2025-12-01;19;2148
11;2025-12-01;20;1165
11;2025-12-01;21;764
11;2025-12-01;22;321
11;2025-12-01;23;202
11;2025-12-02;0;57
11;2025-12-02;1;0
11;2025-12-02;2;0
11;2025-12-02;3;0
11;2025-12-02;4;0
11;2025-12-02;5;243
11;2025-12-02;6;1291
11;2025-12-02;7;2488
11;2025-12-02;8;3215
11;2025-12-02;9;2461
11;2025-12-02;10;2039
11;2025-12-02;11;1918
11;2025-12-02;12;1975
11;2025-12-02;13;2098
11;2025-12-02;14;2052
11;2025-12-02;15;1928
11;2025-12-02;16;2177
11;2025-12-02;17;2771
11;2025-12-02;18;3065
11;2025-12-02;19;2257
11;2025-12-02;20;1439
11;2025-12-02;21;794
11;2025-12-02;22;384
11;2025-12-02;23;237
11;2025-12-03;0;57
11;2025-12-03;1;0
11;2025-12-03;2;0
11;2025-12-03;3;0
11;2025-12-03;4;0
11;2025-12-03;5;243
11;2025-12-03;6;1291
11;2025-12-03;7;2488
11;2025-12-03;8;3215
11;2025-12-03;9;2461
11;2025-12-03;10;2039
11;2025-12-03;11;1918
11;2025-12-03;12;1975
11;2025-12-03;13;2098
11;2025-12-03;14;2052
11;2025-12-03;15;1928
11;2025-12-03;16;2177
11;2025-12-03;17;2771
11;2025-12-03;18;3065
11;2025-12-03;19;2257
11;2025-12-03;20;1439
11;2025-12-03;21;794
11;2025-12-03;22;384
11;2025-12-03;23;237
11;2025-12-04;0;57
11;2025-12-04;1;0
11;2025-12-04;2;0
11;2025-12-04;3;0
11;2025-12-04;4;0
11;2025-12-04;5;243
11;2025-12-04;6;1291
11;2025-12-04;7;2488
11;2025-12-04;8;3215
11;2025-12-04;9;2461
11;2025-12-04;10;2039
11;2025-12-04;11;1918
11;2025-12-04;12;1975
11;2025-12-04;13;2098
11;2025-12-04;14;2052
11;2025-12-04;15;1928
11;2025-12-04;16;2177
11;2025-12-04;17;2771
11;2025-12-04;18;3065
11;2025-12-04;19;2257
11;2025-12-04;20;1439
11;2025-12-04;21;794
11;2025-12-04;22;384
11;2025-12-04;23;237
11;2025-12-05;0;70
11;2025-12-05;1;3
11;2025-12-05;2;0
11;2025-12-05;3;0
11;2025-12-05;4;0
11;2025-12-05;5;258
11;2025-12-05;6;1309
11;2025-12-05;7;2442
11;2025-12-05;8;3313
11;2025-12-05;9;2239
11;2025-12-05;10;1858
11;2025-12-05;11;1756
11;2025-12-05;12;1909
11;2025-12-05;13;1876
11;2025-12-05;14;2087
11;2025-12-05;15;2072
11;2025-12-05;16;2299
11;2025-12-05;17;2913
11;2025-12-05;18;2433
11;2025-12-05;19;1823
11;2025-12-05;20;1325
11;2025-12-05;21;826
11;2025-12-05;22;374
11;2025-12-05;23;336
11;2025-12-06;0;108
11;2025-12-06;1;1
11;2025-12-06;2;0
11;2025-12-06;3;0
11;2025-12-06;4;0
11;2025-12-06;5;170
11;2025-12-06;6;846
11;2025-12-06;7;769
11;2025-12-06;8;1055
11;2025-12-06;9;1182
11;2025-12-06;10;1411
11;2025-12-06;11;1738
11;2025-12-06;12;1983
11;2025-12-06;13;1844
11;2025-12-06;14;2090
11;2025-12-06;15;1934
11;2025-12-06;16;1813
11;2025-12-06;17;1920
11;2025-12-06;18;1524
11;2025-12-06;19;1484
11;2025-12-06;20;992
11;2025-12-06;21;719
11;2025-12-06;22;420
11;2025-12-06;23;281
11;2025-12-07;0;115
11;2025-12-07;1;16
11;2025-12-07;2;0
11;2025-12-07;3;0
11;2025-12-07;4;0
11;2025-12-07;5;109
11;2025-12-07;6;504
11;2025-12-07;7;499
11;2025-12-07;8;700
11;2025-12-07;9;952
11;2025-12-07;10;1053
11;2025-12-07;11;1546
11;2025-12-07;12;1622
11;2025-12-07;13;1568
11;2025-12-07;14;1677
11;2025-12-07;15;1645
11;2025-12-07;16;1550
11;2025-12-07;17;1725
11;2025-12-07;18;1269
11;2025-12-07;19;1012
11;2025-12-07;20;781
11;2025-12-07;21;598
11;2025-12-07;22;349
11;2025-12-07;23;243
11;2025-12-08;0;73
11;2025-12-08;1;13
11;2025-12-08;2;0
11;2025-12-08;3;0
11;2025-12-08;4;1
11;2025-12-08;5;235
11;2025-12-08;6;1338
11;2025-12-08;7;2370
11;2025-12-08;8;3173
11;2025-12-08;9;2352
11;2025-12-08;10;1890
11;2025-12-08;11;1877
11;2025-12-08;12;1804
11;2025-12-08;13;1861
11;2025-12-08;14;1994
11;2025-12-08;15;2073
11;2025-12-08;16;2207
11;2025-12-08;17;2767
11;2025-12-08;18;2929
11;2025-12-08;19;2148
11;2025-12-08;20;1165
11;2025-12-08;21;764
11;2025-12-08;22;321
11;2025-12-08;23;202
11;2025-12-09;0;57
11;2025-12-09;1;0
11;2025-12-09;2;0
11;2025-12-09;3;0
11;2025-12-09;4;0
11;2025-12-09;5;243
11;2025-12-09;6;1291
11;2025-12-09;7;2488
11;2025-12-09;8;3215
11;2025-12-09;9;2461
11;2025-12-09;10;2039
11;2025-12-09;11;1918
11;2025-12-09;12;1975
11;2025-12-09;13;2098
11;2025-12-09;14;2052
11;2025-12-09;15;1928
11;2025-12-09;16;2177
11;2025-12-09;17;2771
11;2025-12-09;18;3065
11;2025-12-09;19;2257
11;2025-12-09;20;1439
11;2025-12-09;21;794
11;2025-12-09;22;384
11;2025-12-09;23;237
11;2025-12-10;0;57
11;2025-12-10;1;0
11;2025-12-10;2;0
11;2025-12-10;3;0
11;2025-12-10;4;0
11;2025-12-10;5;243
11;2025-12-10;6;1291
11;2025-12-10;7;2488
11;2025-12-10;8;3215
11;2025-12-10;9;2461
11;2025-12-10;10;2039
11;2025-12-10;11;1918
11;2025-12-10;12;1975
11;2025-12-10;13;2098
11;2025-12-10;14;2052
11;2025-12-10;15;1928
11;2025-12-10;16;2177
11;2025-12-10;17;2771
11;2025-12-10;18;3065
11;2025-12-10;19;2257
11;2025-12-10;20;1439
11;2025-12-10;21;794
11;2025-12-10;22;384
11;2025-12-10;23;237
11;2025-12-11;0;57
11;2025-12-11;1;0
11;2025-12-11;2;0
11;2025-12-11;3;0
11;2025-12-11;4;0
11;2025-12-11;5;243
11;2025-12-11;6;1291
11;2025-12-11;7;2488
11;2025-12-11;8;3215
11;2025-12-11;9;2461
11;2025-12-11;10;2039
11;2025-12-11;11;1918
11;2025-12-11;12;1975
11;2025-12-11;13;2098
11;2025-12-11;14;2052
11;2025-12-11;15;1928
11;2025-12-11;16;2177
11;2025-12-11;17;2771
11;2025-12-11;18;3065
11;2025-12-11;19;2257
11;2025-12-11;20;1439
11;2025-12-11;21;794
11;2025-12-11;22;384
11;2025-12-11;23;237
11;2025-12-12;0;70
11;2025-12-12;1;3
11;2025-12-12;2;0
11;2025-12-12;3;0
11;2025-12-12;4;0
11;2025-12-12;5;258
11;2025-12-12;6;1309
11;2025-12-12;7;2442
11;2025-12-12;8;3313
11;2025-12-12;9;2239
11;2025-12-12;10;1858
11;2025-12-12;11;1756
11;2025-12-12;12;1909
11;2025-12-12;13;1876
11;2025-12-12;14;2087
11;2025-12-12;15;2072
11;2025-12-12;16;2299
11;2025-12-12;17;2913
11;2025-12-12;18;2433
11;2025-12-12;19;1823
11;2025-12-12;20;1325
11;2025-12-12;21;826
11;2025-12-12;22;374
11;2025-12-12;23;336
11;2025-12-13;0;108
11;2025-12-13;1;1
11;2025-12-13;2;0
11;2025-12-13;3;0
11;2025-12-13;4;0
11;2025-12-13;5;170
11;2025-12-13;6;846
11;2025-12-13;7;769
11;2025-12-13;8;1055
11;2025-12-13;9;1182
11;2025-12-13;10;1411
11;2025-12-13;11;1738
11;2025-12-13;12;1983
11;2025-12-13;13;1844
11;2025-12-13;14;2090
11;2025-12-13;15;1934
11;2025-12-13;16;1813
11;2025-12-13;17;1920
11;2025-12-13;18;1524
11;2025-12-13;19;1484
11;2025-12-13;20;992
11;2025-12-13;21;719
11;2025-12-13;22;420
11;2025-12-13;23;281
11;2025-12-14;0;115
11;2025-12-14;1;16
11;2025-12-14;2;0
11;2025-12-14;3;0
11;2025-12-14;4;0
11;2025-12-14;5;109
11;2025-12-14;6;504
11;2025-12-14;7;499
11;2025-12-14;8;700
11;2025-12-14;9;952
11;2025-12-14;10;1053
11;2025-12-14;11;1546
11;2025-12-14;12;1622
11;2025-12-14;13;1568
11;2025-12-14;14;1677
11;2025-12-14;15;1645
11;2025-12-14;16;1550
11;2025-12-14;17;1725
11;2025-12-14;18;1269
11;2025-12-14;19;1012
11;2025-12-14;20;781
11;2025-12-14;21;598
11;2025-12-14;22;349
11;2025-12-14;23;243
11;2025-12-15;0;73
11;2025-12-15;1;13
11;2025-12-15;2;0
11;2025-12-15;3;0
11;2025-12-15;4;1
11;2025-12-15;5;235
11;2025-12-15;6;1338
11;2025-12-15;7;2370
11;2025-12-15;8;3173
11;2025-12-15;9;2352
11;2025-12-15;10;1890
11;2025-12-15;11;1877
11;2025-12-15;12;1804
11;2025-12-15;13;1861
11;2025-12-15;14;1994
11;2025-12-15;15;2073
11;2025-12-15;16;2207
11;2025-12-15;17;2767
11;2025-12-15;18;2929
11;2025-12-15;19;2148
11;2025-12-15;20;1165
11;2025-12-15;21;764
11;2025-12-15;22;321
11;2025-12-15;23;202
11;2025-12-16;0;57
11;2025-12-16;1;0
11;2025-12-16;2;0
11;2025-12-16;3;0
11;2025-12-16;4;0
11;2025-12-16;5;243
11;2025-12-16;6;1291
11;2025-12-16;7;2488
11;2025-12-16;8;3215
11;2025-12-16;9;2461
11;2025-12-16;10;2039
11;2025-12-16;11;1918
11;2025-12-16;12;1975
11;2025-12-16;13;2098
11;2025-12-16;14;2052
11;2025-12-16;15;1928
11;2025-12-16;16;2177
11;2025-12-16;17;2771
11;2025-12-16;18;3065
11;2025-12-16;19;2257
11;2025-12-16;20;1439
11;2025-12-16;21;794
11;2025-12-16;22;384
11;2025-12-16;23;237
11;2025-12-17;0;57
11;2025-12-17;1;0
11;2025-12-17;2;0
11;2025-12-17;3;0
11;2025-12-17;4;0
11;2025-12-17;5;243
11;2025-12-17;6;1291
11;2025-12-17;7;2488
11;2025-12-17;8;3215
11;2025-12-17;9;2461
11;2025-12-17;10;2039
11;2025-12-17;11;1918
11;2025-12-17;12;1975
11;2025-12-17;13;2098
11;2025-12-17;14;2052
11;2025-12-17;15;1928
11;2025-12-17;16;2177
11;2025-12-17;17;2771
11;2025-12-17;18;3065
11;2025-12-17;19;2257
11;2025-12-17;20;1439
11;2025-12-17;21;794
11;2025-12-17;22;384
11;2025-12-17;23;237
11;2025-12-18;0;57
11;2025-12-18;1;0
11;2025-12-18;2;0
11;2025-12-18;3;0
11;2025-12-18;4;0
11;2025-12-18;5;243
11;2025-12-18;6;1291
11;2025-12-18;7;2488
11;2025-12-18;8;3215
11;2025-12-18;9;2461
11;2025-12-18;10;2039
11;2025-12-18;11;1918
11;2025-12-18;12;1975
11;2025-12-18;13;2098
11;2025-12-18;14;2052
11;2025-12-18;15;1928
11;2025-12-18;16;2177
11;2025-12-18;17;2771
11;2025-12-18;18;3065
11;2025-12-18;19;2257
11;2025-12-18;20;1439
11;2025-12-18;21;794
11;2025-12-18;22;384
11;2025-12-18;23;237
11;2025-12-19;0;70
11;2025-12-19;1;3
11;2025-12-19;2;0
11;2025-12-19;3;0
11;2025-12-19;4;0
11;2025-12-19;5;258
11;2025-12-19;6;1309
11;2025-12-19;7;2442
11;2025-12-19;8;3313
11;2025-12-19;9;2239
11;2025-12-19;10;1858
11;2025-12-19;11;1756
11;2025-12-19;12;1909
11;2025-12-19;13;1876
11;2025-12-19;14;2087
11;2025-12-19;15;2072
11;2025-12-19;16;2299
11;2025-12-19;17;2913
11;2025-12-19;18;2433
11;2025-12-19;19;1823
11;2025-12-19;20;1325
11;2025-12-19;21;826
11;2025-12-19;22;374
11;2025-12-19;23;336
11;2025-12-20;0;108
11;2025-12-20;1;1
11;2025-12-20;2;0
11;2025-12-20;3;0
11;2025-12-20;4;0
11;2025-12-20;5;170
11;2025-12-20;6;846
11;2025-12-20;7;769
11;2025-12-20;8;1055
11;2025-12-20;9;1182
11;2025-12-20;10;1411
11;2025-12-20;11;1738
11;2025-12-20;12;1983
11;2025-12-20;13;1844
11;2025-12-20;14;2090
11;2025-12-20;15;1934
11;2025-12-20;16;1813
11;2025-12-20;17;1920
11;2025-12-20;18;1524
11;2025-12-20;19;1484
11;2025-12-20;20;992
11;2025-12-20;21;719
11;2025-12-20;22;420
11;2025-12-20;23;281
11;2025-12-21;0;115
11;2025-12-21;1;16
11;2025-12-21;2;0
11;2025-12-21;3;0
11;2025-12-21;4;0
11;2025-12-21;5;109
11;2025-12-21;6;504
11;2025-12-21;7;499
11;2025-12-21;8;700
11;2025-12-21;9;952
11;2025-12-21;10;1053
11;2025-12-21;11;1546
11;2025-12-21;12;1622
11;2025-12-21;13;1568
11;2025-12-21;14;1677
11;2025-12-21;15;1645
11;2025-12-21;16;1550
11;2025-12-21;17;1725
11;2025-12-21;18;1269
11;2025-12-21;19;1012
11;2025-12-21;20;781
11;2025-12-21;21;598
11;2025-12-21;22;349
11;2025-12-21;23;243
11;2025-12-22;0;73
11;2025-12-22;1;13
11;2025-12-22;2;0
11;2025-12-22;3;0
11;2025-12-22;4;1
11;2025-12-22;5;235
11;2025-12-22;6;1338
11;2025-12-22;7;2370
11;2025-12-22;8;3173
11;2025-12-22;9;2352
11;2025-12-22;10;1890
11;2025-12-22;11;1877
11;2025-12-22;12;1804
11;2025-12-22;13;1861
11;2025-12-22;14;1994
11;2025-12-22;15;2073
11;2025-12-22;16;2207
11;2025-12-22;17;2767
11;2025-12-22;18;2929
11;2025-12-22;19;2148
11;2025-12-22;20;1165
11;2025-12-22;21;764
11;2025-12-22;22;321
11;2025-12-22;23;202
11;2025-12-23;0;57
11;2025-12-23;1;0
11;2025-12-23;2;0
11;2025-12-23;3;0
11;2025-12-23;4;0
11;2025-12-23;5;243
11;2025-12-23;6;1291
11;2025-12-23;7;2488
11;2025-12-23;8;3215
11;2025-12-23;9;2461
11;2025-12-23;10;2039
11;2025-12-23;11;1918
11;2025-12-23;12;1975
11;2025-12-23;13;2098
11;2025-12-23;14;2052
11;2025-12-23;15;1928
11;2025-12-23;16;2177
11;2025-12-23;17;2771
11;2025-12-23;18;3065
11;2025-12-23;19;2257
11;2025-12-23;20;1439
11;2025-12-23;21;794
11;2025-12-23;22;384
11;2025-12-23;23;237
11;2025-12-24;0;57
11;2025-12-24;1;0
11;2025-12-24;2;0
11;2025-12-24;3;0
11;2025-12-24;4;0
11;2025-12-24;5;243
11;2025-12-24;6;1291
11;2025-12-24;7;2488
11;2025-12-24;8;3215
11;2025-12-24;9;2461
11;2025-12-24;10;2039
11;2025-12-24;11;1918
11;2025-12-24;12;1975
11;2025-12-24;13;2098
11;2025-12-24;14;2052
11;2025-12-24;15;1928
11;2025-12-24;16;2177
11;2025-12-24;17;2771
11;2025-12-24;18;3065
11;2025-12-24;19;2257
11;2025-12-24;20;1439
11;2025-12-24;21;794
11;2025-12-24;22;384
11;2025-12-24;23;237
11;2025-12-25;0;57
11;2025-12-25;1;0
11;2025-12-25;2;0
11;2025-12-25;3;0
11;2025-12-25;4;0
11;2025-12-25;5;243
11;2025-12-25;6;1291
11;2025-12-25;7;2488
11;2025-12-25;8;3215
11;2025-12-25;9;2461
11;2025-12-25;10;2039
11;2025-12-25;11;1918
11;2025-12-25;12;1975
11;2025-12-25;13;2098
11;2025-12-25;14;2052
11;2025-12-25;15;1928
11;2025-12-25;16;2177
11;2025-12-25;17;2771
11;2025-12-25;18;3065
11;2025-12-25;19;2257
11;2025-12-25;20;1439
11;2025-12-25;21;794
11;2025-12-25;22;384
11;2025-12-25;23;237
11;2025-12-26;0;70
11;2025-12-26;1;3
11;2025-12-26;2;0
11;2025-12-26;3;0
11;2025-12-26;4;0
11;2025-12-26;5;258
11;2025-12-26;6;1309
11;2025-12-26;7;2442
11;2025-12-26;8;3313
11;2025-12-26;9;2239
11;2025-12-26;10;1858
11;2025-12-26;11;1756
11;2025-12-26;12;1909
11;2025-12-26;13;1876
11;2025-12-26;14;2087
11;2025-12-26;15;2072
11;2025-12-26;16;2299
11;2025-12-26;17;2913
11;2025-12-26;18;2433
11;2025-12-26;19;1823
11;2025-12-26;20;1325
11;2025-12-26;21;826
11;2025-12-26;22;374
11;2025-12-26;23;336
11;2025-12-27;0;108
11;2025-12-27;1;1
11;2025-12-27;2;0
11;2025-12-27;3;0
11;2025-12-27;4;0
11;2025-12-27;5;170
11;2025-12-27;6;846
11;2025-12-27;7;769
11;2025-12-27;8;1055
11;2025-12-27;9;1182
11;2025-12-27;10;1411
11;2025-12-27;11;1738
11;2025-12-27;12;1983
11;2025-12-27;13;1844
11;2025-12-27;14;2090
11;2025-12-27;15;1934
11;2025-12-27;16;1813
11;2025-12-27;17;1920
11;2025-12-27;18;1524
11;2025-12-27;19;1484
11;2025-12-27;20;992
11;2025-12-27;21;719
11;2025-12-27;22;420
11;2025-12-27;23;281
11;2025-12-28;0;115
11;2025-12-28;1;16
11;2025-12-28;2;0
11;2025-12-28;3;0
11;2025-12-28;4;0
11;2025-12-28;5;109
11;2025-12-28;6;504
11;2025-12-28;7;499
11;2025-12-28;8;700
11;2025-12-28;9;952
11;2025-12-28;10;1053
11;2025-12-28;11;1546
11;2025-12-28;12;1622
11;2025-12-28;13;1568
11;2025-12-28;14;1677
11;2025-12-28;15;1645
11;2025-12-28;16;1550
11;2025-12-28;17;1725
11;2025-12-28;18;1269
11;2025-12-28;19;1012
11;2025-12-28;20;781
11;2025-12-28;21;598
11;2025-12-28;22;349
11;2025-12-28;23;243
11;2025-12-29;0;60
11;2025-12-29;1;2
11;2025-12-29;2;0
11;2025-12-29;3;0
11;2025-12-29;4;0
11;2025-12-29;5;221
11;2025-12-29;6;1125
11;2025-12-29;7;2101
11;2025-12-29;8;2849
11;2025-12-29;9;1926
11;2025-12-29;10;1598
11;2025-12-29;11;1511
11;2025-12-29;12;1642
11;2025-12-29;13;1613
11;2025-12-29;14;1795
11;2025-12-29;15;1782
11;2025-12-29;16;1977
11;2025-12-29;17;2505
11;2025-12-29;18;2093
11;2025-12-29;19;1568
11;2025-12-29;20;1139
11;2025-12-29;21;711
11;2025-12-29;22;321
11;2025-12-29;23;289
11;2025-12-30;0;60
11;2025-12-30;1;2
11;2025-12-30;2;0
11;2025-12-30;3;0
11;2025-12-30;4;0
11;2025-12-30;5;221
11;2025-12-30;6;1125
11;2025-12-30;7;2101
11;2025-12-30;8;2849
11;2025-12-30;9;1926
11;2025-12-30;10;1598
11;2025-12-30;11;1511
11;2025-12-30;12;1642
11;2025-12-30;13;1613
11;2025-12-30;14;1795
11;2025-12-30;15;1782
11;2025-12-30;16;1977
11;2025-12-30;17;2505
11;2025-12-30;18;2093
11;2025-12-30;19;1568
11;2025-12-30;20;1139
11;2025-12-30;21;711
11;2025-12-30;22;321
11;2025-12-30;23;289
11;2025-12-31;0;92
11;2025-12-31;1;1
11;2025-12-31;2;0
11;2025-12-31;3;0
11;2025-12-31;4;0
11;2025-12-31;5;144
11;2025-12-31;6;720
11;2025-12-31;7;653
11;2025-12-31;8;897
11;2025-12-31;9;1005
11;2025-12-31;10;1200
11;2025-12-31;11;1478
11;2025-12-31;12;1685
11;2025-12-31;13;1568
11;2025-12-31;14;1777
11;2025-12-31;15;1644
11;2025-12-31;16;1541
11;2025-12-31;17;1632
11;2025-12-31;18;1296
11;2025-12-31;19;694
11;2025-12-31;20;464
11;2025-12-31;21;336
11;2025-12-31;22;196
11;2025-12-31;23;131
12;2025-11-01;0;48
12;2025-11-01;1;1
12;2025-11-01;2;0
12;2025-11-01;3;0
12;2025-11-01;4;4
12;2025-11-01;5;284
12;2025-11-01;6;1231
12;2025-11-01;7;2361
12;2025-11-01;8;2915
12;2025-11-01;9;2188
12;2025-11-01;10;1645
12;2025-11-01;11;1634
12;2025-11-01;12;1671
12;2025-11-01;13;1893
12;2025-11-01;14;1712
12;2025-11-01;15;1922
12;2025-11-01;16;2525
12;2025-11-01;17;2523
12;2025-11-01;18;2214
12;2025-11-01;19;1825
12;2025-11-01;20;1195
12;2025-11-01;21;869
12;2025-11-01;22;435
12;2025-11-01;23;289
12;2025-11-02;0;85
12;2025-11-02;1;4
12;2025-11-02;2;0
12;2025-11-02;3;0
12;2025-11-02;4;3
12;2025-11-02;5;135
12;2025-11-02;6;534
12;2025-11-02;7;726
12;2025-11-02;8;741
12;2025-11-02;9;930
12;2025-11-02;10;1175
12;2025-11-02;11;1281
12;2025-11-02;12;1359
12;2025-11-02;13;1595
12;2025-11-02;14;1494
12;2025-11-02;15;1526
12;2025-11-02;16;1528
12;2025-11-02;17;1582
12;2025-11-02;18;1373
12;2025-11-02;19;1022
12;2025-11-02;20;796
12;2025-11-02;21;610
12;2025-11-02;22;398
12;2025-11-02;23;201
12;2025-11-03;0;82
12;2025-11-03;1;3
12;2025-11-03;2;0
12;2025-11-03;3;0
12;2025-11-03;4;3
12;2025-11-03;5;130
12;2025-11-03;6;517
12;2025-11-03;7;702
12;2025-11-03;8;717
12;2025-11-03;9;899
12;2025-11-03;10;1136
12;2025-11-03;11;1238
12;2025-11-03;12;1315
12;2025-11-03;13;1542
12;2025-11-03;14;1444
12;2025-11-03;15;1476
12;2025-11-03;16;1478
12;2025-11-03;17;1529
12;2025-11-03;18;1327
12;2025-11-03;19;989
12;2025-11-03;20;770
12;2025-11-03;21;590
12;2025-11-03;22;385
12;2025-11-03;23;194
12;2025-11-04;0;82
12;2025-11-04;1;3
12;2025-11-04;2;0
12;2025-11-04;3;0
12;2025-11-04;4;3
12;2025-11-04;5;130
12;2025-11-04;6;517
12;2025-11-04;7;702
12;2025-11-04;8;717
12;2025-11-04;9;899
12;2025-11-04;10;1136
12;2025-11-04;11;1238
12;2025-11-04;12;1315
12;2025-11-04;13;1542
12;2025-11-04;14;1444
12;2025-11-04;15;1476
12;2025-11-04;16;1478
12;2025-11-04;17;1529
12;2025-11-04;18;1327
12;2025-11-04;19;989
12;2025-11-04;20;770
12;2025-11-04;21;590
12;2025-11-04;22;385
12;2025-11-04;23;194
12;2025-11-05;0;56
12;2025-11-05;1;1
12;2025-11-05;2;0
12;2025-11-05;3;0
12;2025-11-05;4;7
12;2025-11-05;5;326
12;2025-11-05;6;1468
12;2025-11-05;7;2800
12;2025-11-05;8;3759
12;2025-11-05;9;2676
12;2025-11-05;10;2188
12;2025-11-05;11;2087
12;2025-11-05;12;2111
12;2025-11-05;13;2149
12;2025-11-05;14;2011
12;2025-11-05;15;2257
12;2025-11-05;16;2754
12;2025-11-05;17;3120
12;2025-11-05;18;3259
12;2025-11-05;19;2429
12;2025-11-05;20;1592
12;2025-11-05;21;992
12;2025-11-05;22;503
12;2025-11-05;23;266
12;2025-11-06;0;56
12;2025-11-06;1;1
12;2025-11-06;2;0
12;2025-11-06;3;0
12;2025-11-06;4;7
12;2025-11-06;5;326
12;2025-11-06;6;1468
12;2025-11-06;7;2800
12;2025-11-06;8;3759
12;2025-11-06;9;2676
12;2025-11-06;10;2188
12;2025-11-06;11;2087
12;2025-11-06;12;2111
12;2025-11-06;13;2149
12;2025-11-06;14;2011
12;2025-11-06;15;2257
12;2025-11-06;16;2754
12;2025-11-06;17;3120
12;2025-11-06;18;3259
12;2025-11-06;19;2429
12;2025-11-06;20;1592
12;2025-11-06;21;992
12;2025-11-06;22;503
12;2025-11-06;23;266
12;2025-11-07;0;57
12;2025-11-07;1;1
12;2025-11-07;2;0
12;2025-11-07;3;0
12;2025-11-07;4;5
12;2025-11-07;5;334
12;2025-11-07;6;1448
12;2025-11-07;7;2778
12;2025-11-07;8;3429
12;2025-11-07;9;2573
12;2025-11-07;10;1935
12;2025-11-07;11;1923
12;2025-11-07;12;1965
12;2025-11-07;13;2226
12;2025-11-07;14;2014
12;2025-11-07;15;2261
12;2025-11-07;16;2970
12;2025-11-07;17;2967
12;2025-11-07;18;2605
12;2025-11-07;19;2147
12;2025-11-07;20;1405
12;2025-11-07;21;1022
12;2025-11-07;22;512
12;2025-11-07;23;339
12;2025-11-08;0;70
12;2025-11-08;1;2
12;2025-11-08;2;0
12;2025-11-08;3;0
12;2025-11-08;4;2
12;2025-11-08;5;229
12;2025-11-08;6;814
12;2025-11-08;7;925
12;2025-11-08;8;1079
12;2025-11-08;9;1285
12;2025-11-08;10;1527
12;2025-11-08;11;1548
12;2025-11-08;12;1590
12;2025-11-08;13;1804
12;2025-11-08;14;1629
12;2025-11-08;15;1601
12;2025-11-08;16;1724
12;2025-11-08;17;1651
12;2025-11-08;18;1640
12;2025-11-08;19;1379
12;2025-11-08;20;969
12;2025-11-08;21;786
12;2025-11-08;22;400
12;2025-11-08;23;300
12;2025-11-09;0;85
12;2025-11-09;1;4
12;2025-11-09;2;0
12;2025-11-09;3;0
12;2025-11-09;4;3
12;2025-11-09;5;135
12;2025-11-09;6;534
12;2025-11-09;7;726
12;2025-11-09;8;741
12;2025-11-09;9;930
12;2025-11-09;10;1175
12;2025-11-09;11;1281
12;2025-11-09;12;1359
12;2025-11-09;13;1595
12;2025-11-09;14;1494
12;2025-11-09;15;1526
12;2025-11-09;16;1528
12;2025-11-09;17;1582
12;2025-11-09;18;1373
12;2025-11-09;19;1022
12;2025-11-09;20;796
12;2025-11-09;21;610
12;2025-11-09;22;398
12;2025-11-09;23;201
12;2025-11-10;0;54
12;2025-11-10;1;3
12;2025-11-10;2;0
12;2025-11-10;3;0
12;2025-11-10;4;7
12;2025-11-10;5;310
12;2025-11-10;6;1460
12;2025-11-10;7;2703
12;2025-11-10;8;3607
12;2025-11-10;9;2511
12;2025-11-10;10;1986
12;2025-11-10;11;1902
12;2025-11-10;12;2084
12;2025-11-10;13;2012
12;2025-11-10;14;1998
12;2025-11-10;15;2196
12;2025-11-10;16;2731
12;2025-11-10;17;3029
12;2025-11-10;18;3189
12;2025-11-10;19;2358
12;2025-11-10;20;1645
12;2025-11-10;21;974
12;2025-11-10;22;470
12;2025-11-10;23;237
12;2025-11-11;0;56
12;2025-11-11;1;1
12;2025-11-11;2;0
12;2025-11-11;3;0
12;2025-11-11;4;7
12;2025-11-11;5;326
12;2025-11-11;6;1468
12;2025-11-11;7;2800
12;2025-11-11;8;3759
12;2025-11-11;9;2676
12;2025-11-11;10;2188
12;2025-11-11;11;2087
12;2025-11-11;12;2111
12;2025-11-11;13;2149
12;2025-11-11;14;2011
12;2025-11-11;15;2257
12;2025-11-11;16;2754
12;2025-11-11;17;3120
12;2025-11-11;18;3259
12;2025-11-11;19;2429
12;2025-11-11;20;1592
12;2025-11-11;21;992
12;2025-11-11;22;503
12;2025-11-11;23;266
12;2025-11-12;0;56
12;2025-11-12;1;1
12;2025-11-12;2;0
12;2025-11-12;3;0
12;2025-11-12;4;7
12;2025-11-12;5;326
12;2025-11-12;6;1468
12;2025-11-12;7;2800
12;2025-11-12;8;3759
12;2025-11-12;9;2676
12;2025-11-12;10;2188
12;2025-11-12;11;2087
12;2025-11-12;12;2111
12;2025-11-12;13;2149
12;2025-11-12;14;2011
12;2025-11-12;15;2257
12;2025-11-12;16;2754
12;2025-11-12;17;3120
12;2025-11-12;18;3259
12;2025-11-12;19;2429
12;2025-11-12;20;1592
12;2025-11-12;21;992
12;2025-11-12;22;503
12;2025-11-12;23;266
12;2025-11-13;0;56
12;2025-11-13;1;1
12;2025-11-13;2;0
12;2025-11-13;3;0
12;2025-11-13;4;7
12;2025-11-13;5;326
12;2025-11-13;6;1468
12;2025-11-13;7;2800
12;2025-11-13;8;3759
12;2025-11-13;9;2676
12;2025-11-13;10;2188
12;2025-11-13;11;2087
12;2025-11-13;12;2111
12;2025-11-13;13;2149
12;2025-11-13;14;2011
12;2025-11-13;15;2257
12;2025-11-13;16;2754
12;2025-11-13;17;3120
12;2025-11-13;18;3259
12;2025-11-13;19;2429
12;2025-11-13;20;1592
12;2025-11-13;21;992
12;2025-11-13;22;503
12;2025-11-13;23;266
12;2025-11-14;0;57
12;2025-11-14;1;1
12;2025-11-14;2;0
12;2025-11-14;3;0
12;2025-11-14;4;5
12;2025-11-14;5;334
12;2025-11-14;6;1448
12;2025-11-14;7;2778
12;2025-11-14;8;3429
12;2025-11-14;9;2573
12;2025-11-14;10;1935
12;2025-11-14;11;1923
12;2025-11-14;12;1965
12;2025-11-14;13;2226
12;2025-11-14;14;2014
12;2025-11-14;15;2261
12;2025-11-14;16;2970
12;2025-11-14;17;2967
12;2025-11-14;18;2605
12;2025-11-14;19;2147
12;2025-11-14;20;1405
12;2025-11-14;21;1022
12;2025-11-14;22;512
12;2025-11-14;23;339
12;2025-11-15;0;66
12;2025-11-15;1;2
12;2025-11-15;2;0
12;2025-11-15;3;0
12;2025-11-15;4;1
12;2025-11-15;5;217
12;2025-11-15;6;772
12;2025-11-15;7;878
12;2025-11-15;8;1023
12;2025-11-15;9;1218
12;2025-11-15;10;1447
12;2025-11-15;11;1469
12;2025-11-15;12;1507
12;2025-11-15;13;1711
12;2025-11-15;14;1545
12;2025-11-15;15;1518
12;2025-11-15;16;1634
12;2025-11-15;17;1566
12;2025-11-15;18;1555
12;2025-11-15;19;1308
12;2025-11-15;20;918
12;2025-11-15;21;745
12;2025-11-15;22;380
12;2025-11-15;23;285
12;2025-11-16;0;85
12;2025-11-16;1;4
12;2025-11-16;2;0
12;2025-11-16;3;0
12;2025-11-16;4;3
12;2025-11-16;5;135
12;2025-11-16;6;534
12;2025-11-16;7;726
12;2025-11-16;8;741
12;2025-11-16;9;930
12;2025-11-16;10;1175
12;2025-11-16;11;1281
12;2025-11-16;12;1359
12;2025-11-16;13;1595
12;2025-11-16;14;1494
12;2025-11-16;15;1526
12;2025-11-16;16;1528
12;2025-11-16;17;1582
12;2025-11-16;18;1373
12;2025-11-16;19;1022
12;2025-11-16;20;796
12;2025-11-16;21;610
12;2025-11-16;22;398
12;2025-11-16;23;201
12;2025-11-17;0;54
12;2025-11-17;1;3
12;2025-11-17;2;0
12;2025-11-17;3;0
12;2025-11-17;4;7
12;2025-11-17;5;310
12;2025-11-17;6;1460
12;2025-11-17;7;2703
12;2025-11-17;8;3607
12;2025-11-17;9;2511
12;2025-11-17;10;1986
12;2025-11-17;11;1902
12;2025-11-17;12;2084
12;2025-11-17;13;2012
12;2025-11-17;14;1998
12;2025-11-17;15;2196
12;2025-11-17;16;2731
12;2025-11-17;17;3029
12;2025-11-17;18;3189
12;2025-11-17;19;2358
12;2025-11-17;20;1645
12;2025-11-17;21;974
12;2025-11-17;22;470
12;2025-11-17;23;237
12;2025-11-18;0;56
12;2025-11-18;1;1
12;2025-11-18;2;0
12;2025-11-18;3;0
12;2025-11-18;4;7
12;2025-11-18;5;326
12;2025-11-18;6;1468
12;2025-11-18;7;2800
12;2025-11-18;8;3759
12;2025-11-18;9;2676
12;2025-11-18;10;2188
12;2025-11-18;11;2087
12;2025-11-18;12;2111
12;2025-11-18;13;2149
12;2025-11-18;14;2011
12;2025-11-18;15;2257
12;2025-11-18;16;2754
12;2025-11-18;17;3120
12;2025-11-18;18;3259
12;2025-11-18;19;2429
12;2025-11-18;20;1592
12;2025-11-18;21;992
12;2025-11-18;22;503
12;2025-11-18;23;266
12;2025-11-19;0;56
12;2025-11-19;1;1
12;2025-11-19;2;0
12;2025-11-19;3;0
12;2025-11-19;4;7
12;2025-11-19;5;326
12;2025-11-19;6;1468
12;2025-11-19;7;2800
12;2025-11-19;8;3759
12;2025-11-19;9;2676
12;2025-11-19;10;2188
12;2025-11-19;11;2087
12;2025-11-19;12;2111
12;2025-11-19;13;2149
12;2025-11-19;14;2011
12;2025-11-19;15;2257
12;2025-11-19;16;2754
12;2025-11-19;17;3120
12;2025-11-19;18;3259
12;2025-11-19;19;2429
12;2025-11-19;20;1592
12;2025-11-19;21;992
12;2025-11-19;22;503
12;2025-11-19;23;266
12;2025-11-20;0;56
12;2025-11-20;1;1
12;2025-11-20;2;0
12;2025-11-20;3;0
12;2025-11-20;4;7
12;2025-11-20;5;326
12;2025-11-20;6;1468
12;2025-11-20;7;2800
12;2025-11-20;8;3759
12;2025-11-20;9;2676
12;2025-11-20;10;2188
12;2025-11-20;11;2087
12;2025-11-20;12;2111
12;2025-11-20;13;2149
12;2025-11-20;14;2011
12;2025-11-20;15;2257
12;2025-11-20;16;2754
12;2025-11-20;17;3120
12;2025-11-20;18;3259
12;2025-11-20;19;2429
12;2025-11-20;20;1592
12;2025-11-20;21;992
12;2025-11-20;22;503
12;2025-11-20;23;266
12;2025-11-21;0;57
12;2025-11-21;1;1
12;2025-11-21;2;0
12;2025-11-21;3;0
12;2025-11-21;4;5
12;2025-11-21;5;334
12;2025-11-21;6;1448
12;2025-11-21;7;2778
12;2025-11-21;8;3429
12;2025-11-21;9;2573
12;2025-11-21;10;1935
12;2025-11-21;11;1923
12;2025-11-21;12;1965
12;2025-11-21;13;2226
12;2025-11-21;14;2014
12;2025-11-21;15;2261
12;2025-11-21;16;2970
12;2025-11-21;17;2967
12;2025-11-21;18;2605
12;2025-11-21;19;2147
12;2025-11-21;20;1405
12;2025-11-21;21;1022
12;2025-11-21;22;512
12;2025-11-21;23;339
12;2025-11-22;0;70
12;2025-11-22;1;2
12;2025-11-22;2;0
12;2025-11-22;3;0
12;2025-11-22;4;2
12;2025-11-22;5;229
12;2025-11-22;6;814
12;2025-11-22;7;925
12;2025-11-22;8;1079
12;2025-11-22;9;1285
12;2025-11-22;10;1527
12;2025-11-22;11;1548
12;2025-11-22;12;1590
12;2025-11-22;13;1804
12;2025-11-22;14;1629
12;2025-11-22;15;1601
12;2025-11-22;16;1724
12;2025-11-22;17;1651
12;2025-11-22;18;1640
12;2025-11-22;19;1379
12;2025-11-22;20;969
12;2025-11-22;21;786
12;2025-11-22;22;400
12;2025-11-22;23;300
12;2025-11-23;0;85
12;2025-11-23;1;4
12;2025-11-23;2;0
12;2025-11-23;3;0
12;2025-11-23;4;3
12;2025-11-23;5;135
12;2025-11-23;6;534
12;2025-11-23;7;726
12;2025-11-23;8;741
12;2025-11-23;9;930
12;2025-11-23;10;1175
12;2025-11-23;11;1281
12;2025-11-23;12;1359
12;2025-11-23;13;1595
12;2025-11-23;14;1494
12;2025-11-23;15;1526
12;2025-11-23;16;1528
12;2025-11-23;17;1582
12;2025-11-23;18;1373
12;2025-11-23;19;1022
12;2025-11-23;20;796
12;2025-11-23;21;610
12;2025-11-23;22;398
12;2025-11-23;23;201
12;2025-11-24;0;54
12;2025-11-24;1;3
12;2025-11-24;2;0
12;2025-11-24;3;0
12;2025-11-24;4;7
12;2025-11-24;5;310
12;2025-11-24;6;1460
12;2025-11-24;7;2703
12;2025-11-24;8;3607
12;2025-11-24;9;2511
12;2025-11-24;10;1986
12;2025-11-24;11;1902
12;2025-11-24;12;2084
12;2025-11-24;13;2012
12;2025-11-24;14;1998
12;2025-11-24;15;2196
12;2025-11-24;16;2731
12;2025-11-24;17;3029
12;2025-11-24;18;3189
12;2025-11-24;19;2358
12;2025-11-24;20;1645
12;2025-11-24;21;974
12;2025-11-24;22;470
12;2025-11-24;23;237
12;2025-11-25;0;56
12;2025-11-25;1;1
12;2025-11-25;2;0
12;2025-11-25;3;0
12;2025-11-25;4;7
12;2025-11-25;5;326
12;2025-11-25;6;1468
12;2025-11-25;7;2800
12;2025-11-25;8;3759
12;2025-11-25;9;2676
12;2025-11-25;10;2188
12;2025-11-25;11;2087
12;2025-11-25;12;2111
12;2025-11-25;13;2149
12;2025-11-25;14;2011
12;2025-11-25;15;2257
12;2025-11-25;16;2754
12;2025-11-25;17;3120
12;2025-11-25;18;3259
12;2025-11-25;19;2429
12;2025-11-25;20;1592
12;2025-11-25;21;992
12;2025-11-25;22;503
12;2025-11-25;23;266
12;2025-11-26;0;56
12;2025-11-26;1;1
12;2025-11-26;2;0
12;2025-11-26;3;0
12;2025-11-26;4;7
12;2025-11-26;5;326
12;2025-11-26;6;1468
12;2025-11-26;7;2800
12;2025-11-26;8;3759
12;2025-11-26;9;2676
12;2025-11-26;10;2188
12;2025-11-26;11;2087
12;2025-11-26;12;2111
12;2025-11-26;13;2149
12;2025-11-26;14;2011
12;2025-11-26;15;2257
12;2025-11-26;16;2754
12;2025-11-26;17;3120
12;2025-11-26;18;3259
12;2025-11-26;19;2429
12;2025-11-26;20;1592
12;2025-11-26;21;992
12;2025-11-26;22;503
12;2025-11-26;23;266
12;2025-11-27;0;56
12;2025-11-27;1;1
12;2025-11-27;2;0
12;2025-11-27;3;0
12;2025-11-27;4;7
12;2025-11-27;5;326
12;2025-11-27;6;1468
12;2025-11-27;7;2800
12;2025-11-27;8;3759
12;2025-11-27;9;2676
12;2025-11-27;10;2188
12;2025-11-27;11;2087
12;2025-11-27;12;2111
12;2025-11-27;13;2149
12;2025-11-27;14;2011
12;2025-11-27;15;2257
12;2025-11-27;16;2754
12;2025-11-27;17;3120
12;2025-11-27;18;3259
12;2025-11-27;19;2429
12;2025-11-27;20;1592
12;2025-11-27;21;992
12;2025-11-27;22;503
12;2025-11-27;23;266
12;2025-11-28;0;57
12;2025-11-28;1;1
12;2025-11-28;2;0
12;2025-11-28;3;0
12;2025-11-28;4;5
12;2025-11-28;5;334
12;2025-11-28;6;1448
12;2025-11-28;7;2778
12;2025-11-28;8;3429
12;2025-11-28;9;2573
12;2025-11-28;10;1935
12;2025-11-28;11;1923
12;2025-11-28;12;1965
12;2025-11-28;13;2226
12;2025-11-28;14;2014
12;2025-11-28;15;2261
12;2025-11-28;16;2970
12;2025-11-28;17;2967
12;2025-11-28;18;2605
12;2025-11-28;19;2147
12;2025-11-28;20;1405
12;2025-11-28;21;1022
12;2025-11-28;22;512
12;2025-11-28;23;339
12;2025-11-29;0;70
12;2025-11-29;1;2
12;2025-11-29;2;0
12;2025-11-29;3;0
12;2025-11-29;4;2
12;2025-11-29;5;229
12;2025-11-29;6;814
12;2025-11-29;7;925
12;2025-11-29;8;1079
12;2025-11-29;9;1285
12;2025-11-29;10;1527
12;2025-11-29;11;1548
12;2025-11-29;12;1590
12;2025-11-29;13;1804
12;2025-11-29;14;1629
12;2025-11-29;15;1601
12;2025-11-29;16;1724
12;2025-11-29;17;1651
12;2025-11-29;18;1640
12;2025-11-29;19;1379
12;2025-11-29;20;969
12;2025-11-29;21;786
12;2025-11-29;22;400
12;2025-11-29;23;300
12;2025-11-30;0;85
12;2025-11-30;1;4
12;2025-11-30;2;0
12;2025-11-30;3;0
12;2025-11-30;4;3
12;2025-11-30;5;135
12;2025-11-30;6;534
12;2025-11-30;7;726
12;2025-11-30;8;741
12;2025-11-30;9;930
12;2025-11-30;10;1175
12;2025-11-30;11;1281
12;2025-11-30;12;1359
12;2025-11-30;13;1595
12;2025-11-30;14;1494
12;2025-11-30;15;1526
12;2025-11-30;16;1528
12;2025-11-30;17;1582
12;2025-11-30;18;1373
12;2025-11-30;19;1022
12;2025-11-30;20;796
12;2025-11-30;21;610
12;2025-11-30;22;398
12;2025-11-30;23;201
12;2025-12-01;0;54
12;2025-12-01;1;3
12;2025-12-01;2;0
12;2025-12-01;3;0
12;2025-12-01;4;7
12;2025-12-01;5;310
12;2025-12-01;6;1460
12;2025-12-01;7;2703
12;2025-12-01;8;3607
12;2025-12-01;9;2511
12;2025-12-01;10;1986
12;2025-12-01;11;1902
12;2025-12-01;12;2084
12;2025-12-01;13;2012
12;2025-12-01;14;1998
12;2025-12-01;15;2196
12;2025-12-01;16;2731
12;2025-12-01;17;3029
12;2025-12-01;18;3189
12;2025-12-01;19;2358
12;2025-12-01;20;1645
12;2025-12-01;21;974
12;2025-12-01;22;470
12;2025-12-01;23;237
12;2025-12-02;0;56
12;2025-12-02;1;1
12;2025-12-02;2;0
12;2025-12-02;3;0
12;2025-12-02;4;7
12;2025-12-02;5;326
12;2025-12-02;6;1468
12;2025-12-02;7;2800
12;2025-12-02;8;3759
12;2025-12-02;9;2676
12;2025-12-02;10;2188
12;2025-12-02;11;2087
12;2025-12-02;12;2111
12;2025-12-02;13;2149
12;2025-12-02;14;2011
12;2025-12-02;15;2257
12;2025-12-02;16;2754
12;2025-12-02;17;3120
12;2025-12-02;18;3259
12;2025-12-02;19;2429
12;2025-12-02;20;1592
12;2025-12-02;21;992
12;2025-12-02;22;503
12;2025-12-02;23;266
12;2025-12-03;0;56
12;2025-12-03;1;1
12;2025-12-03;2;0
12;2025-12-03;3;0
12;2025-12-03;4;7
12;2025-12-03;5;326
12;2025-12-03;6;1468
12;2025-12-03;7;2800
12;2025-12-03;8;3759
12;2025-12-03;9;2676
12;2025-12-03;10;2188
12;2025-12-03;11;2087
12;2025-12-03;12;2111
12;2025-12-03;13;2149
12;2025-12-03;14;2011
12;2025-12-03;15;2257
12;2025-12-03;16;2754
12;2025-12-03;17;3120
12;2025-12-03;18;3259
12;2025-12-03;19;2429
12;2025-12-03;20;1592
12;2025-12-03;21;992
12;2025-12-03;22;503
12;2025-12-03;23;266
12;2025-12-04;0;56
12;2025-12-04;1;1
12;2025-12-04;2;0
12;2025-12-04;3;0
12;2025-12-04;4;7
12;2025-12-04;5;326
12;2025-12-04;6;1468
12;2025-12-04;7;2800
12;2025-12-04;8;3759
12;2025-12-04;9;2676
12;2025-12-04;10;2188
12;2025-12-04;11;2087
12;2025-12-04;12;2111
12;2025-12-04;13;2149
12;2025-12-04;14;2011
12;2025-12-04;15;2257
12;2025-12-04;16;2754
12;2025-12-04;17;3120
12;2025-12-04;18;3259
12;2025-12-04;19;2429
12;2025-12-04;20;1592
12;2025-12-04;21;992
12;2025-12-04;22;503
12;2025-12-04;23;266
12;2025-12-05;0;57
12;2025-12-05;1;1
12;2025-12-05;2;0
12;2025-12-05;3;0
12;2025-12-05;4;5
12;2025-12-05;5;334
12;2025-12-05;6;1448
12;2025-12-05;7;2778
12;2025-12-05;8;3429
12;2025-12-05;9;2573
12;2025-12-05;10;1935
12;2025-12-05;11;1923
12;2025-12-05;12;1965
12;2025-12-05;13;2226
12;2025-12-05;14;2014
12;2025-12-05;15;2261
12;2025-12-05;16;2970
12;2025-12-05;17;2967
12;2025-12-05;18;2605
12;2025-12-05;19;2147
12;2025-12-05;20;1405
12;2025-12-05;21;1022
12;2025-12-05;22;512
12;2025-12-05;23;339
12;2025-12-06;0;70
12;2025-12-06;1;2
12;2025-12-06;2;0
12;2025-12-06;3;0
12;2025-12-06;4;2
12;2025-12-06;5;229
12;2025-12-06;6;814
12;2025-12-06;7;925
12;2025-12-06;8;1079
12;2025-12-06;9;1285
12;2025-12-06;10;1527
12;2025-12-06;11;1548
12;2025-12-06;12;1590
12;2025-12-06;13;1804
12;2025-12-06;14;1629
12;2025-12-06;15;1601
12;2025-12-06;16;1724
12;2025-12-06;17;1651
12;2025-12-06;18;1640
12;2025-12-06;19;1379
12;2025-12-06;20;969
12;2025-12-06;21;786
12;2025-12-06;22;400
12;2025-12-06;23;300
12;2025-12-07;0;85
12;2025-12-07;1;4
12;2025-12-07;2;0
12;2025-12-07;3;0
12;2025-12-07;4;3
12;2025-12-07;5;135
12;2025-12-07;6;534
12;2025-12-07;7;726
12;2025-12-07;8;741
12;2025-12-07;9;930
12;2025-12-07;10;1175
12;2025-12-07;11;1281
12;2025-12-07;12;1359
12;2025-12-07;13;1595
12;2025-12-07;14;1494
12;2025-12-07;15;1526
12;2025-12-07;16;1528
12;2025-12-07;17;1582
12;2025-12-07;18;1373
12;2025-12-07;19;1022
12;2025-12-07;20;796
12;2025-12-07;21;610
12;2025-12-07;22;398
12;2025-12-07;23;201
12;2025-12-08;0;54
12;2025-12-08;1;3
12;2025-12-08;2;0
12;2025-12-08;3;0
12;2025-12-08;4;7
12;2025-12-08;5;310
12;2025-12-08;6;1460
12;2025-12-08;7;2703
12;2025-12-08;8;3607
12;2025-12-08;9;2511
12;2025-12-08;10;1986
12;2025-12-08;11;1902
12;2025-12-08;12;2084
12;2025-12-08;13;2012
12;2025-12-08;14;1998
12;2025-12-08;15;2196
12;2025-12-08;16;2731
12;2025-12-08;17;3029
12;2025-12-08;18;3189
12;2025-12-08;19;2358
12;2025-12-08;20;1645
12;2025-12-08;21;974
12;2025-12-08;22;470
12;2025-12-08;23;237
12;2025-12-09;0;56
12;2025-12-09;1;1
12;2025-12-09;2;0
12;2025-12-09;3;0
12;2025-12-09;4;7
12;2025-12-09;5;326
12;2025-12-09;6;1468
12;2025-12-09;7;2800
12;2025-12-09;8;3759
12;2025-12-09;9;2676
12;2025-12-09;10;2188
12;2025-12-09;11;2087
12;2025-12-09;12;2111
12;2025-12-09;13;2149
12;2025-12-09;14;2011
12;2025-12-09;15;2257
12;2025-12-09;16;2754
12;2025-12-09;17;3120
12;2025-12-09;18;3259
12;2025-12-09;19;2429
12;2025-12-09;20;1592
12;2025-12-09;21;992
12;2025-12-09;22;503
12;2025-12-09;23;266
12;2025-12-10;0;56
12;2025-12-10;1;1
12;2025-12-10;2;0
12;2025-12-10;3;0
12;2025-12-10;4;7
12;2025-12-10;5;326
12;2025-12-10;6;1468
12;2025-12-10;7;2800
12;2025-12-10;8;3759
12;2025-12-10;9;2676
12;2025-12-10;10;2188
12;2025-12-10;11;2087
12;2025-12-10;12;2111
12;2025-12-10;13;2149
12;2025-12-10;14;2011
12;2025-12-10;15;2257
12;2025-12-10;16;2754
12;2025-12-10;17;3120
12;2025-12-10;18;3259
12;2025-12-10;19;2429
12;2025-12-10;20;1592
12;2025-12-10;21;992
12;2025-12-10;22;503
12;2025-12-10;23;266
12;2025-12-11;0;56
12;2025-12-11;1;1
12;2025-12-11;2;0
12;2025-12-11;3;0
12;2025-12-11;4;7
12;2025-12-11;5;326
12;2025-12-11;6;1468
12;2025-12-11;7;2800
12;2025-12-11;8;3759
12;2025-12-11;9;2676
12;2025-12-11;10;2188
12;2025-12-11;11;2087
12;2025-12-11;12;2111
12;2025-12-11;13;2149
12;2025-12-11;14;2011
12;2025-12-11;15;2257
12;2025-12-11;16;2754
12;2025-12-11;17;3120
12;2025-12-11;18;3259
12;2025-12-11;19;2429
12;2025-12-11;20;1592
12;2025-12-11;21;992
12;2025-12-11;22;503
12;2025-12-11;23;266
12;2025-12-12;0;57
12;2025-12-12;1;1
12;2025-12-12;2;0
12;2025-12-12;3;0
12;2025-12-12;4;5
12;2025-12-12;5;334
12;2025-12-12;6;1448
12;2025-12-12;7;2778
12;2025-12-12;8;3429
12;2025-12-12;9;2573
12;2025-12-12;10;1935
12;2025-12-12;11;1923
12;2025-12-12;12;1965
12;2025-12-12;13;2226
12;2025-12-12;14;2014
12;2025-12-12;15;2261
12;2025-12-12;16;2970
12;2025-12-12;17;2967
12;2025-12-12;18;2605
12;2025-12-12;19;2147
12;2025-12-12;20;1405
12;2025-12-12;21;1022
12;2025-12-12;22;512
12;2025-12-12;23;339
12;2025-12-13;0;70
12;2025-12-13;1;2
12;2025-12-13;2;0
12;2025-12-13;3;0
12;2025-12-13;4;2
12;2025-12-13;5;229
12;2025-12-13;6;814
12;2025-12-13;7;925
12;2025-12-13;8;1079
12;2025-12-13;9;1285
12;2025-12-13;10;1527
12;2025-12-13;11;1548
12;2025-12-13;12;1590
12;2025-12-13;13;1804
12;2025-12-13;14;1629
12;2025-12-13;15;1601
12;2025-12-13;16;1724
12;2025-12-13;17;1651
12;2025-12-13;18;1640
12;2025-12-13;19;1379
12;2025-12-13;20;969
12;2025-12-13;21;786
12;2025-12-13;22;400
12;2025-12-13;23;300
12;2025-12-14;0;85
12;2025-12-14;1;4
12;2025-12-14;2;0
12;2025-12-14;3;0
12;2025-12-14;4;3
12;2025-12-14;5;135
12;2025-12-14;6;534
12;2025-12-14;7;726
12;2025-12-14;8;741
12;2025-12-14;9;930
12;2025-12-14;10;1175
12;2025-12-14;11;1281
12;2025-12-14;12;1359
12;2025-12-14;13;1595
12;2025-12-14;14;1494
12;2025-12-14;15;1526
12;2025-12-14;16;1528
12;2025-12-14;17;1582
12;2025-12-14;18;1373
12;2025-12-14;19;1022
12;2025-12-14;20;796
12;2025-12-14;21;610
12;2025-12-14;22;398
12;2025-12-14;23;201
12;2025-12-15;0;54
12;2025-12-15;1;3
12;2025-12-15;2;0
12;2025-12-15;3;0
12;2025-12-15;4;7
12;2025-12-15;5;310
12;2025-12-15;6;1460
12;2025-12-15;7;2703
12;2025-12-15;8;3607
12;2025-12-15;9;2511
12;2025-12-15;10;1986
12;2025-12-15;11;1902
12;2025-12-15;12;2084
12;2025-12-15;13;2012
12;2025-12-15;14;1998
12;2025-12-15;15;2196
12;2025-12-15;16;2731
12;2025-12-15;17;3029
12;2025-12-15;18;3189
12;2025-12-15;19;2358
12;2025-12-15;20;1645
12;2025-12-15;21;974
12;2025-12-15;22;470
12;2025-12-15;23;237
12;2025-12-16;0;56
12;2025-12-16;1;1
12;2025-12-16;2;0
12;2025-12-16;3;0
12;2025-12-16;4;7
12;2025-12-16;5;326
12;2025-12-16;6;1468
12;2025-12-16;7;2800
12;2025-12-16;8;3759
12;2025-12-16;9;2676
12;2025-12-16;10;2188
12;2025-12-16;11;2087
12;2025-12-16;12;2111
12;2025-12-16;13;2149
12;2025-12-16;14;2011
12;2025-12-16;15;2257
12;2025-12-16;16;2754
12;2025-12-16;17;3120
12;2025-12-16;18;3259
12;2025-12-16;19;2429
12;2025-12-16;20;1592
12;2025-12-16;21;992
12;2025-12-16;22;503
12;2025-12-16;23;266
12;2025-12-17;0;56
12;2025-12-17;1;1
12;2025-12-17;2;0
12;2025-12-17;3;0
12;2025-12-17;4;7
12;2025-12-17;5;326
12;2025-12-17;6;1468
12;2025-12-17;7;2800
12;2025-12-17;8;3759
12;2025-12-17;9;2676
12;2025-12-17;10;2188
12;2025-12-17;11;2087
12;2025-12-17;12;2111
12;2025-12-17;13;2149
12;2025-12-17;14;2011
12;2025-12-17;15;2257
12;2025-12-17;16;2754
12;2025-12-17;17;3120
12;2025-12-17;18;3259
12;2025-12-17;19;2429
12;2025-12-17;20;1592
12;2025-12-17;21;992
12;2025-12-17;22;503
12;2025-12-17;23;266
12;2025-12-18;0;56
12;2025-12-18;1;1
12;2025-12-18;2;0
12;2025-12-18;3;0
12;2025-12-18;4;7
12;2025-12-18;5;326
12;2025-12-18;6;1468
12;2025-12-18;7;2800
12;2025-12-18;8;3759
12;2025-12-18;9;2676
12;2025-12-18;10;2188
12;2025-12-18;11;2087
12;2025-12-18;12;2111
12;2025-12-18;13;2149
12;2025-12-18;14;2011
12;2025-12-18;15;2257
12;2025-12-18;16;2754
12;2025-12-18;17;3120
12;2025-12-18;18;3259
12;2025-12-18;19;2429
12;2025-12-18;20;1592
12;2025-12-18;21;992
12;2025-12-18;22;503
12;2025-12-18;23;266
12;2025-12-19;0;57
12;2025-12-19;1;1
12;2025-12-19;2;0
12;2025-12-19;3;0
12;2025-12-19;4;5
12;2025-12-19;5;334
12;2025-12-19;6;1448
12;2025-12-19;7;2778
12;2025-12-19;8;3429
12;2025-12-19;9;2573
12;2025-12-19;10;1935
12;2025-12-19;11;1923
12;2025-12-19;12;1965
12;2025-12-19;13;2226
12;2025-12-19;14;2014
12;2025-12-19;15;2261
12;2025-12-19;16;2970
12;2025-12-19;17;2967
12;2025-12-19;18;2605
12;2025-12-19;19;2147
12;2025-12-19;20;1405
12;2025-12-19;21;1022
12;2025-12-19;22;512
12;2025-12-19;23;339
12;2025-12-20;0;70
12;2025-12-20;1;2
12;2025-12-20;2;0
12;2025-12-20;3;0
12;2025-12-20;4;2
12;2025-12-20;5;229
12;2025-12-20;6;814
12;2025-12-20;7;925
12;2025-12-20;8;1079
12;2025-12-20;9;1285
12;2025-12-20;10;1527
12;2025-12-20;11;1548
12;2025-12-20;12;1590
12;2025-12-20;13;1804
12;2025-12-20;14;1629
12;2025-12-20;15;1601
12;2025-12-20;16;1724
12;2025-12-20;17;1651
12;2025-12-20;18;1640
12;2025-12-20;19;1379
12;2025-12-20;20;969
12;2025-12-20;21;786
12;2025-12-20;22;400
12;2025-12-20;23;300
12;2025-12-21;0;85
12;2025-12-21;1;4
12;2025-12-21;2;0
12;2025-12-21;3;0
12;2025-12-21;4;3
12;2025-12-21;5;135
12;2025-12-21;6;534
12;2025-12-21;7;726
12;2025-12-21;8;741
12;2025-12-21;9;930
12;2025-12-21;10;1175
12;2025-12-21;11;1281
12;2025-12-21;12;1359
12;2025-12-21;13;1595
12;2025-12-21;14;1494
12;2025-12-21;15;1526
12;2025-12-21;16;1528
12;2025-12-21;17;1582
12;2025-12-21;18;1373
12;2025-12-21;19;1022
12;2025-12-21;20;796
12;2025-12-21;21;610
12;2025-12-21;22;398
12;2025-12-21;23;201
12;2025-12-22;0;54
12;2025-12-22;1;3
12;2025-12-22;2;0
12;2025-12-22;3;0
12;2025-12-22;4;7
12;2025-12-22;5;310
12;2025-12-22;6;1460
12;2025-12-22;7;2703
12;2025-12-22;8;3607
12;2025-12-22;9;2511
12;2025-12-22;10;1986
12;2025-12-22;11;1902
12;2025-12-22;12;2084
12;2025-12-22;13;2012
12;2025-12-22;14;1998
12;2025-12-22;15;2196
12;2025-12-22;16;2731
12;2025-12-22;17;3029
12;2025-12-22;18;3189
12;2025-12-22;19;2358
12;2025-12-22;20;1645
12;2025-12-22;21;974
12;2025-12-22;22;470
12;2025-12-22;23;237
12;2025-12-23;0;56
12;2025-12-23;1;1
12;2025-12-23;2;0
12;2025-12-23;3;0
12;2025-12-23;4;7
12;2025-12-23;5;326
12;2025-12-23;6;1468
12;2025-12-23;7;2800
12;2025-12-23;8;3759
12;2025-12-23;9;2676
12;2025-12-23;10;2188
12;2025-12-23;11;2087
12;2025-12-23;12;2111
12;2025-12-23;13;2149
12;2025-12-23;14;2011
12;2025-12-23;15;2257
12;2025-12-23;16;2754
12;2025-12-23;17;3120
12;2025-12-23;18;3259
12;2025-12-23;19;2429
12;2025-12-23;20;1592
12;2025-12-23;21;992
12;2025-12-23;22;503
12;2025-12-23;23;266
12;2025-12-24;0;56
12;2025-12-24;1;1
12;2025-12-24;2;0
12;2025-12-24;3;0
12;2025-12-24;4;7
12;2025-12-24;5;326
12;2025-12-24;6;1468
12;2025-12-24;7;2800
12;2025-12-24;8;3759
12;2025-12-24;9;2676
12;2025-12-24;10;2188
12;2025-12-24;11;2087
12;2025-12-24;12;2111
12;2025-12-24;13;2149
12;2025-12-24;14;2011
12;2025-12-24;15;2257
12;2025-12-24;16;2754
12;2025-12-24;17;3120
12;2025-12-24;18;3259
12;2025-12-24;19;2429
12;2025-12-24;20;1592
12;2025-12-24;21;992
12;2025-12-24;22;503
12;2025-12-24;23;266
12;2025-12-25;0;56
12;2025-12-25;1;1
12;2025-12-25;2;0
12;2025-12-25;3;0
12;2025-12-25;4;7
12;2025-12-25;5;326
12;2025-12-25;6;1468
12;2025-12-25;7;2800
12;2025-12-25;8;3759
12;2025-12-25;9;2676
12;2025-12-25;10;2188
12;2025-12-25;11;2087
12;2025-12-25;12;2111
12;2025-12-25;13;2149
12;2025-12-25;14;2011
12;2025-12-25;15;2257
12;2025-12-25;16;2754
12;2025-12-25;17;3120
12;2025-12-25;18;3259
12;2025-12-25;19;2429
12;2025-12-25;20;1592
12;2025-12-25;21;992
12;2025-12-25;22;503
12;2025-12-25;23;266
12;2025-12-26;0;57
12;2025-12-26;1;1
12;2025-12-26;2;0
12;2025-12-26;3;0
12;2025-12-26;4;5
12;2025-12-26;5;334
12;2025-12-26;6;1448
12;2025-12-26;7;2778
12;2025-12-26;8;3429
12;2025-12-26;9;2573
12;2025-12-26;10;1935
12;2025-12-26;11;1923
12;2025-12-26;12;1965
12;2025-12-26;13;2226
12;2025-12-26;14;2014
12;2025-12-26;15;2261
12;2025-12-26;16;2970
12;2025-12-26;17;2967
12;2025-12-26;18;2605
12;2025-12-26;19;2147
12;2025-12-26;20;1405
12;2025-12-26;21;1022
12;2025-12-26;22;512
12;2025-12-26;23;339
12;2025-12-27;0;70
12;2025-12-27;1;2
12;2025-12-27;2;0
12;2025-12-27;3;0
12;2025-12-27;4;2
12;2025-12-27;5;229
12;2025-12-27;6;814
12;2025-12-27;7;925
12;2025-12-27;8;1079
12;2025-12-27;9;1285
12;2025-12-27;10;1527
12;2025-12-27;11;1548
12;2025-12-27;12;1590
12;2025-12-27;13;1804
12;2025-12-27;14;1629
12;2025-12-27;15;1601
12;2025-12-27;16;1724
12;2025-12-27;17;1651
12;2025-12-27;18;1640
12;2025-12-27;19;1379
12;2025-12-27;20;969
12;2025-12-27;21;786
12;2025-12-27;22;400
12;2025-12-27;23;300
12;2025-12-28;0;85
12;2025-12-28;1;4
12;2025-12-28;2;0
12;2025-12-28;3;0
12;2025-12-28;4;3
12;2025-12-28;5;135
12;2025-12-28;6;534
12;2025-12-28;7;726
12;2025-12-28;8;741
12;2025-12-28;9;930
12;2025-12-28;10;1175
12;2025-12-28;11;1281
12;2025-12-28;12;1359
12;2025-12-28;13;1595
12;2025-12-28;14;1494
12;2025-12-28;15;1526
12;2025-12-28;16;1528
12;2025-12-28;17;1582
12;2025-12-28;18;1373
12;2025-12-28;19;1022
12;2025-12-28;20;796
12;2025-12-28;21;610
12;2025-12-28;22;398
12;2025-12-28;23;201
12;2025-12-29;0;48
12;2025-12-29;1;1
12;2025-12-29;2;0
12;2025-12-29;3;0
12;2025-12-29;4;4
12;2025-12-29;5;288
12;2025-12-29;6;1246
12;2025-12-29;7;2389
12;2025-12-29;8;2949
12;2025-12-29;9;2213
12;2025-12-29;10;1664
12;2025-12-29;11;1653
12;2025-12-29;12;1690
12;2025-12-29;13;1915
12;2025-12-29;14;1732
12;2025-12-29;15;1945
12;2025-12-29;16;2554
12;2025-12-29;17;2552
12;2025-12-29;18;2240
12;2025-12-29;19;1846
12;2025-12-29;20;1209
12;2025-12-29;21;879
12;2025-12-29;22;440
12;2025-12-29;23;292
12;2025-12-30;0;48
12;2025-12-30;1;1
12;2025-12-30;2;0
12;2025-12-30;3;0
12;2025-12-30;4;4
12;2025-12-30;5;288
12;2025-12-30;6;1246
12;2025-12-30;7;2389
12;2025-12-30;8;2949
12;2025-12-30;9;2213
12;2025-12-30;10;1664
12;2025-12-30;11;1653
12;2025-12-30;12;1690
12;2025-12-30;13;1915
12;2025-12-30;14;1732
12;2025-12-30;15;1945
12;2025-12-30;16;2554
12;2025-12-30;17;2552
12;2025-12-30;18;2240
12;2025-12-30;19;1846
12;2025-12-30;20;1209
12;2025-12-30;21;879
12;2025-12-30;22;440
12;2025-12-30;23;292
12;2025-12-31;0;59
12;2025-12-31;1;2
12;2025-12-31;2;0
12;2025-12-31;3;0
12;2025-12-31;4;1
12;2025-12-31;5;195
12;2025-12-31;6;692
12;2025-12-31;7;787
12;2025-12-31;8;917
12;2025-12-31;9;1092
12;2025-12-31;10;1298
12;2025-12-31;11;1316
12;2025-12-31;12;1351
12;2025-12-31;13;1533
12;2025-12-31;14;1385
12;2025-12-31;15;1360
12;2025-12-31;16;1466
12;2025-12-31;17;1403
12;2025-12-31;18;1395
12;2025-12-31;19;644
12;2025-12-31;20;452
12;2025-12-31;21;368
12;2025-12-31;22;187
12;2025-12-31;23;140
17;2025-11-01;0;124
17;2025-11-01;1;15
17;2025-11-01;2;0
17;2025-11-01;3;0
17;2025-11-01;4;21
17;2025-11-01;5;271
17;2025-11-01;6;1328
17;2025-11-01;7;3600
17;2025-11-01;8;4561
17;2025-11-01;9;3296
17;2025-11-01;10;2610
17;2025-11-01;11;2655
17;2025-11-01;12;2624
17;2025-11-01;13;2702
17;2025-11-01;14;2761
17;2025-11-01;15;3001
17;2025-11-01;16;3628
17;2025-11-01;17;4126
17;2025-11-01;18;3744
17;2025-11-01;19;2769
17;2025-11-01;20;2040
17;2025-11-01;21;1373
17;2025-11-01;22;662
17;2025-11-01;23;411
17;2025-11-02;0;190
17;2025-11-02;1;24
17;2025-11-02;2;0
17;2025-11-02;3;0
17;2025-11-02;4;3
17;2025-11-02;5;108
17;2025-11-02;6;445
17;2025-11-02;7;866
17;2025-11-02;8;1260
17;2025-11-02;9;1726
17;2025-11-02;10;2037
17;2025-11-02;11;2620
17;2025-11-02;12;2972
17;2025-11-02;13;3227
17;2025-11-02;14;3365
17;2025-11-02;15;3295
17;2025-11-02;16;3204
17;2025-11-02;17;3041
17;2025-11-02;18;2622
17;2025-11-02;19;2099
17;2025-11-02;20;1547
17;2025-11-02;21;1143
17;2025-11-02;22;700
17;2025-11-02;23;321
17;2025-11-03;0;183
17;2025-11-03;1;23
17;2025-11-03;2;0
17;2025-11-03;3;0
17;2025-11-03;4;3
17;2025-11-03;5;105
17;2025-11-03;6;431
17;2025-11-03;7;837
17;2025-11-03;8;1219
17;2025-11-03;9;1670
17;2025-11-03;10;1971
17;2025-11-03;11;2533
17;2025-11-03;12;2874
17;2025-11-03;13;3121
17;2025-11-03;14;3253
17;2025-11-03;15;3186
17;2025-11-03;16;3098
17;2025-11-03;17;2941
17;2025-11-03;18;2535
17;2025-11-03;19;2029
17;2025-11-03;20;1496
17;2025-11-03;21;1105
17;2025-11-03;22;677
17;2025-11-03;23;311
17;2025-11-04;0;183
17;2025-11-04;1;23
17;2025-11-04;2;0
17;2025-11-04;3;0
17;2025-11-04;4;3
17;2025-11-04;5;105
17;2025-11-04;6;431
17;2025-11-04;7;837
17;2025-11-04;8;1219
17;2025-11-04;9;1670
17;2025-11-04;10;1971
17;2025-11-04;11;2533
17;2025-11-04;12;2874
17;2025-11-04;13;3121
17;2025-11-04;14;3253
17;2025-11-04;15;3186
17;2025-11-04;16;3098
17;2025-11-04;17;2941
17;2025-11-04;18;2535
17;2025-11-04;19;2029
17;2025-11-04;20;1496
17;2025-11-04;21;1105
17;2025-11-04;22;677
17;2025-11-04;23;311
17;2025-11-05;0;121
17;2025-11-05;1;11
17;2025-11-05;2;0
17;2025-11-05;3;0
17;2025-11-05;4;25
17;2025-11-05;5;319
17;2025-11-05;6;1553
17;2025-11-05;7;4290
17;2025-11-05;8;5475
17;2025-11-05;9;3932
17;2025-11-05;10;3125
17;2025-11-05;11;3090
17;2025-11-05;12;3102
17;2025-11-05;13;3153
17;2025-11-05;14;3282
17;2025-11-05;15;3334
17;2025-11-05;16;3712
17;2025-11-05;17;4611
17;2025-11-05;18;4867
17;2025-11-05;19;3381
17;2025-11-05;20;2379
17;2025-11-05;21;1474
17;2025-11-05;22;704
17;2025-11-05;23;383
17;2025-11-06;0;121
17;2025-11-06;1;11
17;2025-11-06;2;0
17;2025-11-06;3;0
17;2025-11-06;4;25
17;2025-11-06;5;319
17;2025-11-06;6;1553
17;2025-11-06;7;4290
17;2025-11-06;8;5475
17;2025-11-06;9;3932
17;2025-11-06;10;3125
17;2025-11-06;11;3090
17;2025-11-06;12;3102
17;2025-11-06;13;3153
17;2025-11-06;14;3282
17;2025-11-06;15;3334
17;2025-11-06;16;3712
17;2025-11-06;17;4611
17;2025-11-06;18;4867
17;2025-11-06;19;3381
17;2025-11-06;20;2379
17;2025-11-06;21;1474
17;2025-11-06;22;704
17;2025-11-06;23;383
17;2025-11-07;0;146
17;2025-11-07;1;18
17;2025-11-07;2;0
17;2025-11-07;3;0
17;2025-11-07;4;25
17;2025-11-07;5;318
17;2025-11-07;6;1562
17;2025-11-07;7;4235
17;2025-11-07;8;5366
17;2025-11-07;9;3877
17;2025-11-07;10;3070
17;2025-11-07;11;3124
17;2025-11-07;12;3087
17;2025-11-07;13;3178
17;2025-11-07;14;3249
17;2025-11-07;15;3530
17;2025-11-07;16;4268
17;2025-11-07;17;4854
17;2025-11-07;18;4405
17;2025-11-07;19;3258
17;2025-11-07;20;2401
17;2025-11-07;21;1615
17;2025-11-07;22;778
17;2025-11-07;23;484
17;2025-11-08;0;205
17;2025-11-08;1;28
17;2025-11-08;2;0
17;2025-11-08;3;0
17;2025-11-08;4;5
17;2025-11-08;5;138
17;2025-11-08;6;590
17;2025-11-08;7;1287
17;2025-11-08;8;1824
17;2025-11-08;9;2321
17;2025-11-08;10;2595
17;2025-11-08;11;3093
17;2025-11-08;12;3425
17;2025-11-08;13;3695
17;2025-11-08;14;3710
17;2025-11-08;15;3703
17;2025-11-08;16;3719
17;2025-11-08;17;3425
17;2025-11-08;18;3032
17;2025-11-08;19;2397
17;2025-11-08;20;1887
17;2025-11-08;21;1353
17;2025-11-08;22;815
17;2025-11-08;23;458
17;2025-11-09;0;190
17;2025-11-09;1;24
17;2025-11-09;2;0
17;2025-11-09;3;0
17;2025-11-09;4;3
17;2025-11-09;5;108
17;2025-11-09;6;445
17;2025-11-09;7;866
17;2025-11-09;8;1260
17;2025-11-09;9;1726
17;2025-11-09;10;2037
17;2025-11-09;11;2620
17;2025-11-09;12;2972
17;2025-11-09;13;3227
17;2025-11-09;14;3365
17;2025-11-09;15;3295
17;2025-11-09;16;3204
17;2025-11-09;17;3041
17;2025-11-09;18;2622
17;2025-11-09;19;2099
17;2025-11-09;20;1547
17;2025-11-09;21;1143
17;2025-11-09;22;700
17;2025-11-09;23;321
17;2025-11-10;0;122
17;2025-11-10;1;14
17;2025-11-10;2;0
17;2025-11-10;3;0
17;2025-11-10;4;27
17;2025-11-10;5;298
17;2025-11-10;6;1542
17;2025-11-10;7;4147
17;2025-11-10;8;5453
17;2025-11-10;9;3860
17;2025-11-10;10;2930
17;2025-11-10;11;2870
17;2025-11-10;12;2919
17;2025-11-10;13;3039
17;2025-11-10;14;3056
17;2025-11-10;15;3150
17;2025-11-10;16;3661
17;2025-11-10;17;4302
17;2025-11-10;18;4591
17;2025-11-10;19;2784
17;2025-11-10;20;2061
17;2025-11-10;21;1358
17;2025-11-10;22;637
17;2025-11-10;23;313
17;2025-11-11;0;121
17;2025-11-11;1;11
17;2025-11-11;2;0
17;2025-11-11;3;0
17;2025-11-11;4;25
17;2025-11-11;5;319
17;2025-11-11;6;1553
17;2025-11-11;7;4290
17;2025-11-11;8;5475
17;2025-11-11;9;3932
17;2025-11-11;10;3125
17;2025-11-11;11;3090
17;2025-11-11;12;3102
17;2025-11-11;13;3153
17;2025-11-11;14;3282
17;2025-11-11;15;3334
17;2025-11-11;16;3712
17;2025-11-11;17;4611
17;2025-11-11;18;4867
17;2025-11-11;19;3381
17;2025-11-11;20;2379
17;2025-11-11;21;1474
17;2025-11-11;22;704
17;2025-11-11;23;383
17;2025-11-12;0;121
17;2025-11-12;1;11
17;2025-11-12;2;0
17;2025-11-12;3;0
17;2025-11-12;4;25
17;2025-11-12;5;319
17;2025-11-12;6;1553
17;2025-11-12;7;4290
17;2025-11-12;8;5475
17;2025-11-12;9;3932
17;2025-11-12;10;3125
17;2025-11-12;11;3090
17;2025-11-12;12;3102
17;2025-11-12;13;3153
17;2025-11-12;14;3282
17;2025-11-12;15;3334
17;2025-11-12;16;3712
17;2025-11-12;17;4611
17;2025-11-12;18;4867
17;2025-11-12;19;3381
17;2025-11-12;20;2379
17;2025-11-12;21;1474
17;2025-11-12;22;704
17;2025-11-12;23;383
17;2025-11-13;0;121
17;2025-11-13;1;11
17;2025-11-13;2;0
17;2025-11-13;3;0
17;2025-11-13;4;25
17;2025-11-13;5;319
17;2025-11-13;6;1553
17;2025-11-13;7;4290
17;2025-11-13;8;5475
17;2025-11-13;9;3932
17;2025-11-13;10;3125
17;2025-11-13;11;3090
17;2025-11-13;12;3102
17;2025-11-13;13;3153
17;2025-11-13;14;3282
17;2025-11-13;15;3334
17;2025-11-13;16;3712
17;2025-11-13;17;4611
17;2025-11-13;18;4867
17;2025-11-13;19;3381
17;2025-11-13;20;2379
17;2025-11-13;21;1474
17;2025-11-13;22;704
17;2025-11-13;23;383
17;2025-11-14;0;146
17;2025-11-14;1;18
17;2025-11-14;2;0
17;2025-11-14;3;0
17;2025-11-14;4;25
17;2025-11-14;5;318
17;2025-11-14;6;1562
17;2025-11-14;7;4235
17;2025-11-14;8;5366
17;2025-11-14;9;3877
17;2025-11-14;10;3070
17;2025-11-14;11;3124
17;2025-11-14;12;3087
17;2025-11-14;13;3178
17;2025-11-14;14;3249
17;2025-11-14;15;3530
17;2025-11-14;16;4268
17;2025-11-14;17;4854
17;2025-11-14;18;4405
17;2025-11-14;19;3258
17;2025-11-14;20;2401
17;2025-11-14;21;1615
17;2025-11-14;22;778
17;2025-11-14;23;484
17;2025-11-15;0;195
17;2025-11-15;1;27
17;2025-11-15;2;0
17;2025-11-15;3;0
17;2025-11-15;4;5
17;2025-11-15;5;131
17;2025-11-15;6;560
17;2025-11-15;7;1220
17;2025-11-15;8;1730
17;2025-11-15;9;2201
17;2025-11-15;10;2460
17;2025-11-15;11;2932
17;2025-11-15;12;3248
17;2025-11-15;13;3504
17;2025-11-15;14;3518
17;2025-11-15;15;3511
17;2025-11-15;16;3527
17;2025-11-15;17;3248
17;2025-11-15;18;2875
17;2025-11-15;19;2272
17;2025-11-15;20;1790
17;2025-11-15;21;1284
17;2025-11-15;22;773
17;2025-11-15;23;433
17;2025-11-16;0;190
17;2025-11-16;1;24
17;2025-11-16;2;0
17;2025-11-16;3;0
17;2025-11-16;4;3
17;2025-11-16;5;108
17;2025-11-16;6;445
17;2025-11-16;7;866
17;2025-11-16;8;1260
17;2025-11-16;9;1726
17;2025-11-16;10;2037
17;2025-11-16;11;2620
17;2025-11-16;12;2972
17;2025-11-16;13;3227
17;2025-11-16;14;3365
17;2025-11-16;15;3295
17;2025-11-16;16;3204
17;2025-11-16;17;3041
17;2025-11-16;18;2622
17;2025-11-16;19;2099
17;2025-11-16;20;1547
17;2025-11-16;21;1143
17;2025-11-16;22;700
17;2025-11-16;23;321
17;2025-11-17;0;122
17;2025-11-17;1;14
17;2025-11-17;2;0
17;2025-11-17;3;0
17;2025-11-17;4;27
17;2025-11-17;5;298
17;2025-11-17;6;1542
17;2025-11-17;7;4147
17;2025-11-17;8;5453
17;2025-11-17;9;3860
17;2025-11-17;10;2930
17;2025-11-17;11;2870
17;2025-11-17;12;2919
17;2025-11-17;13;3039
17;2025-11-17;14;3056
17;2025-11-17;15;3150
17;2025-11-17;16;3661
17;2025-11-17;17;4302
17;2025-11-17;18;4591
17;2025-11-17;19;2784
17;2025-11-17;20;2061
17;2025-11-17;21;1358
17;2025-11-17;22;637
17;2025-11-17;23;313
17;2025-11-18;0;121
17;2025-11-18;1;11
17;2025-11-18;2;0
17;2025-11-18;3;0
17;2025-11-18;4;25
17;2025-11-18;5;319
17;2025-11-18;6;1553
17;2025-11-18;7;4290
17;2025-11-18;8;5475
17;2025-11-18;9;3932
17;2025-11-18;10;3125
17;2025-11-18;11;3090
17;2025-11-18;12;3102
17;2025-11-18;13;3153
17;2025-11-18;14;3282
17;2025-11-18;15;3334
17;2025-11-18;16;3712
17;2025-11-18;17;4611
17;2025-11-18;18;4867
17;2025-11-18;19;3381
17;2025-11-18;20;2379
17;2025-11-18;21;1474
17;2025-11-18;22;704
17;2025-11-18;23;383
17;2025-11-19;0;121
17;2025-11-19;1;11
17;2025-11-19;2;0
17;2025-11-19;3;0
17;2025-11-19;4;25
17;2025-11-19;5;319
17;2025-11-19;6;1553
17;2025-11-19;7;4290
17;2025-11-19;8;5475
17;2025-11-19;9;3932
17;2025-11-19;10;3125
17;2025-11-19;11;3090
17;2025-11-19;12;3102
17;2025-11-19;13;3153
17;2025-11-19;14;3282
17;2025-11-19;15;3334
17;2025-11-19;16;3712
17;2025-11-19;17;4611
17;2025-11-19;18;4867
17;2025-11-19;19;3381
17;2025-11-19;20;2379
17;2025-11-19;21;1474
17;2025-11-19;22;704
17;2025-11-19;23;383
17;2025-11-20;0;121
17;2025-11-20;1;11
17;2025-11-20;2;0
17;2025-11-20;3;0
17;2025-11-20;4;25
17;2025-11-20;5;319
17;2025-11-20;6;1553
17;2025-11-20;7;4290
17;2025-11-20;8;5475
17;2025-11-20;9;3932
17;2025-11-20;10;3125
17;2025-11-20;11;3090
17;2025-11-20;12;3102
17;2025-11-20;13;3153
17;2025-11-20;14;3282
17;2025-11-20;15;3334
17;2025-11-20;16;3712
17;2025-11-20;17;4611
17;2025-11-20;18;4867
17;2025-11-20;19;3381
17;2025-11-20;20;2379
17;2025-11-20;21;1474
17;2025-11-20;22;704
17;2025-11-20;23;383
17;2025-11-21;0;146
17;2025-11-21;1;18
17;2025-11-21;2;0
17;2025-11-21;3;0
17;2025-11-21;4;25
17;2025-11-21;5;318
17;2025-11-21;6;1562
17;2025-11-21;7;4235
17;2025-11-21;8;5366
17;2025-11-21;9;3877
17;2025-11-21;10;3070
17;2025-11-21;11;3124
17;2025-11-21;12;3087
17;2025-11-21;13;3178
17;2025-11-21;14;3249
17;2025-11-21;15;3530
17;2025-11-21;16;4268
17;2025-11-21;17;4854
17;2025-11-21;18;4405
17;2025-11-21;19;3258
17;2025-11-21;20;2401
17;2025-11-21;21;1615
17;2025-11-21;22;778
17;2025-11-21;23;484
17;2025-11-22;0;205
17;2025-11-22;1;28
17;2025-11-22;2;0
17;2025-11-22;3;0
17;2025-11-22;4;5
17;2025-11-22;5;138
17;2025-11-22;6;590
17;2025-11-22;7;1287
17;2025-11-22;8;1824
17;2025-11-22;9;2321
17;2025-11-22;10;2595
17;2025-11-22;11;3093
17;2025-11-22;12;3425
17;2025-11-22;13;3695
17;2025-11-22;14;3710
17;2025-11-22;15;3703
17;2025-11-22;16;3719
17;2025-11-22;17;3425
17;2025-11-22;18;3032
17;2025-11-22;19;2397
17;2025-11-22;20;1887
17;2025-11-22;21;1353
17;2025-11-22;22;815
17;2025-11-22;23;458
17;2025-11-23;0;190
17;2025-11-23;1;24
17;2025-11-23;2;0
17;2025-11-23;3;0
17;2025-11-23;4;3
17;2025-11-23;5;108
17;2025-11-23;6;445
17;2025-11-23;7;866
17;2025-11-23;8;1260
17;2025-11-23;9;1726
17;2025-11-23;10;2037
17;2025-11-23;11;2620
17;2025-11-23;12;2972
17;2025-11-23;13;3227
17;2025-11-23;14;3365
17;2025-11-23;15;3295
17;2025-11-23;16;3204
17;2025-11-23;17;3041
17;2025-11-23;18;2622
17;2025-11-23;19;2099
17;2025-11-23;20;1547
17;2025-11-23;21;1143
17;2025-11-23;22;700
17;2025-11-23;23;321
17;2025-11-24;0;122
17;2025-11-24;1;14
17;2025-11-24;2;0
17;2025-11-24;3;0
17;2025-11-24;4;27
17;2025-11-24;5;298
17;2025-11-24;6;1542
17;2025-11-24;7;4147
17;2025-11-24;8;5453
17;2025-11-24;9;3860
17;2025-11-24;10;2930
17;2025-11-24;11;2870
17;2025-11-24;12;2919
17;2025-11-24;13;3039
17;2025-11-24;14;3056
17;2025-11-24;15;3150
17;2025-11-24;16;3661
17;2025-11-24;17;4302
17;2025-11-24;18;4591
17;2025-11-24;19;2784
17;2025-11-24;20;2061
17;2025-11-24;21;1358
17;2025-11-24;22;637
17;2025-11-24;23;313
17;2025-11-25;0;121
17;2025-11-25;1;11
17;2025-11-25;2;0
17;2025-11-25;3;0
17;2025-11-25;4;25
17;2025-11-25;5;319
17;2025-11-25;6;1553
17;2025-11-25;7;4290
17;2025-11-25;8;5475
17;2025-11-25;9;3932
17;2025-11-25;10;3125
17;2025-11-25;11;3090
17;2025-11-25;12;3102
17;2025-11-25;13;3153
17;2025-11-25;14;3282
17;2025-11-25;15;3334
17;2025-11-25;16;3712
17;2025-11-25;17;4611
17;2025-11-25;18;4867
17;2025-11-25;19;3381
17;2025-11-25;20;2379
17;2025-11-25;21;1474
17;2025-11-25;22;704
17;2025-11-25;23;383
17;2025-11-26;0;121
17;2025-11-26;1;11
17;2025-11-26;2;0
17;2025-11-26;3;0
17;2025-11-26;4;25
17;2025-11-26;5;319
17;2025-11-26;6;1553
17;2025-11-26;7;4290
17;2025-11-26;8;5475
17;2025-11-26;9;3932
17;2025-11-26;10;3125
17;2025-11-26;11;3090
17;2025-11-26;12;3102
17;2025-11-26;13;3153
17;2025-11-26;14;3282
17;2025-11-26;15;3334
17;2025-11-26;16;3712
17;2025-11-26;17;4611
17;2025-11-26;18;4867
17;2025-11-26;19;3381
17;2025-11-26;20;2379
17;2025-11-26;21;1474
17;2025-11-26;22;704
17;2025-11-26;23;383
17;2025-11-27;0;121
17;2025-11-27;1;11
17;2025-11-27;2;0
17;2025-11-27;3;0
17;2025-11-27;4;25
17;2025-11-27;5;319
17;2025-11-27;6;1553
17;2025-11-27;7;4290
17;2025-11-27;8;5475
17;2025-11-27;9;3932
17;2025-11-27;10;3125
17;2025-11-27;11;3090
17;2025-11-27;12;3102
17;2025-11-27;13;3153
17;2025-11-27;14;3282
17;2025-11-27;15;3334
17;2025-11-27;16;3712
17;2025-11-27;17;4611
17;2025-11-27;18;4867
17;2025-11-27;19;3381
17;2025-11-27;20;2379
17;2025-11-27;21;1474
17;2025-11-27;22;704
17;2025-11-27;23;383
17;2025-11-28;0;146
17;2025-11-28;1;18
17;2025-11-28;2;0
17;2025-11-28;3;0
17;2025-11-28;4;25
17;2025-11-28;5;318
17;2025-11-28;6;1562
17;2025-11-28;7;4235
17;2025-11-28;8;5366
17;2025-11-28;9;3877
17;2025-11-28;10;3070
17;2025-11-28;11;3124
17;2025-11-28;12;3087
17;2025-11-28;13;3178
17;2025-11-28;14;3249
17;2025-11-28;15;3530
17;2025-11-28;16;4268
17;2025-11-28;17;4854
17;2025-11-28;18;4405
17;2025-11-28;19;3258
17;2025-11-28;20;2401
17;2025-11-28;21;1615
17;2025-11-28;22;778
17;2025-11-28;23;484
17;2025-11-29;0;205
17;2025-11-29;1;28
17;2025-11-29;2;0
17;2025-11-29;3;0
17;2025-11-29;4;5
17;2025-11-29;5;138
17;2025-11-29;6;590
17;2025-11-29;7;1287
17;2025-11-29;8;1824
17;2025-11-29;9;2321
17;2025-11-29;10;2595
17;2025-11-29;11;3093
17;2025-11-29;12;3425
17;2025-11-29;13;3695
17;2025-11-29;14;3710
17;2025-11-29;15;3703
17;2025-11-29;16;3719
17;2025-11-29;17;3425
17;2025-11-29;18;3032
17;2025-11-29;19;2397
17;2025-11-29;20;1887
17;2025-11-29;21;1353
17;2025-11-29;22;815
17;2025-11-29;23;458
17;2025-11-30;0;190
17;2025-11-30;1;24
17;2025-11-30;2;0
17;2025-11-30;3;0
17;2025-11-30;4;3
17;2025-11-30;5;108
17;2025-11-30;6;445
17;2025-11-30;7;866
17;2025-11-30;8;1260
17;2025-11-30;9;1726
17;2025-11-30;10;2037
17;2025-11-30;11;2620
17;2025-11-30;12;2972
17;2025-11-30;13;3227
17;2025-11-30;14;3365
17;2025-11-30;15;3295
17;2025-11-30;16;3204
17;2025-11-30;17;3041
17;2025-11-30;18;2622
17;2025-11-30;19;2099
17;2025-11-30;20;1547
17;2025-11-30;21;1143
17;2025-11-30;22;700
17;2025-11-30;23;321
17;2025-12-01;0;122
17;2025-12-01;1;14
17;2025-12-01;2;0
17;2025-12-01;3;0
17;2025-12-01;4;27
17;2025-12-01;5;298
17;2025-12-01;6;1542
17;2025-12-01;7;4147
17;2025-12-01;8;5453
17;2025-12-01;9;3860
17;2025-12-01;10;2930
17;2025-12-01;11;2870
17;2025-12-01;12;2919
17;2025-12-01;13;3039
17;2025-12-01;14;3056
17;2025-12-01;15;3150
17;2025-12-01;16;3661
17;2025-12-01;17;4302
17;2025-12-01;18;4591
17;2025-12-01;19;2784
17;2025-12-01;20;2061
17;2025-12-01;21;1358
17;2025-12-01;22;637
17;2025-12-01;23;313
17;2025-12-02;0;121
17;2025-12-02;1;11
17;2025-12-02;2;0
17;2025-12-02;3;0
17;2025-12-02;4;25
17;2025-12-02;5;319
17;2025-12-02;6;1553
17;2025-12-02;7;4290
17;2025-12-02;8;5475
17;2025-12-02;9;3932
17;2025-12-02;10;3125
17;2025-12-02;11;3090
17;2025-12-02;12;3102
17;2025-12-02;13;3153
17;2025-12-02;14;3282
17;2025-12-02;15;3334
17;2025-12-02;16;3712
17;2025-12-02;17;4611
17;2025-12-02;18;4867
17;2025-12-02;19;3381
17;2025-12-02;20;2379
17;2025-12-02;21;1474
17;2025-12-02;22;704
17;2025-12-02;23;383
17;2025-12-03;0;121
17;2025-12-03;1;11
17;2025-12-03;2;0
17;2025-12-03;3;0
17;2025-12-03;4;25
17;2025-12-03;5;319
17;2025-12-03;6;1553
17;2025-12-03;7;4290
17;2025-12-03;8;5475
17;2025-12-03;9;3932
17;2025-12-03;10;3125
17;2025-12-03;11;3090
17;2025-12-03;12;3102
17;2025-12-03;13;3153
17;2025-12-03;14;3282
17;2025-12-03;15;3334
17;2025-12-03;16;3712
17;2025-12-03;17;4611
17;2025-12-03;18;4867
17;2025-12-03;19;3381
17;2025-12-03;20;2379
17;2025-12-03;21;1474
17;2025-12-03;22;704
17;2025-12-03;23;383
17;2025-12-04;0;121
17;2025-12-04;1;11
17;2025-12-04;2;0
17;2025-12-04;3;0
17;2025-12-04;4;25
17;2025-12-04;5;319
17;2025-12-04;6;1553
17;2025-12-04;7;4290
17;2025-12-04;8;5475
17;2025-12-04;9;3932
17;2025-12-04;10;3125
17;2025-12-04;11;3090
17;2025-12-04;12;3102
17;2025-12-04;13;3153
17;2025-12-04;14;3282
17;2025-12-04;15;3334
17;2025-12-04;16;3712
17;2025-12-04;17;4611
17;2025-12-04;18;4867
17;2025-12-04;19;3381
17;2025-12-04;20;2379
17;2025-12-04;21;1474
17;2025-12-04;22;704
17;2025-12-04;23;383
17;2025-12-05;0;146
17;2025-12-05;1;18
17;2025-12-05;2;0
17;2025-12-05;3;0
17;2025-12-05;4;25
17;2025-12-05;5;318
17;2025-12-05;6;1562
17;2025-12-05;7;4235
17;2025-12-05;8;5366
17;2025-12-05;9;3877
17;2025-12-05;10;3070
17;2025-12-05;11;3124
17;2025-12-05;12;3087
17;2025-12-05;13;3178
17;2025-12-05;14;3249
17;2025-12-05;15;3530
17;2025-12-05;16;4268
17;2025-12-05;17;4854
17;2025-12-05;18;4405
17;2025-12-05;19;3258
17;2025-12-05;20;2401
17;2025-12-05;21;1615
17;2025-12-05;22;778
17;2025-12-05;23;484
17;2025-12-06;0;205
17;2025-12-06;1;28
17;2025-12-06;2;0
17;2025-12-06;3;0
17;2025-12-06;4;5
17;2025-12-06;5;138
17;2025-12-06;6;590
17;2025-12-06;7;1287
17;2025-12-06;8;1824
17;2025-12-06;9;2321
17;2025-12-06;10;2595
17;2025-12-06;11;3093
17;2025-12-06;12;3425
17;2025-12-06;13;3695
17;2025-12-06;14;3710
17;2025-12-06;15;3703
17;2025-12-06;16;3719
17;2025-12-06;17;3425
17;2025-12-06;18;3032
17;2025-12-06;19;2397
17;2025-12-06;20;1887
17;2025-12-06;21;1353
17;2025-12-06;22;815
17;2025-12-06;23;458
17;2025-12-07;0;190
17;2025-12-07;1;24
17;2025-12-07;2;0
17;2025-12-07;3;0
17;2025-12-07;4;3
17;2025-12-07;5;108
17;2025-12-07;6;445
17;2025-12-07;7;866
17;2025-12-07;8;1260
17;2025-12-07;9;1726
17;2025-12-07;10;2037
17;2025-12-07;11;2620
17;2025-12-07;12;2972
17;2025-12-07;13;3227
17;2025-12-07;14;3365
17;2025-12-07;15;3295
17;2025-12-07;16;3204
17;2025-12-07;17;3041
17;2025-12-07;18;2622
17;2025-12-07;19;2099
17;2025-12-07;20;1547
17;2025-12-07;21;1143
17;2025-12-07;22;700
17;2025-12-07;23;321
17;2025-12-08;0;122
17;2025-12-08;1;14
17;2025-12-08;2;0
17;2025-12-08;3;0
17;2025-12-08;4;27
17;2025-12-08;5;298
17;2025-12-08;6;1542
17;2025-12-08;7;4147
17;2025-12-08;8;5453
17;2025-12-08;9;3860
17;2025-12-08;10;2930
17;2025-12-08;11;2870
17;2025-12-08;12;2919
17;2025-12-08;13;3039
17;2025-12-08;14;3056
17;2025-12-08;15;3150
17;2025-12-08;16;3661
17;2025-12-08;17;4302
17;2025-12-08;18;4591
17;2025-12-08;19;2784
17;2025-12-08;20;2061
17;2025-12-08;21;1358
17;2025-12-08;22;637
17;2025-12-08;23;313
17;2025-12-09;0;121
17;2025-12-09;1;11
17;2025-12-09;2;0
17;2025-12-09;3;0
17;2025-12-09;4;25
17;2025-12-09;5;319
17;2025-12-09;6;1553
17;2025-12-09;7;4290
17;2025-12-09;8;5475
17;2025-12-09;9;3932
17;2025-12-09;10;3125
17;2025-12-09;11;3090
17;2025-12-09;12;3102
17;2025-12-09;13;3153
17;2025-12-09;14;3282
17;2025-12-09;15;3334
17;2025-12-09;16;3712
17;2025-12-09;17;4611
17;2025-12-09;18;4867
17;2025-12-09;19;3381
17;2025-12-09;20;2379
17;2025-12-09;21;1474
17;2025-12-09;22;704
17;2025-12-09;23;383
17;2025-12-10;0;121
17;2025-12-10;1;11
17;2025-12-10;2;0
17;2025-12-10;3;0
17;2025-12-10;4;25
17;2025-12-10;5;319
17;2025-12-10;6;1553
17;2025-12-10;7;4290
17;2025-12-10;8;5475
17;2025-12-10;9;3932
17;2025-12-10;10;3125
17;2025-12-10;11;3090
17;2025-12-10;12;3102
17;2025-12-10;13;3153
17;2025-12-10;14;3282
17;2025-12-10;15;3334
17;2025-12-10;16;3712
17;2025-12-10;17;4611
17;2025-12-10;18;4867
17;2025-12-10;19;3381
17;2025-12-10;20;2379
17;2025-12-10;21;1474
17;2025-12-10;22;704
17;2025-12-10;23;383
17;2025-12-11;0;121
17;2025-12-11;1;11
17;2025-12-11;2;0
17;2025-12-11;3;0
17;2025-12-11;4;25
17;2025-12-11;5;319
17;2025-12-11;6;1553
17;2025-12-11;7;4290
17;2025-12-11;8;5475
17;2025-12-11;9;3932
17;2025-12-11;10;3125
17;2025-12-11;11;3090
17;2025-12-11;12;3102
17;2025-12-11;13;3153
17;2025-12-11;14;3282
17;2025-12-11;15;3334
17;2025-12-11;16;3712
17;2025-12-11;17;4611
17;2025-12-11;18;4867
17;2025-12-11;19;3381
17;2025-12-11;20;2379
17;2025-12-11;21;1474
17;2025-12-11;22;704
17;2025-12-11;23;383
17;2025-12-12;0;146
17;2025-12-12;1;18
17;2025-12-12;2;0
17;2025-12-12;3;0
17;2025-12-12;4;25
17;2025-12-12;5;318
17;2025-12-12;6;1562
17;2025-12-12;7;4235
17;2025-12-12;8;5366
17;2025-12-12;9;3877
17;2025-12-12;10;3070
17;2025-12-12;11;3124
17;2025-12-12;12;3087
17;2025-12-12;13;3178
17;2025-12-12;14;3249
17;2025-12-12;15;3530
17;2025-12-12;16;4268
17;2025-12-12;17;4854
17;2025-12-12;18;4405
17;2025-12-12;19;3258
17;2025-12-12;20;2401
17;2025-12-12;21;1615
17;2025-12-12;22;778
17;2025-12-12;23;484
17;2025-12-13;0;205
17;2025-12-13;1;28
17;2025-12-13;2;0
17;2025-12-13;3;0
17;2025-12-13;4;5
17;2025-12-13;5;138
17;2025-12-13;6;590
17;2025-12-13;7;1287
17;2025-12-13;8;1824
17;2025-12-13;9;2321
17;2025-12-13;10;2595
17;2025-12-13;11;3093
17;2025-12-13;12;3425
17;2025-12-13;13;3695
17;2025-12-13;14;3710
17;2025-12-13;15;3703
17;2025-12-13;16;3719
17;2025-12-13;17;3425
17;2025-12-13;18;3032
17;2025-12-13;19;2397
17;2025-12-13;20;1887
17;2025-12-13;21;1353
17;2025-12-13;22;815
17;2025-12-13;23;458
17;2025-12-14;0;190
17;2025-12-14;1;24
17;2025-12-14;2;0
17;2025-12-14;3;0
17;2025-12-14;4;3
17;2025-12-14;5;108
17;2025-12-14;6;445
17;2025-12-14;7;866
17;2025-12-14;8;1260
17;2025-12-14;9;1726
17;2025-12-14;10;2037
17;2025-12-14;11;2620
17;2025-12-14;12;2972
17;2025-12-14;13;3227
17;2025-12-14;14;3365
17;2025-12-14;15;3295
17;2025-12-14;16;3204
17;2025-12-14;17;3041
17;2025-12-14;18;2622
17;2025-12-14;19;2099
17;2025-12-14;20;1547
17;2025-12-14;21;1143
17;2025-12-14;22;700
17;2025-12-14;23;321
17;2025-12-15;0;122
17;2025-12-15;1;14
17;2025-12-15;2;0
17;2025-12-15;3;0
17;2025-12-15;4;27
17;2025-12-15;5;298
17;2025-12-15;6;1542
17;2025-12-15;7;4147
17;2025-12-15;8;5453
17;2025-12-15;9;3860
17;2025-12-15;10;2930
17;2025-12-15;11;2870
17;2025-12-15;12;2919
17;2025-12-15;13;3039
17;2025-12-15;14;3056
17;2025-12-15;15;3150
17;2025-12-15;16;3661
17;2025-12-15;17;4302
17;2025-12-15;18;4591
17;2025-12-15;19;2784
17;2025-12-15;20;2061
17;2025-12-15;21;1358
17;2025-12-15;22;637
17;2025-12-15;23;313
17;2025-12-16;0;121
17;2025-12-16;1;11
17;2025-12-16;2;0
17;2025-12-16;3;0
17;2025-12-16;4;25
17;2025-12-16;5;319
17;2025-12-16;6;1553
17;2025-12-16;7;4290
17;2025-12-16;8;5475
17;2025-12-16;9;3932
17;2025-12-16;10;3125
17;2025-12-16;11;3090
17;2025-12-16;12;3102
17;2025-12-16;13;3153
17;2025-12-16;14;3282
17;2025-12-16;15;3334
17;2025-12-16;16;3712
17;2025-12-16;17;4611
17;2025-12-16;18;4867
17;2025-12-16;19;3381
17;2025-12-16;20;2379
17;2025-12-16;21;1474
17;2025-12-16;22;704
17;2025-12-16;23;383
17;2025-12-17;0;121
17;2025-12-17;1;11
17;2025-12-17;2;0
17;2025-12-17;3;0
17;2025-12-17;4;25
17;2025-12-17;5;319
17;2025-12-17;6;1553
17;2025-12-17;7;4290
17;2025-12-17;8;5475
17;2025-12-17;9;3932
17;2025-12-17;10;3125
17;2025-12-17;11;3090
17;2025-12-17;12;3102
17;2025-12-17;13;3153
17;2025-12-17;14;3282
17;2025-12-17;15;3334
17;2025-12-17;16;3712
17;2025-12-17;17;4611
17;2025-12-17;18;4867
17;2025-12-17;19;3381
17;2025-12-17;20;2379
17;2025-12-17;21;1474
17;2025-12-17;22;704
17;2025-12-17;23;383
17;2025-12-18;0;121
17;2025-12-18;1;11
17;2025-12-18;2;0
17;2025-12-18;3;0
17;2025-12-18;4;25
17;2025-12-18;5;319
17;2025-12-18;6;1553
17;2025-12-18;7;4290
17;2025-12-18;8;5475
17;2025-12-18;9;3932
17;2025-12-18;10;3125
17;2025-12-18;11;3090
17;2025-12-18;12;3102
17;2025-12-18;13;3153
17;2025-12-18;14;3282
17;2025-12-18;15;3334
17;2025-12-18;16;3712
17;2025-12-18;17;4611
17;2025-12-18;18;4867
17;2025-12-18;19;3381
17;2025-12-18;20;2379
17;2025-12-18;21;1474
17;2025-12-18;22;704
17;2025-12-18;23;383
17;2025-12-19;0;146
17;2025-12-19;1;18
17;2025-12-19;2;0
17;2025-12-19;3;0
17;2025-12-19;4;25
17;2025-12-19;5;318
17;2025-12-19;6;1562
17;2025-12-19;7;4235
17;2025-12-19;8;5366
17;2025-12-19;9;3877
17;2025-12-19;10;3070
17;2025-12-19;11;3124
17;2025-12-19;12;3087
17;2025-12-19;13;3178
17;2025-12-19;14;3249
17;2025-12-19;15;3530
17;2025-12-19;16;4268
17;2025-12-19;17;4854
17;2025-12-19;18;4405
17;2025-12-19;19;3258
17;2025-12-19;20;2401
17;2025-12-19;21;1615
17;2025-12-19;22;778
17;2025-12-19;23;484
17;2025-12-20;0;205
17;2025-12-20;1;28
17;2025-12-20;2;0
17;2025-12-20;3;0
17;2025-12-20;4;5
17;2025-12-20;5;138
17;2025-12-20;6;590
17;2025-12-20;7;1287
17;2025-12-20;8;1824
17;2025-12-20;9;2321
17;2025-12-20;10;2595
17;2025-12-20;11;3093
17;2025-12-20;12;3425
17;2025-12-20;13;3695
17;2025-12-20;14;3710
17;2025-12-20;15;3703
17;2025-12-20;16;3719
17;2025-12-20;17;3425
17;2025-12-20;18;3032
17;2025-12-20;19;2397
17;2025-12-20;20;1887
17;2025-12-20;21;1353
17;2025-12-20;22;815
17;2025-12-20;23;458
17;2025-12-21;0;190
17;2025-12-21;1;24
17;2025-12-21;2;0
17;2025-12-21;3;0
17;2025-12-21;4;3
17;2025-12-21;5;108
17;2025-12-21;6;445
17;2025-12-21;7;866
17;2025-12-21;8;1260
17;2025-12-21;9;1726
17;2025-12-21;10;2037
17;2025-12-21;11;2620
17;2025-12-21;12;2972
17;2025-12-21;13;3227
17;2025-12-21;14;3365
17;2025-12-21;15;3295
17;2025-12-21;16;3204
17;2025-12-21;17;3041
17;2025-12-21;18;2622
17;2025-12-21;19;2099
17;2025-12-21;20;1547
17;2025-12-21;21;1143
17;2025-12-21;22;700
17;2025-12-21;23;321
17;2025-12-22;0;122
17;2025-12-22;1;14
17;2025-12-22;2;0
17;2025-12-22;3;0
17;2025-12-22;4;27
17;2025-12-22;5;298
17;2025-12-22;6;1542
17;2025-12-22;7;4147
17;2025-12-22;8;5453
17;2025-12-22;9;3860
17;2025-12-22;10;2930
17;2025-12-22;11;2870
17;2025-12-22;12;2919
17;2025-12-22;13;3039
17;2025-12-22;14;3056
17;2025-12-22;15;3150
17;2025-12-22;16;3661
17;2025-12-22;17;4302
17;2025-12-22;18;4591
17;2025-12-22;19;2784
17;2025-12-22;20;2061
17;2025-12-22;21;1358
17;2025-12-22;22;637
17;2025-12-22;23;313
17;2025-12-23;0;121
17;2025-12-23;1;11
17;2025-12-23;2;0
17;2025-12-23;3;0
17;2025-12-23;4;25
17;2025-12-23;5;319
17;2025-12-23;6;1553
17;2025-12-23;7;4290
17;2025-12-23;8;5475
17;2025-12-23;9;3932
17;2025-12-23;10;3125
17;2025-12-23;11;3090
17;2025-12-23;12;3102
17;2025-12-23;13;3153
17;2025-12-23;14;3282
17;2025-12-23;15;3334
17;2025-12-23;16;3712
17;2025-12-23;17;4611
17;2025-12-23;18;4867
17;2025-12-23;19;3381
17;2025-12-23;20;2379
17;2025-12-23;21;1474
17;2025-12-23;22;704
17;2025-12-23;23;383
17;2025-12-24;0;121
17;2025-12-24;1;11
17;2025-12-24;2;0
17;2025-12-24;3;0
17;2025-12-24;4;25
17;2025-12-24;5;319
17;2025-12-24;6;1553
17;2025-12-24;7;4290
17;2025-12-24;8;5475
17;2025-12-24;9;3932
17;2025-12-24;10;3125
17;2025-12-24;11;3090
17;2025-12-24;12;3102
17;2025-12-24;13;3153
17;2025-12-24;14;3282
17;2025-12-24;15;3334
17;2025-12-24;16;3712
17;2025-12-24;17;4611
17;2025-12-24;18;4867
17;2025-12-24;19;3381
17;2025-12-24;20;2379
17;2025-12-24;21;1474
17;2025-12-24;22;704
17;2025-12-24;23;383
17;2025-12-25;0;121
17;2025-12-25;1;11
17;2025-12-25;2;0
17;2025-12-25;3;0
17;2025-12-25;4;25
17;2025-12-25;5;319
17;2025-12-25;6;1553
17;2025-12-25;7;4290
17;2025-12-25;8;5475
17;2025-12-25;9;3932
17;2025-12-25;10;3125
17;2025-12-25;11;3090
17;2025-12-25;12;3102
17;2025-12-25;13;3153
17;2025-12-25;14;3282
17;2025-12-25;15;3334
17;2025-12-25;16;3712
17;2025-12-25;17;4611
17;2025-12-25;18;4867
17;2025-12-25;19;3381
17;2025-12-25;20;2379
17;2025-12-25;21;1474
17;2025-12-25;22;704
17;2025-12-25;23;383
17;2025-12-26;0;146
17;2025-12-26;1;18
17;2025-12-26;2;0
17;2025-12-26;3;0
17;2025-12-26;4;25
17;2025-12-26;5;318
17;2025-12-26;6;1562
17;2025-12-26;7;4235
17;2025-12-26;8;5366
17;2025-12-26;9;3877
17;2025-12-26;10;3070
17;2025-12-26;11;3124
17;2025-12-26;12;3087
17;2025-12-26;13;3178
17;2025-12-26;14;3249
17;2025-12-26;15;3530
17;2025-12-26;16;4268
17;2025-12-26;17;4854
17;2025-12-26;18;4405
17;2025-12-26;19;3258
17;2025-12-26;20;2401
17;2025-12-26;21;1615
17;2025-12-26;22;778
17;2025-12-26;23;484
17;2025-12-27;0;205
17;2025-12-27;1;28
17;2025-12-27;2;0
17;2025-12-27;3;0
17;2025-12-27;4;5
17;2025-12-27;5;138
17;2025-12-27;6;590
17;2025-12-27;7;1287
17;2025-12-27;8;1824
17;2025-12-27;9;2321
17;2025-12-27;10;2595
17;2025-12-27;11;3093
17;2025-12-27;12;3425
17;2025-12-27;13;3695
17;2025-12-27;14;3710
17;2025-12-27;15;3703
17;2025-12-27;16;3719
17;2025-12-27;17;3425
17;2025-12-27;18;3032
17;2025-12-27;19;2397
17;2025-12-27;20;1887
17;2025-12-27;21;1353
17;2025-12-27;22;815
17;2025-12-27;23;458
17;2025-12-28;0;190
17;2025-12-28;1;24
17;2025-12-28;2;0
17;2025-12-28;3;0
17;2025-12-28;4;3
17;2025-12-28;5;108
17;2025-12-28;6;445
17;2025-12-28;7;866
17;2025-12-28;8;1260
17;2025-12-28;9;1726
17;2025-12-28;10;2037
17;2025-12-28;11;2620
17;2025-12-28;12;2972
17;2025-12-28;13;3227
17;2025-12-28;14;3365
17;2025-12-28;15;3295
17;2025-12-28;16;3204
17;2025-12-28;17;3041
17;2025-12-28;18;2622
17;2025-12-28;19;2099
17;2025-12-28;20;1547
17;2025-12-28;21;1143
17;2025-12-28;22;700
17;2025-12-28;23;321
17;2025-12-29;0;126
17;2025-12-29;1;15
17;2025-12-29;2;0
17;2025-12-29;3;0
17;2025-12-29;4;21
17;2025-12-29;5;274
17;2025-12-29;6;1343
17;2025-12-29;7;3642
17;2025-12-29;8;4615
17;2025-12-29;9;3334
17;2025-12-29;10;2640
17;2025-12-29;11;2687
17;2025-12-29;12;2654
17;2025-12-29;13;2734
17;2025-12-29;14;2794
17;2025-12-29;15;3036
17;2025-12-29;16;3671
17;2025-12-29;17;4174
17;2025-12-29;18;3788
17;2025-12-29;19;2803
17;2025-12-29;20;2064
17;2025-12-29;21;1389
17;2025-12-29;22;669
17;2025-12-29;23;416
17;2025-12-30;0;126
17;2025-12-30;1;15
17;2025-12-30;2;0
17;2025-12-30;3;0
17;2025-12-30;4;21
17;2025-12-30;5;274
17;2025-12-30;6;1343
17;2025-12-30;7;3642
17;2025-12-30;8;4615
17;2025-12-30;9;3334
17;2025-12-30;10;2640
17;2025-12-30;11;2687
17;2025-12-30;12;2654
17;2025-12-30;13;2734
17;2025-12-30;14;2794
17;2025-12-30;15;3036
17;2025-12-30;16;3671
17;2025-12-30;17;4174
17;2025-12-30;18;3788
17;2025-12-30;19;2803
17;2025-12-30;20;2064
17;2025-12-30;21;1389
17;2025-12-30;22;669
17;2025-12-30;23;416
17;2025-12-31;0;175
17;2025-12-31;1;24
17;2025-12-31;2;0
17;2025-12-31;3;0
17;2025-12-31;4;5
17;2025-12-31;5;117
17;2025-12-31;6;502
17;2025-12-31;7;1094
17;2025-12-31;8;1550
17;2025-12-31;9;1973
17;2025-12-31;10;2205
17;2025-12-31;11;2628
17;2025-12-31;12;2912
17;2025-12-31;13;3140
17;2025-12-31;14;3153
17;2025-12-31;15;3147
17;2025-12-31;16;3161
17;2025-12-31;17;2912
17;2025-12-31;18;2578
17;2025-12-31;19;1120
17;2025-12-31;20;882
17;2025-12-31;21;633
17;2025-12-31;22;381
17;2025-12-31;23;214
25;2025-11-01;0;0
25;2025-11-01;1;0
25;2025-11-01;2;0
25;2025-11-01;3;0
25;2025-11-01;4;0
25;2025-11-01;5;14
25;2025-11-01;6;244
25;2025-11-01;7;502
25;2025-11-01;8;772
25;2025-11-01;9;392
25;2025-11-01;10;359
25;2025-11-01;11;397
25;2025-11-01;12;379
25;2025-11-01;13;501
25;2025-11-01;14;415
25;2025-11-01;15;576
25;2025-11-01;16;734
25;2025-11-01;17;705
25;2025-11-01;18;621
25;2025-11-01;19;572
25;2025-11-01;20;305
25;2025-11-01;21;198
25;2025-11-01;22;97
25;2025-11-01;23;13
25;2025-11-02;0;16
25;2025-11-02;1;1
25;2025-11-02;2;0
25;2025-11-02;3;0
25;2025-11-02;4;0
25;2025-11-02;5;11
25;2025-11-02;6;115
25;2025-11-02;7;107
25;2025-11-02;8;203
25;2025-11-02;9;228
25;2025-11-02;10;232
25;2025-11-02;11;333
25;2025-11-02;12;399
25;2025-11-02;13;526
25;2025-11-02;14;621
25;2025-11-02;15;710
25;2025-11-02;16;604
25;2025-11-02;17;602
25;2025-11-02;18;462
25;2025-11-02;19;309
25;2025-11-02;20;245
25;2025-11-02;21;153
25;2025-11-02;22;97
25;2025-11-02;23;36
25;2025-11-03;0;16
25;2025-11-03;1;0
25;2025-11-03;2;0
25;2025-11-03;3;0
25;2025-11-03;4;0
25;2025-11-03;5;10
25;2025-11-03;6;111
25;2025-11-03;7;104
25;2025-11-03;8;196
25;2025-11-03;9;221
25;2025-11-03;10;225
25;2025-11-03;11;322
25;2025-11-03;12;386
25;2025-11-03;13;509
25;2025-11-03;14;600
25;2025-11-03;15;687
25;2025-11-03;16;585
25;2025-11-03;17;582
25;2025-11-03;18;445
25;2025-11-03;19;299
25;2025-11-03;20;237
25;2025-11-03;21;147
25;2025-11-03;22;94
25;2025-11-03;23;35
25;2025-11-04;0;16
25;2025-11-04;1;0
25;2025-11-04;2;0
25;2025-11-04;3;0
25;2025-11-04;4;0
25;2025-11-04;5;10
25;2025-11-04;6;111
25;2025-11-04;7;104
25;2025-11-04;8;196
25;2025-11-04;9;221
25;2025-11-04;10;225
25;2025-11-04;11;322
25;2025-11-04;12;386
25;2025-11-04;13;509
25;2025-11-04;14;600
25;2025-11-04;15;687
25;2025-11-04;16;585
25;2025-11-04;17;582
25;2025-11-04;18;445
25;2025-11-04;19;299
25;2025-11-04;20;237
25;2025-11-04;21;147
25;2025-11-04;22;94
25;2025-11-04;23;35
25;2025-11-05;0;1
25;2025-11-05;1;0
25;2025-11-05;2;0
25;2025-11-05;3;0
25;2025-11-05;4;0
25;2025-11-05;5;21
25;2025-11-05;6;281
25;2025-11-05;7;551
25;2025-11-05;8;931
25;2025-11-05;9;477
25;2025-11-05;10;396
25;2025-11-05;11;463
25;2025-11-05;12;452
25;2025-11-05;13;547
25;2025-11-05;14;494
25;2025-11-05;15;629
25;2025-11-05;16;714
25;2025-11-05;17;812
25;2025-11-05;18;809
25;2025-11-05;19;638
25;2025-11-05;20;340
25;2025-11-05;21;233
25;2025-11-05;22;94
25;2025-11-05;23;6
25;2025-11-06;0;1
25;2025-11-06;1;0
25;2025-11-06;2;0
25;2025-11-06;3;0
25;2025-11-06;4;0
25;2025-11-06;5;21
25;2025-11-06;6;281
25;2025-11-06;7;551
25;2025-11-06;8;931
25;2025-11-06;9;477
25;2025-11-06;10;396
25;2025-11-06;11;463
25;2025-11-06;12;452
25;2025-11-06;13;547
25;2025-11-06;14;494
25;2025-11-06;15;629
25;2025-11-06;16;714
25;2025-11-06;17;812
25;2025-11-06;18;809
25;2025-11-06;19;638
25;2025-11-06;20;340
25;2025-11-06;21;233
25;2025-11-06;22;94
25;2025-11-06;23;6
25;2025-11-07;0;0
25;2025-11-07;1;0
25;2025-11-07;2;0
25;2025-11-07;3;0
25;2025-11-07;4;0
25;2025-11-07;5;17
25;2025-11-07;6;288
25;2025-11-07;7;591
25;2025-11-07;8;908
25;2025-11-07;9;462
25;2025-11-07;10;422
25;2025-11-07;11;467
25;2025-11-07;12;445
25;2025-11-07;13;589
25;2025-11-07;14;489
25;2025-11-07;15;678
25;2025-11-07;16;864
25;2025-11-07;17;830
25;2025-11-07;18;731
25;2025-11-07;19;673
25;2025-11-07;20;360
25;2025-11-07;21;233
25;2025-11-07;22;114
25;2025-11-07;23;15
25;2025-11-08;0;6
25;2025-11-08;1;0
25;2025-11-08;2;0
25;2025-11-08;3;0
25;2025-11-08;4;0
25;2025-11-08;5;22
25;2025-11-08;6;143
25;2025-11-08;7;140
25;2025-11-08;8;325
25;2025-11-08;9;293
25;2025-11-08;10;302
25;2025-11-08;11;401
25;2025-11-08;12;422
25;2025-11-08;13;698
25;2025-11-08;14;705
25;2025-11-08;15;827
25;2025-11-08;16;776
25;2025-11-08;17;620
25;2025-11-08;18;544
25;2025-11-08;19;471
25;2025-11-08;20;267
25;2025-11-08;21;204
25;2025-11-08;22;118
25;2025-11-08;23;44
25;2025-11-09;0;16
25;2025-11-09;1;1
25;2025-11-09;2;0
25;2025-11-09;3;0
25;2025-11-09;4;0
25;2025-11-09;5;11
25;2025-11-09;6;115
25;2025-11-09;7;107
25;2025-11-09;8;203
25;2025-11-09;9;228
25;2025-11-09;10;232
25;2025-11-09;11;333
25;2025-11-09;12;399
25;2025-11-09;13;526
25;2025-11-09;14;621
25;2025-11-09;15;710
25;2025-11-09;16;604
25;2025-11-09;17;602
25;2025-11-09;18;462
25;2025-11-09;19;309
25;2025-11-09;20;245
25;2025-11-09;21;153
25;2025-11-09;22;97
25;2025-11-09;23;36
25;2025-11-10;0;8
25;2025-11-10;1;0
25;2025-11-10;2;0
25;2025-11-10;3;0
25;2025-11-10;4;0
25;2025-11-10;5;22
25;2025-11-10;6;266
25;2025-11-10;7;561
25;2025-11-10;8;1008
25;2025-11-10;9;563
25;2025-11-10;10;355
25;2025-11-10;11;440
25;2025-11-10;12;433
25;2025-11-10;13;591
25;2025-11-10;14;493
25;2025-11-10;15;502
25;2025-11-10;16;722
25;2025-11-10;17;789
25;2025-11-10;18;769
25;2025-11-10;19;587
25;2025-11-10;20;305
25;2025-11-10;21;197
25;2025-11-10;22;83
25;2025-11-10;23;11
25;2025-11-11;0;1
25;2025-11-11;1;0
25;2025-11-11;2;0
25;2025-11-11;3;0
25;2025-11-11;4;0
25;2025-11-11;5;21
25;2025-11-11;6;281
25;2025-11-11;7;551
25;2025-11-11;8;931
25;2025-11-11;9;477
25;2025-11-11;10;396
25;2025-11-11;11;463
25;2025-11-11;12;452
25;2025-11-11;13;547
25;2025-11-11;14;494
25;2025-11-11;15;629
25;2025-11-11;16;714
25;2025-11-11;17;812
25;2025-11-11;18;809
25;2025-11-11;19;638
25;2025-11-11;20;340
25;2025-11-11;21;233
25;2025-11-11;22;94
25;2025-11-11;23;6
25;2025-11-12;0;1
25;2025-11-12;1;0
25;2025-11-12;2;0
25;2025-11-12;3;0
25;2025-11-12;4;0
25;2025-11-12;5;21
25;2025-11-12;6;281
25;2025-11-12;7;551
25;2025-11-12;8;931
25;2025-11-12;9;477
25;2025-11-12;10;396
25;2025-11-12;11;463
25;2025-11-12;12;452
25;2025-11-12;13;547
25;2025-11-12;14;494
25;2025-11-12;15;629
25;2025-11-12;16;714
25;2025-11-12;17;812
25;2025-11-12;18;809
25;2025-11-12;19;638
25;2025-11-12;20;340
25;2025-11-12;21;233
25;2025-11-12;22;94
25;2025-11-12;23;6
25;2025-11-13;0;1
25;2025-11-13;1;0
25;2025-11-13;2;0
25;2025-11-13;3;0
25;2025-11-13;4;0
25;2025-11-13;5;21
25;2025-11-13;6;281
25;2025-11-13;7;551
25;2025-11-13;8;931
25;2025-11-13;9;477
25;2025-11-13;10;396
25;2025-11-13;11;463
25;2025-11-13;12;452
25;2025-11-13;13;547
25;2025-11-13;14;494
25;2025-11-13;15;629
25;2025-11-13;16;714
25;2025-11-13;17;812
25;2025-11-13;18;809
25;2025-11-13;19;638
25;2025-11-13;20;340
25;2025-11-13;21;233
25;2025-11-13;22;94
25;2025-11-13;23;6
25;2025-11-14;0;0
25;2025-11-14;1;0
25;2025-11-14;2;0
25;2025-11-14;3;0
25;2025-11-14;4;0
25;2025-11-14;5;17
25;2025-11-14;6;288
25;2025-11-14;7;591
25;2025-11-14;8;908
25;2025-11-14;9;462
25;2025-11-14;10;422
25;2025-11-14;11;467
25;2025-11-14;12;445
25;2025-11-14;13;589
25;2025-11-14;14;489
25;2025-11-14;15;678
25;2025-11-14;16;864
25;2025-11-14;17;830
25;2025-11-14;18;731
25;2025-11-14;19;673
25;2025-11-14;20;360
25;2025-11-14;21;233
25;2025-11-14;22;114
25;2025-11-14;23;15
25;2025-11-15;0;6
25;2025-11-15;1;0
25;2025-11-15;2;0
25;2025-11-15;3;0
25;2025-11-15;4;0
25;2025-11-15;5;21
25;2025-11-15;6;136
25;2025-11-15;7;133
25;2025-11-15;8;309
25;2025-11-15;9;278
25;2025-11-15;10;286
25;2025-11-15;11;380
25;2025-11-15;12;400
25;2025-11-15;13;662
25;2025-11-15;14;669
25;2025-11-15;15;785
25;2025-11-15;16;736
25;2025-11-15;17;589
25;2025-11-15;18;517
25;2025-11-15;19;446
25;2025-11-15;20;252
25;2025-11-15;21;194
25;2025-11-15;22;112
25;2025-11-15;23;42
25;2025-11-16;0;16
25;2025-11-16;1;1
25;2025-11-16;2;0
25;2025-11-16;3;0
25;2025-11-16;4;0
25;2025-11-16;5;11
25;2025-11-16;6;115
25;2025-11-16;7;107
25;2025-11-16;8;203
25;2025-11-16;9;228
25;2025-11-16;10;232
25;2025-11-16;11;333
25;2025-11-16;12;399
25;2025-11-16;13;526
25;2025-11-16;14;621
25;2025-11-16;15;710
25;2025-11-16;16;604
25;2025-11-16;17;602
25;2025-11-16;18;462
25;2025-11-16;19;309
25;2025-11-16;20;245
25;2025-11-16;21;153
25;2025-11-16;22;97
25;2025-11-16;23;36
25;2025-11-17;0;8
25;2025-11-17;1;0
25;2025-11-17;2;0
25;2025-11-17;3;0
25;2025-11-17;4;0
25;2025-11-17;5;22
25;2025-11-17;6;266
25;2025-11-17;7;561
25;2025-11-17;8;1008
25;2025-11-17;9;563
25;2025-11-17;10;355
25;2025-11-17;11;440
25;2025-11-17;12;433
25;2025-11-17;13;591
25;2025-11-17;14;493
25;2025-11-17;15;502
25;2025-11-17;16;722
25;2025-11-17;17;789
25;2025-11-17;18;769
25;2025-11-17;19;587
25;2025-11-17;20;305
25;2025-11-17;21;197
25;2025-11-17;22;83
25;2025-11-17;23;11
25;2025-11-18;0;1
25;2025-11-18;1;0
25;2025-11-18;2;0
25;2025-11-18;3;0
25;2025-11-18;4;0
25;2025-11-18;5;21
25;2025-11-18;6;281
25;2025-11-18;7;551
25;2025-11-18;8;931
25;2025-11-18;9;477
25;2025-11-18;10;396
25;2025-11-18;11;463
25;2025-11-18;12;452
25;2025-11-18;13;547
25;2025-11-18;14;494
25;2025-11-18;15;629
25;2025-11-18;16;714
25;2025-11-18;17;812
25;2025-11-18;18;809
25;2025-11-18;19;638
25;2025-11-18;20;340
25;2025-11-18;21;233
25;2025-11-18;22;94
25;2025-11-18;23;6
25;2025-11-19;0;1
25;2025-11-19;1;0
25;2025-11-19;2;0
25;2025-11-19;3;0
25;2025-11-19;4;0
25;2025-11-19;5;21
25;2025-11-19;6;281
25;2025-11-19;7;551
25;2025-11-19;8;931
25;2025-11-19;9;477
25;2025-11-19;10;396
25;2025-11-19;11;463
25;2025-11-19;12;452
25;2025-11-19;13;547
25;2025-11-19;14;494
25;2025-11-19;15;629
25;2025-11-19;16;714
25;2025-11-19;17;812
25;2025-11-19;18;809
25;2025-11-19;19;638
25;2025-11-19;20;340
25;2025-11-19;21;233
25;2025-11-19;22;94
25;2025-11-19;23;6
25;2025-11-20;0;1
25;2025-11-20;1;0
25;2025-11-20;2;0
25;2025-11-20;3;0
25;2025-11-20;4;0
25;2025-11-20;5;21
25;2025-11-20;6;281
25;2025-11-20;7;551
25;2025-11-20;8;931
25;2025-11-20;9;477
25;2025-11-20;10;396
25;2025-11-20;11;463
25;2025-11-20;12;452
25;2025-11-20;13;547
25;2025-11-20;14;494
25;2025-11-20;15;629
25;2025-11-20;16;714
25;2025-11-20;17;812
25;2025-11-20;18;809
25;2025-11-20;19;638
25;2025-11-20;20;340
25;2025-11-20;21;233
25;2025-11-20;22;94
25;2025-11-20;23;6
25;2025-11-21;0;0
25;2025-11-21;1;0
25;2025-11-21;2;0
25;2025-11-21;3;0
25;2025-11-21;4;0
25;2025-11-21;5;17
25;2025-11-21;6;288
25;2025-11-21;7;591
25;2025-11-21;8;908
25;2025-11-21;9;462
25;2025-11-21;10;422
25;2025-11-21;11;467
25;2025-11-21;12;445
25;2025-11-21;13;589
25;2025-11-21;14;489
25;2025-11-21;15;678
25;2025-11-21;16;864
25;2025-11-21;17;830
25;2025-11-21;18;731
25;2025-11-21;19;673
25;2025-11-21;20;360
25;2025-11-21;21;233
25;2025-11-21;22;114
25;2025-11-21;23;15
25;2025-11-22;0;6
25;2025-11-22;1;0
25;2025-11-22;2;0
25;2025-11-22;3;0
25;2025-11-22;4;0
25;2025-11-22;5;22
25;2025-11-22;6;143
25;2025-11-22;7;140
25;2025-11-22;8;325
25;2025-11-22;9;293
25;2025-11-22;10;302
25;2025-11-22;11;401
25;2025-11-22;12;422
25;2025-11-22;13;698
25;2025-11-22;14;705
25;2025-11-22;15;827
25;2025-11-22;16;776
25;2025-11-22;17;620
25;2025-11-22;18;544
25;2025-11-22;19;471
25;2025-11-22;20;267
25;2025-11-22;21;204
25;2025-11-22;22;118
25;2025-11-22;23;44
25;2025-11-23;0;16
25;2025-11-23;1;1
25;2025-11-23;2;0
25;2025-11-23;3;0
25;2025-11-23;4;0
25;2025-11-23;5;11
25;2025-11-23;6;115
25;2025-11-23;7;107
25;2025-11-23;8;203
25;2025-11-23;9;228
25;2025-11-23;10;232
25;2025-11-23;11;333
25;2025-11-23;12;399
25;2025-11-23;13;526
25;2025-11-23;14;621
25;2025-11-23;15;710
25;2025-11-23;16;604
25;2025-11-23;17;602
25;2025-11-23;18;462
25;2025-11-23;19;309
25;2025-11-23;20;245
25;2025-11-23;21;153
25;2025-11-23;22;97
25;2025-11-23;23;36
25;2025-11-24;0;8
25;2025-11-24;1;0
25;2025-11-24;2;0
25;2025-11-24;3;0
25;2025-11-24;4;0
25;2025-11-24;5;22
25;2025-11-24;6;266
25;2025-11-24;7;561
25;2025-11-24;8;1008
25;2025-11-24;9;563
25;2025-11-24;10;355
25;2025-11-24;11;440
25;2025-11-24;12;433
25;2025-11-24;13;591
25;2025-11-24;14;493
25;2025-11-24;15;502
25;2025-11-24;16;722
25;2025-11-24;17;789
25;2025-11-24;18;769
25;2025-11-24;19;587
25;2025-11-24;20;305
25;2025-11-24;21;197
25;2025-11-24;22;83
25;2025-11-24;23;11
25;2025-11-25;0;1
25;2025-11-25;1;0
25;2025-11-25;2;0
25;2025-11-25;3;0
25;2025-11-25;4;0
25;2025-11-25;5;21
25;2025-11-25;6;281
25;2025-11-25;7;551
25;2025-11-25;8;931
25;2025-11-25;9;477
25;2025-11-25;10;396
25;2025-11-25;11;463
25;2025-11-25;12;452
25;2025-11-25;13;547
25;2025-11-25;14;494
25;2025-11-25;15;629
25;2025-11-25;16;714
25;2025-11-25;17;812
25;2025-11-25;18;809
25;2025-11-25;19;638
25;2025-11-25;20;340
25;2025-11-25;21;233
25;2025-11-25;22;94
25;2025-11-25;23;6
25;2025-11-26;0;1
25;2025-11-26;1;0
25;2025-11-26;2;0
25;2025-11-26;3;0
25;2025-11-26;4;0
25;2025-11-26;5;21
25;2025-11-26;6;281
25;2025-11-26;7;551
25;2025-11-26;8;931
25;2025-11-26;9;477
25;2025-11-26;10;396
25;2025-11-26;11;463
25;2025-11-26;12;452
25;2025-11-26;13;547
25;2025-11-26;14;494
25;2025-11-26;15;629
25;2025-11-26;16;714
25;2025-11-26;17;812
25;2025-11-26;18;809
25;2025-11-26;19;638
25;2025-11-26;20;340
25;2025-11-26;21;233
25;2025-11-26;22;94
25;2025-11-26;23;6
25;2025-11-27;0;1
25;2025-11-27;1;0
25;2025-11-27;2;0
25;2025-11-27;3;0
25;2025-11-27;4;0
25;2025-11-27;5;21
25;2025-11-27;6;281
25;2025-11-27;7;551
25;2025-11-27;8;931
25;2025-11-27;9;477
25;2025-11-27;10;396
25;2025-11-27;11;463
25;2025-11-27;12;452
25;2025-11-27;13;547
25;2025-11-27;14;494
25;2025-11-27;15;629
25;2025-11-27;16;714
25;2025-11-27;17;812
25;2025-11-27;18;809
25;2025-11-27;19;638
25;2025-11-27;20;340
25;2025-11-27;21;233
25;2025-11-27;22;94
25;2025-11-27;23;6
25;2025-11-28;0;0
25;2025-11-28;1;0
25;2025-11-28;2;0
25;2025-11-28;3;0
25;2025-11-28;4;0
25;2025-11-28;5;17
25;2025-11-28;6;288
25;2025-11-28;7;591
25;2025-11-28;8;908
25;2025-11-28;9;462
25;2025-11-28;10;422
25;2025-11-28;11;467
25;2025-11-28;12;445
25;2025-11-28;13;589
25;2025-11-28;14;489
25;2025-11-28;15;678
25;2025-11-28;16;864
25;2025-11-28;17;830
25;2025-11-28;18;731
25;2025-11-28;19;673
25;2025-11-28;20;360
25;2025-11-28;21;233
25;2025-11-28;22;114
25;2025-11-28;23;15
25;2025-11-29;0;6
25;2025-11-29;1;0
25;2025-11-29;2;0
25;2025-11-29;3;0
25;2025-11-29;4;0
25;2025-11-29;5;22
25;2025-11-29;6;143
25;2025-11-29;7;140
25;2025-11-29;8;325
25;2025-11-29;9;293
25;2025-11-29;10;302
25;2025-11-29;11;401
25;2025-11-29;12;422
25;2025-11-29;13;698
25;2025-11-29;14;705
25;2025-11-29;15;827
25;2025-11-29;16;776
25;2025-11-29;17;620
25;2025-11-29;18;544
25;2025-11-29;19;471
25;2025-11-29;20;267
25;2025-11-29;21;204
25;2025-11-29;22;118
25;2025-11-29;23;44
25;2025-11-30;0;16
25;2025-11-30;1;1
25;2025-11-30;2;0
25;2025-11-30;3;0
25;2025-11-30;4;0
25;2025-11-30;5;11
25;2025-11-30;6;115
25;2025-11-30;7;107
25;2025-11-30;8;203
25;2025-11-30;9;228
25;2025-11-30;10;232
25;2025-11-30;11;333
25;2025-11-30;12;399
25;2025-11-30;13;526
25;2025-11-30;14;621
25;2025-11-30;15;710
25;2025-11-30;16;604
25;2025-11-30;17;602
25;2025-11-30;18;462
25;2025-11-30;19;309
25;2025-11-30;20;245
25;2025-11-30;21;153
25;2025-11-30;22;97
25;2025-11-30;23;36
25;2025-12-01;0;8
25;2025-12-01;1;0
25;2025-12-01;2;0
25;2025-12-01;3;0
25;2025-12-01;4;0
25;2025-12-01;5;22
25;2025-12-01;6;266
25;2025-12-01;7;561
25;2025-12-01;8;1008
25;2025-12-01;9;563
25;2025-12-01;10;355
25;2025-12-01;11;440
25;2025-12-01;12;433
25;2025-12-01;13;591
25;2025-12-01;14;493
25;2025-12-01;15;502
25;2025-12-01;16;722
25;2025-12-01;17;789
25;2025-12-01;18;769
25;2025-12-01;19;587
25;2025-12-01;20;305
25;2025-12-01;21;197
25;2025-12-01;22;83
25;2025-12-01;23;11
25;2025-12-02;0;1
25;2025-12-02;1;0
25;2025-12-02;2;0
25;2025-12-02;3;0
25;2025-12-02;4;0
25;2025-12-02;5;21
25;2025-12-02;6;281
25;2025-12-02;7;551
25;2025-12-02;8;931
25;2025-12-02;9;477
25;2025-12-02;10;396
25;2025-12-02;11;463
25;2025-12-02;12;452
25;2025-12-02;13;547
25;2025-12-02;14;494
25;2025-12-02;15;629
25;2025-12-02;16;714
25;2025-12-02;17;812
25;2025-12-02;18;809
25;2025-12-02;19;638
25;2025-12-02;20;340
25;2025-12-02;21;233
25;2025-12-02;22;94
25;2025-12-02;23;6
25;2025-12-03;0;1
25;2025-12-03;1;0
25;2025-12-03;2;0
25;2025-12-03;3;0
25;2025-12-03;4;0
25;2025-12-03;5;21
25;2025-12-03;6;281
25;2025-12-03;7;551
25;2025-12-03;8;931
25;2025-12-03;9;477
25;2025-12-03;10;396
25;2025-12-03;11;463
25;2025-12-03;12;452
25;2025-12-03;13;547
25;2025-12-03;14;494
25;2025-12-03;15;629
25;2025-12-03;16;714
25;2025-12-03;17;812
25;2025-12-03;18;809
25;2025-12-03;19;638
25;2025-12-03;20;340
25;2025-12-03;21;233
25;2025-12-03;22;94
25;2025-12-03;23;6
25;2025-12-04;0;1
25;2025-12-04;1;0
25;2025-12-04;2;0
25;2025-12-04;3;0
25;2025-12-04;4;0
25;2025-12-04;5;21
25;2025-12-04;6;281
25;2025-12-04;7;551
25;2025-12-04;8;931
25;2025-12-04;9;477
25;2025-12-04;10;396
25;2025-12-04;11;463
25;2025-12-04;12;452
25;2025-12-04;13;547
25;2025-12-04;14;494
25;2025-12-04;15;629
25;2025-12-04;16;714
25;2025-12-04;17;812
25;2025-12-04;18;809
25;2025-12-04;19;638
25;2025-12-04;20;340
25;2025-12-04;21;233
25;2025-12-04;22;94
25;2025-12-04;23;6
25;2025-12-05;0;0
25;2025-12-05;1;0
25;2025-12-05;2;0
25;2025-12-05;3;0
25;2025-12-05;4;0
25;2025-12-05;5;17
25;2025-12-05;6;288
25;2025-12-05;7;591
25;2025-12-05;8;908
25;2025-12-05;9;462
25;2025-12-05;10;422
25;2025-12-05;11;467
25;2025-12-05;12;445
25;2025-12-05;13;589
25;2025-12-05;14;489
25;2025-12-05;15;678
25;2025-12-05;16;864
25;2025-12-05;17;830
25;2025-12-05;18;731
25;2025-12-05;19;673
25;2025-12-05;20;360
25;2025-12-05;21;233
25;2025-12-05;22;114
25;2025-12-05;23;15
25;2025-12-06;0;6
25;2025-12-06;1;0
25;2025-12-06;2;0
25;2025-12-06;3;0
25;2025-12-06;4;0
25;2025-12-06;5;22
25;2025-12-06;6;143
25;2025-12-06;7;140
25;2025-12-06;8;325
25;2025-12-06;9;293
25;2025-12-06;10;302
25;2025-12-06;11;401
25;2025-12-06;12;422
25;2025-12-06;13;698
25;2025-12-06;14;705
25;2025-12-06;15;827
25;2025-12-06;16;776
25;2025-12-06;17;620
25;2025-12-06;18;544
25;2025-12-06;19;471
25;2025-12-06;20;267
25;2025-12-06;21;204
25;2025-12-06;22;118
25;2025-12-06;23;44
25;2025-12-07;0;16
25;2025-12-07;1;1
25;2025-12-07;2;0
25;2025-12-07;3;0
25;2025-12-07;4;0
25;2025-12-07;5;11
25;2025-12-07;6;115
25;2025-12-07;7;107
25;2025-12-07;8;203
25;2025-12-07;9;228
25;2025-12-07;10;232
25;2025-12-07;11;333
25;2025-12-07;12;399
25;2025-12-07;13;526
25;2025-12-07;14;621
25;2025-12-07;15;710
25;2025-12-07;16;604
25;2025-12-07;17;602
25;2025-12-07;18;462
25;2025-12-07;19;309
25;2025-12-07;20;245
25;2025-12-07;21;153
25;2025-12-07;22;97
25;2025-12-07;23;36
25;2025-12-08;0;8
25;2025-12-08;1;0
25;2025-12-08;2;0
25;2025-12-08;3;0
25;2025-12-08;4;0
25;2025-12-08;5;22
25;2025-12-08;6;266
25;2025-12-08;7;561
25;2025-12-08;8;1008
25;2025-12-08;9;563
25;2025-12-08;10;355
25;2025-12-08;11;440
25;2025-12-08;12;433
25;2025-12-08;13;591
25;2025-12-08;14;493
25;2025-12-08;15;502
25;2025-12-08;16;722
25;2025-12-08;17;789
25;2025-12-08;18;769
25;2025-12-08;19;587
25;2025-12-08;20;305
25;2025-12-08;21;197
25;2025-12-08;22;83
25;2025-12-08;23;11
25;2025-12-09;0;1
25;2025-12-09;1;0
25;2025-12-09;2;0
25;2025-12-09;3;0
25;2025-12-09;4;0
25;2025-12-09;5;21
25;2025-12-09;6;281
25;2025-12-09;7;551
25;2025-12-09;8;931
25;2025-12-09;9;477
25;2025-12-09;10;396
25;2025-12-09;11;463
25;2025-12-09;12;452
25;2025-12-09;13;547
25;2025-12-09;14;494
25;2025-12-09;15;629
25;2025-12-09;16;714
25;2025-12-09;17;812
25;2025-12-09;18;809
25;2025-12-09;19;638
25;2025-12-09;20;340
25;2025-12-09;21;233
25;2025-12-09;22;94
25;2025-12-09;23;6
25;2025-12-10;0;1
25;2025-12-10;1;0
25;2025-12-10;2;0
25;2025-12-10;3;0
25;2025-12-10;4;0
25;2025-12-10;5;21
25;2025-12-10;6;281
25;2025-12-10;7;551
25;2025-12-10;8;931
25;2025-12-10;9;477
25;2025-12-10;10;396
25;2025-12-10;11;463
25;2025-12-10;12;452
25;2025-12-10;13;547
25;2025-12-10;14;494
25;2025-12-10;15;629
25;2025-12-10;16;714
25;2025-12-10;17;812
25;2025-12-10;18;809
25;2025-12-10;19;638
25;2025-12-10;20;340
25;2025-12-10;21;233
25;2025-12-10;22;94
25;2025-12-10;23;6
25;2025-12-11;0;1
25;2025-12-11;1;0
25;2025-12-11;2;0
25;2025-12-11;3;0
25;2025-12-11;4;0
25;2025-12-11;5;21
25;2025-12-11;6;281
25;2025-12-11;7;551
25;2025-12-11;8;931
25;2025-12-11;9;477
25;2025-12-11;10;396
25;2025-12-11;11;463
25;2025-12-11;12;452
25;2025-12-11;13;547
25;2025-12-11;14;494
25;2025-12-11;15;629
25;2025-12-11;16;714
25;2025-12-11;17;812
25;2025-12-11;18;809
25;2025-12-11;19;638
25;2025-12-11;20;340
25;2025-12-11;21;233
25;2025-12-11;22;94
25;2025-12-11;23;6
25;2025-12-12;0;0
25;2025-12-12;1;0
25;2025-12-12;2;0
25;2025-12-12;3;0
25;2025-12-12;4;0
25;2025-12-12;5;17
25;2025-12-12;6;288
25;2025-12-12;7;591
25;2025-12-12;8;908
25;2025-12-12;9;462
25;2025-12-12;10;422
25;2025-12-12;11;467
25;2025-12-12;12;445
25;2025-12-12;13;589
25;2025-12-12;14;489
25;2025-12-12;15;678
25;2025-12-12;16;864
25;2025-12-12;17;830
25;2025-12-12;18;731
25;2025-12-12;19;673
25;2025-12-12;20;360
25;2025-12-12;21;233
25;2025-12-12;22;114
25;2025-12-12;23;15
25;2025-12-13;0;6
25;2025-12-13;1;0
25;2025-12-13;2;0
25;2025-12-13;3;0
25;2025-12-13;4;0
25;2025-12-13;5;22
25;2025-12-13;6;143
25;2025-12-13;7;140
25;2025-12-13;8;325
25;2025-12-13;9;293
25;2025-12-13;10;302
25;2025-12-13;11;401
25;2025-12-13;12;422
25;2025-12-13;13;698
25;2025-12-13;14;705
25;2025-12-13;15;827
25;2025-12-13;16;776
25;2025-12-13;17;620
25;2025-12-13;18;544
25;2025-12-13;19;471
25;2025-12-13;20;267
25;2025-12-13;21;204
25;2025-12-13;22;118
25;2025-12-13;23;44
25;2025-12-14;0;16
25;2025-12-14;1;1
25;2025-12-14;2;0
25;2025-12-14;3;0
25;2025-12-14;4;0
25;2025-12-14;5;11
25;2025-12-14;6;115
25;2025-12-14;7;107
25;2025-12-14;8;203
25;2025-12-14;9;228
25;2025-12-14;10;232
25;2025-12-14;11;333
25;2025-12-14;12;399
25;2025-12-14;13;526
25;2025-12-14;14;621
25;2025-12-14;15;710
25;2025-12-14;16;604
25;2025-12-14;17;602
25;2025-12-14;18;462
25;2025-12-14;19;309
25;2025-12-14;20;245
25;2025-12-14;21;153
25;2025-12-14;22;97
25;2025-12-14;23;36
25;2025-12-15;0;8
25;2025-12-15;1;0
25;2025-12-15;2;0
25;2025-12-15;3;0
25;2025-12-15;4;0
25;2025-12-15;5;22
25;2025-12-15;6;266
25;2025-12-15;7;561
25;2025-12-15;8;1008
25;2025-12-15;9;563
25;2025-12-15;10;355
25;2025-12-15;11;440
25;2025-12-15;12;433
25;2025-12-15;13;591
25;2025-12-15;14;493
25;2025-12-15;15;502
25;2025-12-15;16;722
25;2025-12-15;17;789
25;2025-12-15;18;769
25;2025-12-15;19;587
25;2025-12-15;20;305
25;2025-12-15;21;197
25;2025-12-15;22;83
25;2025-12-15;23;11
25;2025-12-16;0;1
25;2025-12-16;1;0
25;2025-12-16;2;0
25;2025-12-16;3;0
25;2025-12-16;4;0
25;2025-12-16;5;21
25;2025-12-16;6;281
25;2025-12-16;7;551
25;2025-12-16;8;931
25;2025-12-16;9;477
25;2025-12-16;10;396
25;2025-12-16;11;463
25;2025-12-16;12;452
25;2025-12-16;13;547
25;2025-12-16;14;494
25;2025-12-16;15;629
25;2025-12-16;16;714
25;2025-12-16;17;812
25;2025-12-16;18;809
25;2025-12-16;19;638
25;2025-12-16;20;340
25;2025-12-16;21;233
25;2025-12-16;22;94
25;2025-12-16;23;6
25;2025-12-17;0;1
25;2025-12-17;1;0
25;2025-12-17;2;0
25;2025-12-17;3;0
25;2025-12-17;4;0
25;2025-12-17;5;21
25;2025-12-17;6;281
25;2025-12-17;7;551
25;2025-12-17;8;931
25;2025-12-17;9;477
25;2025-12-17;10;396
25;2025-12-17;11;463
25;2025-12-17;12;452
25;2025-12-17;13;547
25;2025-12-17;14;494
25;2025-12-17;15;629
25;2025-12-17;16;714
25;2025-12-17;17;812
25;2025-12-17;18;809
25;2025-12-17;19;638
25;2025-12-17;20;340
25;2025-12-17;21;233
25;2025-12-17;22;94
25;2025-12-17;23;6
25;2025-12-18;0;1
25;2025-12-18;1;0
25;2025-12-18;2;0
25;2025-12-18;3;0
25;2025-12-18;4;0
25;2025-12-18;5;21
25;2025-12-18;6;281
25;2025-12-18;7;551
25;2025-12-18;8;931
25;2025-12-18;9;477
25;2025-12-18;10;396
25;2025-12-18;11;463
25;2025-12-18;12;452
25;2025-12-18;13;547
25;2025-12-18;14;494
25;2025-12-18;15;629
25;2025-12-18;16;714
25;2025-12-18;17;812
25;2025-12-18;18;809
25;2025-12-18;19;638
25;2025-12-18;20;340
25;2025-12-18;21;233
25;2025-12-18;22;94
25;2025-12-18;23;6
25;2025-12-19;0;0
25;2025-12-19;1;0
25;2025-12-19;2;0
25;2025-12-19;3;0
25;2025-12-19;4;0
25;2025-12-19;5;17
25;2025-12-19;6;288
25;2025-12-19;7;591
25;2025-12-19;8;908
25;2025-12-19;9;462
25;2025-12-19;10;422
25;2025-12-19;11;467
25;2025-12-19;12;445
25;2025-12-19;13;589
25;2025-12-19;14;489
25;2025-12-19;15;678
25;2025-12-19;16;864
25;2025-12-19;17;830
25;2025-12-19;18;731
25;2025-12-19;19;673
25;2025-12-19;20;360
25;2025-12-19;21;233
25;2025-12-19;22;114
25;2025-12-19;23;15
25;2025-12-20;0;6
25;2025-12-20;1;0
25;2025-12-20;2;0
25;2025-12-20;3;0
25;2025-12-20;4;0
25;2025-12-20;5;22
25;2025-12-20;6;143
25;2025-12-20;7;140
25;2025-12-20;8;325
25;2025-12-20;9;293
25;2025-12-20;10;302
25;2025-12-20;11;401
25;2025-12-20;12;422
25;2025-12-20;13;698
25;2025-12-20;14;705
25;2025-12-20;15;827
25;2025-12-20;16;776
25;2025-12-20;17;620
25;2025-12-20;18;544
25;2025-12-20;19;471
25;2025-12-20;20;267
25;2025-12-20;21;204
25;2025-12-20;22;118
25;2025-12-20;23;44
25;2025-12-21;0;16
25;2025-12-21;1;1
25;2025-12-21;2;0
25;2025-12-21;3;0
25;2025-12-21;4;0
25;2025-12-21;5;11
25;2025-12-21;6;115
25;2025-12-21;7;107
25;2025-12-21;8;203
25;2025-12-21;9;228
25;2025-12-21;10;232
25;2025-12-21;11;333
25;2025-12-21;12;399
25;2025-12-21;13;526
25;2025-12-21;14;621
25;2025-12-21;15;710
25;2025-12-21;16;604
25;2025-12-21;17;602
25;2025-12-21;18;462
25;2025-12-21;19;309
25;2025-12-21;20;245
25;2025-12-21;21;153
25;2025-12-21;22;97
25;2025-12-21;23;36
25;2025-12-22;0;8
25;2025-12-22;1;0
25;2025-12-22;2;0
25;2025-12-22;3;0
25;2025-12-22;4;0
25;2025-12-22;5;22
25;2025-12-22;6;266
25;2025-12-22;7;561
25;2025-12-22;8;1008
25;2025-12-22;9;563
25;2025-12-22;10;355
25;2025-12-22;11;440
25;2025-12-22;12;433
25;2025-12-22;13;591
25;2025-12-22;14;493
25;2025-12-22;15;502
25;2025-12-22;16;722
25;2025-12-22;17;789
25;2025-12-22;18;769
25;2025-12-22;19;587
25;2025-12-22;20;305
25;2025-12-22;21;197
25;2025-12-22;22;83
25;2025-12-22;23;11
25;2025-12-23;0;1
25;2025-12-23;1;0
25;2025-12-23;2;0
25;2025-12-23;3;0
25;2025-12-23;4;0
25;2025-12-23;5;21
25;2025-12-23;6;281
25;2025-12-23;7;551
25;2025-12-23;8;931
25;2025-12-23;9;477
25;2025-12-23;10;396
25;2025-12-23;11;463
25;2025-12-23;12;452
25;2025-12-23;13;547
25;2025-12-23;14;494
25;2025-12-23;15;629
25;2025-12-23;16;714
25;2025-12-23;17;812
25;2025-12-23;18;809
25;2025-12-23;19;638
25;2025-12-23;20;340
25;2025-12-23;21;233
25;2025-12-23;22;94
25;2025-12-23;23;6
25;2025-12-24;0;1
25;2025-12-24;1;0
25;2025-12-24;2;0
25;2025-12-24;3;0
25;2025-12-24;4;0
25;2025-12-24;5;21
25;2025-12-24;6;281
25;2025-12-24;7;551
25;2025-12-24;8;931
25;2025-12-24;9;477
25;2025-12-24;10;396
25;2025-12-24;11;463
25;2025-12-24;12;452
25;2025-12-24;13;547
25;2025-12-24;14;494
25;2025-12-24;15;629
25;2025-12-24;16;714
25;2025-12-24;17;812
25;2025-12-24;18;809
25;2025-12-24;19;638
25;2025-12-24;20;340
25;2025-12-24;21;233
25;2025-12-24;22;94
25;2025-12-24;23;6
25;2025-12-25;0;1
25;2025-12-25;1;0
25;2025-12-25;2;0
25;2025-12-25;3;0
25;2025-12-25;4;0
25;2025-12-25;5;21
25;2025-12-25;6;281
25;2025-12-25;7;551
25;2025-12-25;8;931
25;2025-12-25;9;477
25;2025-12-25;10;396
25;2025-12-25;11;463
25;2025-12-25;12;452
25;2025-12-25;13;547
25;2025-12-25;14;494
25;2025-12-25;15;629
25;2025-12-25;16;714
25;2025-12-25;17;812
25;2025-12-25;18;809
25;2025-12-25;19;638
25;2025-12-25;20;340
25;2025-12-25;21;233
25;2025-12-25;22;94
25;2025-12-25;23;6
25;2025-12-26;0;0
25;2025-12-26;1;0
25;2025-12-26;2;0
25;2025-12-26;3;0
25;2025-12-26;4;0
25;2025-12-26;5;17
25;2025-12-26;6;288
25;2025-12-26;7;591
25;2025-12-26;8;908
25;2025-12-26;9;462
25;2025-12-26;10;422
25;2025-12-26;11;467
25;2025-12-26;12;445
25;2025-12-26;13;589
25;2025-12-26;14;489
25;2025-12-26;15;678
25;2025-12-26;16;864
25;2025-12-26;17;830
25;2025-12-26;18;731
25;2025-12-26;19;673
25;2025-12-26;20;360
25;2025-12-26;21;233
25;2025-12-26;22;114
25;2025-12-26;23;15
25;2025-12-27;0;6
25;2025-12-27;1;0
25;2025-12-27;2;0
25;2025-12-27;3;0
25;2025-12-27;4;0
25;2025-12-27;5;22
25;2025-12-27;6;143
25;2025-12-27;7;140
25;2025-12-27;8;325
25;2025-12-27;9;293
25;2025-12-27;10;302
25;2025-12-27;11;401
25;2025-12-27;12;422
25;2025-12-27;13;698
25;2025-12-27;14;705
25;2025-12-27;15;827
25;2025-12-27;16;776
25;2025-12-27;17;620
25;2025-12-27;18;544
25;2025-12-27;19;471
25;2025-12-27;20;267
25;2025-12-27;21;204
25;2025-12-27;22;118
25;2025-12-27;23;44
25;2025-12-28;0;16
25;2025-12-28;1;1
25;2025-12-28;2;0
25;2025-12-28;3;0
25;2025-12-28;4;0
25;2025-12-28;5;11
25;2025-12-28;6;115
25;2025-12-28;7;107
25;2025-12-28;8;203
25;2025-12-28;9;228
25;2025-12-28;10;232
25;2025-12-28;11;333
25;2025-12-28;12;399
25;2025-12-28;13;526
25;2025-12-28;14;621
25;2025-12-28;15;710
25;2025-12-28;16;604
25;2025-12-28;17;602
25;2025-12-28;18;462
25;2025-12-28;19;309
25;2025-12-28;20;245
25;2025-12-28;21;153
25;2025-12-28;22;97
25;2025-12-28;23;36
25;2025-12-29;0;0
25;2025-12-29;1;0
25;2025-12-29;2;0
25;2025-12-29;3;0
25;2025-12-29;4;0
25;2025-12-29;5;14
25;2025-12-29;6;247
25;2025-12-29;7;508
25;2025-12-29;8;781
25;2025-12-29;9;397
25;2025-12-29;10;364
25;2025-12-29;11;401
25;2025-12-29;12;383
25;2025-12-29;13;506
25;2025-12-29;14;420
25;2025-12-29;15;583
25;2025-12-29;16;742
25;2025-12-29;17;714
25;2025-12-29;18;628
25;2025-12-29;19;579
25;2025-12-29;20;309
25;2025-12-29;21;200
25;2025-12-29;22;98
25;2025-12-29;23;13
25;2025-12-30;0;0
25;2025-12-30;1;0
25;2025-12-30;2;0
25;2025-12-30;3;0
25;2025-12-30;4;0
25;2025-12-30;5;14
25;2025-12-30;6;247
25;2025-12-30;7;508
25;2025-12-30;8;781
25;2025-12-30;9;397
25;2025-12-30;10;364
25;2025-12-30;11;401
25;2025-12-30;12;383
25;2025-12-30;13;506
25;2025-12-30;14;420
25;2025-12-30;15;583
25;2025-12-30;16;742
25;2025-12-30;17;714
25;2025-12-30;18;628
25;2025-12-30;19;579
25;2025-12-30;20;309
25;2025-12-30;21;200
25;2025-12-30;22;98
25;2025-12-30;23;13
25;2025-12-31;0;5
25;2025-12-31;1;0
25;2025-12-31;2;0
25;2025-12-31;3;0
25;2025-12-31;4;0
25;2025-12-31;5;18
25;2025-12-31;6;122
25;2025-12-31;7;119
25;2025-12-31;8;277
25;2025-12-31;9;249
25;2025-12-31;10;257
25;2025-12-31;11;340
25;2025-12-31;12;359
25;2025-12-31;13;594
25;2025-12-31;14;600
25;2025-12-31;15;703
25;2025-12-31;16;660
25;2025-12-31;17;527
25;2025-12-31;18;464
25;2025-12-31;19;220
25;2025-12-31;20;124
25;2025-12-31;21;95
25;2025-12-31;22;56
25;2025-12-31;23;21
26;2025-11-01;0;26
26;2025-11-01;1;1
26;2025-11-01;2;0
26;2025-11-01;3;0
26;2025-11-01;4;1
26;2025-11-01;5;70
26;2025-11-01;6;408
26;2025-11-01;7;862
26;2025-11-01;8;1866
26;2025-11-01;9;1169
26;2025-11-01;10;1049
26;2025-11-01;11;937
26;2025-11-01;12;930
26;2025-11-01;13;960
26;2025-11-01;14;1148
26;2025-11-01;15;1135
26;2025-11-01;16;1387
26;2025-11-01;17;1495
26;2025-11-01;18;1095
26;2025-11-01;19;858
26;2025-11-01;20;546
26;2025-11-01;21;390
26;2025-11-01;22;164
26;2025-11-01;23;128
26;2025-11-02;0;48
26;2025-11-02;1;4
26;2025-11-02;2;0
26;2025-11-02;3;0
26;2025-11-02;4;1
26;2025-11-02;5;20
26;2025-11-02;6;155
26;2025-11-02;7;255
26;2025-11-02;8;378
26;2025-11-02;9;518
26;2025-11-02;10;583
26;2025-11-02;11;815
26;2025-11-02;12;805
26;2025-11-02;13;866
26;2025-11-02;14;846
26;2025-11-02;15;774
26;2025-11-02;16;738
26;2025-11-02;17;764
26;2025-11-02;18;685
26;2025-11-02;19;501
26;2025-11-02;20;393
26;2025-11-02;21;273
26;2025-11-02;22;158
26;2025-11-02;23;104
26;2025-11-03;0;47
26;2025-11-03;1;4
26;2025-11-03;2;0
26;2025-11-03;3;0
26;2025-11-03;4;1
26;2025-11-03;5;19
26;2025-11-03;6;149
26;2025-11-03;7;246
26;2025-11-03;8;365
26;2025-11-03;9;501
26;2025-11-03;10;564
26;2025-11-03;11;789
26;2025-11-03;12;779
26;2025-11-03;13;837
26;2025-11-03;14;818
26;2025-11-03;15;748
26;2025-11-03;16;714
26;2025-11-03;17;738
26;2025-11-03;18;662
26;2025-11-03;19;485
26;2025-11-03;20;380
26;2025-11-03;21;264
26;2025-11-03;22;153
26;2025-11-03;23;101
26;2025-11-04;0;47
26;2025-11-04;1;4
26;2025-11-04;2;0
26;2025-11-04;3;0
26;2025-11-04;4;1
26;2025-11-04;5;19
26;2025-11-04;6;149
26;2025-11-04;7;246
26;2025-11-04;8;365
26;2025-11-04;9;501
26;2025-11-04;10;564
26;2025-11-04;11;789
26;2025-11-04;12;779
26;2025-11-04;13;837
26;2025-11-04;14;818
26;2025-11-04;15;748
26;2025-11-04;16;714
26;2025-11-04;17;738
26;2025-11-04;18;662
26;2025-11-04;19;485
26;2025-11-04;20;380
26;2025-11-04;21;264
26;2025-11-04;22;153
26;2025-11-04;23;101
26;2025-11-05;0;33
26;2025-11-05;1;0
26;2025-11-05;2;0
26;2025-11-05;3;0
26;2025-11-05;4;2
26;2025-11-05;5;98
26;2025-11-05;6;462
26;2025-11-05;7;1088
26;2025-11-05;8;2256
26;2025-11-05;9;1468
26;2025-11-05;10;1211
26;2025-11-05;11;1111
26;2025-11-05;12;1194
26;2025-11-05;13;1169
26;2025-11-05;14;1345
26;2025-11-05;15;1388
26;2025-11-05;16;1501
26;2025-11-05;17;1732
26;2025-11-05;18;1879
26;2025-11-05;19;1247
26;2025-11-05;20;743
26;2025-11-05;21;499
26;2025-11-05;22;203
26;2025-11-05;23;126
26;2025-11-06;0;33
26;2025-11-06;1;0
26;2025-11-06;2;0
26;2025-11-06;3;0
26;2025-11-06;4;2
26;2025-11-06;5;98
26;2025-11-06;6;462
26;2025-11-06;7;1088
26;2025-11-06;8;2256
26;2025-11-06;9;1468
26;2025-11-06;10;1211
26;2025-11-06;11;1111
26;2025-11-06;12;1194
26;2025-11-06;13;1169
26;2025-11-06;14;1345
26;2025-11-06;15;1388
26;2025-11-06;16;1501
26;2025-11-06;17;1732
26;2025-11-06;18;1879
26;2025-11-06;19;1247
26;2025-11-06;20;743
26;2025-11-06;21;499
26;2025-11-06;22;203
26;2025-11-06;23;126
26;2025-11-07;0;30
26;2025-11-07;1;1
26;2025-11-07;2;0
26;2025-11-07;3;0
26;2025-11-07;4;1
26;2025-11-07;5;83
26;2025-11-07;6;481
26;2025-11-07;7;1013
26;2025-11-07;8;2196
26;2025-11-07;9;1375
26;2025-11-07;10;1235
26;2025-11-07;11;1103
26;2025-11-07;12;1094
26;2025-11-07;13;1128
26;2025-11-07;14;1351
26;2025-11-07;15;1335
26;2025-11-07;16;1632
26;2025-11-07;17;1758
26;2025-11-07;18;1289
26;2025-11-07;19;1010
26;2025-11-07;20;642
26;2025-11-07;21;459
26;2025-11-07;22;193
26;2025-11-07;23;150
26;2025-11-08;0;52
26;2025-11-08;1;2
26;2025-11-08;2;0
26;2025-11-08;3;0
26;2025-11-08;4;2
26;2025-11-08;5;50
26;2025-11-08;6;229
26;2025-11-08;7;367
26;2025-11-08;8;614
26;2025-11-08;9;663
26;2025-11-08;10;820
26;2025-11-08;11;984
26;2025-11-08;12;1060
26;2025-11-08;13;1036
26;2025-11-08;14;1086
26;2025-11-08;15;978
26;2025-11-08;16;1026
26;2025-11-08;17;938
26;2025-11-08;18;867
26;2025-11-08;19;753
26;2025-11-08;20;531
26;2025-11-08;21;345
26;2025-11-08;22;198
26;2025-11-08;23;155
26;2025-11-09;0;48
26;2025-11-09;1;4
26;2025-11-09;2;0
26;2025-11-09;3;0
26;2025-11-09;4;1
26;2025-11-09;5;20
26;2025-11-09;6;155
26;2025-11-09;7;255
26;2025-11-09;8;378
26;2025-11-09;9;518
26;2025-11-09;10;583
26;2025-11-09;11;815
26;2025-11-09;12;805
26;2025-11-09;13;866
26;2025-11-09;14;846
26;2025-11-09;15;774
26;2025-11-09;16;738
26;2025-11-09;17;764
26;2025-11-09;18;685
26;2025-11-09;19;501
26;2025-11-09;20;393
26;2025-11-09;21;273
26;2025-11-09;22;158
26;2025-11-09;23;104
26;2025-11-10;0;24
26;2025-11-10;1;2
26;2025-11-10;2;0
26;2025-11-10;3;0
26;2025-11-10;4;1
26;2025-11-10;5;92
26;2025-11-10;6;457
26;2025-11-10;7;1122
26;2025-11-10;8;2193
26;2025-11-10;9;1394
26;2025-11-10;10;1205
26;2025-11-10;11;1033
26;2025-11-10;12;1065
26;2025-11-10;13;1136
26;2025-11-10;14;1256
26;2025-11-10;15;1287
26;2025-11-10;16;1388
26;2025-11-10;17;1690
26;2025-11-10;18;1849
26;2025-11-10;19;1179
26;2025-11-10;20;733
26;2025-11-10;21;458
26;2025-11-10;22;190
26;2025-11-10;23;107
26;2025-11-11;0;33
26;2025-11-11;1;0
26;2025-11-11;2;0
26;2025-11-11;3;0
26;2025-11-11;4;2
26;2025-11-11;5;98
26;2025-11-11;6;462
26;2025-11-11;7;1088
26;2025-11-11;8;2256
26;2025-11-11;9;1468
26;2025-11-11;10;1211
26;2025-11-11;11;1111
26;2025-11-11;12;1194
26;2025-11-11;13;1169
26;2025-11-11;14;1345
26;2025-11-11;15;1388
26;2025-11-11;16;1501
26;2025-11-11;17;1732
26;2025-11-11;18;1879
26;2025-11-11;19;1247
26;2025-11-11;20;743
26;2025-11-11;21;499
26;2025-11-11;22;203
26;2025-11-11;23;126
26;2025-11-12;0;33
26;2025-11-12;1;0
26;2025-11-12;2;0
26;2025-11-12;3;0
26;2025-11-12;4;2
26;2025-11-12;5;98
26;2025-11-12;6;462
26;2025-11-12;7;1088
26;2025-11-12;8;2256
26;2025-11-12;9;1468
26;2025-11-12;10;1211
26;2025-11-12;11;1111
26;2025-11-12;12;1194
26;2025-11-12;13;1169
26;2025-11-12;14;1345
26;2025-11-12;15;1388
26;2025-11-12;16;1501
26;2025-11-12;17;1732
26;2025-11-12;18;1879
26;2025-11-12;19;1247
26;2025-11-12;20;743
26;2025-11-12;21;499
26;2025-11-12;22;203
26;2025-11-12;23;126
26;2025-11-13;0;33
26;2025-11-13;1;0
26;2025-11-13;2;0
26;2025-11-13;3;0
26;2025-11-13;4;2
26;2025-11-13;5;98
26;2025-11-13;6;462
26;2025-11-13;7;1088
26;2025-11-13;8;2256
26;2025-11-13;9;1468
26;2025-11-13;10;1211
26;2025-11-13;11;1111
26;2025-11-13;12;1194
26;2025-11-13;13;1169
26;2025-11-13;14;1345
26;2025-11-13;15;1388
26;2025-11-13;16;1501
26;2025-11-13;17;1732
26;2025-11-13;18;1879
26;2025-11-13;19;1247
26;2025-11-13;20;743
26;2025-11-13;21;499
26;2025-11-13;22;203
26;2025-11-13;23;126
26;2025-11-14;0;30
26;2025-11-14;1;1
26;2025-11-14;2;0
26;2025-11-14;3;0
26;2025-11-14;4;1
26;2025-11-14;5;83
26;2025-11-14;6;481
26;2025-11-14;7;1013
26;2025-11-14;8;2196
26;2025-11-14;9;1375
26;2025-11-14;10;1235
26;2025-11-14;11;1103
26;2025-11-14;12;1094
26;2025-11-14;13;1128
26;2025-11-14;14;1351
26;2025-11-14;15;1335
26;2025-11-14;16;1632
26;2025-11-14;17;1758
26;2025-11-14;18;1289
26;2025-11-14;19;1010
26;2025-11-14;20;642
26;2025-11-14;21;459
26;2025-11-14;22;193
26;2025-11-14;23;150
26;2025-11-15;0;48
26;2025-11-15;1;2
26;2025-11-15;2;0
26;2025-11-15;3;0
26;2025-11-15;4;2
26;2025-11-15;5;48
26;2025-11-15;6;218
26;2025-11-15;7;348
26;2025-11-15;8;582
26;2025-11-15;9;628
26;2025-11-15;10;778
26;2025-11-15;11;933
26;2025-11-15;12;1006
26;2025-11-15;13;983
26;2025-11-15;14;1030
26;2025-11-15;15;927
26;2025-11-15;16;973
26;2025-11-15;17;890
26;2025-11-15;18;821
26;2025-11-15;19;714
26;2025-11-15;20;504
26;2025-11-15;21;327
26;2025-11-15;22;188
26;2025-11-15;23;146
26;2025-11-16;0;48
26;2025-11-16;1;4
26;2025-11-16;2;0
26;2025-11-16;3;0
26;2025-11-16;4;1
26;2025-11-16;5;20
26;2025-11-16;6;155
26;2025-11-16;7;255
26;2025-11-16;8;378
26;2025-11-16;9;518
26;2025-11-16;10;583
26;2025-11-16;11;815
26;2025-11-16;12;805
26;2025-11-16;13;866
26;2025-11-16;14;846
26;2025-11-16;15;774
26;2025-11-16;16;738
26;2025-11-16;17;764
26;2025-11-16;18;685
26;2025-11-16;19;501
26;2025-11-16;20;393
26;2025-11-16;21;273
26;2025-11-16;22;158
26;2025-11-16;23;104
26;2025-11-17;0;24
26;2025-11-17;1;2
26;2025-11-17;2;0
26;2025-11-17;3;0
26;2025-11-17;4;1
26;2025-11-17;5;92
26;2025-11-17;6;457
26;2025-11-17;7;1122
26;2025-11-17;8;2193
26;2025-11-17;9;1394
26;2025-11-17;10;1205
26;2025-11-17;11;1033
26;2025-11-17;12;1065
26;2025-11-17;13;1136
26;2025-11-17;14;1256
26;2025-11-17;15;1287
26;2025-11-17;16;1388
26;2025-11-17;17;1690
26;2025-11-17;18;1849
26;2025-11-17;19;1179
26;2025-11-17;20;733
26;2025-11-17;21;458
26;2025-11-17;22;190
26;2025-11-17;23;107
26;2025-11-18;0;33
26;2025-11-18;1;0
26;2025-11-18;2;0
26;2025-11-18;3;0
26;2025-11-18;4;2
26;2025-11-18;5;98
26;2025-11-18;6;462
26;2025-11-18;7;1088
26;2025-11-18;8;2256
26;2025-11-18;9;1468
26;2025-11-18;10;1211
26;2025-11-18;11;1111
26;2025-11-18;12;1194
26;2025-11-18;13;1169
26;2025-11-18;14;1345
26;2025-11-18;15;1388
26;2025-11-18;16;1501
26;2025-11-18;17;1732
26;2025-11-18;18;1879
26;2025-11-18;19;1247
26;2025-11-18;20;743
26;2025-11-18;21;499
26;2025-11-18;22;203
26;2025-11-18;23;126
26;2025-11-19;0;33
26;2025-11-19;1;0
26;2025-11-19;2;0
26;2025-11-19;3;0
26;2025-11-19;4;2
26;2025-11-19;5;98
26;2025-11-19;6;462
26;2025-11-19;7;1088
26;2025-11-19;8;2256
26;2025-11-19;9;1468
26;2025-11-19;10;1211
26;2025-11-19;11;1111
26;2025-11-19;12;1194
26;2025-11-19;13;1169
26;2025-11-19;14;1345
26;2025-11-19;15;1388
26;2025-11-19;16;1501
26;2025-11-19;17;1732
26;2025-11-19;18;1879
26;2025-11-19;19;1247
26;2025-11-19;20;743
26;2025-11-19;21;499
26;2025-11-19;22;203
26;2025-11-19;23;126
26;2025-11-20;0;33
26;2025-11-20;1;0
26;2025-11-20;2;0
26;2025-11-20;3;0
26;2025-11-20;4;2
26;2025-11-20;5;98
26;2025-11-20;6;462
26;2025-11-20;7;1088
26;2025-11-20;8;2256
26;2025-11-20;9;1468
26;2025-11-20;10;1211
26;2025-11-20;11;1111
26;2025-11-20;12;1194
26;2025-11-20;13;1169
26;2025-11-20;14;1345
26;2025-11-20;15;1388
26;2025-11-20;16;1501
26;2025-11-20;17;1732
26;2025-11-20;18;1879
26;2025-11-20;19;1247
26;2025-11-20;20;743
26;2025-11-20;21;499
26;2025-11-20;22;203
26;2025-11-20;23;126
26;2025-11-21;0;30
26;2025-11-21;1;1
26;2025-11-21;2;0
26;2025-11-21;3;0
26;2025-11-21;4;1
26;2025-11-21;5;83
26;2025-11-21;6;481
26;2025-11-21;7;1013
26;2025-11-21;8;2196
26;2025-11-21;9;1375
26;2025-11-21;10;1235
26;2025-11-21;11;1103
26;2025-11-21;12;1094
26;2025-11-21;13;1128
26;2025-11-21;14;1351
26;2025-11-21;15;1335
26;2025-11-21;16;1632
26;2025-11-21;17;1758
26;2025-11-21;18;1289
26;2025-11-21;19;1010
26;2025-11-21;20;642
26;2025-11-21;21;459
26;2025-11-21;22;193
26;2025-11-21;23;150
26;2025-11-22;0;52
26;2025-11-22;1;2
26;2025-11-22;2;0
26;2025-11-22;3;0
26;2025-11-22;4;2
26;2025-11-22;5;50
26;2025-11-22;6;229
26;2025-11-22;7;367
26;2025-11-22;8;614
26;2025-11-22;9;663
26;2025-11-22;10;820
26;2025-11-22;11;984
26;2025-11-22;12;1060
26;2025-11-22;13;1036
26;2025-11-22;14;1086
26;2025-11-22;15;978
26;2025-11-22;16;1026
26;2025-11-22;17;938
26;2025-11-22;18;867
26;2025-11-22;19;753
26;2025-11-22;20;531
26;2025-11-22;21;345
26;2025-11-22;22;198
26;2025-11-22;23;155
26;2025-11-23;0;48
26;2025-11-23;1;4
26;2025-11-23;2;0
26;2025-11-23;3;0
26;2025-11-23;4;1
26;2025-11-23;5;20
26;2025-11-23;6;155
26;2025-11-23;7;255
26;2025-11-23;8;378
26;2025-11-23;9;518
26;2025-11-23;10;583
26;2025-11-23;11;815
26;2025-11-23;12;805
26;2025-11-23;13;866
26;2025-11-23;14;846
26;2025-11-23;15;774
26;2025-11-23;16;738
26;2025-11-23;17;764
26;2025-11-23;18;685
26;2025-11-23;19;501
26;2025-11-23;20;393
26;2025-11-23;21;273
26;2025-11-23;22;158
26;2025-11-23;23;104
26;2025-11-24;0;24
26;2025-11-24;1;2
26;2025-11-24;2;0
26;2025-11-24;3;0
26;2025-11-24;4;1
26;2025-11-24;5;92
26;2025-11-24;6;457
26;2025-11-24;7;1122
26;2025-11-24;8;2193
26;2025-11-24;9;1394
26;2025-11-24;10;1205
26;2025-11-24;11;1033
26;2025-11-24;12;1065
26;2025-11-24;13;1136
26;2025-11-24;14;1256
26;2025-11-24;15;1287
26;2025-11-24;16;1388
26;2025-11-24;17;1690
26;2025-11-24;18;1849
26;2025-11-24;19;1179
26;2025-11-24;20;733
26;2025-11-24;21;458
26;2025-11-24;22;190
26;2025-11-24;23;107
26;2025-11-25;0;33
26;2025-11-25;1;0
26;2025-11-25;2;0
26;2025-11-25;3;0
26;2025-11-25;4;2
26;2025-11-25;5;98
26;2025-11-25;6;462
26;2025-11-25;7;1088
26;2025-11-25;8;2256
26;2025-11-25;9;1468
26;2025-11-25;10;1211
26;2025-11-25;11;1111
26;2025-11-25;12;1194
26;2025-11-25;13;1169
26;2025-11-25;14;1345
26;2025-11-25;15;1388
26;2025-11-25;16;1501
26;2025-11-25;17;1732
26;2025-11-25;18;1879
26;2025-11-25;19;1247
26;2025-11-25;20;743
26;2025-11-25;21;499
26;2025-11-25;22;203
26;2025-11-25;23;126
26;2025-11-26;0;33
26;2025-11-26;1;0
26;2025-11-26;2;0
26;2025-11-26;3;0
26;2025-11-26;4;2
26;2025-11-26;5;98
26;2025-11-26;6;462
26;2025-11-26;7;1088
26;2025-11-26;8;2256
26;2025-11-26;9;1468
26;2025-11-26;10;1211
26;2025-11-26;11;1111
26;2025-11-26;12;1194
26;2025-11-26;13;1169
26;2025-11-26;14;1345
26;2025-11-26;15;1388
26;2025-11-26;16;1501
26;2025-11-26;17;1732
26;2025-11-26;18;1879
26;2025-11-26;19;1247
26;2025-11-26;20;743
26;2025-11-26;21;499
26;2025-11-26;22;203
26;2025-11-26;23;126
26;2025-11-27;0;33
26;2025-11-27;1;0
26;2025-11-27;2;0
26;2025-11-27;3;0
26;2025-11-27;4;2
26;2025-11-27;5;98
26;2025-11-27;6;462
26;2025-11-27;7;1088
26;2025-11-27;8;2256
26;2025-11-27;9;1468
26;2025-11-27;10;1211
26;2025-11-27;11;1111
26;2025-11-27;12;1194
26;2025-11-27;13;1169
26;2025-11-27;14;1345
26;2025-11-27;15;1388
26;2025-11-27;16;1501
26;2025-11-27;17;1732
26;2025-11-27;18;1879
26;2025-11-27;19;1247
26;2025-11-27;20;743
26;2025-11-27;21;499
26;2025-11-27;22;203
26;2025-11-27;23;126
26;2025-11-28;0;30
26;2025-11-28;1;1
26;2025-11-28;2;0
26;2025-11-28;3;0
26;2025-11-28;4;1
26;2025-11-28;5;83
26;2025-11-28;6;481
26;2025-11-28;7;1013
26;2025-11-28;8;2196
26;2025-11-28;9;1375
26;2025-11-28;10;1235
26;2025-11-28;11;1103
26;2025-11-28;12;1094
26;2025-11-28;13;1128
26;2025-11-28;14;1351
26;2025-11-28;15;1335
26;2025-11-28;16;1632
26;2025-11-28;17;1758
26;2025-11-28;18;1289
26;2025-11-28;19;1010
26;2025-11-28;20;642
26;2025-11-28;21;459
26;2025-11-28;22;193
26;2025-11-28;23;150
26;2025-11-29;0;52
26;2025-11-29;1;2
26;2025-11-29;2;0
26;2025-11-29;3;0
26;2025-11-29;4;2
26;2025-11-29;5;50
26;2025-11-29;6;229
26;2025-11-29;7;367
26;2025-11-29;8;614
26;2025-11-29;9;663
26;2025-11-29;10;820
26;2025-11-29;11;984
26;2025-11-29;12;1060
26;2025-11-29;13;1036
26;2025-11-29;14;1086
26;2025-11-29;15;978
26;2025-11-29;16;1026
26;2025-11-29;17;938
26;2025-11-29;18;867
26;2025-11-29;19;753
26;2025-11-29;20;531
26;2025-11-29;21;345
26;2025-11-29;22;198
26;2025-11-29;23;155
26;2025-11-30;0;48
26;2025-11-30;1;4
26;2025-11-30;2;0
26;2025-11-30;3;0
26;2025-11-30;4;1
26;2025-11-30;5;20
26;2025-11-30;6;155
26;2025-11-30;7;255
26;2025-11-30;8;378
26;2025-11-30;9;518
26;2025-11-30;10;583
26;2025-11-30;11;815
26;2025-11-30;12;805
26;2025-11-30;13;866
26;2025-11-30;14;846
26;2025-11-30;15;774
26;2025-11-30;16;738
26;2025-11-30;17;764
26;2025-11-30;18;685
26;2025-11-30;19;501
26;2025-11-30;20;393
26;2025-11-30;21;273
26;2025-11-30;22;158
26;2025-11-30;23;104
26;2025-12-01;0;24
26;2025-12-01;1;2
26;2025-12-01;2;0
26;2025-12-01;3;0
26;2025-12-01;4;1
26;2025-12-01;5;92
26;2025-12-01;6;457
26;2025-12-01;7;1122
26;2025-12-01;8;2193
26;2025-12-01;9;1394
26;2025-12-01;10;1205
26;2025-12-01;11;1033
26;2025-12-01;12;1065
26;2025-12-01;13;1136
26;2025-12-01;14;1256
26;2025-12-01;15;1287
26;2025-12-01;16;1388
26;2025-12-01;17;1690
26;2025-12-01;18;1849
26;2025-12-01;19;1179
26;2025-12-01;20;733
26;2025-12-01;21;458
26;2025-12-01;22;190
26;2025-12-01;23;107
26;2025-12-02;0;33
26;2025-12-02;1;0
26;2025-12-02;2;0
26;2025-12-02;3;0
26;2025-12-02;4;2
26;2025-12-02;5;98
26;2025-12-02;6;462
26;2025-12-02;7;1088
26;2025-12-02;8;2256
26;2025-12-02;9;1468
26;2025-12-02;10;1211
26;2025-12-02;11;1111
26;2025-12-02;12;1194
26;2025-12-02;13;1169
26;2025-12-02;14;1345
26;2025-12-02;15;1388
26;2025-12-02;16;1501
26;2025-12-02;17;1732
26;2025-12-02;18;1879
26;2025-12-02;19;1247
26;2025-12-02;20;743
26;2025-12-02;21;499
26;2025-12-02;22;203
26;2025-12-02;23;126
26;2025-12-03;0;33
26;2025-12-03;1;0
26;2025-12-03;2;0
26;2025-12-03;3;0
26;2025-12-03;4;2
26;2025-12-03;5;98
26;2025-12-03;6;462
26;2025-12-03;7;1088
26;2025-12-03;8;2256
26;2025-12-03;9;1468
26;2025-12-03;10;1211
26;2025-12-03;11;1111
26;2025-12-03;12;1194
26;2025-12-03;13;1169
26;2025-12-03;14;1345
26;2025-12-03;15;1388
26;2025-12-03;16;1501
26;2025-12-03;17;1732
26;2025-12-03;18;1879
26;2025-12-03;19;1247
26;2025-12-03;20;743
26;2025-12-03;21;499
26;2025-12-03;22;203
26;2025-12-03;23;126
26;2025-12-04;0;33
26;2025-12-04;1;0
26;2025-12-04;2;0
26;2025-12-04;3;0
26;2025-12-04;4;2
26;2025-12-04;5;98
26;2025-12-04;6;462
26;2025-12-04;7;1088
26;2025-12-04;8;2256
26;2025-12-04;9;1468
26;2025-12-04;10;1211
26;2025-12-04;11;1111
26;2025-12-04;12;1194
26;2025-12-04;13;1169
26;2025-12-04;14;1345
26;2025-12-04;15;1388
26;2025-12-04;16;1501
26;2025-12-04;17;1732
26;2025-12-04;18;1879
26;2025-12-04;19;1247
26;2025-12-04;20;743
26;2025-12-04;21;499
26;2025-12-04;22;203
26;2025-12-04;23;126
26;2025-12-05;0;30
26;2025-12-05;1;1
26;2025-12-05;2;0
26;2025-12-05;3;0
26;2025-12-05;4;1
26;2025-12-05;5;83
26;2025-12-05;6;481
26;2025-12-05;7;1013
26;2025-12-05;8;2196
26;2025-12-05;9;1375
26;2025-12-05;10;1235
26;2025-12-05;11;1103
26;2025-12-05;12;1094
26;2025-12-05;13;1128
26;2025-12-05;14;1351
26;2025-12-05;15;1335
26;2025-12-05;16;1632
26;2025-12-05;17;1758
26;2025-12-05;18;1289
26;2025-12-05;19;1010
26;2025-12-05;20;642
26;2025-12-05;21;459
26;2025-12-05;22;193
26;2025-12-05;23;150
26;2025-12-06;0;52
26;2025-12-06;1;2
26;2025-12-06;2;0
26;2025-12-06;3;0
26;2025-12-06;4;2
26;2025-12-06;5;50
26;2025-12-06;6;229
26;2025-12-06;7;367
26;2025-12-06;8;614
26;2025-12-06;9;663
26;2025-12-06;10;820
26;2025-12-06;11;984
26;2025-12-06;12;1060
26;2025-12-06;13;1036
26;2025-12-06;14;1086
26;2025-12-06;15;978
26;2025-12-06;16;1026
26;2025-12-06;17;938
26;2025-12-06;18;867
26;2025-12-06;19;753
26;2025-12-06;20;531
26;2025-12-06;21;345
26;2025-12-06;22;198
26;2025-12-06;23;155
26;2025-12-07;0;48
26;2025-12-07;1;4
26;2025-12-07;2;0
26;2025-12-07;3;0
26;2025-12-07;4;1
26;2025-12-07;5;20
26;2025-12-07;6;155
26;2025-12-07;7;255
26;2025-12-07;8;378
26;2025-12-07;9;518
26;2025-12-07;10;583
26;2025-12-07;11;815
26;2025-12-07;12;805
26;2025-12-07;13;866
26;2025-12-07;14;846
26;2025-12-07;15;774
26;2025-12-07;16;738
26;2025-12-07;17;764
26;2025-12-07;18;685
26;2025-12-07;19;501
26;2025-12-07;20;393
26;2025-12-07;21;273
26;2025-12-07;22;158
26;2025-12-07;23;104
26;2025-12-08;0;24
26;2025-12-08;1;2
26;2025-12-08;2;0
26;2025-12-08;3;0
26;2025-12-08;4;1
26;2025-12-08;5;92
26;2025-12-08;6;457
26;2025-12-08;7;1122
26;2025-12-08;8;2193
26;2025-12-08;9;1394
26;2025-12-08;10;1205
26;2025-12-08;11;1033
26;2025-12-08;12;1065
26;2025-12-08;13;1136
26;2025-12-08;14;1256
26;2025-12-08;15;1287
26;2025-12-08;16;1388
26;2025-12-08;17;1690
26;2025-12-08;18;1849
26;2025-12-08;19;1179
26;2025-12-08;20;733
26;2025-12-08;21;458
26;2025-12-08;22;190
26;2025-12-08;23;107
26;2025-12-09;0;33
26;2025-12-09;1;0
26;2025-12-09;2;0
26;2025-12-09;3;0
26;2025-12-09;4;2
26;2025-12-09;5;98
26;2025-12-09;6;462
26;2025-12-09;7;1088
26;2025-12-09;8;2256
26;2025-12-09;9;1468
26;2025-12-09;10;1211
26;2025-12-09;11;1111
26;2025-12-09;12;1194
26;2025-12-09;13;1169
26;2025-12-09;14;1345
26;2025-12-09;15;1388
26;2025-12-09;16;1501
26;2025-12-09;17;1732
26;2025-12-09;18;1879
26;2025-12-09;19;1247
26;2025-12-09;20;743
26;2025-12-09;21;499
26;2025-12-09;22;203
26;2025-12-09;23;126
26;2025-12-10;0;33
26;2025-12-10;1;0
26;2025-12-10;2;0
26;2025-12-10;3;0
26;2025-12-10;4;2
26;2025-12-10;5;98
26;2025-12-10;6;462
26;2025-12-10;7;1088
26;2025-12-10;8;2256
26;2025-12-10;9;1468
26;2025-12-10;10;1211
26;2025-12-10;11;1111
26;2025-12-10;12;1194
26;2025-12-10;13;1169
26;2025-12-10;14;1345
26;2025-12-10;15;1388
26;2025-12-10;16;1501
26;2025-12-10;17;1732
26;2025-12-10;18;1879
26;2025-12-10;19;1247
26;2025-12-10;20;743
26;2025-12-10;21;499
26;2025-12-10;22;203
26;2025-12-10;23;126
26;2025-12-11;0;33
26;2025-12-11;1;0
26;2025-12-11;2;0
26;2025-12-11;3;0
26;2025-12-11;4;2
26;2025-12-11;5;98
26;2025-12-11;6;462
26;2025-12-11;7;1088
26;2025-12-11;8;2256
26;2025-12-11;9;1468
26;2025-12-11;10;1211
26;2025-12-11;11;1111
26;2025-12-11;12;1194
26;2025-12-11;13;1169
26;2025-12-11;14;1345
26;2025-12-11;15;1388
26;2025-12-11;16;1501
26;2025-12-11;17;1732
26;2025-12-11;18;1879
26;2025-12-11;19;1247
26;2025-12-11;20;743
26;2025-12-11;21;499
26;2025-12-11;22;203
26;2025-12-11;23;126
26;2025-12-12;0;30
26;2025-12-12;1;1
26;2025-12-12;2;0
26;2025-12-12;3;0
26;2025-12-12;4;1
26;2025-12-12;5;83
26;2025-12-12;6;481
26;2025-12-12;7;1013
26;2025-12-12;8;2196
26;2025-12-12;9;1375
26;2025-12-12;10;1235
26;2025-12-12;11;1103
26;2025-12-12;12;1094
26;2025-12-12;13;1128
26;2025-12-12;14;1351
26;2025-12-12;15;1335
26;2025-12-12;16;1632
26;2025-12-12;17;1758
26;2025-12-12;18;1289
26;2025-12-12;19;1010
26;2025-12-12;20;642
26;2025-12-12;21;459
26;2025-12-12;22;193
26;2025-12-12;23;150
26;2025-12-13;0;52
26;2025-12-13;1;2
26;2025-12-13;2;0
26;2025-12-13;3;0
26;2025-12-13;4;2
26;2025-12-13;5;50
26;2025-12-13;6;229
26;2025-12-13;7;367
26;2025-12-13;8;614
26;2025-12-13;9;663
26;2025-12-13;10;820
26;2025-12-13;11;984
26;2025-12-13;12;1060
26;2025-12-13;13;1036
26;2025-12-13;14;1086
26;2025-12-13;15;978
26;2025-12-13;16;1026
26;2025-12-13;17;938
26;2025-12-13;18;867
26;2025-12-13;19;753
26;2025-12-13;20;531
26;2025-12-13;21;345
26;2025-12-13;22;198
26;2025-12-13;23;155
26;2025-12-14;0;48
26;2025-12-14;1;4
26;2025-12-14;2;0
26;2025-12-14;3;0
26;2025-12-14;4;1
26;2025-12-14;5;20
26;2025-12-14;6;155
26;2025-12-14;7;255
26;2025-12-14;8;378
26;2025-12-14;9;518
26;2025-12-14;10;583
26;2025-12-14;11;815
26;2025-12-14;12;805
26;2025-12-14;13;866
26;2025-12-14;14;846
26;2025-12-14;15;774
26;2025-12-14;16;738
26;2025-12-14;17;764
26;2025-12-14;18;685
26;2025-12-14;19;501
26;2025-12-14;20;393
26;2025-12-14;21;273
26;2025-12-14;22;158
26;2025-12-14;23;104
26;2025-12-15;0;24
26;2025-12-15;1;2
26;2025-12-15;2;0
26;2025-12-15;3;0
26;2025-12-15;4;1
26;2025-12-15;5;92
26;2025-12-15;6;457
26;2025-12-15;7;1122
26;2025-12-15;8;2193
26;2025-12-15;9;1394
26;2025-12-15;10;1205
26;2025-12-15;11;1033
26;2025-12-15;12;1065
26;2025-12-15;13;1136
26;2025-12-15;14;1256
26;2025-12-15;15;1287
26;2025-12-15;16;1388
26;2025-12-15;17;1690
26;2025-12-15;18;1849
26;2025-12-15;19;1179
26;2025-12-15;20;733
26;2025-12-15;21;458
26;2025-12-15;22;190
26;2025-12-15;23;107
26;2025-12-16;0;33
26;2025-12-16;1;0
26;2025-12-16;2;0
26;2025-12-16;3;0
26;2025-12-16;4;2
26;2025-12-16;5;98
26;2025-12-16;6;462
26;2025-12-16;7;1088
26;2025-12-16;8;2256
26;2025-12-16;9;1468
26;2025-12-16;10;1211
26;2025-12-16;11;1111
26;2025-12-16;12;1194
26;2025-12-16;13;1169
26;2025-12-16;14;1345
26;2025-12-16;15;1388
26;2025-12-16;16;1501
26;2025-12-16;17;1732
26;2025-12-16;18;1879
26;2025-12-16;19;1247
26;2025-12-16;20;743
26;2025-12-16;21;499
26;2025-12-16;22;203
26;2025-12-16;23;126
26;2025-12-17;0;33
26;2025-12-17;1;0
26;2025-12-17;2;0
26;2025-12-17;3;0
26;2025-12-17;4;2
26;2025-12-17;5;98
26;2025-12-17;6;462
26;2025-12-17;7;1088
26;2025-12-17;8;2256
26;2025-12-17;9;1468
26;2025-12-17;10;1211
26;2025-12-17;11;1111
26;2025-12-17;12;1194
26;2025-12-17;13;1169
26;2025-12-17;14;1345
26;2025-12-17;15;1388
26;2025-12-17;16;1501
26;2025-12-17;17;1732
26;2025-12-17;18;1879
26;2025-12-17;19;1247
26;2025-12-17;20;743
26;2025-12-17;21;499
26;2025-12-17;22;203
26;2025-12-17;23;126
26;2025-12-18;0;33
26;2025-12-18;1;0
26;2025-12-18;2;0
26;2025-12-18;3;0
26;2025-12-18;4;2
26;2025-12-18;5;98
26;2025-12-18;6;462
26;2025-12-18;7;1088
26;2025-12-18;8;2256
26;2025-12-18;9;1468
26;2025-12-18;10;1211
26;2025-12-18;11;1111
26;2025-12-18;12;1194
26;2025-12-18;13;1169
26;2025-12-18;14;1345
26;2025-12-18;15;1388
26;2025-12-18;16;1501
26;2025-12-18;17;1732
26;2025-12-18;18;1879
26;2025-12-18;19;1247
26;2025-12-18;20;743
26;2025-12-18;21;499
26;2025-12-18;22;203
26;2025-12-18;23;126
26;2025-12-19;0;30
26;2025-12-19;1;1
26;2025-12-19;2;0
26;2025-12-19;3;0
26;2025-12-19;4;1
26;2025-12-19;5;83
26;2025-12-19;6;481
26;2025-12-19;7;1013
26;2025-12-19;8;2196
26;2025-12-19;9;1375
26;2025-12-19;10;1235
26;2025-12-19;11;1103
26;2025-12-19;12;1094
26;2025-12-19;13;1128
26;2025-12-19;14;1351
26;2025-12-19;15;1335
26;2025-12-19;16;1632
26;2025-12-19;17;1758
26;2025-12-19;18;1289
26;2025-12-19;19;1010
26;2025-12-19;20;642
26;2025-12-19;21;459
26;2025-12-19;22;193
26;2025-12-19;23;150
26;2025-12-20;0;52
26;2025-12-20;1;2
26;2025-12-20;2;0
26;2025-12-20;3;0
26;2025-12-20;4;2
26;2025-12-20;5;50
26;2025-12-20;6;229
26;2025-12-20;7;367
26;2025-12-20;8;614
26;2025-12-20;9;663
26;2025-12-20;10;820
26;2025-12-20;11;984
26;2025-12-20;12;1060
26;2025-12-20;13;1036
26;2025-12-20;14;1086
26;2025-12-20;15;978
26;2025-12-20;16;1026
26;2025-12-20;17;938
26;2025-12-20;18;867
26;2025-12-20;19;753
26;2025-12-20;20;531
26;2025-12-20;21;345
26;2025-12-20;22;198
26;2025-12-20;23;155
26;2025-12-21;0;48
26;2025-12-21;1;4
26;2025-12-21;2;0
26;2025-12-21;3;0
26;2025-12-21;4;1
26;2025-12-21;5;20
26;2025-12-21;6;155
26;2025-12-21;7;255
26;2025-12-21;8;378
26;2025-12-21;9;518
26;2025-12-21;10;583
26;2025-12-21;11;815
26;2025-12-21;12;805
26;2025-12-21;13;866
26;2025-12-21;14;846
26;2025-12-21;15;774
26;2025-12-21;16;738
26;2025-12-21;17;764
26;2025-12-21;18;685
26;2025-12-21;19;501
26;2025-12-21;20;393
26;2025-12-21;21;273
26;2025-12-21;22;158
26;2025-12-21;23;104
26;2025-12-22;0;24
26;2025-12-22;1;2
26;2025-12-22;2;0
26;2025-12-22;3;0
26;2025-12-22;4;1
26;2025-12-22;5;92
26;2025-12-22;6;457
26;2025-12-22;7;1122
26;2025-12-22;8;2193
26;2025-12-22;9;1394
26;2025-12-22;10;1205
26;2025-12-22;11;1033
26;2025-12-22;12;1065
26;2025-12-22;13;1136
26;2025-12-22;14;1256
26;2025-12-22;15;1287
26;2025-12-22;16;1388
26;2025-12-22;17;1690
26;2025-12-22;18;1849
26;2025-12-22;19;1179
26;2025-12-22;20;733
26;2025-12-22;21;458
26;2025-12-22;22;190
26;2025-12-22;23;107
26;2025-12-23;0;33
26;2025-12-23;1;0
26;2025-12-23;2;0
26;2025-12-23;3;0
26;2025-12-23;4;2
26;2025-12-23;5;98
26;2025-12-23;6;462
26;2025-12-23;7;1088
26;2025-12-23;8;2256
26;2025-12-23;9;1468
26;2025-12-23;10;1211
26;2025-12-23;11;1111
26;2025-12-23;12;1194
26;2025-12-23;13;1169
26;2025-12-23;14;1345
26;2025-12-23;15;1388
26;2025-12-23;16;1501
26;2025-12-23;17;1732
26;2025-12-23;18;1879
26;2025-12-23;19;1247
26;2025-12-23;20;743
26;2025-12-23;21;499
26;2025-12-23;22;203
26;2025-12-23;23;126
26;2025-12-24;0;33
26;2025-12-24;1;0
26;2025-12-24;2;0
26;2025-12-24;3;0
26;2025-12-24;4;2
26;2025-12-24;5;98
26;2025-12-24;6;462
26;2025-12-24;7;1088
26;2025-12-24;8;2256
26;2025-12-24;9;1468
26;2025-12-24;10;1211
26;2025-12-24;11;1111
26;2025-12-24;12;1194
26;2025-12-24;13;1169
26;2025-12-24;14;1345
26;2025-12-24;15;1388
26;2025-12-24;16;1501
26;2025-12-24;17;1732
26;2025-12-24;18;1879
26;2025-12-24;19;1247
26;2025-12-24;20;743
26;2025-12-24;21;499
26;2025-12-24;22;203
26;2025-12-24;23;126
26;2025-12-25;0;33
26;2025-12-25;1;0
26;2025-12-25;2;0
26;2025-12-25;3;0
26;2025-12-25;4;2
26;2025-12-25;5;98
26;2025-12-25;6;462
26;2025-12-25;7;1088
26;2025-12-25;8;2256
26;2025-12-25;9;1468
26;2025-12-25;10;1211
26;2025-12-25;11;1111
26;2025-12-25;12;1194
26;2025-12-25;13;1169
26;2025-12-25;14;1345
26;2025-12-25;15;1388
26;2025-12-25;16;1501
26;2025-12-25;17;1732
26;2025-12-25;18;1879
26;2025-12-25;19;1247
26;2025-12-25;20;743
26;2025-12-25;21;499
26;2025-12-25;22;203
26;2025-12-25;23;126
26;2025-12-26;0;30
26;2025-12-26;1;1
26;2025-12-26;2;0
26;2025-12-26;3;0
26;2025-12-26;4;1
26;2025-12-26;5;83
26;2025-12-26;6;481
26;2025-12-26;7;1013
26;2025-12-26;8;2196
26;2025-12-26;9;1375
26;2025-12-26;10;1235
26;2025-12-26;11;1103
26;2025-12-26;12;1094
26;2025-12-26;13;1128
26;2025-12-26;14;1351
26;2025-12-26;15;1335
26;2025-12-26;16;1632
26;2025-12-26;17;1758
26;2025-12-26;18;1289
26;2025-12-26;19;1010
26;2025-12-26;20;642
26;2025-12-26;21;459
26;2025-12-26;22;193
26;2025-12-26;23;150
26;2025-12-27;0;52
26;2025-12-27;1;2
26;2025-12-27;2;0
26;2025-12-27;3;0
26;2025-12-27;4;2
26;2025-12-27;5;50
26;2025-12-27;6;229
26;2025-12-27;7;367
26;2025-12-27;8;614
26;2025-12-27;9;663
26;2025-12-27;10;820
26;2025-12-27;11;984
26;2025-12-27;12;1060
26;2025-12-27;13;1036
26;2025-12-27;14;1086
26;2025-12-27;15;978
26;2025-12-27;16;1026
26;2025-12-27;17;938
26;2025-12-27;18;867
26;2025-12-27;19;753
26;2025-12-27;20;531
26;2025-12-27;21;345
26;2025-12-27;22;198
26;2025-12-27;23;155
26;2025-12-28;0;48
26;2025-12-28;1;4
26;2025-12-28;2;0
26;2025-12-28;3;0
26;2025-12-28;4;1
26;2025-12-28;5;20
26;2025-12-28;6;155
26;2025-12-28;7;255
26;2025-12-28;8;378
26;2025-12-28;9;518
26;2025-12-28;10;583
26;2025-12-28;11;815
26;2025-12-28;12;805
26;2025-12-28;13;866
26;2025-12-28;14;846
26;2025-12-28;15;774
26;2025-12-28;16;738
26;2025-12-28;17;764
26;2025-12-28;18;685
26;2025-12-28;19;501
26;2025-12-28;20;393
26;2025-12-28;21;273
26;2025-12-28;22;158
26;2025-12-28;23;104
26;2025-12-29;0;26
26;2025-12-29;1;1
26;2025-12-29;2;0
26;2025-12-29;3;0
26;2025-12-29;4;1
26;2025-12-29;5;71
26;2025-12-29;6;413
26;2025-12-29;7;872
26;2025-12-29;8;1889
26;2025-12-29;9;1182
26;2025-12-29;10;1063
26;2025-12-29;11;948
26;2025-12-29;12;941
26;2025-12-29;13;971
26;2025-12-29;14;1163
26;2025-12-29;15;1148
26;2025-12-29;16;1404
26;2025-12-29;17;1512
26;2025-12-29;18;1108
26;2025-12-29;19;869
26;2025-12-29;20;552
26;2025-12-29;21;395
26;2025-12-29;22;166
26;2025-12-29;23;129
26;2025-12-30;0;26
26;2025-12-30;1;1
26;2025-12-30;2;0
26;2025-12-30;3;0
26;2025-12-30;4;1
26;2025-12-30;5;71
26;2025-12-30;6;413
26;2025-12-30;7;872
26;2025-12-30;8;1889
26;2025-12-30;9;1182
26;2025-12-30;10;1063
26;2025-12-30;11;948
26;2025-12-30;12;941
26;2025-12-30;13;971
26;2025-12-30;14;1163
26;2025-12-30;15;1148
26;2025-12-30;16;1404
26;2025-12-30;17;1512
26;2025-12-30;18;1108
26;2025-12-30;19;869
26;2025-12-30;20;552
26;2025-12-30;21;395
26;2025-12-30;22;166
26;2025-12-30;23;129
26;2025-12-31;0;43
26;2025-12-31;1;2
26;2025-12-31;2;0
26;2025-12-31;3;0
26;2025-12-31;4;1
26;2025-12-31;5;43
26;2025-12-31;6;195
26;2025-12-31;7;312
26;2025-12-31;8;521
26;2025-12-31;9;564
26;2025-12-31;10;697
26;2025-12-31;11;836
26;2025-12-31;12;902
26;2025-12-31;13;881
26;2025-12-31;14;923
26;2025-12-31;15;831
26;2025-12-31;16;872
26;2025-12-31;17;797
26;2025-12-31;18;736
26;2025-12-31;19;352
26;2025-12-31;20;248
26;2025-12-31;21;162
26;2025-12-31;22;93
26;2025-12-31;23;73
28;2025-11-01;0;2
28;2025-11-01;1;0
28;2025-11-01;2;0
28;2025-11-01;3;0
28;2025-11-01;4;1
28;2025-11-01;5;66
28;2025-11-01;6;241
28;2025-11-01;7;741
28;2025-11-01;8;1140
28;2025-11-01;9;730
28;2025-11-01;10;548
28;2025-11-01;11;524
28;2025-11-01;12;691
28;2025-11-01;13;629
28;2025-11-01;14;618
28;2025-11-01;15;634
28;2025-11-01;16;833
28;2025-11-01;17;874
28;2025-11-01;18;765
28;2025-11-01;19;569
28;2025-11-01;20;371
28;2025-11-01;21;288
28;2025-11-01;22;111
28;2025-11-01;23;16
28;2025-11-02;0;2
28;2025-11-02;1;0
28;2025-11-02;2;0
28;2025-11-02;3;0
28;2025-11-02;4;0
28;2025-11-02;5;30
28;2025-11-02;6;77
28;2025-11-02;7;166
28;2025-11-02;8;257
28;2025-11-02;9;355
28;2025-11-02;10;400
28;2025-11-02;11;438
28;2025-11-02;12;452
28;2025-11-02;13;551
28;2025-11-02;14;522
28;2025-11-02;15;518
28;2025-11-02;16;464
28;2025-11-02;17;501
28;2025-11-02;18;429
28;2025-11-02;19;389
28;2025-11-02;20;293
28;2025-11-02;21;235
28;2025-11-02;22;111
28;2025-11-02;23;13
28;2025-11-03;0;2
28;2025-11-03;1;0
28;2025-11-03;2;0
28;2025-11-03;3;0
28;2025-11-03;4;0
28;2025-11-03;5;29
28;2025-11-03;6;75
28;2025-11-03;7;160
28;2025-11-03;8;248
28;2025-11-03;9;343
28;2025-11-03;10;387
28;2025-11-03;11;423
28;2025-11-03;12;437
28;2025-11-03;13;533
28;2025-11-03;14;505
28;2025-11-03;15;501
28;2025-11-03;16;448
28;2025-11-03;17;484
28;2025-11-03;18;415
28;2025-11-03;19;376
28;2025-11-03;20;283
28;2025-11-03;21;227
28;2025-11-03;22;107
28;2025-11-03;23;12
28;2025-11-04;0;2
28;2025-11-04;1;0
28;2025-11-04;2;0
28;2025-11-04;3;0
28;2025-11-04;4;0
28;2025-11-04;5;29
28;2025-11-04;6;75
28;2025-11-04;7;160
28;2025-11-04;8;248
28;2025-11-04;9;343
28;2025-11-04;10;387
28;2025-11-04;11;423
28;2025-11-04;12;437
28;2025-11-04;13;533
28;2025-11-04;14;505
28;2025-11-04;15;501
28;2025-11-04;16;448
28;2025-11-04;17;484
28;2025-11-04;18;415
28;2025-11-04;19;376
28;2025-11-04;20;283
28;2025-11-04;21;227
28;2025-11-04;22;107
28;2025-11-04;23;12
28;2025-11-05;0;0
28;2025-11-05;1;0
28;2025-11-05;2;0
28;2025-11-05;3;0
28;2025-11-05;4;1
28;2025-11-05;5;80
28;2025-11-05;6;255
28;2025-11-05;7;811
28;2025-11-05;8;1341
28;2025-11-05;9;857
28;2025-11-05;10;634
28;2025-11-05;11;581
28;2025-11-05;12;720
28;2025-11-05;13;715
28;2025-11-05;14;686
28;2025-11-05;15;718
28;2025-11-05;16;916
28;2025-11-05;17;1097
28;2025-11-05;18;1074
28;2025-11-05;19;785
28;2025-11-05;20;552
28;2025-11-05;21;338
28;2025-11-05;22;122
28;2025-11-05;23;11
28;2025-11-06;0;0
28;2025-11-06;1;0
28;2025-11-06;2;0
28;2025-11-06;3;0
28;2025-11-06;4;1
28;2025-11-06;5;80
28;2025-11-06;6;255
28;2025-11-06;7;811
28;2025-11-06;8;1341
28;2025-11-06;9;857
28;2025-11-06;10;634
28;2025-11-06;11;581
28;2025-11-06;12;720
28;2025-11-06;13;715
28;2025-11-06;14;686
28;2025-11-06;15;718
28;2025-11-06;16;916
28;2025-11-06;17;1097
28;2025-11-06;18;1074
28;2025-11-06;19;785
28;2025-11-06;20;552
28;2025-11-06;21;338
28;2025-11-06;22;122
28;2025-11-06;23;11
28;2025-11-07;0;2
28;2025-11-07;1;0
28;2025-11-07;2;0
28;2025-11-07;3;0
28;2025-11-07;4;2
28;2025-11-07;5;77
28;2025-11-07;6;284
28;2025-11-07;7;873
28;2025-11-07;8;1341
28;2025-11-07;9;860
28;2025-11-07;10;645
28;2025-11-07;11;617
28;2025-11-07;12;813
28;2025-11-07;13;740
28;2025-11-07;14;727
28;2025-11-07;15;746
28;2025-11-07;16;981
28;2025-11-07;17;1027
28;2025-11-07;18;899
28;2025-11-07;19;670
28;2025-11-07;20;436
28;2025-11-07;21;338
28;2025-11-07;22;131
28;2025-11-07;23;19
28;2025-11-08;0;2
28;2025-11-08;1;0
28;2025-11-08;2;0
28;2025-11-08;3;0
28;2025-11-08;4;1
28;2025-11-08;5;39
28;2025-11-08;6;108
28;2025-11-08;7;237
28;2025-11-08;8;413
28;2025-11-08;9;466
28;2025-11-08;10;508
28;2025-11-08;11;513
28;2025-11-08;12;608
28;2025-11-08;13;614
28;2025-11-08;14;570
28;2025-11-08;15;617
28;2025-11-08;16;620
28;2025-11-08;17;595
28;2025-11-08;18;514
28;2025-11-08;19;389
28;2025-11-08;20;288
28;2025-11-08;21;262
28;2025-11-08;22;104
28;2025-11-08;23;12
28;2025-11-09;0;2
28;2025-11-09;1;0
28;2025-11-09;2;0
28;2025-11-09;3;0
28;2025-11-09;4;0
28;2025-11-09;5;30
28;2025-11-09;6;77
28;2025-11-09;7;166
28;2025-11-09;8;257
28;2025-11-09;9;355
28;2025-11-09;10;400
28;2025-11-09;11;438
28;2025-11-09;12;452
28;2025-11-09;13;551
28;2025-11-09;14;522
28;2025-11-09;15;518
28;2025-11-09;16;464
28;2025-11-09;17;501
28;2025-11-09;18;429
28;2025-11-09;19;389
28;2025-11-09;20;293
28;2025-11-09;21;235
28;2025-11-09;22;111
28;2025-11-09;23;13
28;2025-11-10;0;0
28;2025-11-10;1;1
28;2025-11-10;2;0
28;2025-11-10;3;0
28;2025-11-10;4;2
28;2025-11-10;5;74
28;2025-11-10;6;257
28;2025-11-10;7;742
28;2025-11-10;8;1274
28;2025-11-10;9;832
28;2025-11-10;10;626
28;2025-11-10;11;536
28;2025-11-10;12;700
28;2025-11-10;13;681
28;2025-11-10;14;638
28;2025-11-10;15;616
28;2025-11-10;16;890
28;2025-11-10;17;997
28;2025-11-10;18;948
28;2025-11-10;19;707
28;2025-11-10;20;456
28;2025-11-10;21;291
28;2025-11-10;22;103
28;2025-11-10;23;3
28;2025-11-11;0;0
28;2025-11-11;1;0
28;2025-11-11;2;0
28;2025-11-11;3;0
28;2025-11-11;4;1
28;2025-11-11;5;80
28;2025-11-11;6;255
28;2025-11-11;7;811
28;2025-11-11;8;1341
28;2025-11-11;9;857
28;2025-11-11;10;634
28;2025-11-11;11;581
28;2025-11-11;12;720
28;2025-11-11;13;715
28;2025-11-11;14;686
28;2025-11-11;15;718
28;2025-11-11;16;916
28;2025-11-11;17;1097
28;2025-11-11;18;1074
28;2025-11-11;19;785
28;2025-11-11;20;552
28;2025-11-11;21;338
28;2025-11-11;22;122
28;2025-11-11;23;11
28;2025-11-12;0;0
28;2025-11-12;1;0
28;2025-11-12;2;0
28;2025-11-12;3;0
28;2025-11-12;4;1
28;2025-11-12;5;80
28;2025-11-12;6;255
28;2025-11-12;7;811
28;2025-11-12;8;1341
28;2025-11-12;9;857
28;2025-11-12;10;634
28;2025-11-12;11;581
28;2025-11-12;12;720
28;2025-11-12;13;715
28;2025-11-12;14;686
28;2025-11-12;15;718
28;2025-11-12;16;916
28;2025-11-12;17;1097
28;2025-11-12;18;1074
28;2025-11-12;19;785
28;2025-11-12;20;552
28;2025-11-12;21;338
28;2025-11-12;22;122
28;2025-11-12;23;11
28;2025-11-13;0;0
28;2025-11-13;1;0
28;2025-11-13;2;0
28;2025-11-13;3;0
28;2025-11-13;4;1
28;2025-11-13;5;80
28;2025-11-13;6;255
28;2025-11-13;7;811
28;2025-11-13;8;1341
28;2025-11-13;9;857
28;2025-11-13;10;634
28;2025-11-13;11;581
28;2025-11-13;12;720
28;2025-11-13;13;715
28;2025-11-13;14;686
28;2025-11-13;15;718
28;2025-11-13;16;916
28;2025-11-13;17;1097
28;2025-11-13;18;1074
28;2025-11-13;19;785
28;2025-11-13;20;552
28;2025-11-13;21;338
28;2025-11-13;22;122
28;2025-11-13;23;11
28;2025-11-14;0;2
28;2025-11-14;1;0
28;2025-11-14;2;0
28;2025-11-14;3;0
28;2025-11-14;4;2
28;2025-11-14;5;77
28;2025-11-14;6;284
28;2025-11-14;7;873
28;2025-11-14;8;1341
28;2025-11-14;9;860
28;2025-11-14;10;645
28;2025-11-14;11;617
28;2025-11-14;12;813
28;2025-11-14;13;740
28;2025-11-14;14;727
28;2025-11-14;15;746
28;2025-11-14;16;981
28;2025-11-14;17;1027
28;2025-11-14;18;899
28;2025-11-14;19;670
28;2025-11-14;20;436
28;2025-11-14;21;338
28;2025-11-14;22;131
28;2025-11-14;23;19
28;2025-11-15;0;2
28;2025-11-15;1;0
28;2025-11-15;2;0
28;2025-11-15;3;0
28;2025-11-15;4;1
28;2025-11-15;5;37
28;2025-11-15;6;103
28;2025-11-15;7;225
28;2025-11-15;8;392
28;2025-11-15;9;441
28;2025-11-15;10;482
28;2025-11-15;11;487
28;2025-11-15;12;577
28;2025-11-15;13;582
28;2025-11-15;14;540
28;2025-11-15;15;585
28;2025-11-15;16;588
28;2025-11-15;17;565
28;2025-11-15;18;487
28;2025-11-15;19;369
28;2025-11-15;20;273
28;2025-11-15;21;247
28;2025-11-15;22;99
28;2025-11-15;23;11
28;2025-11-16;0;2
28;2025-11-16;1;0
28;2025-11-16;2;0
28;2025-11-16;3;0
28;2025-11-16;4;0
28;2025-11-16;5;30
28;2025-11-16;6;77
28;2025-11-16;7;166
28;2025-11-16;8;257
28;2025-11-16;9;355
28;2025-11-16;10;400
28;2025-11-16;11;438
28;2025-11-16;12;452
28;2025-11-16;13;551
28;2025-11-16;14;522
28;2025-11-16;15;518
28;2025-11-16;16;464
28;2025-11-16;17;501
28;2025-11-16;18;429
28;2025-11-16;19;389
28;2025-11-16;20;293
28;2025-11-16;21;235
28;2025-11-16;22;111
28;2025-11-16;23;13
28;2025-11-17;0;0
28;2025-11-17;1;1
28;2025-11-17;2;0
28;2025-11-17;3;0
28;2025-11-17;4;2
28;2025-11-17;5;74
28;2025-11-17;6;257
28;2025-11-17;7;742
28;2025-11-17;8;1274
28;2025-11-17;9;832
28;2025-11-17;10;626
28;2025-11-17;11;536
28;2025-11-17;12;700
28;2025-11-17;13;681
28;2025-11-17;14;638
28;2025-11-17;15;616
28;2025-11-17;16;890
28;2025-11-17;17;997
28;2025-11-17;18;948
28;2025-11-17;19;707
28;2025-11-17;20;456
28;2025-11-17;21;291
28;2025-11-17;22;103
28;2025-11-17;23;3
28;2025-11-18;0;0
28;2025-11-18;1;0
28;2025-11-18;2;0
28;2025-11-18;3;0
28;2025-11-18;4;1
28;2025-11-18;5;80
28;2025-11-18;6;255
28;2025-11-18;7;811
28;2025-11-18;8;1341
28;2025-11-18;9;857
28;2025-11-18;10;634
28;2025-11-18;11;581
28;2025-11-18;12;720
28;2025-11-18;13;715
28;2025-11-18;14;686
28;2025-11-18;15;718
28;2025-11-18;16;916
28;2025-11-18;17;1097
28;2025-11-18;18;1074
28;2025-11-18;19;785
28;2025-11-18;20;552
28;2025-11-18;21;338
28;2025-11-18;22;122
28;2025-11-18;23;11
28;2025-11-19;0;0
28;2025-11-19;1;0
28;2025-11-19;2;0
28;2025-11-19;3;0
28;2025-11-19;4;1
28;2025-11-19;5;80
28;2025-11-19;6;255
28;2025-11-19;7;811
28;2025-11-19;8;1341
28;2025-11-19;9;857
28;2025-11-19;10;634
28;2025-11-19;11;581
28;2025-11-19;12;720
28;2025-11-19;13;715
28;2025-11-19;14;686
28;2025-11-19;15;718
28;2025-11-19;16;916
28;2025-11-19;17;1097
28;2025-11-19;18;1074
28;2025-11-19;19;785
28;2025-11-19;20;552
28;2025-11-19;21;338
28;2025-11-19;22;122
28;2025-11-19;23;11
28;2025-11-20;0;0
28;2025-11-20;1;0
28;2025-11-20;2;0
28;2025-11-20;3;0
28;2025-11-20;4;1
28;2025-11-20;5;80
28;2025-11-20;6;255
28;2025-11-20;7;811
28;2025-11-20;8;1341
28;2025-11-20;9;857
28;2025-11-20;10;634
28;2025-11-20;11;581
28;2025-11-20;12;720
28;2025-11-20;13;715
28;2025-11-20;14;686
28;2025-11-20;15;718
28;2025-11-20;16;916
28;2025-11-20;17;1097
28;2025-11-20;18;1074
28;2025-11-20;19;785
28;2025-11-20;20;552
28;2025-11-20;21;338
28;2025-11-20;22;122
28;2025-11-20;23;11
28;2025-11-21;0;2
28;2025-11-21;1;0
28;2025-11-21;2;0
28;2025-11-21;3;0
28;2025-11-21;4;2
28;2025-11-21;5;77
28;2025-11-21;6;284
28;2025-11-21;7;873
28;2025-11-21;8;1341
28;2025-11-21;9;860
28;2025-11-21;10;645
28;2025-11-21;11;617
28;2025-11-21;12;813
28;2025-11-21;13;740
28;2025-11-21;14;727
28;2025-11-21;15;746
28;2025-11-21;16;981
28;2025-11-21;17;1027
28;2025-11-21;18;899
28;2025-11-21;19;670
28;2025-11-21;20;436
28;2025-11-21;21;338
28;2025-11-21;22;131
28;2025-11-21;23;19
28;2025-11-22;0;2
28;2025-11-22;1;0
28;2025-11-22;2;0
28;2025-11-22;3;0
28;2025-11-22;4;1
28;2025-11-22;5;39
28;2025-11-22;6;108
28;2025-11-22;7;237
28;2025-11-22;8;413
28;2025-11-22;9;466
28;2025-11-22;10;508
28;2025-11-22;11;513
28;2025-11-22;12;608
28;2025-11-22;13;614
28;2025-11-22;14;570
28;2025-11-22;15;617
28;2025-11-22;16;620
28;2025-11-22;17;595
28;2025-11-22;18;514
28;2025-11-22;19;389
28;2025-11-22;20;288
28;2025-11-22;21;262
28;2025-11-22;22;104
28;2025-11-22;23;12
28;2025-11-23;0;2
28;2025-11-23;1;0
28;2025-11-23;2;0
28;2025-11-23;3;0
28;2025-11-23;4;0
28;2025-11-23;5;30
28;2025-11-23;6;77
28;2025-11-23;7;166
28;2025-11-23;8;257
28;2025-11-23;9;355
28;2025-11-23;10;400
28;2025-11-23;11;438
28;2025-11-23;12;452
28;2025-11-23;13;551
28;2025-11-23;14;522
28;2025-11-23;15;518
28;2025-11-23;16;464
28;2025-11-23;17;501
28;2025-11-23;18;429
28;2025-11-23;19;389
28;2025-11-23;20;293
28;2025-11-23;21;235
28;2025-11-23;22;111
28;2025-11-23;23;13
28;2025-11-24;0;0
28;2025-11-24;1;1
28;2025-11-24;2;0
28;2025-11-24;3;0
28;2025-11-24;4;2
28;2025-11-24;5;74
28;2025-11-24;6;257
28;2025-11-24;7;742
28;2025-11-24;8;1274
28;2025-11-24;9;832
28;2025-11-24;10;626
28;2025-11-24;11;536
28;2025-11-24;12;700
28;2025-11-24;13;681
28;2025-11-24;14;638
28;2025-11-24;15;616
28;2025-11-24;16;890
28;2025-11-24;17;997
28;2025-11-24;18;948
28;2025-11-24;19;707
28;2025-11-24;20;456
28;2025-11-24;21;291
28;2025-11-24;22;103
28;2025-11-24;23;3
28;2025-11-25;0;0
28;2025-11-25;1;0
28;2025-11-25;2;0
28;2025-11-25;3;0
28;2025-11-25;4;1
28;2025-11-25;5;80
28;2025-11-25;6;255
28;2025-11-25;7;811
28;2025-11-25;8;1341
28;2025-11-25;9;857
28;2025-11-25;10;634
28;2025-11-25;11;581
28;2025-11-25;12;720
28;2025-11-25;13;715
28;2025-11-25;14;686
28;2025-11-25;15;718
28;2025-11-25;16;916
28;2025-11-25;17;1097
28;2025-11-25;18;1074
28;2025-11-25;19;785
28;2025-11-25;20;552
28;2025-11-25;21;338
28;2025-11-25;22;122
28;2025-11-25;23;11
28;2025-11-26;0;0
28;2025-11-26;1;0
28;2025-11-26;2;0
28;2025-11-26;3;0
28;2025-11-26;4;1
28;2025-11-26;5;80
28;2025-11-26;6;255
28;2025-11-26;7;811
28;2025-11-26;8;1341
28;2025-11-26;9;857
28;2025-11-26;10;634
28;2025-11-26;11;581
28;2025-11-26;12;720
28;2025-11-26;13;715
28;2025-11-26;14;686
28;2025-11-26;15;718
28;2025-11-26;16;916
28;2025-11-26;17;1097
28;2025-11-26;18;1074
28;2025-11-26;19;785
28;2025-11-26;20;552
28;2025-11-26;21;338
28;2025-11-26;22;122
28;2025-11-26;23;11
28;2025-11-27;0;0
28;2025-11-27;1;0
28;2025-11-27;2;0
28;2025-11-27;3;0
28;2025-11-27;4;1
28;2025-11-27;5;80
28;2025-11-27;6;255
28;2025-11-27;7;811
28;2025-11-27;8;1341
28;2025-11-27;9;857
28;2025-11-27;10;634
28;2025-11-27;11;581
28;2025-11-27;12;720
28;2025-11-27;13;715
28;2025-11-27;14;686
28;2025-11-27;15;718
28;2025-11-27;16;916
28;2025-11-27;17;1097
28;2025-11-27;18;1074
28;2025-11-27;19;785
28;2025-11-27;20;552
28;2025-11-27;21;338
28;2025-11-27;22;122
28;2025-11-27;23;11
28;2025-11-28;0;2
28;2025-11-28;1;0
28;2025-11-28;2;0
28;2025-11-28;3;0
28;2025-11-28;4;2
28;2025-11-28;5;77
28;2025-11-28;6;284
28;2025-11-28;7;873
28;2025-11-28;8;1341
28;2025-11-28;9;860
28;2025-11-28;10;645
28;2025-11-28;11;617
28;2025-11-28;12;813
28;2025-11-28;13;740
28;2025-11-28;14;727
28;2025-11-28;15;746
28;2025-11-28;16;981
28;2025-11-28;17;1027
28;2025-11-28;18;899
28;2025-11-28;19;670
28;2025-11-28;20;436
28;2025-11-28;21;338
28;2025-11-28;22;131
28;2025-11-28;23;19
28;2025-11-29;0;2
28;2025-11-29;1;0
28;2025-11-29;2;0
28;2025-11-29;3;0
28;2025-11-29;4;1
28;2025-11-29;5;39
28;2025-11-29;6;108
28;2025-11-29;7;237
28;2025-11-29;8;413
28;2025-11-29;9;466
28;2025-11-29;10;508
28;2025-11-29;11;513
28;2025-11-29;12;608
28;2025-11-29;13;614
28;2025-11-29;14;570
28;2025-11-29;15;617
28;2025-11-29;16;620
28;2025-11-29;17;595
28;2025-11-29;18;514
28;2025-11-29;19;389
28;2025-11-29;20;288
28;2025-11-29;21;262
28;2025-11-29;22;104
28;2025-11-29;23;12
28;2025-11-30;0;2
28;2025-11-30;1;0
28;2025-11-30;2;0
28;2025-11-30;3;0
28;2025-11-30;4;0
28;2025-11-30;5;30
28;2025-11-30;6;77
28;2025-11-30;7;166
28;2025-11-30;8;257
28;2025-11-30;9;355
28;2025-11-30;10;400
28;2025-11-30;11;438
28;2025-11-30;12;452
28;2025-11-30;13;551
28;2025-11-30;14;522
28;2025-11-30;15;518
28;2025-11-30;16;464
28;2025-11-30;17;501
28;2025-11-30;18;429
28;2025-11-30;19;389
28;2025-11-30;20;293
28;2025-11-30;21;235
28;2025-11-30;22;111
28;2025-11-30;23;13
28;2025-12-01;0;0
28;2025-12-01;1;1
28;2025-12-01;2;0
28;2025-12-01;3;0
28;2025-12-01;4;2
28;2025-12-01;5;74
28;2025-12-01;6;257
28;2025-12-01;7;742
28;2025-12-01;8;1274
28;2025-12-01;9;832
28;2025-12-01;10;626
28;2025-12-01;11;536
28;2025-12-01;12;700
28;2025-12-01;13;681
28;2025-12-01;14;638
28;2025-12-01;15;616
28;2025-12-01;16;890
28;2025-12-01;17;997
28;2025-12-01;18;948
28;2025-12-01;19;707
28;2025-12-01;20;456
28;2025-12-01;21;291
28;2025-12-01;22;103
28;2025-12-01;23;3
28;2025-12-02;0;0
28;2025-12-02;1;0
28;2025-12-02;2;0
28;2025-12-02;3;0
28;2025-12-02;4;1
28;2025-12-02;5;80
28;2025-12-02;6;255
28;2025-12-02;7;811
28;2025-12-02;8;1341
28;2025-12-02;9;857
28;2025-12-02;10;634
28;2025-12-02;11;581
28;2025-12-02;12;720
28;2025-12-02;13;715
28;2025-12-02;14;686
28;2025-12-02;15;718
28;2025-12-02;16;916
28;2025-12-02;17;1097
28;2025-12-02;18;1074
28;2025-12-02;19;785
28;2025-12-02;20;552
28;2025-12-02;21;338
28;2025-12-02;22;122
28;2025-12-02;23;11
28;2025-12-03;0;0
28;2025-12-03;1;0
28;2025-12-03;2;0
28;2025-12-03;3;0
28;2025-12-03;4;1
28;2025-12-03;5;80
28;2025-12-03;6;255
28;2025-12-03;7;811
28;2025-12-03;8;1341
28;2025-12-03;9;857
28;2025-12-03;10;634
28;2025-12-03;11;581
28;2025-12-03;12;720
28;2025-12-03;13;715
28;2025-12-03;14;686
28;2025-12-03;15;718
28;2025-12-03;16;916
28;2025-12-03;17;1097
28;2025-12-03;18;1074
28;2025-12-03;19;785
28;2025-12-03;20;552
28;2025-12-03;21;338
28;2025-12-03;22;122
28;2025-12-03;23;11
28;2025-12-04;0;0
28;2025-12-04;1;0
28;2025-12-04;2;0
28;2025-12-04;3;0
28;2025-12-04;4;1
28;2025-12-04;5;80
28;2025-12-04;6;255
28;2025-12-04;7;811
28;2025-12-04;8;1341
28;2025-12-04;9;857
28;2025-12-04;10;634
28;2025-12-04;11;581
28;2025-12-04;12;720
28;2025-12-04;13;715
28;2025-12-04;14;686
28;2025-12-04;15;718
28;2025-12-04;16;916
28;2025-12-04;17;1097
28;2025-12-04;18;1074
28;2025-12-04;19;785
28;2025-12-04;20;552
28;2025-12-04;21;338
28;2025-12-04;22;122
28;2025-12-04;23;11
28;2025-12-05;0;2
28;2025-12-05;1;0
28;2025-12-05;2;0
28;2025-12-05;3;0
28;2025-12-05;4;2
28;2025-12-05;5;77
28;2025-12-05;6;284
28;2025-12-05;7;873
28;2025-12-05;8;1341
28;2025-12-05;9;860
28;2025-12-05;10;645
28;2025-12-05;11;617
28;2025-12-05;12;813
28;2025-12-05;13;740
28;2025-12-05;14;727
28;2025-12-05;15;746
28;2025-12-05;16;981
28;2025-12-05;17;1027
28;2025-12-05;18;899
28;2025-12-05;19;670
28;2025-12-05;20;436
28;2025-12-05;21;338
28;2025-12-05;22;131
28;2025-12-05;23;19
28;2025-12-06;0;2
28;2025-12-06;1;0
28;2025-12-06;2;0
28;2025-12-06;3;0
28;2025-12-06;4;1
28;2025-12-06;5;39
28;2025-12-06;6;108
28;2025-12-06;7;237
28;2025-12-06;8;413
28;2025-12-06;9;466
28;2025-12-06;10;508
28;2025-12-06;11;513
28;2025-12-06;12;608
28;2025-12-06;13;614
28;2025-12-06;14;570
28;2025-12-06;15;617
28;2025-12-06;16;620
28;2025-12-06;17;595
28;2025-12-06;18;514
28;2025-12-06;19;389
28;2025-12-06;20;288
28;2025-12-06;21;262
28;2025-12-06;22;104
28;2025-12-06;23;12
28;2025-12-07;0;2
28;2025-12-07;1;0
28;2025-12-07;2;0
28;2025-12-07;3;0
28;2025-12-07;4;0
28;2025-12-07;5;30
28;2025-12-07;6;77
28;2025-12-07;7;166
28;2025-12-07;8;257
28;2025-12-07;9;355
28;2025-12-07;10;400
28;2025-12-07;11;438
28;2025-12-07;12;452
28;2025-12-07;13;551
28;2025-12-07;14;522
28;2025-12-07;15;518
28;2025-12-07;16;464
28;2025-12-07;17;501
28;2025-12-07;18;429
28;2025-12-07;19;389
28;2025-12-07;20;293
28;2025-12-07;21;235
28;2025-12-07;22;111
28;2025-12-07;23;13
28;2025-12-08;0;0
28;2025-12-08;1;1
28;2025-12-08;2;0
28;2025-12-08;3;0
28;2025-12-08;4;2
28;2025-12-08;5;74
28;2025-12-08;6;257
28;2025-12-08;7;742
28;2025-12-08;8;1274
28;2025-12-08;9;832
28;2025-12-08;10;626
28;2025-12-08;11;536
28;2025-12-08;12;700
28;2025-12-08;13;681
28;2025-12-08;14;638
28;2025-12-08;15;616
28;2025-12-08;16;890
28;2025-12-08;17;997
28;2025-12-08;18;948
28;2025-12-08;19;707
28;2025-12-08;20;456
28;2025-12-08;21;291
28;2025-12-08;22;103
28;2025-12-08;23;3
28;2025-12-09;0;0
28;2025-12-09;1;0
28;2025-12-09;2;0
28;2025-12-09;3;0
28;2025-12-09;4;1
28;2025-12-09;5;80
28;2025-12-09;6;255
28;2025-12-09;7;811
28;2025-12-09;8;1341
28;2025-12-09;9;857
28;2025-12-09;10;634
28;2025-12-09;11;581
28;2025-12-09;12;720
28;2025-12-09;13;715
28;2025-12-09;14;686
28;2025-12-09;15;718
28;2025-12-09;16;916
28;2025-12-09;17;1097
28;2025-12-09;18;1074
28;2025-12-09;19;785
28;2025-12-09;20;552
28;2025-12-09;21;338
28;2025-12-09;22;122
28;2025-12-09;23;11
28;2025-12-10;0;0
28;2025-12-10;1;0
28;2025-12-10;2;0
28;2025-12-10;3;0
28;2025-12-10;4;1
28;2025-12-10;5;80
28;2025-12-10;6;255
28;2025-12-10;7;811
28;2025-12-10;8;1341
28;2025-12-10;9;857
28;2025-12-10;10;634
28;2025-12-10;11;581
28;2025-12-10;12;720
28;2025-12-10;13;715
28;2025-12-10;14;686
28;2025-12-10;15;718
28;2025-12-10;16;916
28;2025-12-10;17;1097
28;2025-12-10;18;1074
28;2025-12-10;19;785
28;2025-12-10;20;552
28;2025-12-10;21;338
28;2025-12-10;22;122
28;2025-12-10;23;11
28;2025-12-11;0;0
28;2025-12-11;1;0
28;2025-12-11;2;0
28;2025-12-11;3;0
28;2025-12-11;4;1
28;2025-12-11;5;80
28;2025-12-11;6;255
28;2025-12-11;7;811
28;2025-12-11;8;1341
28;2025-12-11;9;857
28;2025-12-11;10;634
28;2025-12-11;11;581
28;2025-12-11;12;720
28;2025-12-11;13;715
28;2025-12-11;14;686
28;2025-12-11;15;718
28;2025-12-11;16;916
28;2025-12-11;17;1097
28;2025-12-11;18;1074
28;2025-12-11;19;785
28;2025-12-11;20;552
28;2025-12-11;21;338
28;2025-12-11;22;122
28;2025-12-11;23;11
28;2025-12-12;0;2
28;2025-12-12;1;0
28;2025-12-12;2;0
28;2025-12-12;3;0
28;2025-12-12;4;2
28;2025-12-12;5;77
28;2025-12-12;6;284
28;2025-12-12;7;873
28;2025-12-12;8;1341
28;2025-12-12;9;860
28;2025-12-12;10;645
28;2025-12-12;11;617
28;2025-12-12;12;813
28;2025-12-12;13;740
28;2025-12-12;14;727
28;2025-12-12;15;746
28;2025-12-12;16;981
28;2025-12-12;17;1027
28;2025-12-12;18;899
28;2025-12-12;19;670
28;2025-12-12;20;436
28;2025-12-12;21;338
28;2025-12-12;22;131
28;2025-12-12;23;19
28;2025-12-13;0;2
28;2025-12-13;1;0
28;2025-12-13;2;0
28;2025-12-13;3;0
28;2025-12-13;4;1
28;2025-12-13;5;39
28;2025-12-13;6;108
28;2025-12-13;7;237
28;2025-12-13;8;413
28;2025-12-13;9;466
28;2025-12-13;10;508
28;2025-12-13;11;513
28;2025-12-13;12;608
28;2025-12-13;13;614
28;2025-12-13;14;570
28;2025-12-13;15;617
28;2025-12-13;16;620
28;2025-12-13;17;595
28;2025-12-13;18;514
28;2025-12-13;19;389
28;2025-12-13;20;288
28;2025-12-13;21;262
28;2025-12-13;22;104
28;2025-12-13;23;12
28;2025-12-14;0;2
28;2025-12-14;1;0
28;2025-12-14;2;0
28;2025-12-14;3;0
28;2025-12-14;4;0
28;2025-12-14;5;30
28;2025-12-14;6;77
28;2025-12-14;7;166
28;2025-12-14;8;257
28;2025-12-14;9;355
28;2025-12-14;10;400
28;2025-12-14;11;438
28;2025-12-14;12;452
28;2025-12-14;13;551
28;2025-12-14;14;522
28;2025-12-14;15;518
28;2025-12-14;16;464
28;2025-12-14;17;501
28;2025-12-14;18;429
28;2025-12-14;19;389
28;2025-12-14;20;293
28;2025-12-14;21;235
28;2025-12-14;22;111
28;2025-12-14;23;13
28;2025-12-15;0;0
28;2025-12-15;1;1
28;2025-12-15;2;0
28;2025-12-15;3;0
28;2025-12-15;4;2
28;2025-12-15;5;74
28;2025-12-15;6;257
28;2025-12-15;7;742
28;2025-12-15;8;1274
28;2025-12-15;9;832
28;2025-12-15;10;626
28;2025-12-15;11;536
28;2025-12-15;12;700
28;2025-12-15;13;681
28;2025-12-15;14;638
28;2025-12-15;15;616
28;2025-12-15;16;890
28;2025-12-15;17;997
28;2025-12-15;18;948
28;2025-12-15;19;707
28;2025-12-15;20;456
28;2025-12-15;21;291
28;2025-12-15;22;103
28;2025-12-15;23;3
28;2025-12-16;0;0
28;2025-12-16;1;0
28;2025-12-16;2;0
28;2025-12-16;3;0
28;2025-12-16;4;1
28;2025-12-16;5;80
28;2025-12-16;6;255
28;2025-12-16;7;811
28;2025-12-16;8;1341
28;2025-12-16;9;857
28;2025-12-16;10;634
28;2025-12-16;11;581
28;2025-12-16;12;720
28;2025-12-16;13;715
28;2025-12-16;14;686
28;2025-12-16;15;718
28;2025-12-16;16;916
28;2025-12-16;17;1097
28;2025-12-16;18;1074
28;2025-12-16;19;785
28;2025-12-16;20;552
28;2025-12-16;21;338
28;2025-12-16;22;122
28;2025-12-16;23;11
28;2025-12-17;0;0
28;2025-12-17;1;0
28;2025-12-17;2;0
28;2025-12-17;3;0
28;2025-12-17;4;1
28;2025-12-17;5;80
28;2025-12-17;6;255
28;2025-12-17;7;811
28;2025-12-17;8;1341
28;2025-12-17;9;857
28;2025-12-17;10;634
28;2025-12-17;11;581
28;2025-12-17;12;720
28;2025-12-17;13;715
28;2025-12-17;14;686
28;2025-12-17;15;718
28;2025-12-17;16;916
28;2025-12-17;17;1097
28;2025-12-17;18;1074
28;2025-12-17;19;785
28;2025-12-17;20;552
28;2025-12-17;21;338
28;2025-12-17;22;122
28;2025-12-17;23;11
28;2025-12-18;0;0
28;2025-12-18;1;0
28;2025-12-18;2;0
28;2025-12-18;3;0
28;2025-12-18;4;1
28;2025-12-18;5;80
28;2025-12-18;6;255
28;2025-12-18;7;811
28;2025-12-18;8;1341
28;2025-12-18;9;857
28;2025-12-18;10;634
28;2025-12-18;11;581
28;2025-12-18;12;720
28;2025-12-18;13;715
28;2025-12-18;14;686
28;2025-12-18;15;718
28;2025-12-18;16;916
28;2025-12-18;17;1097
28;2025-12-18;18;1074
28;2025-12-18;19;785
28;2025-12-18;20;552
28;2025-12-18;21;338
28;2025-12-18;22;122
28;2025-12-18;23;11
28;2025-12-19;0;2
28;2025-12-19;1;0
28;2025-12-19;2;0
28;2025-12-19;3;0
28;2025-12-19;4;2
28;2025-12-19;5;77
28;2025-12-19;6;284
28;2025-12-19;7;873
28;2025-12-19;8;1341
28;2025-12-19;9;860
28;2025-12-19;10;645
28;2025-12-19;11;617
28;2025-12-19;12;813
28;2025-12-19;13;740
28;2025-12-19;14;727
28;2025-12-19;15;746
28;2025-12-19;16;981
28;2025-12-19;17;1027
28;2025-12-19;18;899
28;2025-12-19;19;670
28;2025-12-19;20;436
28;2025-12-19;21;338
28;2025-12-19;22;131
28;2025-12-19;23;19
28;2025-12-20;0;2
28;2025-12-20;1;0
28;2025-12-20;2;0
28;2025-12-20;3;0
28;2025-12-20;4;1
28;2025-12-20;5;39
28;2025-12-20;6;108
28;2025-12-20;7;237
28;2025-12-20;8;413
28;2025-12-20;9;466
28;2025-12-20;10;508
28;2025-12-20;11;513
28;2025-12-20;12;608
28;2025-12-20;13;614
28;2025-12-20;14;570
28;2025-12-20;15;617
28;2025-12-20;16;620
28;2025-12-20;17;595
28;2025-12-20;18;514
28;2025-12-20;19;389
28;2025-12-20;20;288
28;2025-12-20;21;262
28;2025-12-20;22;104
28;2025-12-20;23;12
28;2025-12-21;0;2
28;2025-12-21;1;0
28;2025-12-21;2;0
28;2025-12-21;3;0
28;2025-12-21;4;0
28;2025-12-21;5;30
28;2025-12-21;6;77
28;2025-12-21;7;166
28;2025-12-21;8;257
28;2025-12-21;9;355
28;2025-12-21;10;400
28;2025-12-21;11;438
28;2025-12-21;12;452
28;2025-12-21;13;551
28;2025-12-21;14;522
28;2025-12-21;15;518
28;2025-12-21;16;464
28;2025-12-21;17;501
28;2025-12-21;18;429
28;2025-12-21;19;389
28;2025-12-21;20;293
28;2025-12-21;21;235
28;2025-12-21;22;111
28;2025-12-21;23;13
28;2025-12-22;0;0
28;2025-12-22;1;1
28;2025-12-22;2;0
28;2025-12-22;3;0
28;2025-12-22;4;2
28;2025-12-22;5;74
28;2025-12-22;6;257
28;2025-12-22;7;742
28;2025-12-22;8;1274
28;2025-12-22;9;832
28;2025-12-22;10;626
28;2025-12-22;11;536
28;2025-12-22;12;700
28;2025-12-22;13;681
28;2025-12-22;14;638
28;2025-12-22;15;616
28;2025-12-22;16;890
28;2025-12-22;17;997
28;2025-12-22;18;948
28;2025-12-22;19;707
28;2025-12-22;20;456
28;2025-12-22;21;291
28;2025-12-22;22;103
28;2025-12-22;23;3
28;2025-12-23;0;0
28;2025-12-23;1;0
28;2025-12-23;2;0
28;2025-12-23;3;0
28;2025-12-23;4;1
28;2025-12-23;5;80
28;2025-12-23;6;255
28;2025-12-23;7;811
28;2025-12-23;8;1341
28;2025-12-23;9;857
28;2025-12-23;10;634
28;2025-12-23;11;581
28;2025-12-23;12;720
28;2025-12-23;13;715
28;2025-12-23;14;686
28;2025-12-23;15;718
28;2025-12-23;16;916
28;2025-12-23;17;1097
28;2025-12-23;18;1074
28;2025-12-23;19;785
28;2025-12-23;20;552
28;2025-12-23;21;338
28;2025-12-23;22;122
28;2025-12-23;23;11
28;2025-12-24;0;0
28;2025-12-24;1;0
28;2025-12-24;2;0
28;2025-12-24;3;0
28;2025-12-24;4;1
28;2025-12-24;5;80
28;2025-12-24;6;255
28;2025-12-24;7;811
28;2025-12-24;8;1341
28;2025-12-24;9;857
28;2025-12-24;10;634
28;2025-12-24;11;581
28;2025-12-24;12;720
28;2025-12-24;13;715
28;2025-12-24;14;686
28;2025-12-24;15;718
28;2025-12-24;16;916
28;2025-12-24;17;1097
28;2025-12-24;18;1074
28;2025-12-24;19;785
28;2025-12-24;20;552
28;2025-12-24;21;338
28;2025-12-24;22;122
28;2025-12-24;23;11
28;2025-12-25;0;0
28;2025-12-25;1;0
28;2025-12-25;2;0
28;2025-12-25;3;0
28;2025-12-25;4;1
28;2025-12-25;5;80
28;2025-12-25;6;255
28;2025-12-25;7;811
28;2025-12-25;8;1341
28;2025-12-25;9;857
28;2025-12-25;10;634
28;2025-12-25;11;581
28;2025-12-25;12;720
28;2025-12-25;13;715
28;2025-12-25;14;686
28;2025-12-25;15;718
28;2025-12-25;16;916
28;2025-12-25;17;1097
28;2025-12-25;18;1074
28;2025-12-25;19;785
28;2025-12-25;20;552
28;2025-12-25;21;338
28;2025-12-25;22;122
28;2025-12-25;23;11
28;2025-12-26;0;2
28;2025-12-26;1;0
28;2025-12-26;2;0
28;2025-12-26;3;0
28;2025-12-26;4;2
28;2025-12-26;5;77
28;2025-12-26;6;284
28;2025-12-26;7;873
28;2025-12-26;8;1341
28;2025-12-26;9;860
28;2025-12-26;10;645
28;2025-12-26;11;617
28;2025-12-26;12;813
28;2025-12-26;13;740
28;2025-12-26;14;727
28;2025-12-26;15;746
28;2025-12-26;16;981
28;2025-12-26;17;1027
28;2025-12-26;18;899
28;2025-12-26;19;670
28;2025-12-26;20;436
28;2025-12-26;21;338
28;2025-12-26;22;131
28;2025-12-26;23;19
28;2025-12-27;0;2
28;2025-12-27;1;0
28;2025-12-27;2;0
28;2025-12-27;3;0
28;2025-12-27;4;1
28;2025-12-27;5;39
28;2025-12-27;6;108
28;2025-12-27;7;237
28;2025-12-27;8;413
28;2025-12-27;9;466
28;2025-12-27;10;508
28;2025-12-27;11;513
28;2025-12-27;12;608
28;2025-12-27;13;614
28;2025-12-27;14;570
28;2025-12-27;15;617
28;2025-12-27;16;620
28;2025-12-27;17;595
28;2025-12-27;18;514
28;2025-12-27;19;389
28;2025-12-27;20;288
28;2025-12-27;21;262
28;2025-12-27;22;104
28;2025-12-27;23;12
28;2025-12-28;0;2
28;2025-12-28;1;0
28;2025-12-28;2;0
28;2025-12-28;3;0
28;2025-12-28;4;0
28;2025-12-28;5;30
28;2025-12-28;6;77
28;2025-12-28;7;166
28;2025-12-28;8;257
28;2025-12-28;9;355
28;2025-12-28;10;400
28;2025-12-28;11;438
28;2025-12-28;12;452
28;2025-12-28;13;551
28;2025-12-28;14;522
28;2025-12-28;15;518
28;2025-12-28;16;464
28;2025-12-28;17;501
28;2025-12-28;18;429
28;2025-12-28;19;389
28;2025-12-28;20;293
28;2025-12-28;21;235
28;2025-12-28;22;111
28;2025-12-28;23;13
28;2025-12-29;0;2
28;2025-12-29;1;0
28;2025-12-29;2;0
28;2025-12-29;3;0
28;2025-12-29;4;1
28;2025-12-29;5;67
28;2025-12-29;6;244
28;2025-12-29;7;750
28;2025-12-29;8;1153
28;2025-12-29;9;739
28;2025-12-29;10;554
28;2025-12-29;11;530
28;2025-12-29;12;699
28;2025-12-29;13;636
28;2025-12-29;14;626
28;2025-12-29;15;642
28;2025-12-29;16;843
28;2025-12-29;17;884
28;2025-12-29;18;774
28;2025-12-29;19;576
28;2025-12-29;20;375
28;2025-12-29;21;291
28;2025-12-29;22;113
28;2025-12-29;23;16
28;2025-12-30;0;2
28;2025-12-30;1;0
28;2025-12-30;2;0
28;2025-12-30;3;0
28;2025-12-30;4;1
28;2025-12-30;5;67
28;2025-12-30;6;244
28;2025-12-30;7;750
28;2025-12-30;8;1153
28;2025-12-30;9;739
28;2025-12-30;10;554
28;2025-12-30;11;530
28;2025-12-30;12;699
28;2025-12-30;13;636
28;2025-12-30;14;626
28;2025-12-30;15;642
28;2025-12-30;16;843
28;2025-12-30;17;884
28;2025-12-30;18;774
28;2025-12-30;19;576
28;2025-12-30;20;375
28;2025-12-30;21;291
28;2025-12-30;22;113
28;2025-12-30;23;16
28;2025-12-31;0;2
28;2025-12-31;1;0
28;2025-12-31;2;0
28;2025-12-31;3;0
28;2025-12-31;4;1
28;2025-12-31;5;33
28;2025-12-31;6;92
28;2025-12-31;7;202
28;2025-12-31;8;351
28;2025-12-31;9;396
28;2025-12-31;10;432
28;2025-12-31;11;436
28;2025-12-31;12;517
28;2025-12-31;13;522
28;2025-12-31;14;484
28;2025-12-31;15;524
28;2025-12-31;16;527
28;2025-12-31;17;506
28;2025-12-31;18;436
28;2025-12-31;19;182
28;2025-12-31;20;134
28;2025-12-31;21;122
28;2025-12-31;22;48
28;2025-12-31;23;6
50;2025-11-01;0;31
50;2025-11-01;1;1
50;2025-11-01;2;0
50;2025-11-01;3;0
50;2025-11-01;4;3
50;2025-11-01;5;60
50;2025-11-01;6;439
50;2025-11-01;7;1512
50;2025-11-01;8;2391
50;2025-11-01;9;1862
50;2025-11-01;10;1295
50;2025-11-01;11;1302
50;2025-11-01;12;1211
50;2025-11-01;13;1311
50;2025-11-01;14;1249
50;2025-11-01;15;1491
50;2025-11-01;16;1954
50;2025-11-01;17;1851
50;2025-11-01;18;1378
50;2025-11-01;19;1022
50;2025-11-01;20;739
50;2025-11-01;21;469
50;2025-11-01;22;232
50;2025-11-01;23;140
50;2025-11-02;0;2
50;2025-11-02;1;0
50;2025-11-02;2;0
50;2025-11-02;3;0
50;2025-11-02;4;0
50;2025-11-02;5;1
50;2025-11-02;6;3
50;2025-11-02;7;5
50;2025-11-02;8;11
50;2025-11-02;9;8
50;2025-11-02;10;22
50;2025-11-02;11;75
50;2025-11-02;12;58
50;2025-11-02;13;70
50;2025-11-02;14;118
50;2025-11-02;15;96
50;2025-11-02;16;113
50;2025-11-02;17;101
50;2025-11-02;18;60
50;2025-11-02;19;66
50;2025-11-02;20;47
50;2025-11-02;21;30
50;2025-11-02;22;35
50;2025-11-02;23;10
50;2025-11-03;0;2
50;2025-11-03;1;0
50;2025-11-03;2;0
50;2025-11-03;3;0
50;2025-11-03;4;0
50;2025-11-03;5;0
50;2025-11-03;6;3
50;2025-11-03;7;5
50;2025-11-03;8;11
50;2025-11-03;9;8
50;2025-11-03;10;21
50;2025-11-03;11;72
50;2025-11-03;12;56
50;2025-11-03;13;68
50;2025-11-03;14;114
50;2025-11-03;15;93
50;2025-11-03;16;109
50;2025-11-03;17;98
50;2025-11-03;18;58
50;2025-11-03;19;63
50;2025-11-03;20;45
50;2025-11-03;21;29
50;2025-11-03;22;34
50;2025-11-03;23;10
50;2025-11-04;0;2
50;2025-11-04;1;0
50;2025-11-04;2;0
50;2025-11-04;3;0
50;2025-11-04;4;0
50;2025-11-04;5;0
50;2025-11-04;6;3
50;2025-11-04;7;5
50;2025-11-04;8;11
50;2025-11-04;9;8
50;2025-11-04;10;21
50;2025-11-04;11;72
50;2025-11-04;12;56
50;2025-11-04;13;68
50;2025-11-04;14;114
50;2025-11-04;15;93
50;2025-11-04;16;109
50;2025-11-04;17;98
50;2025-11-04;18;58
50;2025-11-04;19;63
50;2025-11-04;20;45
50;2025-11-04;21;29
50;2025-11-04;22;34
50;2025-11-04;23;10
50;2025-11-05;0;30
50;2025-11-05;1;2
50;2025-11-05;2;0
50;2025-11-05;3;0
50;2025-11-05;4;3
50;2025-11-05;5;76
50;2025-11-05;6;532
50;2025-11-05;7;1696
50;2025-11-05;8;2828
50;2025-11-05;9;2186
50;2025-11-05;10;1742
50;2025-11-05;11;1536
50;2025-11-05;12;1478
50;2025-11-05;13;1538
50;2025-11-05;14;1442
50;2025-11-05;15;1687
50;2025-11-05;16;1685
50;2025-11-05;17;2451
50;2025-11-05;18;2459
50;2025-11-05;19;1473
50;2025-11-05;20;952
50;2025-11-05;21;649
50;2025-11-05;22;246
50;2025-11-05;23;150
50;2025-11-06;0;30
50;2025-11-06;1;2
50;2025-11-06;2;0
50;2025-11-06;3;0
50;2025-11-06;4;3
50;2025-11-06;5;76
50;2025-11-06;6;532
50;2025-11-06;7;1696
50;2025-11-06;8;2828
50;2025-11-06;9;2186
50;2025-11-06;10;1742
50;2025-11-06;11;1536
50;2025-11-06;12;1478
50;2025-11-06;13;1538
50;2025-11-06;14;1442
50;2025-11-06;15;1687
50;2025-11-06;16;1685
50;2025-11-06;17;2451
50;2025-11-06;18;2459
50;2025-11-06;19;1473
50;2025-11-06;20;952
50;2025-11-06;21;649
50;2025-11-06;22;246
50;2025-11-06;23;150
50;2025-11-07;0;36
50;2025-11-07;1;1
50;2025-11-07;2;0
50;2025-11-07;3;0
50;2025-11-07;4;4
50;2025-11-07;5;70
50;2025-11-07;6;516
50;2025-11-07;7;1779
50;2025-11-07;8;2813
50;2025-11-07;9;2191
50;2025-11-07;10;1524
50;2025-11-07;11;1532
50;2025-11-07;12;1424
50;2025-11-07;13;1542
50;2025-11-07;14;1471
50;2025-11-07;15;1754
50;2025-11-07;16;2299
50;2025-11-07;17;2179
50;2025-11-07;18;1620
50;2025-11-07;19;1203
50;2025-11-07;20;870
50;2025-11-07;21;551
50;2025-11-07;22;274
50;2025-11-07;23;165
50;2025-11-08;0;52
50;2025-11-08;1;6
50;2025-11-08;2;0
50;2025-11-08;3;2
50;2025-11-08;4;0
50;2025-11-08;5;9
50;2025-11-08;6;11
50;2025-11-08;7;17
50;2025-11-08;8;33
50;2025-11-08;9;66
50;2025-11-08;10;24
50;2025-11-08;11;41
50;2025-11-08;12;75
50;2025-11-08;13;49
50;2025-11-08;14;61
50;2025-11-08;15;89
50;2025-11-08;16;57
50;2025-11-08;17;56
50;2025-11-08;18;14
50;2025-11-08;19;12
50;2025-11-08;20;9
50;2025-11-08;21;9
50;2025-11-08;22;9
50;2025-11-08;23;3
50;2025-11-09;0;2
50;2025-11-09;1;0
50;2025-11-09;2;0
50;2025-11-09;3;0
50;2025-11-09;4;0
50;2025-11-09;5;1
50;2025-11-09;6;3
50;2025-11-09;7;5
50;2025-11-09;8;11
50;2025-11-09;9;8
50;2025-11-09;10;22
50;2025-11-09;11;75
50;2025-11-09;12;58
50;2025-11-09;13;70
50;2025-11-09;14;118
50;2025-11-09;15;96
50;2025-11-09;16;113
50;2025-11-09;17;101
50;2025-11-09;18;60
50;2025-11-09;19;66
50;2025-11-09;20;47
50;2025-11-09;21;30
50;2025-11-09;22;35
50;2025-11-09;23;10
50;2025-11-10;0;8
50;2025-11-10;1;3
50;2025-11-10;2;2
50;2025-11-10;3;0
50;2025-11-10;4;4
50;2025-11-10;5;68
50;2025-11-10;6;524
50;2025-11-10;7;1713
50;2025-11-10;8;2844
50;2025-11-10;9;2292
50;2025-11-10;10;1650
50;2025-11-10;11;1455
50;2025-11-10;12;1327
50;2025-11-10;13;1487
50;2025-11-10;14;1403
50;2025-11-10;15;1668
50;2025-11-10;16;1624
50;2025-11-10;17;2307
50;2025-11-10;18;2527
50;2025-11-10;19;1291
50;2025-11-10;20;876
50;2025-11-10;21;635
50;2025-11-10;22;225
50;2025-11-10;23;121
50;2025-11-11;0;30
50;2025-11-11;1;2
50;2025-11-11;2;0
50;2025-11-11;3;0
50;2025-11-11;4;3
50;2025-11-11;5;76
50;2025-11-11;6;532
50;2025-11-11;7;1696
50;2025-11-11;8;2828
50;2025-11-11;9;2186
50;2025-11-11;10;1742
50;2025-11-11;11;1536
50;2025-11-11;12;1478
50;2025-11-11;13;1538
50;2025-11-11;14;1442
50;2025-11-11;15;1687
50;2025-11-11;16;1685
50;2025-11-11;17;2451
50;2025-11-11;18;2459
50;2025-11-11;19;1473
50;2025-11-11;20;952
50;2025-11-11;21;649
50;2025-11-11;22;246
50;2025-11-11;23;150
50;2025-11-12;0;30
50;2025-11-12;1;2
50;2025-11-12;2;0
50;2025-11-12;3;0
50;2025-11-12;4;3
50;2025-11-12;5;76
50;2025-11-12;6;532
50;2025-11-12;7;1696
50;2025-11-12;8;2828
50;2025-11-12;9;2186
50;2025-11-12;10;1742
50;2025-11-12;11;1536
50;2025-11-12;12;1478
50;2025-11-12;13;1538
50;2025-11-12;14;1442
50;2025-11-12;15;1687
50;2025-11-12;16;1685
50;2025-11-12;17;2451
50;2025-11-12;18;2459
50;2025-11-12;19;1473
50;2025-11-12;20;952
50;2025-11-12;21;649
50;2025-11-12;22;246
50;2025-11-12;23;150
50;2025-11-13;0;30
50;2025-11-13;1;2
50;2025-11-13;2;0
50;2025-11-13;3;0
50;2025-11-13;4;3
50;2025-11-13;5;76
50;2025-11-13;6;532
50;2025-11-13;7;1696
50;2025-11-13;8;2828
50;2025-11-13;9;2186
50;2025-11-13;10;1742
50;2025-11-13;11;1536
50;2025-11-13;12;1478
50;2025-11-13;13;1538
50;2025-11-13;14;1442
50;2025-11-13;15;1687
50;2025-11-13;16;1685
50;2025-11-13;17;2451
50;2025-11-13;18;2459
50;2025-11-13;19;1473
50;2025-11-13;20;952
50;2025-11-13;21;649
50;2025-11-13;22;246
50;2025-11-13;23;150
50;2025-11-14;0;36
50;2025-11-14;1;1
50;2025-11-14;2;0
50;2025-11-14;3;0
50;2025-11-14;4;4
50;2025-11-14;5;70
50;2025-11-14;6;516
50;2025-11-14;7;1779
50;2025-11-14;8;2813
50;2025-11-14;9;2191
50;2025-11-14;10;1524
50;2025-11-14;11;1532
50;2025-11-14;12;1424
50;2025-11-14;13;1542
50;2025-11-14;14;1471
50;2025-11-14;15;1754
50;2025-11-14;16;2299
50;2025-11-14;17;2179
50;2025-11-14;18;1620
50;2025-11-14;19;1203
50;2025-11-14;20;870
50;2025-11-14;21;551
50;2025-11-14;22;274
50;2025-11-14;23;165
50;2025-11-15;0;49
50;2025-11-15;1;6
50;2025-11-15;2;0
50;2025-11-15;3;2
50;2025-11-15;4;0
50;2025-11-15;5;8
50;2025-11-15;6;10
50;2025-11-15;7;16
50;2025-11-15;8;31
50;2025-11-15;9;63
50;2025-11-15;10;23
50;2025-11-15;11;39
50;2025-11-15;12;71
50;2025-11-15;13;46
50;2025-11-15;14;58
50;2025-11-15;15;84
50;2025-11-15;16;54
50;2025-11-15;17;53
50;2025-11-15;18;13
50;2025-11-15;19;12
50;2025-11-15;20;8
50;2025-11-15;21;9
50;2025-11-15;22;9
50;2025-11-15;23;2
50;2025-11-16;0;2
50;2025-11-16;1;0
50;2025-11-16;2;0
50;2025-11-16;3;0
50;2025-11-16;4;0
50;2025-11-16;5;1
50;2025-11-16;6;3
50;2025-11-16;7;5
50;2025-11-16;8;11
50;2025-11-16;9;8
50;2025-11-16;10;22
50;2025-11-16;11;75
50;2025-11-16;12;58
50;2025-11-16;13;70
50;2025-11-16;14;118
50;2025-11-16;15;96
50;2025-11-16;16;113
50;2025-11-16;17;101
50;2025-11-16;18;60
50;2025-11-16;19;66
50;2025-11-16;20;47
50;2025-11-16;21;30
50;2025-11-16;22;35
50;2025-11-16;23;10
50;2025-11-17;0;8
50;2025-11-17;1;3
50;2025-11-17;2;2
50;2025-11-17;3;0
50;2025-11-17;4;4
50;2025-11-17;5;68
50;2025-11-17;6;524
50;2025-11-17;7;1713
50;2025-11-17;8;2844
50;2025-11-17;9;2292
50;2025-11-17;10;1650
50;2025-11-17;11;1455
50;2025-11-17;12;1327
50;2025-11-17;13;1487
50;2025-11-17;14;1403
50;2025-11-17;15;1668
50;2025-11-17;16;1624
50;2025-11-17;17;2307
50;2025-11-17;18;2527
50;2025-11-17;19;1291
50;2025-11-17;20;876
50;2025-11-17;21;635
50;2025-11-17;22;225
50;2025-11-17;23;121
50;2025-11-18;0;30
50;2025-11-18;1;2
50;2025-11-18;2;0
50;2025-11-18;3;0
50;2025-11-18;4;3
50;2025-11-18;5;76
50;2025-11-18;6;532
50;2025-11-18;7;1696
50;2025-11-18;8;2828
50;2025-11-18;9;2186
50;2025-11-18;10;1742
50;2025-11-18;11;1536
50;2025-11-18;12;1478
50;2025-11-18;13;1538
50;2025-11-18;14;1442
50;2025-11-18;15;1687
50;2025-11-18;16;1685
50;2025-11-18;17;2451
50;2025-11-18;18;2459
50;2025-11-18;19;1473
50;2025-11-18;20;952
50;2025-11-18;21;649
50;2025-11-18;22;246
50;2025-11-18;23;150
50;2025-11-19;0;30
50;2025-11-19;1;2
50;2025-11-19;2;0
50;2025-11-19;3;0
50;2025-11-19;4;3
50;2025-11-19;5;76
50;2025-11-19;6;532
50;2025-11-19;7;1696
50;2025-11-19;8;2828
50;2025-11-19;9;2186
50;2025-11-19;10;1742
50;2025-11-19;11;1536
50;2025-11-19;12;1478
50;2025-11-19;13;1538
50;2025-11-19;14;1442
50;2025-11-19;15;1687
50;2025-11-19;16;1685
50;2025-11-19;17;2451
50;2025-11-19;18;2459
50;2025-11-19;19;1473
50;2025-11-19;20;952
50;2025-11-19;21;649
50;2025-11-19;22;246
50;2025-11-19;23;150
50;2025-11-20;0;30
50;2025-11-20;1;2
50;2025-11-20;2;0
50;2025-11-20;3;0
50;2025-11-20;4;3
50;2025-11-20;5;76
50;2025-11-20;6;532
50;2025-11-20;7;1696
50;2025-11-20;8;2828
50;2025-11-20;9;2186
50;2025-11-20;10;1742
50;2025-11-20;11;1536
50;2025-11-20;12;1478
50;2025-11-20;13;1538
50;2025-11-20;14;1442
50;2025-11-20;15;1687
50;2025-11-20;16;1685
50;2025-11-20;17;2451
50;2025-11-20;18;2459
50;2025-11-20;19;1473
50;2025-11-20;20;952
50;2025-11-20;21;649
50;2025-11-20;22;246
50;2025-11-20;23;150
50;2025-11-21;0;36
50;2025-11-21;1;1
50;2025-11-21;2;0
50;2025-11-21;3;0
50;2025-11-21;4;4
50;2025-11-21;5;70
50;2025-11-21;6;516
50;2025-11-21;7;1779
50;2025-11-21;8;2813
50;2025-11-21;9;2191
50;2025-11-21;10;1524
50;2025-11-21;11;1532
50;2025-11-21;12;1424
50;2025-11-21;13;1542
50;2025-11-21;14;1471
50;2025-11-21;15;1754
50;2025-11-21;16;2299
50;2025-11-21;17;2179
50;2025-11-21;18;1620
50;2025-11-21;19;1203
50;2025-11-21;20;870
50;2025-11-21;21;551
50;2025-11-21;22;274
50;2025-11-21;23;165
50;2025-11-22;0;52
50;2025-11-22;1;6
50;2025-11-22;2;0
50;2025-11-22;3;2
50;2025-11-22;4;0
50;2025-11-22;5;9
50;2025-11-22;6;11
50;2025-11-22;7;17
50;2025-11-22;8;33
50;2025-11-22;9;66
50;2025-11-22;10;24
50;2025-11-22;11;41
50;2025-11-22;12;75
50;2025-11-22;13;49
50;2025-11-22;14;61
50;2025-11-22;15;89
50;2025-11-22;16;57
50;2025-11-22;17;56
50;2025-11-22;18;14
50;2025-11-22;19;12
50;2025-11-22;20;9
50;2025-11-22;21;9
50;2025-11-22;22;9
50;2025-11-22;23;3
50;2025-11-23;0;2
50;2025-11-23;1;0
50;2025-11-23;2;0
50;2025-11-23;3;0
50;2025-11-23;4;0
50;2025-11-23;5;1
50;2025-11-23;6;3
50;2025-11-23;7;5
50;2025-11-23;8;11
50;2025-11-23;9;8
50;2025-11-23;10;22
50;2025-11-23;11;75
50;2025-11-23;12;58
50;2025-11-23;13;70
50;2025-11-23;14;118
50;2025-11-23;15;96
50;2025-11-23;16;113
50;2025-11-23;17;101
50;2025-11-23;18;60
50;2025-11-23;19;66
50;2025-11-23;20;47
50;2025-11-23;21;30
50;2025-11-23;22;35
50;2025-11-23;23;10
50;2025-11-24;0;8
50;2025-11-24;1;3
50;2025-11-24;2;2
50;2025-11-24;3;0
50;2025-11-24;4;4
50;2025-11-24;5;68
50;2025-11-24;6;524
50;2025-11-24;7;1713
50;2025-11-24;8;2844
50;2025-11-24;9;2292
50;2025-11-24;10;1650
50;2025-11-24;11;1455
50;2025-11-24;12;1327
50;2025-11-24;13;1487
50;2025-11-24;14;1403
50;2025-11-24;15;1668
50;2025-11-24;16;1624
50;2025-11-24;17;2307
50;2025-11-24;18;2527
50;2025-11-24;19;1291
50;2025-11-24;20;876
50;2025-11-24;21;635
50;2025-11-24;22;225
50;2025-11-24;23;121
50;2025-11-25;0;30
50;2025-11-25;1;2
50;2025-11-25;2;0
50;2025-11-25;3;0
50;2025-11-25;4;3
50;2025-11-25;5;76
50;2025-11-25;6;532
50;2025-11-25;7;1696
50;2025-11-25;8;2828
50;2025-11-25;9;2186
50;2025-11-25;10;1742
50;2025-11-25;11;1536
50;2025-11-25;12;1478
50;2025-11-25;13;1538
50;2025-11-25;14;1442
50;2025-11-25;15;1687
50;2025-11-25;16;1685
50;2025-11-25;17;2451
50;2025-11-25;18;2459
50;2025-11-25;19;1473
50;2025-11-25;20;952
50;2025-11-25;21;649
50;2025-11-25;22;246
50;2025-11-25;23;150
50;2025-11-26;0;30
50;2025-11-26;1;2
50;2025-11-26;2;0
50;2025-11-26;3;0
50;2025-11-26;4;3
50;2025-11-26;5;76
50;2025-11-26;6;532
50;2025-11-26;7;1696
50;2025-11-26;8;2828
50;2025-11-26;9;2186
50;2025-11-26;10;1742
50;2025-11-26;11;1536
50;2025-11-26;12;1478
50;2025-11-26;13;1538
50;2025-11-26;14;1442
50;2025-11-26;15;1687
50;2025-11-26;16;1685
50;2025-11-26;17;2451
50;2025-11-26;18;2459
50;2025-11-26;19;1473
50;2025-11-26;20;952
50;2025-11-26;21;649
50;2025-11-26;22;246
50;2025-11-26;23;150
50;2025-11-27;0;30
50;2025-11-27;1;2
50;2025-11-27;2;0
50;2025-11-27;3;0
50;2025-11-27;4;3
50;2025-11-27;5;76
50;2025-11-27;6;532
50;2025-11-27;7;1696
50;2025-11-27;8;2828
50;2025-11-27;9;2186
50;2025-11-27;10;1742
50;2025-11-27;11;1536
50;2025-11-27;12;1478
50;2025-11-27;13;1538
50;2025-11-27;14;1442
50;2025-11-27;15;1687
50;2025-11-27;16;1685
50;2025-11-27;17;2451
50;2025-11-27;18;2459
50;2025-11-27;19;1473
50;2025-11-27;20;952
50;2025-11-27;21;649
50;2025-11-27;22;246
50;2025-11-27;23;150
50;2025-11-28;0;36
50;2025-11-28;1;1
50;2025-11-28;2;0
50;2025-11-28;3;0
50;2025-11-28;4;4
50;2025-11-28;5;70
50;2025-11-28;6;516
50;2025-11-28;7;1779
50;2025-11-28;8;2813
50;2025-11-28;9;2191
50;2025-11-28;10;1524
50;2025-11-28;11;1532
50;2025-11-28;12;1424
50;2025-11-28;13;1542
50;2025-11-28;14;1471
50;2025-11-28;15;1754
50;2025-11-28;16;2299
50;2025-11-28;17;2179
50;2025-11-28;18;1620
50;2025-11-28;19;1203
50;2025-11-28;20;870
50;2025-11-28;21;551
50;2025-11-28;22;274
50;2025-11-28;23;165
50;2025-11-29;0;52
50;2025-11-29;1;6
50;2025-11-29;2;0
50;2025-11-29;3;2
50;2025-11-29;4;0
50;2025-11-29;5;9
50;2025-11-29;6;11
50;2025-11-29;7;17
50;2025-11-29;8;33
50;2025-11-29;9;66
50;2025-11-29;10;24
50;2025-11-29;11;41
50;2025-11-29;12;75
50;2025-11-29;13;49
50;2025-11-29;14;61
50;2025-11-29;15;89
50;2025-11-29;16;57
50;2025-11-29;17;56
50;2025-11-29;18;14
50;2025-11-29;19;12
50;2025-11-29;20;9
50;2025-11-29;21;9
50;2025-11-29;22;9
50;2025-11-29;23;3
50;2025-11-30;0;2
50;2025-11-30;1;0
50;2025-11-30;2;0
50;2025-11-30;3;0
50;2025-11-30;4;0
50;2025-11-30;5;1
50;2025-11-30;6;3
50;2025-11-30;7;5
50;2025-11-30;8;11
50;2025-11-30;9;8
50;2025-11-30;10;22
50;2025-11-30;11;75
50;2025-11-30;12;58
50;2025-11-30;13;70
50;2025-11-30;14;118
50;2025-11-30;15;96
50;2025-11-30;16;113
50;2025-11-30;17;101
50;2025-11-30;18;60
50;2025-11-30;19;66
50;2025-11-30;20;47
50;2025-11-30;21;30
50;2025-11-30;22;35
50;2025-11-30;23;10
50;2025-12-01;0;8
50;2025-12-01;1;3
50;2025-12-01;2;2
50;2025-12-01;3;0
50;2025-12-01;4;4
50;2025-12-01;5;68
50;2025-12-01;6;524
50;2025-12-01;7;1713
50;2025-12-01;8;2844
50;2025-12-01;9;2292
50;2025-12-01;10;1650
50;2025-12-01;11;1455
50;2025-12-01;12;1327
50;2025-12-01;13;1487
50;2025-12-01;14;1403
50;2025-12-01;15;1668
50;2025-12-01;16;1624
50;2025-12-01;17;2307
50;2025-12-01;18;2527
50;2025-12-01;19;1291
50;2025-12-01;20;876
50;2025-12-01;21;635
50;2025-12-01;22;225
50;2025-12-01;23;121
50;2025-12-02;0;30
50;2025-12-02;1;2
50;2025-12-02;2;0
50;2025-12-02;3;0
50;2025-12-02;4;3
50;2025-12-02;5;76
50;2025-12-02;6;532
50;2025-12-02;7;1696
50;2025-12-02;8;2828
50;2025-12-02;9;2186
50;2025-12-02;10;1742
50;2025-12-02;11;1536
50;2025-12-02;12;1478
50;2025-12-02;13;1538
50;2025-12-02;14;1442
50;2025-12-02;15;1687
50;2025-12-02;16;1685
50;2025-12-02;17;2451
50;2025-12-02;18;2459
50;2025-12-02;19;1473
50;2025-12-02;20;952
50;2025-12-02;21;649
50;2025-12-02;22;246
50;2025-12-02;23;150
50;2025-12-03;0;30
50;2025-12-03;1;2
50;2025-12-03;2;0
50;2025-12-03;3;0
50;2025-12-03;4;3
50;2025-12-03;5;76
50;2025-12-03;6;532
50;2025-12-03;7;1696
50;2025-12-03;8;2828
50;2025-12-03;9;2186
50;2025-12-03;10;1742
50;2025-12-03;11;1536
50;2025-12-03;12;1478
50;2025-12-03;13;1538
50;2025-12-03;14;1442
50;2025-12-03;15;1687
50;2025-12-03;16;1685
50;2025-12-03;17;2451
50;2025-12-03;18;2459
50;2025-12-03;19;1473
50;2025-12-03;20;952
50;2025-12-03;21;649
50;2025-12-03;22;246
50;2025-12-03;23;150
50;2025-12-04;0;30
50;2025-12-04;1;2
50;2025-12-04;2;0
50;2025-12-04;3;0
50;2025-12-04;4;3
50;2025-12-04;5;76
50;2025-12-04;6;532
50;2025-12-04;7;1696
50;2025-12-04;8;2828
50;2025-12-04;9;2186
50;2025-12-04;10;1742
50;2025-12-04;11;1536
50;2025-12-04;12;1478
50;2025-12-04;13;1538
50;2025-12-04;14;1442
50;2025-12-04;15;1687
50;2025-12-04;16;1685
50;2025-12-04;17;2451
50;2025-12-04;18;2459
50;2025-12-04;19;1473
50;2025-12-04;20;952
50;2025-12-04;21;649
50;2025-12-04;22;246
50;2025-12-04;23;150
50;2025-12-05;0;36
50;2025-12-05;1;1
50;2025-12-05;2;0
50;2025-12-05;3;0
50;2025-12-05;4;4
50;2025-12-05;5;70
50;2025-12-05;6;516
50;2025-12-05;7;1779
50;2025-12-05;8;2813
50;2025-12-05;9;2191
50;2025-12-05;10;1524
50;2025-12-05;11;1532
50;2025-12-05;12;1424
50;2025-12-05;13;1542
50;2025-12-05;14;1471
50;2025-12-05;15;1754
50;2025-12-05;16;2299
50;2025-12-05;17;2179
50;2025-12-05;18;1620
50;2025-12-05;19;1203
50;2025-12-05;20;870
50;2025-12-05;21;551
50;2025-12-05;22;274
50;2025-12-05;23;165
50;2025-12-06;0;52
50;2025-12-06;1;6
50;2025-12-06;2;0
50;2025-12-06;3;2
50;2025-12-06;4;0
50;2025-12-06;5;9
50;2025-12-06;6;11
50;2025-12-06;7;17
50;2025-12-06;8;33
50;2025-12-06;9;66
50;2025-12-06;10;24
50;2025-12-06;11;41
50;2025-12-06;12;75
50;2025-12-06;13;49
50;2025-12-06;14;61
50;2025-12-06;15;89
50;2025-12-06;16;57
50;2025-12-06;17;56
50;2025-12-06;18;14
50;2025-12-06;19;12
50;2025-12-06;20;9
50;2025-12-06;21;9
50;2025-12-06;22;9
50;2025-12-06;23;3
50;2025-12-07;0;2
50;2025-12-07;1;0
50;2025-12-07;2;0
50;2025-12-07;3;0
50;2025-12-07;4;0
50;2025-12-07;5;1
50;2025-12-07;6;3
50;2025-12-07;7;5
50;2025-12-07;8;11
50;2025-12-07;9;8
50;2025-12-07;10;22
50;2025-12-07;11;75
50;2025-12-07;12;58
50;2025-12-07;13;70
50;2025-12-07;14;118
50;2025-12-07;15;96
50;2025-12-07;16;113
50;2025-12-07;17;101
50;2025-12-07;18;60
50;2025-12-07;19;66
50;2025-12-07;20;47
50;2025-12-07;21;30
50;2025-12-07;22;35
50;2025-12-07;23;10
50;2025-12-08;0;8
50;2025-12-08;1;3
50;2025-12-08;2;2
50;2025-12-08;3;0
50;2025-12-08;4;4
50;2025-12-08;5;68
50;2025-12-08;6;524
50;2025-12-08;7;1713
50;2025-12-08;8;2844
50;2025-12-08;9;2292
50;2025-12-08;10;1650
50;2025-12-08;11;1455
50;2025-12-08;12;1327
50;2025-12-08;13;1487
50;2025-12-08;14;1403
50;2025-12-08;15;1668
50;2025-12-08;16;1624
50;2025-12-08;17;2307
50;2025-12-08;18;2527
50;2025-12-08;19;1291
50;2025-12-08;20;876
50;2025-12-08;21;635
50;2025-12-08;22;225
50;2025-12-08;23;121
50;2025-12-09;0;30
50;2025-12-09;1;2
50;2025-12-09;2;0
50;2025-12-09;3;0
50;2025-12-09;4;3
50;2025-12-09;5;76
50;2025-12-09;6;532
50;2025-12-09;7;1696
50;2025-12-09;8;2828
50;2025-12-09;9;2186
50;2025-12-09;10;1742
50;2025-12-09;11;1536
50;2025-12-09;12;1478
50;2025-12-09;13;1538
50;2025-12-09;14;1442
50;2025-12-09;15;1687
50;2025-12-09;16;1685
50;2025-12-09;17;2451
50;2025-12-09;18;2459
50;2025-12-09;19;1473
50;2025-12-09;20;952
50;2025-12-09;21;649
50;2025-12-09;22;246
50;2025-12-09;23;150
50;2025-12-10;0;30
50;2025-12-10;1;2
50;2025-12-10;2;0
50;2025-12-10;3;0
50;2025-12-10;4;3
50;2025-12-10;5;76
50;2025-12-10;6;532
50;2025-12-10;7;1696
50;2025-12-10;8;2828
50;2025-12-10;9;2186
50;2025-12-10;10;1742
50;2025-12-10;11;1536
50;2025-12-10;12;1478
50;2025-12-10;13;1538
50;2025-12-10;14;1442
50;2025-12-10;15;1687
50;2025-12-10;16;1685
50;2025-12-10;17;2451
50;2025-12-10;18;2459
50;2025-12-10;19;1473
50;2025-12-10;20;952
50;2025-12-10;21;649
50;2025-12-10;22;246
50;2025-12-10;23;150
50;2025-12-11;0;30
50;2025-12-11;1;2
50;2025-12-11;2;0
50;2025-12-11;3;0
50;2025-12-11;4;3
50;2025-12-11;5;76
50;2025-12-11;6;532
50;2025-12-11;7;1696
50;2025-12-11;8;2828
50;2025-12-11;9;2186
50;2025-12-11;10;1742
50;2025-12-11;11;1536
50;2025-12-11;12;1478
50;2025-12-11;13;1538
50;2025-12-11;14;1442
50;2025-12-11;15;1687
50;2025-12-11;16;1685
50;2025-12-11;17;2451
50;2025-12-11;18;2459
50;2025-12-11;19;1473
50;2025-12-11;20;952
50;2025-12-11;21;649
50;2025-12-11;22;246
50;2025-12-11;23;150
50;2025-12-12;0;36
50;2025-12-12;1;1
50;2025-12-12;2;0
50;2025-12-12;3;0
50;2025-12-12;4;4
50;2025-12-12;5;70
50;2025-12-12;6;516
50;2025-12-12;7;1779
50;2025-12-12;8;2813
50;2025-12-12;9;2191
50;2025-12-12;10;1524
50;2025-12-12;11;1532
50;2025-12-12;12;1424
50;2025-12-12;13;1542
50;2025-12-12;14;1471
50;2025-12-12;15;1754
50;2025-12-12;16;2299
50;2025-12-12;17;2179
50;2025-12-12;18;1620
50;2025-12-12;19;1203
50;2025-12-12;20;870
50;2025-12-12;21;551
50;2025-12-12;22;274
50;2025-12-12;23;165
50;2025-12-13;0;52
50;2025-12-13;1;6
50;2025-12-13;2;0
50;2025-12-13;3;2
50;2025-12-13;4;0
50;2025-12-13;5;9
50;2025-12-13;6;11
50;2025-12-13;7;17
50;2025-12-13;8;33
50;2025-12-13;9;66
50;2025-12-13;10;24
50;2025-12-13;11;41
50;2025-12-13;12;75
50;2025-12-13;13;49
50;2025-12-13;14;61
50;2025-12-13;15;89
50;2025-12-13;16;57
50;2025-12-13;17;56
50;2025-12-13;18;14
50;2025-12-13;19;12
50;2025-12-13;20;9
50;2025-12-13;21;9
50;2025-12-13;22;9
50;2025-12-13;23;3
50;2025-12-14;0;2
50;2025-12-14;1;0
50;2025-12-14;2;0
50;2025-12-14;3;0
50;2025-12-14;4;0
50;2025-12-14;5;1
50;2025-12-14;6;3
50;2025-12-14;7;5
50;2025-12-14;8;11
50;2025-12-14;9;8
50;2025-12-14;10;22
50;2025-12-14;11;75
50;2025-12-14;12;58
50;2025-12-14;13;70
50;2025-12-14;14;118
50;2025-12-14;15;96
50;2025-12-14;16;113
50;2025-12-14;17;101
50;2025-12-14;18;60
50;2025-12-14;19;66
50;2025-12-14;20;47
50;2025-12-14;21;30
50;2025-12-14;22;35
50;2025-12-14;23;10
50;2025-12-15;0;8
50;2025-12-15;1;3
50;2025-12-15;2;2
50;2025-12-15;3;0
50;2025-12-15;4;4
50;2025-12-15;5;68
50;2025-12-15;6;524
50;2025-12-15;7;1713
50;2025-12-15;8;2844
50;2025-12-15;9;2292
50;2025-12-15;10;1650
50;2025-12-15;11;1455
50;2025-12-15;12;1327
50;2025-12-15;13;1487
50;2025-12-15;14;1403
50;2025-12-15;15;1668
50;2025-12-15;16;1624
50;2025-12-15;17;2307
50;2025-12-15;18;2527
50;2025-12-15;19;1291
50;2025-12-15;20;876
50;2025-12-15;21;635
50;2025-12-15;22;225
50;2025-12-15;23;121
50;2025-12-16;0;30
50;2025-12-16;1;2
50;2025-12-16;2;0
50;2025-12-16;3;0
50;2025-12-16;4;3
50;2025-12-16;5;76
50;2025-12-16;6;532
50;2025-12-16;7;1696
50;2025-12-16;8;2828
50;2025-12-16;9;2186
50;2025-12-16;10;1742
50;2025-12-16;11;1536
50;2025-12-16;12;1478
50;2025-12-16;13;1538
50;2025-12-16;14;1442
50;2025-12-16;15;1687
50;2025-12-16;16;1685
50;2025-12-16;17;2451
50;2025-12-16;18;2459
50;2025-12-16;19;1473
50;2025-12-16;20;952
50;2025-12-16;21;649
50;2025-12-16;22;246
50;2025-12-16;23;150
50;2025-12-17;0;30
50;2025-12-17;1;2
50;2025-12-17;2;0
50;2025-12-17;3;0
50;2025-12-17;4;3
50;2025-12-17;5;76
50;2025-12-17;6;532
50;2025-12-17;7;1696
50;2025-12-17;8;2828
50;2025-12-17;9;2186
50;2025-12-17;10;1742
50;2025-12-17;11;1536
50;2025-12-17;12;1478
50;2025-12-17;13;1538
50;2025-12-17;14;1442
50;2025-12-17;15;1687
50;2025-12-17;16;1685
50;2025-12-17;17;2451
50;2025-12-17;18;2459
50;2025-12-17;19;1473
50;2025-12-17;20;952
50;2025-12-17;21;649
50;2025-12-17;22;246
50;2025-12-17;23;150
50;2025-12-18;0;30
50;2025-12-18;1;2
50;2025-12-18;2;0
50;2025-12-18;3;0
50;2025-12-18;4;3
50;2025-12-18;5;76
50;2025-12-18;6;532
50;2025-12-18;7;1696
50;2025-12-18;8;2828
50;2025-12-18;9;2186
50;2025-12-18;10;1742
50;2025-12-18;11;1536
50;2025-12-18;12;1478
50;2025-12-18;13;1538
50;2025-12-18;14;1442
50;2025-12-18;15;1687
50;2025-12-18;16;1685
50;2025-12-18;17;2451
50;2025-12-18;18;2459
50;2025-12-18;19;1473
50;2025-12-18;20;952
50;2025-12-18;21;649
50;2025-12-18;22;246
50;2025-12-18;23;150
50;2025-12-19;0;36
50;2025-12-19;1;1
50;2025-12-19;2;0
50;2025-12-19;3;0
50;2025-12-19;4;4
50;2025-12-19;5;70
50;2025-12-19;6;516
50;2025-12-19;7;1779
50;2025-12-19;8;2813
50;2025-12-19;9;2191
50;2025-12-19;10;1524
50;2025-12-19;11;1532
50;2025-12-19;12;1424
50;2025-12-19;13;1542
50;2025-12-19;14;1471
50;2025-12-19;15;1754
50;2025-12-19;16;2299
50;2025-12-19;17;2179
50;2025-12-19;18;1620
50;2025-12-19;19;1203
50;2025-12-19;20;870
50;2025-12-19;21;551
50;2025-12-19;22;274
50;2025-12-19;23;165
50;2025-12-20;0;52
50;2025-12-20;1;6
50;2025-12-20;2;0
50;2025-12-20;3;2
50;2025-12-20;4;0
50;2025-12-20;5;9
50;2025-12-20;6;11
50;2025-12-20;7;17
50;2025-12-20;8;33
50;2025-12-20;9;66
50;2025-12-20;10;24
50;2025-12-20;11;41
50;2025-12-20;12;75
50;2025-12-20;13;49
50;2025-12-20;14;61
50;2025-12-20;15;89
50;2025-12-20;16;57
50;2025-12-20;17;56
50;2025-12-20;18;14
50;2025-12-20;19;12
50;2025-12-20;20;9
50;2025-12-20;21;9
50;2025-12-20;22;9
50;2025-12-20;23;3
50;2025-12-21;0;2
50;2025-12-21;1;0
50;2025-12-21;2;0
50;2025-12-21;3;0
50;2025-12-21;4;0
50;2025-12-21;5;1
50;2025-12-21;6;3
50;2025-12-21;7;5
50;2025-12-21;8;11
50;2025-12-21;9;8
50;2025-12-21;10;22
50;2025-12-21;11;75
50;2025-12-21;12;58
50;2025-12-21;13;70
50;2025-12-21;14;118
50;2025-12-21;15;96
50;2025-12-21;16;113
50;2025-12-21;17;101
50;2025-12-21;18;60
50;2025-12-21;19;66
50;2025-12-21;20;47
50;2025-12-21;21;30
50;2025-12-21;22;35
50;2025-12-21;23;10
50;2025-12-22;0;8
50;2025-12-22;1;3
50;2025-12-22;2;2
50;2025-12-22;3;0
50;2025-12-22;4;4
50;2025-12-22;5;68
50;2025-12-22;6;524
50;2025-12-22;7;1713
50;2025-12-22;8;2844
50;2025-12-22;9;2292
50;2025-12-22;10;1650
50;2025-12-22;11;1455
50;2025-12-22;12;1327
50;2025-12-22;13;1487
50;2025-12-22;14;1403
50;2025-12-22;15;1668
50;2025-12-22;16;1624
50;2025-12-22;17;2307
50;2025-12-22;18;2527
50;2025-12-22;19;1291
50;2025-12-22;20;876
50;2025-12-22;21;635
50;2025-12-22;22;225
50;2025-12-22;23;121
50;2025-12-23;0;30
50;2025-12-23;1;2
50;2025-12-23;2;0
50;2025-12-23;3;0
50;2025-12-23;4;3
50;2025-12-23;5;76
50;2025-12-23;6;532
50;2025-12-23;7;1696
50;2025-12-23;8;2828
50;2025-12-23;9;2186
50;2025-12-23;10;1742
50;2025-12-23;11;1536
50;2025-12-23;12;1478
50;2025-12-23;13;1538
50;2025-12-23;14;1442
50;2025-12-23;15;1687
50;2025-12-23;16;1685
50;2025-12-23;17;2451
50;2025-12-23;18;2459
50;2025-12-23;19;1473
50;2025-12-23;20;952
50;2025-12-23;21;649
50;2025-12-23;22;246
50;2025-12-23;23;150
50;2025-12-24;0;30
50;2025-12-24;1;2
50;2025-12-24;2;0
50;2025-12-24;3;0
50;2025-12-24;4;3
50;2025-12-24;5;76
50;2025-12-24;6;532
50;2025-12-24;7;1696
50;2025-12-24;8;2828
50;2025-12-24;9;2186
50;2025-12-24;10;1742
50;2025-12-24;11;1536
50;2025-12-24;12;1478
50;2025-12-24;13;1538
50;2025-12-24;14;1442
50;2025-12-24;15;1687
50;2025-12-24;16;1685
50;2025-12-24;17;2451
50;2025-12-24;18;2459
50;2025-12-24;19;1473
50;2025-12-24;20;952
50;2025-12-24;21;649
50;2025-12-24;22;246
50;2025-12-24;23;150
50;2025-12-25;0;30
50;2025-12-25;1;2
50;2025-12-25;2;0
50;2025-12-25;3;0
50;2025-12-25;4;3
50;2025-12-25;5;76
50;2025-12-25;6;532
50;2025-12-25;7;1696
50;2025-12-25;8;2828
50;2025-12-25;9;2186
50;2025-12-25;10;1742
50;2025-12-25;11;1536
50;2025-12-25;12;1478
50;2025-12-25;13;1538
50;2025-12-25;14;1442
50;2025-12-25;15;1687
50;2025-12-25;16;1685
50;2025-12-25;17;2451
50;2025-12-25;18;2459
50;2025-12-25;19;1473
50;2025-12-25;20;952
50;2025-12-25;21;649
50;2025-12-25;22;246
50;2025-12-25;23;150
50;2025-12-26;0;36
50;2025-12-26;1;1
50;2025-12-26;2;0
50;2025-12-26;3;0
50;2025-12-26;4;4
50;2025-12-26;5;70
50;2025-12-26;6;516
50;2025-12-26;7;1779
50;2025-12-26;8;2813
50;2025-12-26;9;2191
50;2025-12-26;10;1524
50;2025-12-26;11;1532
50;2025-12-26;12;1424
50;2025-12-26;13;1542
50;2025-12-26;14;1471
50;2025-12-26;15;1754
50;2025-12-26;16;2299
50;2025-12-26;17;2179
50;2025-12-26;18;1620
50;2025-12-26;19;1203
50;2025-12-26;20;870
50;2025-12-26;21;551
50;2025-12-26;22;274
50;2025-12-26;23;165
50;2025-12-27;0;52
50;2025-12-27;1;6
50;2025-12-27;2;0
50;2025-12-27;3;2
50;2025-12-27;4;0
50;2025-12-27;5;9
50;2025-12-27;6;11
50;2025-12-27;7;17
50;2025-12-27;8;33
50;2025-12-27;9;66
50;2025-12-27;10;24
50;2025-12-27;11;41
50;2025-12-27;12;75
50;2025-12-27;13;49
50;2025-12-27;14;61
50;2025-12-27;15;89
50;2025-12-27;16;57
50;2025-12-27;17;56
50;2025-12-27;18;14
50;2025-12-27;19;12
50;2025-12-27;20;9
50;2025-12-27;21;9
50;2025-12-27;22;9
50;2025-12-27;23;3
50;2025-12-28;0;2
50;2025-12-28;1;0
50;2025-12-28;2;0
50;2025-12-28;3;0
50;2025-12-28;4;0
50;2025-12-28;5;1
50;2025-12-28;6;3
50;2025-12-28;7;5
50;2025-12-28;8;11
50;2025-12-28;9;8
50;2025-12-28;10;22
50;2025-12-28;11;75
50;2025-12-28;12;58
50;2025-12-28;13;70
50;2025-12-28;14;118
50;2025-12-28;15;96
50;2025-12-28;16;113
50;2025-12-28;17;101
50;2025-12-28;18;60
50;2025-12-28;19;66
50;2025-12-28;20;47
50;2025-12-28;21;30
50;2025-12-28;22;35
50;2025-12-28;23;10
50;2025-12-29;0;31
50;2025-12-29;1;1
50;2025-12-29;2;0
50;2025-12-29;3;0
50;2025-12-29;4;3
50;2025-12-29;5;61
50;2025-12-29;6;444
50;2025-12-29;7;1529
50;2025-12-29;8;2419
50;2025-12-29;9;1885
50;2025-12-29;10;1311
50;2025-12-29;11;1317
50;2025-12-29;12;1225
50;2025-12-29;13;1326
50;2025-12-29;14;1265
50;2025-12-29;15;1509
50;2025-12-29;16;1978
50;2025-12-29;17;1874
50;2025-12-29;18;1394
50;2025-12-29;19;1034
50;2025-12-29;20;747
50;2025-12-29;21;474
50;2025-12-29;22;235
50;2025-12-29;23;141
50;2025-12-30;0;31
50;2025-12-30;1;1
50;2025-12-30;2;0
50;2025-12-30;3;0
50;2025-12-30;4;3
50;2025-12-30;5;61
50;2025-12-30;6;444
50;2025-12-30;7;1529
50;2025-12-30;8;2419
50;2025-12-30;9;1885
50;2025-12-30;10;1311
50;2025-12-30;11;1317
50;2025-12-30;12;1225
50;2025-12-30;13;1326
50;2025-12-30;14;1265
50;2025-12-30;15;1509
50;2025-12-30;16;1978
50;2025-12-30;17;1874
50;2025-12-30;18;1394
50;2025-12-30;19;1034
50;2025-12-30;20;747
50;2025-12-30;21;474
50;2025-12-30;22;235
50;2025-12-30;23;141
50;2025-12-31;0;44
50;2025-12-31;1;5
50;2025-12-31;2;0
50;2025-12-31;3;2
50;2025-12-31;4;0
50;2025-12-31;5;7
50;2025-12-31;6;9
50;2025-12-31;7;14
50;2025-12-31;8;28
50;2025-12-31;9;57
50;2025-12-31;10;20
50;2025-12-31;11;35
50;2025-12-31;12;64
50;2025-12-31;13;42
50;2025-12-31;14;52
50;2025-12-31;15;76
50;2025-12-31;16;48
50;2025-12-31;17;47
50;2025-12-31;18;12
50;2025-12-31;19;6
50;2025-12-31;20;4
50;2025-12-31;21;4
50;2025-12-31;22;4
50;2025-12-31;23;1
