route;date;hour;prediction
1;2025-11-01;0;3
1;2025-11-01;1;0
1;2025-11-01;2;0
1;2025-11-01;3;0
1;2025-11-01;4;6
1;2025-11-01;5;119
1;2025-11-01;6;421
1;2025-11-01;7;1328
1;2025-11-01;8;1613
1;2025-11-01;9;1255
1;2025-11-01;10;1117
1;2025-11-01;11;1191
1;2025-11-01;12;1187
1;2025-11-01;13;1230
1;2025-11-01;14;1156
1;2025-11-01;15;1304
1;2025-11-01;16;1405
1;2025-11-01;17;1604
1;2025-11-01;18;1297
1;2025-11-01;19;1084
1;2025-11-01;20;696
1;2025-11-01;21;423
1;2025-11-01;22;155
1;2025-11-01;23;35
1;2025-11-02;0;0
1;2025-11-02;1;0
1;2025-11-02;2;0
1;2025-11-02;3;0
1;2025-11-02;4;0
1;2025-11-02;5;21
1;2025-11-02;6;119
1;2025-11-02;7;273
1;2025-11-02;8;369
1;2025-11-02;9;640
1;2025-11-02;10;711
1;2025-11-02;11;752
1;2025-11-02;12;865
1;2025-11-02;13;899
1;2025-11-02;14;836
1;2025-11-02;15;747
1;2025-11-02;16;687
1;2025-11-02;17;603
1;2025-11-02;18;522
1;2025-11-02;19;454
1;2025-11-02;20;348
1;2025-11-02;21;285
1;2025-11-02;22;103
1;2025-11-02;23;28
1;2025-11-03;0;0
1;2025-11-03;1;0
1;2025-11-03;2;0
1;2025-11-03;3;0
1;2025-11-03;4;0
1;2025-11-03;5;20
1;2025-11-03;6;115
1;2025-11-03;7;264
1;2025-11-03;8;357
1;2025-11-03;9;618
1;2025-11-03;10;687
1;2025-11-03;11;726
1;2025-11-03;12;836
1;2025-11-03;13;869
1;2025-11-03;14;809
1;2025-11-03;15;722
1;2025-11-03;16;665
1;2025-11-03;17;583
1;2025-11-03;18;505
1;2025-11-03;19;439
1;2025-11-03;20;336
1;2025-11-03;21;275
1;2025-11-03;22;100
1;2025-11-03;23;27
1;2025-11-04;0;0
1;2025-11-04;1;0
1;2025-11-04;2;0
1;2025-11-04;3;0
1;2025-11-04;4;0
1;2025-11-04;5;20
1;2025-11-04;6;115
1;2025-11-04;7;264
1;2025-11-04;8;357
1;2025-11-04;9;618
1;2025-11-04;10;687
1;2025-11-04;11;726
1;2025-11-04;12;836
1;2025-11-04;13;869
1;2025-11-04;14;809
1;2025-11-04;15;722
1;2025-11-04;16;665
1;2025-11-04;17;583
1;2025-11-04;18;505
1;2025-11-04;19;439
1;2025-11-04;20;336
1;2025-11-04;21;275
1;2025-11-04;22;100
1;2025-11-04;23;27
1;2025-11-05;0;4
1;2025-11-05;1;0
1;2025-11-05;2;0
1;2025-11-05;3;0
1;2025-11-05;4;10
1;2025-11-05;5;116
1;2025-11-05;6;516
1;2025-11-05;7;1577
1;2025-11-05;8;2057
1;2025-11-05;9;1524
1;2025-11-05;10;1410
1;2025-11-05;11;1387
1;2025-11-05;12;1450
1;2025-11-05;13;1490
1;2025-11-05;14;1408
1;2025-11-05;15;1529
1;2025-11-05;16;1543
1;2025-11-05;17;1831
1;2025-11-05;18;1860
1;2025-11-05;19;1389
1;2025-11-05;20;910
1;2025-11-05;21;495
1;2025-11-05;22;180
1;2025-11-05;23;36
1;2025-11-06;0;4
1;2025-11-06;1;0
1;2025-11-06;2;0
1;2025-11-06;3;0
1;2025-11-06;4;10
1;2025-11-06;5;116
1;2025-11-06;6;516
1;2025-11-06;7;1577
1;2025-11-06;8;2057
1;2025-11-06;9;1524
1;2025-11-06;10;1410
1;2025-11-06;11;1387
1;2025-11-06;12;1450
1;2025-11-06;13;1490
1;2025-11-06;14;1408
1;2025-11-06;15;1529
1;2025-11-06;16;1543
1;2025-11-06;17;1831
1;2025-11-06;18;1860
1;2025-11-06;19;1389
1;2025-11-06;20;910
1;2025-11-06;21;495
1;2025-11-06;22;180
1;2025-11-06;23;36
1;2025-11-07;0;4
1;2025-11-07;1;0
1;2025-11-07;2;0
1;2025-11-07;3;0
1;2025-11-07;4;7
1;2025-11-07;5;141
1;2025-11-07;6;496
1;2025-11-07;7;1562
1;2025-11-07;8;1897
1;2025-11-07;9;1476
1;2025-11-07;10;1314
1;2025-11-07;11;1401
1;2025-11-07;12;1397
1;2025-11-07;13;1446
1;2025-11-07;14;1360
1;2025-11-07;15;1534
1;2025-11-07;16;1652
1;2025-11-07;17;1888
1;2025-11-07;18;1526
1;2025-11-07;19;1276
1;2025-11-07;20;818
1;2025-11-07;21;498
1;2025-11-07;22;183
1;2025-11-07;23;41
1;2025-11-08;0;4
1;2025-11-08;1;0
1;2025-11-08;2;0
1;2025-11-08;3;0
1;2025-11-08;4;1
1;2025-11-08;5;32
1;2025-11-08;6;157
1;2025-11-08;7;364
1;2025-11-08;8;504
1;2025-11-08;9;777
1;2025-11-08;10;953
1;2025-11-08;11;934
1;2025-11-08;12;1128
1;2025-11-08;13;1178
1;2025-11-08;14;1094
1;2025-11-08;15;949
1;2025-11-08;16;808
1;2025-11-08;17;758
1;2025-11-08;18;664
1;2025-11-08;19;572
1;2025-11-08;20;440
1;2025-11-08;21;308
1;2025-11-08;22;122
1;2025-11-08;23;26
1;2025-11-09;0;0
1;2025-11-09;1;0
1;2025-11-09;2;0
1;2025-11-09;3;0
1;2025-11-09;4;0
1;2025-11-09;5;21
1;2025-11-09;6;119
1;2025-11-09;7;273
1;2025-11-09;8;369
1;2025-11-09;9;640
1;2025-11-09;10;711
1;2025-11-09;11;752
1;2025-11-09;12;865
1;2025-11-09;13;899
1;2025-11-09;14;836
1;2025-11-09;15;747
1;2025-11-09;16;687
1;2025-11-09;17;603
1;2025-11-09;18;522
1;2025-11-09;19;454
1;2025-11-09;20;348
1;2025-11-09;21;285
1;2025-11-09;22;103
1;2025-11-09;23;28
1;2025-11-10;0;0
1;2025-11-10;1;0
1;2025-11-10;2;0
1;2025-11-10;3;0
1;2025-11-10;4;9
1;2025-11-10;5;138
1;2025-11-10;6;498
1;2025-11-10;7;1482
1;2025-11-10;8;2011
1;2025-11-10;9;1517
1;2025-11-10;10;1284
1;2025-11-10;11;1288
1;2025-11-10;12;1422
1;2025-11-10;13;1508
1;2025-11-10;14;1514
1;2025-11-10;15;1627
1;2025-11-10;16;1675
1;2025-11-10;17;1924
1;2025-11-10;18;2095
1;2025-11-10;19;1481
1;2025-11-10;20;928
1;2025-11-10;21;456
1;2025-11-10;22;182
1;2025-11-10;23;54
1;2025-11-11;0;4
1;2025-11-11;1;0
1;2025-11-11;2;0
1;2025-11-11;3;0
1;2025-11-11;4;10
1;2025-11-11;5;116
1;2025-11-11;6;516
1;2025-11-11;7;1577
1;2025-11-11;8;2057
1;2025-11-11;9;1524
1;2025-11-11;10;1410
1;2025-11-11;11;1387
1;2025-11-11;12;1450
1;2025-11-11;13;1490
1;2025-11-11;14;1408
1;2025-11-11;15;1529
1;2025-11-11;16;1543
1;2025-11-11;17;1831
1;2025-11-11;18;1860
1;2025-11-11;19;1389
1;2025-11-11;20;910
1;2025-11-11;21;495
1;2025-11-11;22;180
1;2025-11-11;23;36
1;2025-11-12;0;4
1;2025-11-12;1;0
1;2025-11-12;2;0
1;2025-11-12;3;0
1;2025-11-12;4;10
1;2025-11-12;5;116
1;2025-11-12;6;516
1;2025-11-12;7;1577
1;2025-11-12;8;2057
1;2025-11-12;9;1524
1;2025-11-12;10;1410
1;2025-11-12;11;1387
1;2025-11-12;12;1450
1;2025-11-12;13;1490
1;2025-11-12;14;1408
1;2025-11-12;15;1529
1;2025-11-12;16;1543
1;2025-11-12;17;1831
1;2025-11-12;18;1860
1;2025-11-12;19;1389
1;2025-11-12;20;910
1;2025-11-12;21;495
1;2025-11-12;22;180
1;2025-11-12;23;36
1;2025-11-13;0;4
1;2025-11-13;1;0
1;2025-11-13;2;0
1;2025-11-13;3;0
1;2025-11-13;4;10
1;2025-11-13;5;116
1;2025-11-13;6;516
1;2025-11-13;7;1577
1;2025-11-13;8;2057
1;2025-11-13;9;1524
1;2025-11-13;10;1410
1;2025-11-13;11;1387
1;2025-11-13;12;1450
1;2025-11-13;13;1490
1;2025-11-13;14;1408
1;2025-11-13;15;1529
1;2025-11-13;16;1543
1;2025-11-13;17;1831
1;2025-11-13;18;1860
1;2025-11-13;19;1389
1;2025-11-13;20;910
1;2025-11-13;21;495
1;2025-11-13;22;180
1;2025-11-13;23;36
1;2025-11-14;0;4
1;2025-11-14;1;0
1;2025-11-14;2;0
1;2025-11-14;3;0
1;2025-11-14;4;7
1;2025-11-14;5;141
1;2025-11-14;6;496
1;2025-11-14;7;1562
1;2025-11-14;8;1897
1;2025-11-14;9;1476
1;2025-11-14;10;1314
1;2025-11-14;11;1401
1;2025-11-14;12;1397
1;2025-11-14;13;1446
1;2025-11-14;14;1360
1;2025-11-14;15;1534
1;2025-11-14;16;1652
1;2025-11-14;17;1888
1;2025-11-14;18;1526
1;2025-11-14;19;1276
1;2025-11-14;20;818
1;2025-11-14;21;498
1;2025-11-14;22;183
1;2025-11-14;23;41
1;2025-11-15;0;4
1;2025-11-15;1;0
1;2025-11-15;2;0
1;2025-11-15;3;0
1;2025-11-15;4;0
1;2025-11-15;5;31
1;2025-11-15;6;149
1;2025-11-15;7;346
1;2025-11-15;8;478
1;2025-11-15;9;737
1;2025-11-15;10;904
1;2025-11-15;11;886
1;2025-11-15;12;1069
1;2025-11-15;13;1118
1;2025-11-15;14;1037
1;2025-11-15;15;900
1;2025-11-15;16;766
1;2025-11-15;17;719
1;2025-11-15;18;629
1;2025-11-15;19;543
1;2025-11-15;20;416
1;2025-11-15;21;293
1;2025-11-15;22;115
1;2025-11-15;23;24
1;2025-11-16;0;0
1;2025-11-16;1;0
1;2025-11-16;2;0
1;2025-11-16;3;0
1;2025-11-16;4;0
1;2025-11-16;5;21
1;2025-11-16;6;119
1;2025-11-16;7;273
1;2025-11-16;8;369
1;2025-11-16;9;640
1;2025-11-16;10;711
1;2025-11-16;11;752
1;2025-11-16;12;865
1;2025-11-16;13;899
1;2025-11-16;14;836
1;2025-11-16;15;747
1;2025-11-16;16;687
1;2025-11-16;17;603
1;2025-11-16;18;522
1;2025-11-16;19;454
1;2025-11-16;20;348
1;2025-11-16;21;285
1;2025-11-16;22;103
1;2025-11-16;23;28
1;2025-11-17;0;0
1;2025-11-17;1;0
1;2025-11-17;2;0
1;2025-11-17;3;0
1;2025-11-17;4;9
1;2025-11-17;5;138
1;2025-11-17;6;498
1;2025-11-17;7;1482
1;2025-11-17;8;2011
1;2025-11-17;9;1517
1;2025-11-17;10;1284
1;2025-11-17;11;1288
1;2025-11-17;12;1422
1;2025-11-17;13;1508
1;2025-11-17;14;1514
1;2025-11-17;15;1627
1;2025-11-17;16;1675
1;2025-11-17;17;1924
1;2025-11-17;18;2095
1;2025-11-17;19;1481
1;2025-11-17;20;928
1;2025-11-17;21;456
1;2025-11-17;22;182
1;2025-11-17;23;54
1;2025-11-18;0;4
1;2025-11-18;1;0
1;2025-11-18;2;0
1;2025-11-18;3;0
1;2025-11-18;4;10
1;2025-11-18;5;116
1;2025-11-18;6;516
1;2025-11-18;7;1577
1;2025-11-18;8;2057
1;2025-11-18;9;1524
1;2025-11-18;10;1410
1;2025-11-18;11;1387
1;2025-11-18;12;1450
1;2025-11-18;13;1490
1;2025-11-18;14;1408
1;2025-11-18;15;1529
1;2025-11-18;16;1543
1;2025-11-18;17;1831
1;2025-11-18;18;1860
1;2025-11-18;19;1389
1;2025-11-18;20;910
1;2025-11-18;21;495
1;2025-11-18;22;180
1;2025-11-18;23;36
1;2025-11-19;0;4
1;2025-11-19;1;0
1;2025-11-19;2;0
1;2025-11-19;3;0
1;2025-11-19;4;10
1;2025-11-19;5;116
1;2025-11-19;6;516
1;2025-11-19;7;1577
1;2025-11-19;8;2057
1;2025-11-19;9;1524
1;2025-11-19;10;1410
1;2025-11-19;11;1387
1;2025-11-19;12;1450
1;2025-11-19;13;1490
1;2025-11-19;14;1408
1;2025-11-19;15;1529
1;2025-11-19;16;1543
1;2025-11-19;17;1831
1;2025-11-19;18;1860
1;2025-11-19;19;1389
1;2025-11-19;20;910
1;2025-11-19;21;495
1;2025-11-19;22;180
1;2025-11-19;23;36
1;2025-11-20;0;4
1;2025-11-20;1;0
1;2025-11-20;2;0
1;2025-11-20;3;0
1;2025-11-20;4;10
1;2025-11-20;5;116
1;2025-11-20;6;516
1;2025-11-20;7;1577
1;2025-11-20;8;2057
1;2025-11-20;9;1524
1;2025-11-20;10;1410
1;2025-11-20;11;1387
1;2025-11-20;12;1450
1;2025-11-20;13;1490
1;2025-11-20;14;1408
1;2025-11-20;15;1529
1;2025-11-20;16;1543
1;2025-11-20;17;1831
1;2025-11-20;18;1860
1;2025-11-20;19;1389
1;2025-11-20;20;910
1;2025-11-20;21;495
1;2025-11-20;22;180
1;2025-11-20;23;36
1;2025-11-21;0;4
1;2025-11-21;1;0
1;2025-11-21;2;0
1;2025-11-21;3;0
1;2025-11-21;4;7
1;2025-11-21;5;141
1;2025-11-21;6;496
1;2025-11-21;7;1562
1;2025-11-21;8;1897
1;2025-11-21;9;1476
1;2025-11-21;10;1314
1;2025-11-21;11;1401
1;2025-11-21;12;1397
1;2025-11-21;13;1446
1;2025-11-21;14;1360
1;2025-11-21;15;1534
1;2025-11-21;16;1652
1;2025-11-21;17;1888
1;2025-11-21;18;1526
1;2025-11-21;19;1276
1;2025-11-21;20;818
1;2025-11-21;21;498
1;2025-11-21;22;183
1;2025-11-21;23;41
1;2025-11-22;0;4
1;2025-11-22;1;0
1;2025-11-22;2;0
1;2025-11-22;3;0
1;2025-11-22;4;1
1;2025-11-22;5;32
1;2025-11-22;6;157
1;2025-11-22;7;364
1;2025-11-22;8;504
1;2025-11-22;9;777
1;2025-11-22;10;953
1;2025-11-22;11;934
1;2025-11-22;12;1128
1;2025-11-22;13;1178
1;2025-11-22;14;1094
1;2025-11-22;15;949
1;2025-11-22;16;808
1;2025-11-22;17;758
1;2025-11-22;18;664
1;2025-11-22;19;572
1;2025-11-22;20;440
1;2025-11-22;21;308
1;2025-11-22;22;122
1;2025-11-22;23;26
1;2025-11-23;0;0
1;2025-11-23;1;0
1;2025-11-23;2;0
1;2025-11-23;3;0
1;2025-11-23;4;0
1;2025-11-23;5;21
1;2025-11-23;6;119
1;2025-11-23;7;273
1;2025-11-23;8;369
1;2025-11-23;9;640
1;2025-11-23;10;711
1;2025-11-23;11;752
1;2025-11-23;12;865
1;2025-11-23;13;899
1;2025-11-23;14;836
1;2025-11-23;15;747
1;2025-11-23;16;687
1;2025-11-23;17;603
1;2025-11-23;18;522
1;2025-11-23;19;454
1;2025-11-23;20;348
1;2025-11-23;21;285
1;2025-11-23;22;103
1;2025-11-23;23;28
1;2025-11-24;0;0
1;2025-11-24;1;0
1;2025-11-24;2;0
1;2025-11-24;3;0
1;2025-11-24;4;9
1;2025-11-24;5;138
1;2025-11-24;6;498
1;2025-11-24;7;1482
1;2025-11-24;8;2011
1;2025-11-24;9;1517
1;2025-11-24;10;1284
1;2025-11-24;11;1288
1;2025-11-24;12;1422
1;2025-11-24;13;1508
1;2025-11-24;14;1514
1;2025-11-24;15;1627
1;2025-11-24;16;1675
1;2025-11-24;17;1924
1;2025-11-24;18;2095
1;2025-11-24;19;1481
1;2025-11-24;20;928
1;2025-11-24;21;456
1;2025-11-24;22;182
1;2025-11-24;23;54
1;2025-11-25;0;4
1;2025-11-25;1;0
1;2025-11-25;2;0
1;2025-11-25;3;0
1;2025-11-25;4;10
1;2025-11-25;5;116
1;2025-11-25;6;516
1;2025-11-25;7;1577
1;2025-11-25;8;2057
1;2025-11-25;9;1524
1;2025-11-25;10;1410
1;2025-11-25;11;1387
1;2025-11-25;12;1450
1;2025-11-25;13;1490
1;2025-11-25;14;1408
1;2025-11-25;15;1529
1;2025-11-25;16;1543
1;2025-11-25;17;1831
1;2025-11-25;18;1860
1;2025-11-25;19;1389
1;2025-11-25;20;910
1;2025-11-25;21;495
1;2025-11-25;22;180
1;2025-11-25;23;36
1;2025-11-26;0;4
1;2025-11-26;1;0
1;2025-11-26;2;0
1;2025-11-26;3;0
1;2025-11-26;4;10
1;2025-11-26;5;116
1;2025-11-26;6;516
1;2025-11-26;7;1577
1;2025-11-26;8;2057
1;2025-11-26;9;1524
1;2025-11-26;10;1410
1;2025-11-26;11;1387
1;2025-11-26;12;1450
1;2025-11-26;13;1490
1;2025-11-26;14;1408
1;2025-11-26;15;1529
1;2025-11-26;16;1543
1;2025-11-26;17;1831
1;2025-11-26;18;1860
1;2025-11-26;19;1389
1;2025-11-26;20;910
1;2025-11-26;21;495
1;2025-11-26;22;180
1;2025-11-26;23;36
1;2025-11-27;0;4
1;2025-11-27;1;0
1;2025-11-27;2;0
1;2025-11-27;3;0
1;2025-11-27;4;10
1;2025-11-27;5;116
1;2025-11-27;6;516
1;2025-11-27;7;1577
1;2025-11-27;8;2057
1;2025-11-27;9;1524
1;2025-11-27;10;1410
1;2025-11-27;11;1387
1;2025-11-27;12;1450
1;2025-11-27;13;1490
1;2025-11-27;14;1408
1;2025-11-27;15;1529
1;2025-11-27;16;1543
1;2025-11-27;17;1831
1;2025-11-27;18;1860
1;2025-11-27;19;1389
1;2025-11-27;20;910
1;2025-11-27;21;495
1;2025-11-27;22;180
1;2025-11-27;23;36
1;2025-11-28;0;4
1;2025-11-28;1;0
1;2025-11-28;2;0
1;2025-11-28;3;0
1;2025-11-28;4;7
1;2025-11-28;5;141
1;2025-11-28;6;496
1;2025-11-28;7;1562
1;2025-11-28;8;1897
1;2025-11-28;9;1476
1;2025-11-28;10;1314
1;2025-11-28;11;1401
1;2025-11-28;12;1397
1;2025-11-28;13;1446
1;2025-11-28;14;1360
1;2025-11-28;15;1534
1;2025-11-28;16;1652
1;2025-11-28;17;1888
1;2025-11-28;18;1526
1;2025-11-28;19;1276
1;2025-11-28;20;818
1;2025-11-28;21;498
1;2025-11-28;22;183
1;2025-11-28;23;41
1;2025-11-29;0;4
1;2025-11-29;1;0
1;2025-11-29;2;0
1;2025-11-29;3;0
1;2025-11-29;4;1
1;2025-11-29;5;32
1;2025-11-29;6;157
1;2025-11-29;7;364
1;2025-11-29;8;504
1;2025-11-29;9;777
1;2025-11-29;10;953
1;2025-11-29;11;934
1;2025-11-29;12;1128
1;2025-11-29;13;1178
1;2025-11-29;14;1094
1;2025-11-29;15;949
1;2025-11-29;16;808
1;2025-11-29;17;758
1;2025-11-29;18;664
1;2025-11-29;19;572
1;2025-11-29;20;440
1;2025-11-29;21;308
1;2025-11-29;22;122
1;2025-11-29;23;26
1;2025-11-30;0;0
1;2025-11-30;1;0
1;2025-11-30;2;0
1;2025-11-30;3;0
1;2025-11-30;4;0
1;2025-11-30;5;21
1;2025-11-30;6;119
1;2025-11-30;7;273
1;2025-11-30;8;369
1;2025-11-30;9;640
1;2025-11-30;10;711
1;2025-11-30;11;752
1;2025-11-30;12;865
1;2025-11-30;13;899
1;2025-11-30;14;836
1;2025-11-30;15;747
1;2025-11-30;16;687
1;2025-11-30;17;603
1;2025-11-30;18;522
1;2025-11-30;19;454
1;2025-11-30;20;348
1;2025-11-30;21;285
1;2025-11-30;22;103
1;2025-11-30;23;28
1;2025-12-01;0;0
1;2025-12-01;1;0
1;2025-12-01;2;0
1;2025-12-01;3;0
1;2025-12-01;4;9
1;2025-12-01;5;138
1;2025-12-01;6;498
1;2025-12-01;7;1482
1;2025-12-01;8;2011
1;2025-12-01;9;1517
1;2025-12-01;10;1284
1;2025-12-01;11;1288
1;2025-12-01;12;1422
1;2025-12-01;13;1508
1;2025-12-01;14;1514
1;2025-12-01;15;1627
1;2025-12-01;16;1675
1;2025-12-01;17;1924
1;2025-12-01;18;2095
1;2025-12-01;19;1481
1;2025-12-01;20;928
1;2025-12-01;21;456
1;2025-12-01;22;182
1;2025-12-01;23;54
1;2025-12-02;0;4
1;2025-12-02;1;0
1;2025-12-02;2;0
1;2025-12-02;3;0
1;2025-12-02;4;10
1;2025-12-02;5;116
1;2025-12-02;6;516
1;2025-12-02;7;1577
1;2025-12-02;8;2057
1;2025-12-02;9;1524
1;2025-12-02;10;1410
1;2025-12-02;11;1387
1;2025-12-02;12;1450
1;2025-12-02;13;1490
1;2025-12-02;14;1408
1;2025-12-02;15;1529
1;2025-12-02;16;1543
1;2025-12-02;17;1831
1;2025-12-02;18;1860
1;2025-12-02;19;1389
1;2025-12-02;20;910
1;2025-12-02;21;495
1;2025-12-02;22;180
1;2025-12-02;23;36
1;2025-12-03;0;4
1;2025-12-03;1;0
1;2025-12-03;2;0
1;2025-12-03;3;0
1;2025-12-03;4;10
1;2025-12-03;5;116
1;2025-12-03;6;516
1;2025-12-03;7;1577
1;2025-12-03;8;2057
1;2025-12-03;9;1524
1;2025-12-03;10;1410
1;2025-12-03;11;1387
1;2025-12-03;12;1450
1;2025-12-03;13;1490
1;2025-12-03;14;1408
1;2025-12-03;15;1529
1;2025-12-03;16;1543
1;2025-12-03;17;1831
1;2025-12-03;18;1860
1;2025-12-03;19;1389
1;2025-12-03;20;910
1;2025-12-03;21;495
1;2025-12-03;22;180
1;2025-12-03;23;36
1;2025-12-04;0;4
1;2025-12-04;1;0
1;2025-12-04;2;0
1;2025-12-04;3;0
1;2025-12-04;4;10
1;2025-12-04;5;116
1;2025-12-04;6;516
1;2025-12-04;7;1577
1;2025-12-04;8;2057
1;2025-12-04;9;1524
1;2025-12-04;10;1410
1;2025-12-04;11;1387
1;2025-12-04;12;1450
1;2025-12-04;13;1490
1;2025-12-04;14;1408
1;2025-12-04;15;1529
1;2025-12-04;16;1543
1;2025-12-04;17;1831
1;2025-12-04;18;1860
1;2025-12-04;19;1389
1;2025-12-04;20;910
1;2025-12-04;21;495
1;2025-12-04;22;180
1;2025-12-04;23;36
1;2025-12-05;0;4
1;2025-12-05;1;0
1;2025-12-05;2;0
1;2025-12-05;3;0
1;2025-12-05;4;7
1;2025-12-05;5;141
1;2025-12-05;6;496
1;2025-12-05;7;1562
1;2025-12-05;8;1897
1;2025-12-05;9;1476
1;2025-12-05;10;1314
1;2025-12-05;11;1401
1;2025-12-05;12;1397
1;2025-12-05;13;1446
1;2025-12-05;14;1360
1;2025-12-05;15;1534
1;2025-12-05;16;1652
1;2025-12-05;17;1888
1;2025-12-05;18;1526
1;2025-12-05;19;1276
1;2025-12-05;20;818
1;2025-12-05;21;498
1;2025-12-05;22;183
1;2025-12-05;23;41
1;2025-12-06;0;4
1;2025-12-06;1;0
1;2025-12-06;2;0
1;2025-12-06;3;0
1;2025-12-06;4;1
1;2025-12-06;5;32
1;2025-12-06;6;157
1;2025-12-06;7;364
1;2025-12-06;8;504
1;2025-12-06;9;777
1;2025-12-06;10;953
1;2025-12-06;11;934
1;2025-12-06;12;1128
1;2025-12-06;13;1178
1;2025-12-06;14;1094
1;2025-12-06;15;949
1;2025-12-06;16;808
1;2025-12-06;17;758
1;2025-12-06;18;664
1;2025-12-06;19;572
1;2025-12-06;20;440
1;2025-12-06;21;308
1;2025-12-06;22;122
1;2025-12-06;23;26
1;2025-12-07;0;0
1;2025-12-07;1;0
1;2025-12-07;2;0
1;2025-12-07;3;0
1;2025-12-07;4;0
1;2025-12-07;5;21
1;2025-12-07;6;119
1;2025-12-07;7;273
1;2025-12-07;8;369
1;2025-12-07;9;640
1;2025-12-07;10;711
1;2025-12-07;11;752
1;2025-12-07;12;865
1;2025-12-07;13;899
1;2025-12-07;14;836
1;2025-12-07;15;747
1;2025-12-07;16;687
1;2025-12-07;17;603
1;2025-12-07;18;522
1;2025-12-07;19;454
1;2025-12-07;20;348
1;2025-12-07;21;285
1;2025-12-07;22;103
1;2025-12-07;23;28
1;2025-12-08;0;0
1;2025-12-08;1;0
1;2025-12-08;2;0
1;2025-12-08;3;0
1;2025-12-08;4;9
1;2025-12-08;5;138
1;2025-12-08;6;498
1;2025-12-08;7;1482
1;2025-12-08;8;2011
1;2025-12-08;9;1517
1;2025-12-08;10;1284
1;2025-12-08;11;1288
1;2025-12-08;12;1422
1;2025-12-08;13;1508
1;2025-12-08;14;1514
1;2025-12-08;15;1627
1;2025-12-08;16;1675
1;2025-12-08;17;1924
1;2025-12-08;18;2095
1;2025-12-08;19;1481
1;2025-12-08;20;928
1;2025-12-08;21;456
1;2025-12-08;22;182
1;2025-12-08;23;54
1;2025-12-09;0;4
1;2025-12-09;1;0
1;2025-12-09;2;0
1;2025-12-09;3;0
1;2025-12-09;4;10
1;2025-12-09;5;116
1;2025-12-09;6;516
1;2025-12-09;7;1577
1;2025-12-09;8;2057
1;2025-12-09;9;1524
1;2025-12-09;10;1410
1;2025-12-09;11;1387
1;2025-12-09;12;1450
1;2025-12-09;13;1490
1;2025-12-09;14;1408
1;2025-12-09;15;1529
1;2025-12-09;16;1543
1;2025-12-09;17;1831
1;2025-12-09;18;1860
1;2025-12-09;19;1389
1;2025-12-09;20;910
1;2025-12-09;21;495
1;2025-12-09;22;180
1;2025-12-09;23;36
1;2025-12-10;0;4
1;2025-12-10;1;0
1;2025-12-10;2;0
1;2025-12-10;3;0
1;2025-12-10;4;10
1;2025-12-10;5;116
1;2025-12-10;6;516
1;2025-12-10;7;1577
1;2025-12-10;8;2057
1;2025-12-10;9;1524
1;2025-12-10;10;1410
1;2025-12-10;11;1387
1;2025-12-10;12;1450
1;2025-12-10;13;1490
1;2025-12-10;14;1408
1;2025-12-10;15;1529
1;2025-12-10;16;1543
1;2025-12-10;17;1831
1;2025-12-10;18;1860
1;2025-12-10;19;1389
1;2025-12-10;20;910
1;2025-12-10;21;495
1;2025-12-10;22;180
1;2025-12-10;23;36
1;2025-12-11;0;4
1;2025-12-11;1;0
1;2025-12-11;2;0
1;2025-12-11;3;0
1;2025-12-11;4;10
1;2025-12-11;5;116
1;2025-12-11;6;516
1;2025-12-11;7;1577
1;2025-12-11;8;2057
1;2025-12-11;9;1524
1;2025-12-11;10;1410
1;2025-12-11;11;1387
1;2025-12-11;12;1450
1;2025-12-11;13;1490
1;2025-12-11;14;1408
1;2025-12-11;15;1529
1;2025-12-11;16;1543
1;2025-12-11;17;1831
1;2025-12-11;18;1860
1;2025-12-11;19;1389
1;2025-12-11;20;910
1;2025-12-11;21;495
1;2025-12-11;22;180
1;2025-12-11;23;36
1;2025-12-12;0;4
1;2025-12-12;1;0
1;2025-12-12;2;0
1;2025-12-12;3;0
1;2025-12-12;4;7
1;2025-12-12;5;141
1;2025-12-12;6;496
1;2025-12-12;7;1562
1;2025-12-12;8;1897
1;2025-12-12;9;1476
1;2025-12-12;10;1314
1;2025-12-12;11;1401
1;2025-12-12;12;1397
1;2025-12-12;13;1446
1;2025-12-12;14;1360
1;2025-12-12;15;1534
1;2025-12-12;16;1652
1;2025-12-12;17;1888
1;2025-12-12;18;1526
1;2025-12-12;19;1276
1;2025-12-12;20;818
1;2025-12-12;21;498
1;2025-12-12;22;183
1;2025-12-12;23;41
1;2025-12-13;0;4
1;2025-12-13;1;0
1;2025-12-13;2;0
1;2025-12-13;3;0
1;2025-12-13;4;1
1;2025-12-13;5;32
1;2025-12-13;6;157
1;2025-12-13;7;364
1;2025-12-13;8;504
1;2025-12-13;9;777
1;2025-12-13;10;953
1;2025-12-13;11;934
1;2025-12-13;12;1128
1;2025-12-13;13;1178
1;2025-12-13;14;1094
1;2025-12-13;15;949
1;2025-12-13;16;808
1;2025-12-13;17;758
1;2025-12-13;18;664
1;2025-12-13;19;572
1;2025-12-13;20;440
1;2025-12-13;21;308
1;2025-12-13;22;122
1;2025-12-13;23;26
1;2025-12-14;0;0
1;2025-12-14;1;0
1;2025-12-14;2;0
1;2025-12-14;3;0
1;2025-12-14;4;0
1;2025-12-14;5;21
1;2025-12-14;6;119
1;2025-12-14;7;273
1;2025-12-14;8;369
1;2025-12-14;9;640
1;2025-12-14;10;711
1;2025-12-14;11;752
1;2025-12-14;12;865
1;2025-12-14;13;899
1;2025-12-14;14;836
1;2025-12-14;15;747
1;2025-12-14;16;687
1;2025-12-14;17;603
1;2025-12-14;18;522
1;2025-12-14;19;454
1;2025-12-14;20;348
1;2025-12-14;21;285
1;2025-12-14;22;103
1;2025-12-14;23;28
1;2025-12-15;0;0
1;2025-12-15;1;0
1;2025-12-15;2;0
1;2025-12-15;3;0
1;2025-12-15;4;9
1;2025-12-15;5;138
1;2025-12-15;6;498
1;2025-12-15;7;1482
1;2025-12-15;8;2011
1;2025-12-15;9;1517
1;2025-12-15;10;1284
1;2025-12-15;11;1288
1;2025-12-15;12;1422
1;2025-12-15;13;1508
1;2025-12-15;14;1514
1;2025-12-15;15;1627
1;2025-12-15;16;1675
1;2025-12-15;17;1924
1;2025-12-15;18;2095
1;2025-12-15;19;1481
1;2025-12-15;20;928
1;2025-12-15;21;456
1;2025-12-15;22;182
1;2025-12-15;23;54
1;2025-12-16;0;4
1;2025-12-16;1;0
1;2025-12-16;2;0
1;2025-12-16;3;0
1;2025-12-16;4;10
1;2025-12-16;5;116
1;2025-12-16;6;516
1;2025-12-16;7;1577
1;2025-12-16;8;2057
1;2025-12-16;9;1524
1;2025-12-16;10;1410
1;2025-12-16;11;1387
1;2025-12-16;12;1450
1;2025-12-16;13;1490
1;2025-12-16;14;1408
1;2025-12-16;15;1529
1;2025-12-16;16;1543
1;2025-12-16;17;1831
1;2025-12-16;18;1860
1;2025-12-16;19;1389
1;2025-12-16;20;910
1;2025-12-16;21;495
1;2025-12-16;22;180
1;2025-12-16;23;36
1;2025-12-17;0;4
1;2025-12-17;1;0
1;2025-12-17;2;0
1;2025-12-17;3;0
1;2025-12-17;4;10
1;2025-12-17;5;116
1;2025-12-17;6;516
1;2025-12-17;7;1577
1;2025-12-17;8;2057
1;2025-12-17;9;1524
1;2025-12-17;10;1410
1;2025-12-17;11;1387
1;2025-12-17;12;1450
1;2025-12-17;13;1490
1;2025-12-17;14;1408
1;2025-12-17;15;1529
1;2025-12-17;16;1543
1;2025-12-17;17;1831
1;2025-12-17;18;1860
1;2025-12-17;19;1389
1;2025-12-17;20;910
1;2025-12-17;21;495
1;2025-12-17;22;180
1;2025-12-17;23;36
1;2025-12-18;0;4
1;2025-12-18;1;0
1;2025-12-18;2;0
1;2025-12-18;3;0
1;2025-12-18;4;10
1;2025-12-18;5;116
1;2025-12-18;6;516
1;2025-12-18;7;1577
1;2025-12-18;8;2057
1;2025-12-18;9;1524
1;2025-12-18;10;1410
1;2025-12-18;11;1387
1;2025-12-18;12;1450
1;2025-12-18;13;1490
1;2025-12-18;14;1408
1;2025-12-18;15;1529
1;2025-12-18;16;1543
1;2025-12-18;17;1831
1;2025-12-18;18;1860
1;2025-12-18;19;1389
1;2025-12-18;20;910
1;2025-12-18;21;495
1;2025-12-18;22;180
1;2025-12-18;23;36
1;2025-12-19;0;4
1;2025-12-19;1;0
1;2025-12-19;2;0
1;2025-12-19;3;0
1;2025-12-19;4;7
1;2025-12-19;5;141
1;2025-12-19;6;496
1;2025-12-19;7;1562
1;2025-12-19;8;1897
1;2025-12-19;9;1476
1;2025-12-19;10;1314
1;2025-12-19;11;1401
1;2025-12-19;12;1397
1;2025-12-19;13;1446
1;2025-12-19;14;1360
1;2025-12-19;15;1534
1;2025-12-19;16;1652
1;2025-12-19;17;1888
1;2025-12-19;18;1526
1;2025-12-19;19;1276
1;2025-12-19;20;818
1;2025-12-19;21;498
1;2025-12-19;22;183
1;2025-12-19;23;41
1;2025-12-20;0;4
1;2025-12-20;1;0
1;2025-12-20;2;0
1;2025-12-20;3;0
1;2025-12-20;4;1
1;2025-12-20;5;32
1;2025-12-20;6;157
1;2025-12-20;7;364
1;2025-12-20;8;504
1;2025-12-20;9;777
1;2025-12-20;10;953
1;2025-12-20;11;934
1;2025-12-20;12;1128
1;2025-12-20;13;1178
1;2025-12-20;14;1094
1;2025-12-20;15;949
1;2025-12-20;16;808
1;2025-12-20;17;758
1;2025-12-20;18;664
1;2025-12-20;19;572
1;2025-12-20;20;440
1;2025-12-20;21;308
1;2025-12-20;22;122
1;2025-12-20;23;26
1;2025-12-21;0;0
1;2025-12-21;1;0
1;2025-12-21;2;0
1;2025-12-21;3;0
1;2025-12-21;4;0
1;2025-12-21;5;21
1;2025-12-21;6;119
1;2025-12-21;7;273
1;2025-12-21;8;369
1;2025-12-21;9;640
1;2025-12-21;10;711
1;2025-12-21;11;752
1;2025-12-21;12;865
1;2025-12-21;13;899
1;2025-12-21;14;836
1;2025-12-21;15;747
1;2025-12-21;16;687
1;2025-12-21;17;603
1;2025-12-21;18;522
1;2025-12-21;19;454
1;2025-12-21;20;348
1;2025-12-21;21;285
1;2025-12-21;22;103
1;2025-12-21;23;28
1;2025-12-22;0;0
1;2025-12-22;1;0
1;2025-12-22;2;0
1;2025-12-22;3;0
1;2025-12-22;4;9
1;2025-12-22;5;138
1;2025-12-22;6;498
1;2025-12-22;7;1482
1;2025-12-22;8;2011
1;2025-12-22;9;1517
1;2025-12-22;10;1284
1;2025-12-22;11;1288
1;2025-12-22;12;1422
1;2025-12-22;13;1508
1;2025-12-22;14;1514
1;2025-12-22;15;1627
1;2025-12-22;16;1675
1;2025-12-22;17;1924
1;2025-12-22;18;2095
1;2025-12-22;19;1481
1;2025-12-22;20;928
1;2025-12-22;21;456
1;2025-12-22;22;182
1;2025-12-22;23;54
1;2025-12-23;0;4
1;2025-12-23;1;0
1;2025-12-23;2;0
1;2025-12-23;3;0
1;2025-12-23;4;10
1;2025-12-23;5;116
1;2025-12-23;6;516
1;2025-12-23;7;1577
1;2025-12-23;8;2057
1;2025-12-23;9;1524
1;2025-12-23;10;1410
1;2025-12-23;11;1387
1;2025-12-23;12;1450
1;2025-12-23;13;1490
1;2025-12-23;14;1408
1;2025-12-23;15;1529
1;2025-12-23;16;1543
1;2025-12-23;17;1831
1;2025-12-23;18;1860
1;2025-12-23;19;1389
1;2025-12-23;20;910
1;2025-12-23;21;495
1;2025-12-23;22;180
1;2025-12-23;23;36
1;2025-12-24;0;4
1;2025-12-24;1;0
1;2025-12-24;2;0
1;2025-12-24;3;0
1;2025-12-24;4;10
1;2025-12-24;5;116
1;2025-12-24;6;516
1;2025-12-24;7;1577
1;2025-12-24;8;2057
1;2025-12-24;9;1524
1;2025-12-24;10;1410
1;2025-12-24;11;1387
1;2025-12-24;12;1450
1;2025-12-24;13;1490
1;2025-12-24;14;1408
1;2025-12-24;15;1529
1;2025-12-24;16;1543
1;2025-12-24;17;1831
1;2025-12-24;18;1860
1;2025-12-24;19;1389
1;2025-12-24;20;910
1;2025-12-24;21;495
1;2025-12-24;22;180
1;2025-12-24;23;36
1;2025-12-25;0;4
1;2025-12-25;1;0
1;2025-12-25;2;0
1;2025-12-25;3;0
1;2025-12-25;4;10
1;2025-12-25;5;116
1;2025-12-25;6;516
1;2025-12-25;7;1577
1;2025-12-25;8;2057
1;2025-12-25;9;1524
1;2025-12-25;10;1410
1;2025-12-25;11;1387
1;2025-12-25;12;1450
1;2025-12-25;13;1490
1;2025-12-25;14;1408
1;2025-12-25;15;1529
1;2025-12-25;16;1543
1;2025-12-25;17;1831
1;2025-12-25;18;1860
1;2025-12-25;19;1389
1;2025-12-25;20;910
1;2025-12-25;21;495
1;2025-12-25;22;180
1;2025-12-25;23;36
1;2025-12-26;0;4
1;2025-12-26;1;0
1;2025-12-26;2;0
1;2025-12-26;3;0
1;2025-12-26;4;7
1;2025-12-26;5;141
1;2025-12-26;6;496
1;2025-12-26;7;1562
1;2025-12-26;8;1897
1;2025-12-26;9;1476
1;2025-12-26;10;1314
1;2025-12-26;11;1401
1;2025-12-26;12;1397
1;2025-12-26;13;1446
1;2025-12-26;14;1360
1;2025-12-26;15;1534
1;2025-12-26;16;1652
1;2025-12-26;17;1888
1;2025-12-26;18;1526
1;2025-12-26;19;1276
1;2025-12-26;20;818
1;2025-12-26;21;498
1;2025-12-26;22;183
1;2025-12-26;23;41
1;2025-12-27;0;4
1;2025-12-27;1;0
1;2025-12-27;2;0
1;2025-12-27;3;0
1;2025-12-27;4;1
1;2025-12-27;5;32
1;2025-12-27;6;157
1;2025-12-27;7;364
1;2025-12-27;8;504
1;2025-12-27;9;777
1;2025-12-27;10;953
1;2025-12-27;11;934
1;2025-12-27;12;1128
1;2025-12-27;13;1178
1;2025-12-27;14;1094
1;2025-12-27;15;949
1;2025-12-27;16;808
1;2025-12-27;17;758
1;2025-12-27;18;664
1;2025-12-27;19;572
1;2025-12-27;20;440
1;2025-12-27;21;308
1;2025-12-27;22;122
1;2025-12-27;23;26
1;2025-12-28;0;0
1;2025-12-28;1;0
1;2025-12-28;2;0
1;2025-12-28;3;0
1;2025-12-28;4;0
1;2025-12-28;5;21
1;2025-12-28;6;119
1;2025-12-28;7;273
1;2025-12-28;8;369
1;2025-12-28;9;640
1;2025-12-28;10;711
1;2025-12-28;11;752
1;2025-12-28;12;865
1;2025-12-28;13;899
1;2025-12-28;14;836
1;2025-12-28;15;747
1;2025-12-28;16;687
1;2025-12-28;17;603
1;2025-12-28;18;522
1;2025-12-28;19;454
1;2025-12-28;20;348
1;2025-12-28;21;285
1;2025-12-28;22;103
1;2025-12-28;23;28
1;2025-12-29;0;3
1;2025-12-29;1;0
1;2025-12-29;2;0
1;2025-12-29;3;0
1;2025-12-29;4;6
1;2025-12-29;5;121
1;2025-12-29;6;426
1;2025-12-29;7;1343
1;2025-12-29;8;1631
1;2025-12-29;9;1269
1;2025-12-29;10;1129
1;2025-12-29;11;1206
1;2025-12-29;12;1202
1;2025-12-29;13;1244
1;2025-12-29;14;1169
1;2025-12-29;15;1319
1;2025-12-29;16;1421
1;2025-12-29;17;1624
1;2025-12-29;18;1313
1;2025-12-29;19;1098
1;2025-12-29;20;704
1;2025-12-29;21;428
1;2025-12-29;22;157
1;2025-12-29;23;36
1;2025-12-30;0;3
1;2025-12-30;1;0
1;2025-12-30;2;0
1;2025-12-30;3;0
1;2025-12-30;4;6
1;2025-12-30;5;121
1;2025-12-30;6;426
1;2025-12-30;7;1343
1;2025-12-30;8;1631
1;2025-12-30;9;1269
1;2025-12-30;10;1129
1;2025-12-30;11;1206
1;2025-12-30;12;1202
1;2025-12-30;13;1244
1;2025-12-30;14;1169
1;2025-12-30;15;1319
1;2025-12-30;16;1421
1;2025-12-30;17;1624
1;2025-12-30;18;1313
1;2025-12-30;19;1098
1;2025-12-30;20;704
1;2025-12-30;21;428
1;2025-12-30;22;157
1;2025-12-30;23;36
1;2025-12-31;0;3
1;2025-12-31;1;0
1;2025-12-31;2;0
1;2025-12-31;3;0
1;2025-12-31;4;0
1;2025-12-31;5;28
1;2025-12-31;6;134
1;2025-12-31;7;310
1;2025-12-31;8;428
1;2025-12-31;9;661
1;2025-12-31;10;810
1;2025-12-31;11;795
1;2025-12-31;12;959
1;2025-12-31;13;1002
1;2025-12-31;14;930
1;2025-12-31;15;807
1;2025-12-31;16;686
1;2025-12-31;17;645
1;2025-12-31;18;564
1;2025-12-31;19;267
1;2025-12-31;20;205
1;2025-12-31;21;144
1;2025-12-31;22;57
1;2025-12-31;23;12
5;2025-11-01;0;0
5;2025-11-01;1;0
5;2025-11-01;2;0
5;2025-11-01;3;0
5;2025-11-01;4;0
5;2025-11-01;5;0
5;2025-11-01;6;0
5;2025-11-01;7;0
5;2025-11-01;8;0
5;2025-11-01;9;0
5;2025-11-01;10;0
5;2025-11-01;11;0
5;2025-11-01;12;0
5;2025-11-01;13;0
5;2025-11-01;14;0
5;2025-11-01;15;0
5;2025-11-01;16;0
5;2025-11-01;17;0
5;2025-11-01;18;0
5;2025-11-01;19;0
5;2025-11-01;20;0
5;2025-11-01;21;0
5;2025-11-01;22;0
5;2025-11-01;23;0
5;2025-11-02;0;0
5;2025-11-02;1;0
5;2025-11-02;2;0
5;2025-11-02;3;0
5;2025-11-02;4;0
5;2025-11-02;5;0
5;2025-11-02;6;0
5;2025-11-02;7;0
5;2025-11-02;8;0
5;2025-11-02;9;0
5;2025-11-02;10;0
5;2025-11-02;11;0
5;2025-11-02;12;0
5;2025-11-02;13;0
5;2025-11-02;14;0
5;2025-11-02;15;0
5;2025-11-02;16;0
5;2025-11-02;17;0
5;2025-11-02;18;0
5;2025-11-02;19;0
5;2025-11-02;20;0
5;2025-11-02;21;0
5;2025-11-02;22;0
5;2025-11-02;23;0
5;2025-11-03;0;0
5;2025-11-03;1;0
5;2025-11-03;2;0
5;2025-11-03;3;0
5;2025-11-03;4;0
5;2025-11-03;5;0
5;2025-11-03;6;0
5;2025-11-03;7;0
5;2025-11-03;8;0
5;2025-11-03;9;0
5;2025-11-03;10;0
5;2025-11-03;11;0
5;2025-11-03;12;0
5;2025-11-03;13;0
5;2025-11-03;14;0
5;2025-11-03;15;0
5;2025-11-03;16;0
5;2025-11-03;17;0
5;2025-11-03;18;0
5;2025-11-03;19;0
5;2025-11-03;20;0
5;2025-11-03;21;0
5;2025-11-03;22;0
5;2025-11-03;23;0
5;2025-11-04;0;0
5;2025-11-04;1;0
5;2025-11-04;2;0
5;2025-11-04;3;0
5;2025-11-04;4;0
5;2025-11-04;5;0
5;2025-11-04;6;0
5;2025-11-04;7;0
5;2025-11-04;8;0
5;2025-11-04;9;0
5;2025-11-04;10;0
5;2025-11-04;11;0
5;2025-11-04;12;0
5;2025-11-04;13;0
5;2025-11-04;14;0
5;2025-11-04;15;0
5;2025-11-04;16;0
5;2025-11-04;17;0
5;2025-11-04;18;0
5;2025-11-04;19;0
5;2025-11-04;20;0
5;2025-11-04;21;0
5;2025-11-04;22;0
5;2025-11-04;23;0
5;2025-11-05;0;0
5;2025-11-05;1;0
5;2025-11-05;2;0
5;2025-11-05;3;0
5;2025-11-05;4;0
5;2025-11-05;5;0
5;2025-11-05;6;0
5;2025-11-05;7;0
5;2025-11-05;8;0
5;2025-11-05;9;0
5;2025-11-05;10;0
5;2025-11-05;11;0
5;2025-11-05;12;0
5;2025-11-05;13;0
5;2025-11-05;14;0
5;2025-11-05;15;0
5;2025-11-05;16;0
5;2025-11-05;17;0
5;2025-11-05;18;0
5;2025-11-05;19;0
5;2025-11-05;20;0
5;2025-11-05;21;0
5;2025-11-05;22;0
5;2025-11-05;23;0
5;2025-11-06;0;0
5;2025-11-06;1;0
5;2025-11-06;2;0
5;2025-11-06;3;0
5;2025-11-06;4;0
5;2025-11-06;5;0
5;2025-11-06;6;0
5;2025-11-06;7;0
5;2025-11-06;8;0
5;2025-11-06;9;0
5;2025-11-06;10;0
5;2025-11-06;11;0
5;2025-11-06;12;0
5;2025-11-06;13;0
5;2025-11-06;14;0
5;2025-11-06;15;0
5;2025-11-06;16;0
5;2025-11-06;17;0
5;2025-11-06;18;0
5;2025-11-06;19;0
5;2025-11-06;20;0
5;2025-11-06;21;0
5;2025-11-06;22;0
5;2025-11-06;23;0
5;2025-11-07;0;0
5;2025-11-07;1;0
5;2025-11-07;2;0
5;2025-11-07;3;0
5;2025-11-07;4;0
5;2025-11-07;5;0
5;2025-11-07;6;0
5;2025-11-07;7;0
5;2025-11-07;8;0
5;2025-11-07;9;0
5;2025-11-07;10;0
5;2025-11-07;11;0
5;2025-11-07;12;0
5;2025-11-07;13;0
5;2025-11-07;14;0
5;2025-11-07;15;0
5;2025-11-07;16;0
5;2025-11-07;17;0
5;2025-11-07;18;0
5;2025-11-07;19;0
5;2025-11-07;20;0
5;2025-11-07;21;0
5;2025-11-07;22;0
5;2025-11-07;23;0
5;2025-11-08;0;0
5;2025-11-08;1;0
5;2025-11-08;2;0
5;2025-11-08;3;0
5;2025-11-08;4;0
5;2025-11-08;5;0
5;2025-11-08;6;0
5;2025-11-08;7;0
5;2025-11-08;8;0
5;2025-11-08;9;0
5;2025-11-08;10;0
5;2025-11-08;11;0
5;2025-11-08;12;0
5;2025-11-08;13;0
5;2025-11-08;14;0
5;2025-11-08;15;0
5;2025-11-08;16;0
5;2025-11-08;17;0
5;2025-11-08;18;0
5;2025-11-08;19;0
5;2025-11-08;20;0
5;2025-11-08;21;0
5;2025-11-08;22;0
5;2025-11-08;23;0
5;2025-11-09;0;0
5;2025-11-09;1;0
5;2025-11-09;2;0
5;2025-11-09;3;0
5;2025-11-09;4;0
5;2025-11-09;5;0
5;2025-11-09;6;0
5;2025-11-09;7;0
5;2025-11-09;8;0
5;2025-11-09;9;0
5;2025-11-09;10;0
5;2025-11-09;11;0
5;2025-11-09;12;0
5;2025-11-09;13;0
5;2025-11-09;14;0
5;2025-11-09;15;0
5;2025-11-09;16;0
5;2025-11-09;17;0
5;2025-11-09;18;0
5;2025-11-09;19;0
5;2025-11-09;20;0
5;2025-11-09;21;0
5;2025-11-09;22;0
5;2025-11-09;23;0
5;2025-11-10;0;0
5;2025-11-10;1;0
5;2025-11-10;2;0
5;2025-11-10;3;0
5;2025-11-10;4;0
5;2025-11-10;5;0
5;2025-11-10;6;0
5;2025-11-10;7;0
5;2025-11-10;8;0
5;2025-11-10;9;0
5;2025-11-10;10;0
5;2025-11-10;11;0
5;2025-11-10;12;0
5;2025-11-10;13;0
5;2025-11-10;14;0
5;2025-11-10;15;0
5;2025-11-10;16;0
5;2025-11-10;17;0
5;2025-11-10;18;0
5;2025-11-10;19;0
5;2025-11-10;20;0
5;2025-11-10;21;0
5;2025-11-10;22;0
5;2025-11-10;23;0
5;2025-11-11;0;0
5;2025-11-11;1;0
5;2025-11-11;2;0
5;2025-11-11;3;0
5;2025-11-11;4;0
5;2025-11-11;5;0
5;2025-11-11;6;0
5;2025-11-11;7;0
5;2025-11-11;8;0
5;2025-11-11;9;0
5;2025-11-11;10;0
5;2025-11-11;11;0
5;2025-11-11;12;0
5;2025-11-11;13;0
5;2025-11-11;14;0
5;2025-11-11;15;0
5;2025-11-11;16;0
5;2025-11-11;17;0
5;2025-11-11;18;0
5;2025-11-11;19;0
5;2025-11-11;20;0
5;2025-11-11;21;0
5;2025-11-11;22;0
5;2025-11-11;23;0
5;2025-11-12;0;0
5;2025-11-12;1;0
5;2025-11-12;2;0
5;2025-11-12;3;0
5;2025-11-12;4;0
5;2025-11-12;5;0
5;2025-11-12;6;0
5;2025-11-12;7;0
5;2025-11-12;8;0
5;2025-11-12;9;0
5;2025-11-12;10;0
5;2025-11-12;11;0
5;2025-11-12;12;0
5;2025-11-12;13;0
5;2025-11-12;14;0
5;2025-11-12;15;0
5;2025-11-12;16;0
5;2025-11-12;17;0
5;2025-11-12;18;0
5;2025-11-12;19;0
5;2025-11-12;20;0
5;2025-11-12;21;0
5;2025-11-12;22;0
5;2025-11-12;23;0
5;2025-11-13;0;0
5;2025-11-13;1;0
5;2025-11-13;2;0
5;2025-11-13;3;0
5;2025-11-13;4;0
5;2025-11-13;5;0
5;2025-11-13;6;0
5;2025-11-13;7;0
5;2025-11-13;8;0
5;2025-11-13;9;0
5;2025-11-13;10;0
5;2025-11-13;11;0
5;2025-11-13;12;0
5;2025-11-13;13;0
5;2025-11-13;14;0
5;2025-11-13;15;0
5;2025-11-13;16;0
5;2025-11-13;17;0
5;2025-11-13;18;0
5;2025-11-13;19;0
5;2025-11-13;20;0
5;2025-11-13;21;0
5;2025-11-13;22;0
5;2025-11-13;23;0
5;2025-11-14;0;0
5;2025-11-14;1;0
5;2025-11-14;2;0
5;2025-11-14;3;0
5;2025-11-14;4;0
5;2025-11-14;5;0
5;2025-11-14;6;0
5;2025-11-14;7;0
5;2025-11-14;8;0
5;2025-11-14;9;0
5;2025-11-14;10;0
5;2025-11-14;11;0
5;2025-11-14;12;0
5;2025-11-14;13;0
5;2025-11-14;14;0
5;2025-11-14;15;0
5;2025-11-14;16;0
5;2025-11-14;17;0
5;2025-11-14;18;0
5;2025-11-14;19;0
5;2025-11-14;20;0
5;2025-11-14;21;0
5;2025-11-14;22;0
5;2025-11-14;23;0
5;2025-11-15;0;0
5;2025-11-15;1;0
5;2025-11-15;2;0
5;2025-11-15;3;0
5;2025-11-15;4;0
5;2025-11-15;5;0
5;2025-11-15;6;0
5;2025-11-15;7;0
5;2025-11-15;8;0
5;2025-11-15;9;0
5;2025-11-15;10;0
5;2025-11-15;11;0
5;2025-11-15;12;0
5;2025-11-15;13;0
5;2025-11-15;14;0
5;2025-11-15;15;0
5;2025-11-15;16;0
5;2025-11-15;17;0
5;2025-11-15;18;0
5;2025-11-15;19;0
5;2025-11-15;20;0
5;2025-11-15;21;0
5;2025-11-15;22;0
5;2025-11-15;23;0
5;2025-11-16;0;0
5;2025-11-16;1;0
5;2025-11-16;2;0
5;2025-11-16;3;0
5;2025-11-16;4;0
5;2025-11-16;5;0
5;2025-11-16;6;0
5;2025-11-16;7;0
5;2025-11-16;8;0
5;2025-11-16;9;0
5;2025-11-16;10;0
5;2025-11-16;11;0
5;2025-11-16;12;0
5;2025-11-16;13;0
5;2025-11-16;14;0
5;2025-11-16;15;0
5;2025-11-16;16;0
5;2025-11-16;17;0
5;2025-11-16;18;0
5;2025-11-16;19;0
5;2025-11-16;20;0
5;2025-11-16;21;0
5;2025-11-16;22;0
5;2025-11-16;23;0
5;2025-11-17;0;0
5;2025-11-17;1;0
5;2025-11-17;2;0
5;2025-11-17;3;0
5;2025-11-17;4;0
5;2025-11-17;5;0
5;2025-11-17;6;0
5;2025-11-17;7;0
5;2025-11-17;8;0
5;2025-11-17;9;0
5;2025-11-17;10;0
5;2025-11-17;11;0
5;2025-11-17;12;0
5;2025-11-17;13;0
5;2025-11-17;14;0
5;2025-11-17;15;0
5;2025-11-17;16;0
5;2025-11-17;17;0
5;2025-11-17;18;0
5;2025-11-17;19;0
5;2025-11-17;20;0
5;2025-11-17;21;0
5;2025-11-17;22;0
5;2025-11-17;23;0
5;2025-11-18;0;0
5;2025-11-18;1;0
5;2025-11-18;2;0
5;2025-11-18;3;0
5;2025-11-18;4;0
5;2025-11-18;5;0
5;2025-11-18;6;0
5;2025-11-18;7;0
5;2025-11-18;8;0
5;2025-11-18;9;0
5;2025-11-18;10;0
5;2025-11-18;11;0
5;2025-11-18;12;0
5;2025-11-18;13;0
5;2025-11-18;14;0
5;2025-11-18;15;0
5;2025-11-18;16;0
5;2025-11-18;17;0
5;2025-11-18;18;0
5;2025-11-18;19;0
5;2025-11-18;20;0
5;2025-11-18;21;0
5;2025-11-18;22;0
5;2025-11-18;23;0
5;2025-11-19;0;0
5;2025-11-19;1;0
5;2025-11-19;2;0
5;2025-11-19;3;0
5;2025-11-19;4;0
5;2025-11-19;5;0
5;2025-11-19;6;0
5;2025-11-19;7;0
5;2025-11-19;8;0
5;2025-11-19;9;0
5;2025-11-19;10;0
5;2025-11-19;11;0
5;2025-11-19;12;0
5;2025-11-19;13;0
5;2025-11-19;14;0
5;2025-11-19;15;0
5;2025-11-19;16;0
5;2025-11-19;17;0
5;2025-11-19;18;0
5;2025-11-19;19;0
5;2025-11-19;20;0
5;2025-11-19;21;0
5;2025-11-19;22;0
5;2025-11-19;23;0
5;2025-11-20;0;0
5;2025-11-20;1;0
5;2025-11-20;2;0
5;2025-11-20;3;0
5;2025-11-20;4;0
5;2025-11-20;5;0
5;2025-11-20;6;0
5;2025-11-20;7;0
5;2025-11-20;8;0
5;2025-11-20;9;0
5;2025-11-20;10;0
5;2025-11-20;11;0
5;2025-11-20;12;0
5;2025-11-20;13;0
5;2025-11-20;14;0
5;2025-11-20;15;0
5;2025-11-20;16;0
5;2025-11-20;17;0
5;2025-11-20;18;0
5;2025-11-20;19;0
5;2025-11-20;20;0
5;2025-11-20;21;0
5;2025-11-20;22;0
5;2025-11-20;23;0
5;2025-11-21;0;0
5;2025-11-21;1;0
5;2025-11-21;2;0
5;2025-11-21;3;0
5;2025-11-21;4;0
5;2025-11-21;5;0
5;2025-11-21;6;0
5;2025-11-21;7;0
5;2025-11-21;8;0
5;2025-11-21;9;0
5;2025-11-21;10;0
5;2025-11-21;11;0
5;2025-11-21;12;0
5;2025-11-21;13;0
5;2025-11-21;14;0
5;2025-11-21;15;0
5;2025-11-21;16;0
5;2025-11-21;17;0
5;2025-11-21;18;0
5;2025-11-21;19;0
5;2025-11-21;20;0
5;2025-11-21;21;0
5;2025-11-21;22;0
5;2025-11-21;23;0
5;2025-11-22;0;0
5;2025-11-22;1;0
5;2025-11-22;2;0
5;2025-11-22;3;0
5;2025-11-22;4;0
5;2025-11-22;5;0
5;2025-11-22;6;0
5;2025-11-22;7;0
5;2025-11-22;8;0
5;2025-11-22;9;0
5;2025-11-22;10;0
5;2025-11-22;11;0
5;2025-11-22;12;0
5;2025-11-22;13;0
5;2025-11-22;14;0
5;2025-11-22;15;0
5;2025-11-22;16;0
5;2025-11-22;17;0
5;2025-11-22;18;0
5;2025-11-22;19;0
5;2025-11-22;20;0
5;2025-11-22;21;0
5;2025-11-22;22;0
5;2025-11-22;23;0
5;2025-11-23;0;0
5;2025-11-23;1;0
5;2025-11-23;2;0
5;2025-11-23;3;0
5;2025-11-23;4;0
5;2025-11-23;5;0
5;2025-11-23;6;0
5;2025-11-23;7;0
5;2025-11-23;8;0
5;2025-11-23;9;0
5;2025-11-23;10;0
5;2025-11-23;11;0
5;2025-11-23;12;0
5;2025-11-23;13;0
5;2025-11-23;14;0
5;2025-11-23;15;0
5;2025-11-23;16;0
5;2025-11-23;17;0
5;2025-11-23;18;0
5;2025-11-23;19;0
5;2025-11-23;20;0
5;2025-11-23;21;0
5;2025-11-23;22;0
5;2025-11-23;23;0
5;2025-11-24;0;0
5;2025-11-24;1;0
5;2025-11-24;2;0
5;2025-11-24;3;0
5;2025-11-24;4;0
5;2025-11-24;5;0
5;2025-11-24;6;0
5;2025-11-24;7;0
5;2025-11-24;8;0
5;2025-11-24;9;0
5;2025-11-24;10;0
5;2025-11-24;11;0
5;2025-11-24;12;0
5;2025-11-24;13;0
5;2025-11-24;14;0
5;2025-11-24;15;0
5;2025-11-24;16;0
5;2025-11-24;17;0
5;2025-11-24;18;0
5;2025-11-24;19;0
5;2025-11-24;20;0
5;2025-11-24;21;0
5;2025-11-24;22;0
5;2025-11-24;23;0
5;2025-11-25;0;0
5;2025-11-25;1;0
5;2025-11-25;2;0
5;2025-11-25;3;0
5;2025-11-25;4;0
5;2025-11-25;5;0
5;2025-11-25;6;0
5;2025-11-25;7;0
5;2025-11-25;8;0
5;2025-11-25;9;0
5;2025-11-25;10;0
5;2025-11-25;11;0
5;2025-11-25;12;0
5;2025-11-25;13;0
5;2025-11-25;14;0
5;2025-11-25;15;0
5;2025-11-25;16;0
5;2025-11-25;17;0
5;2025-11-25;18;0
5;2025-11-25;19;0
5;2025-11-25;20;0
5;2025-11-25;21;0
5;2025-11-25;22;0
5;2025-11-25;23;0
5;2025-11-26;0;0
5;2025-11-26;1;0
5;2025-11-26;2;0
5;2025-11-26;3;0
5;2025-11-26;4;0
5;2025-11-26;5;0
5;2025-11-26;6;0
5;2025-11-26;7;0
5;2025-11-26;8;0
5;2025-11-26;9;0
5;2025-11-26;10;0
5;2025-11-26;11;0
5;2025-11-26;12;0
5;2025-11-26;13;0
5;2025-11-26;14;0
5;2025-11-26;15;0
5;2025-11-26;16;0
5;2025-11-26;17;0
5;2025-11-26;18;0
5;2025-11-26;19;0
5;2025-11-26;20;0
5;2025-11-26;21;0
5;2025-11-26;22;0
5;2025-11-26;23;0
5;2025-11-27;0;0
5;2025-11-27;1;0
5;2025-11-27;2;0
5;2025-11-27;3;0
5;2025-11-27;4;0
5;2025-11-27;5;0
5;2025-11-27;6;0
5;2025-11-27;7;0
5;2025-11-27;8;0
5;2025-11-27;9;0
5;2025-11-27;10;0
5;2025-11-27;11;0
5;2025-11-27;12;0
5;2025-11-27;13;0
5;2025-11-27;14;0
5;2025-11-27;15;0
5;2025-11-27;16;0
5;2025-11-27;17;0
5;2025-11-27;18;0
5;2025-11-27;19;0
5;2025-11-27;20;0
5;2025-11-27;21;0
5;2025-11-27;22;0
5;2025-11-27;23;0
5;2025-11-28;0;0
5;2025-11-28;1;0
5;2025-11-28;2;0
5;2025-11-28;3;0
5;2025-11-28;4;0
5;2025-11-28;5;0
5;2025-11-28;6;0
5;2025-11-28;7;0
5;2025-11-28;8;0
5;2025-11-28;9;0
5;2025-11-28;10;0
5;2025-11-28;11;0
5;2025-11-28;12;0
5;2025-11-28;13;0
5;2025-11-28;14;0
5;2025-11-28;15;0
5;2025-11-28;16;0
5;2025-11-28;17;0
5;2025-11-28;18;0
5;2025-11-28;19;0
5;2025-11-28;20;0
5;2025-11-28;21;0
5;2025-11-28;22;0
5;2025-11-28;23;0
5;2025-11-29;0;0
5;2025-11-29;1;0
5;2025-11-29;2;0
5;2025-11-29;3;0
5;2025-11-29;4;0
5;2025-11-29;5;0
5;2025-11-29;6;0
5;2025-11-29;7;0
5;2025-11-29;8;0
5;2025-11-29;9;0
5;2025-11-29;10;0
5;2025-11-29;11;0
5;2025-11-29;12;0
5;2025-11-29;13;0
5;2025-11-29;14;0
5;2025-11-29;15;0
5;2025-11-29;16;0
5;2025-11-29;17;0
5;2025-11-29;18;0
5;2025-11-29;19;0
5;2025-11-29;20;0
5;2025-11-29;21;0
5;2025-11-29;22;0
5;2025-11-29;23;0
5;2025-11-30;0;0
5;2025-11-30;1;0
5;2025-11-30;2;0
5;2025-11-30;3;0
5;2025-11-30;4;0
5;2025-11-30;5;0
5;2025-11-30;6;0
5;2025-11-30;7;0
5;2025-11-30;8;0
5;2025-11-30;9;0
5;2025-11-30;10;0
5;2025-11-30;11;0
5;2025-11-30;12;0
5;2025-11-30;13;0
5;2025-11-30;14;0
5;2025-11-30;15;0
5;2025-11-30;16;0
5;2025-11-30;17;0
5;2025-11-30;18;0
5;2025-11-30;19;0
5;2025-11-30;20;0
5;2025-11-30;21;0
5;2025-11-30;22;0
5;2025-11-30;23;0
5;2025-12-01;0;0
5;2025-12-01;1;0
5;2025-12-01;2;0
5;2025-12-01;3;0
5;2025-12-01;4;0
5;2025-12-01;5;0
5;2025-12-01;6;0
5;2025-12-01;7;0
5;2025-12-01;8;0
5;2025-12-01;9;0
5;2025-12-01;10;0
5;2025-12-01;11;0
5;2025-12-01;12;0
5;2025-12-01;13;0
5;2025-12-01;14;0
5;2025-12-01;15;0
5;2025-12-01;16;0
5;2025-12-01;17;0
5;2025-12-01;18;0
5;2025-12-01;19;0
5;2025-12-01;20;0
5;2025-12-01;21;0
5;2025-12-01;22;0
5;2025-12-01;23;0
5;2025-12-02;0;0
5;2025-12-02;1;0
5;2025-12-02;2;0
5;2025-12-02;3;0
5;2025-12-02;4;0
5;2025-12-02;5;0
5;2025-12-02;6;0
5;2025-12-02;7;0
5;2025-12-02;8;0
5;2025-12-02;9;0
5;2025-12-02;10;0
5;2025-12-02;11;0
5;2025-12-02;12;0
5;2025-12-02;13;0
5;2025-12-02;14;0
5;2025-12-02;15;0
5;2025-12-02;16;0
5;2025-12-02;17;0
5;2025-12-02;18;0
5;2025-12-02;19;0
5;2025-12-02;20;0
5;2025-12-02;21;0
5;2025-12-02;22;0
5;2025-12-02;23;0
5;2025-12-03;0;0
5;2025-12-03;1;0
5;2025-12-03;2;0
5;2025-12-03;3;0
5;2025-12-03;4;0
5;2025-12-03;5;0
5;2025-12-03;6;0
5;2025-12-03;7;0
5;2025-12-03;8;0
5;2025-12-03;9;0
5;2025-12-03;10;0
5;2025-12-03;11;0
5;2025-12-03;12;0
5;2025-12-03;13;0
5;2025-12-03;14;0
5;2025-12-03;15;0
5;2025-12-03;16;0
5;2025-12-03;17;0
5;2025-12-03;18;0
5;2025-12-03;19;0
5;2025-12-03;20;0
5;2025-12-03;21;0
5;2025-12-03;22;0
5;2025-12-03;23;0
5;2025-12-04;0;0
5;2025-12-04;1;0
5;2025-12-04;2;0
5;2025-12-04;3;0
5;2025-12-04;4;0
5;2025-12-04;5;0
5;2025-12-04;6;0
5;2025-12-04;7;0
5;2025-12-04;8;0
5;2025-12-04;9;0
5;2025-12-04;10;0
5;2025-12-04;11;0
5;2025-12-04;12;0
5;2025-12-04;13;0
5;2025-12-04;14;0
5;2025-12-04;15;0
5;2025-12-04;16;0
5;2025-12-04;17;0
5;2025-12-04;18;0
5;2025-12-04;19;0
5;2025-12-04;20;0
5;2025-12-04;21;0
5;2025-12-04;22;0
5;2025-12-04;23;0
5;2025-12-05;0;0
5;2025-12-05;1;0
5;2025-12-05;2;0
5;2025-12-05;3;0
5;2025-12-05;4;0
5;2025-12-05;5;0
5;2025-12-05;6;0
5;2025-12-05;7;0
5;2025-12-05;8;0
5;2025-12-05;9;0
5;2025-12-05;10;0
5;2025-12-05;11;0
5;2025-12-05;12;0
5;2025-12-05;13;0
5;2025-12-05;14;0
5;2025-12-05;15;0
5;2025-12-05;16;0
5;2025-12-05;17;0
5;2025-12-05;18;0
5;2025-12-05;19;0
5;2025-12-05;20;0
5;2025-12-05;21;0
5;2025-12-05;22;0
5;2025-12-05;23;0
5;2025-12-06;0;0
5;2025-12-06;1;0
5;2025-12-06;2;0
5;2025-12-06;3;0
5;2025-12-06;4;0
5;2025-12-06;5;0
5;2025-12-06;6;0
5;2025-12-06;7;0
5;2025-12-06;8;0
5;2025-12-06;9;0
5;2025-12-06;10;0
5;2025-12-06;11;0
5;2025-12-06;12;0
5;2025-12-06;13;0
5;2025-12-06;14;0
5;2025-12-06;15;0
5;2025-12-06;16;0
5;2025-12-06;17;0
5;2025-12-06;18;0
5;2025-12-06;19;0
5;2025-12-06;20;0
5;2025-12-06;21;0
5;2025-12-06;22;0
5;2025-12-06;23;0
5;2025-12-07;0;0
5;2025-12-07;1;0
5;2025-12-07;2;0
5;2025-12-07;3;0
5;2025-12-07;4;0
5;2025-12-07;5;0
5;2025-12-07;6;0
5;2025-12-07;7;0
5;2025-12-07;8;0
5;2025-12-07;9;0
5;2025-12-07;10;0
5;2025-12-07;11;0
5;2025-12-07;12;0
5;2025-12-07;13;0
5;2025-12-07;14;0
5;2025-12-07;15;0
5;2025-12-07;16;0
5;2025-12-07;17;0
5;2025-12-07;18;0
5;2025-12-07;19;0
5;2025-12-07;20;0
5;2025-12-07;21;0
5;2025-12-07;22;0
5;2025-12-07;23;0
5;2025-12-08;0;0
5;2025-12-08;1;0
5;2025-12-08;2;0
5;2025-12-08;3;0
5;2025-12-08;4;0
5;2025-12-08;5;0
5;2025-12-08;6;0
5;2025-12-08;7;0
5;2025-12-08;8;0
5;2025-12-08;9;0
5;2025-12-08;10;0
5;2025-12-08;11;0
5;2025-12-08;12;0
5;2025-12-08;13;0
5;2025-12-08;14;0
5;2025-12-08;15;0
5;2025-12-08;16;0
5;2025-12-08;17;0
5;2025-12-08;18;0
5;2025-12-08;19;0
5;2025-12-08;20;0
5;2025-12-08;21;0
5;2025-12-08;22;0
5;2025-12-08;23;0
5;2025-12-09;0;0
5;2025-12-09;1;0
5;2025-12-09;2;0
5;2025-12-09;3;0
5;2025-12-09;4;0
5;2025-12-09;5;0
5;2025-12-09;6;0
5;2025-12-09;7;0
5;2025-12-09;8;0
5;2025-12-09;9;0
5;2025-12-09;10;0
5;2025-12-09;11;0
5;2025-12-09;12;0
5;2025-12-09;13;0
5;2025-12-09;14;0
5;2025-12-09;15;0
5;2025-12-09;16;0
5;2025-12-09;17;0
5;2025-12-09;18;0
5;2025-12-09;19;0
5;2025-12-09;20;0
5;2025-12-09;21;0
5;2025-12-09;22;0
5;2025-12-09;23;0
5;2025-12-10;0;0
5;2025-12-10;1;0
5;2025-12-10;2;0
5;2025-12-10;3;0
5;2025-12-10;4;0
5;2025-12-10;5;0
5;2025-12-10;6;0
5;2025-12-10;7;0
5;2025-12-10;8;0
5;2025-12-10;9;0
5;2025-12-10;10;0
5;2025-12-10;11;0
5;2025-12-10;12;0
5;2025-12-10;13;0
5;2025-12-10;14;0
5;2025-12-10;15;0
5;2025-12-10;16;0
5;2025-12-10;17;0
5;2025-12-10;18;0
5;2025-12-10;19;0
5;2025-12-10;20;0
5;2025-12-10;21;0
5;2025-12-10;22;0
5;2025-12-10;23;0
5;2025-12-11;0;0
5;2025-12-11;1;0
5;2025-12-11;2;0
5;2025-12-11;3;0
5;2025-12-11;4;0
5;2025-12-11;5;0
5;2025-12-11;6;0
5;2025-12-11;7;0
5;2025-12-11;8;0
5;2025-12-11;9;0
5;2025-12-11;10;0
5;2025-12-11;11;0
5;2025-12-11;12;0
5;2025-12-11;13;0
5;2025-12-11;14;0
5;2025-12-11;15;0
5;2025-12-11;16;0
5;2025-12-11;17;0
5;2025-12-11;18;0
5;2025-12-11;19;0
5;2025-12-11;20;0
5;2025-12-11;21;0
5;2025-12-11;22;0
5;2025-12-11;23;0
5;2025-12-12;0;0
5;2025-12-12;1;0
5;2025-12-12;2;0
5;2025-12-12;3;0
5;2025-12-12;4;0
5;2025-12-12;5;0
5;2025-12-12;6;0
5;2025-12-12;7;0
5;2025-12-12;8;0
5;2025-12-12;9;0
5;2025-12-12;10;0
5;2025-12-12;11;0
5;2025-12-12;12;0
5;2025-12-12;13;0
5;2025-12-12;14;0
5;2025-12-12;15;0
5;2025-12-12;16;0
5;2025-12-12;17;0
5;2025-12-12;18;0
5;2025-12-12;19;0
5;2025-12-12;20;0
5;2025-12-12;21;0
5;2025-12-12;22;0
5;2025-12-12;23;0
5;2025-12-13;0;0
5;2025-12-13;1;0
5;2025-12-13;2;0
5;2025-12-13;3;0
5;2025-12-13;4;0
5;2025-12-13;5;0
5;2025-12-13;6;0
5;2025-12-13;7;0
5;2025-12-13;8;0
5;2025-12-13;9;0
5;2025-12-13;10;0
5;2025-12-13;11;0
5;2025-12-13;12;0
5;2025-12-13;13;0
5;2025-12-13;14;0
5;2025-12-13;15;0
5;2025-12-13;16;0
5;2025-12-13;17;0
5;2025-12-13;18;0
5;2025-12-13;19;0
5;2025-12-13;20;0
5;2025-12-13;21;0
5;2025-12-13;22;0
5;2025-12-13;23;0
5;2025-12-14;0;0
5;2025-12-14;1;0
5;2025-12-14;2;0
5;2025-12-14;3;0
5;2025-12-14;4;0
5;2025-12-14;5;0
5;2025-12-14;6;0
5;2025-12-14;7;0
5;2025-12-14;8;0
5;2025-12-14;9;0
5;2025-12-14;10;0
5;2025-12-14;11;0
5;2025-12-14;12;0
5;2025-12-14;13;0
5;2025-12-14;14;0
5;2025-12-14;15;0
5;2025-12-14;16;0
5;2025-12-14;17;0
5;2025-12-14;18;0
5;2025-12-14;19;0
5;2025-12-14;20;0
5;2025-12-14;21;0
5;2025-12-14;22;0
5;2025-12-14;23;0
5;2025-12-15;0;0
5;2025-12-15;1;0
5;2025-12-15;2;0
5;2025-12-15;3;0
5;2025-12-15;4;0
5;2025-12-15;5;0
5;2025-12-15;6;0
5;2025-12-15;7;0
5;2025-12-15;8;0
5;2025-12-15;9;0
5;2025-12-15;10;0
5;2025-12-15;11;0
5;2025-12-15;12;0
5;2025-12-15;13;0
5;2025-12-15;14;0
5;2025-12-15;15;0
5;2025-12-15;16;0
5;2025-12-15;17;0
5;2025-12-15;18;0
5;2025-12-15;19;0
5;2025-12-15;20;0
5;2025-12-15;21;0
5;2025-12-15;22;0
5;2025-12-15;23;0
5;2025-12-16;0;0
5;2025-12-16;1;0
5;2025-12-16;2;0
5;2025-12-16;3;0
5;2025-12-16;4;0
5;2025-12-16;5;0
5;2025-12-16;6;0
5;2025-12-16;7;0
5;2025-12-16;8;0
5;2025-12-16;9;0
5;2025-12-16;10;0
5;2025-12-16;11;0
5;2025-12-16;12;0
5;2025-12-16;13;0
5;2025-12-16;14;0
5;2025-12-16;15;0
5;2025-12-16;16;0
5;2025-12-16;17;0
5;2025-12-16;18;0
5;2025-12-16;19;0
5;2025-12-16;20;0
5;2025-12-16;21;0
5;2025-12-16;22;0
5;2025-12-16;23;0
5;2025-12-17;0;0
5;2025-12-17;1;0
5;2025-12-17;2;0
5;2025-12-17;3;0
5;2025-12-17;4;0
5;2025-12-17;5;0
5;2025-12-17;6;0
5;2025-12-17;7;0
5;2025-12-17;8;0
5;2025-12-17;9;0
5;2025-12-17;10;0
5;2025-12-17;11;0
5;2025-12-17;12;0
5;2025-12-17;13;0
5;2025-12-17;14;0
5;2025-12-17;15;0
5;2025-12-17;16;0
5;2025-12-17;17;0
5;2025-12-17;18;0
5;2025-12-17;19;0
5;2025-12-17;20;0
5;2025-12-17;21;0
5;2025-12-17;22;0
5;2025-12-17;23;0
5;2025-12-18;0;0
5;2025-12-18;1;0
5;2025-12-18;2;0
5;2025-12-18;3;0
5;2025-12-18;4;0
5;2025-12-18;5;0
5;2025-12-18;6;0
5;2025-12-18;7;0
5;2025-12-18;8;0
5;2025-12-18;9;0
5;2025-12-18;10;0
5;2025-12-18;11;0
5;2025-12-18;12;0
5;2025-12-18;13;0
5;2025-12-18;14;0
5;2025-12-18;15;0
5;2025-12-18;16;0
5;2025-12-18;17;0
5;2025-12-18;18;0
5;2025-12-18;19;0
5;2025-12-18;20;0
5;2025-12-18;21;0
5;2025-12-18;22;0
5;2025-12-18;23;0
5;2025-12-19;0;0
5;2025-12-19;1;0
5;2025-12-19;2;0
5;2025-12-19;3;0
5;2025-12-19;4;0
5;2025-12-19;5;0
5;2025-12-19;6;0
5;2025-12-19;7;0
5;2025-12-19;8;0
5;2025-12-19;9;0
5;2025-12-19;10;0
5;2025-12-19;11;0
5;2025-12-19;12;0
5;2025-12-19;13;0
5;2025-12-19;14;0
5;2025-12-19;15;0
5;2025-12-19;16;0
5;2025-12-19;17;0
5;2025-12-19;18;0
5;2025-12-19;19;0
5;2025-12-19;20;0
5;2025-12-19;21;0
5;2025-12-19;22;0
5;2025-12-19;23;0
5;2025-12-20;0;0
5;2025-12-20;1;0
5;2025-12-20;2;0
5;2025-12-20;3;0
5;2025-12-20;4;0
5;2025-12-20;5;0
5;2025-12-20;6;0
5;2025-12-20;7;0
5;2025-12-20;8;0
5;2025-12-20;9;0
5;2025-12-20;10;0
5;2025-12-20;11;0
5;2025-12-20;12;0
5;2025-12-20;13;0
5;2025-12-20;14;0
5;2025-12-20;15;0
5;2025-12-20;16;0
5;2025-12-20;17;0
5;2025-12-20;18;0
5;2025-12-20;19;0
5;2025-12-20;20;0
5;2025-12-20;21;0
5;2025-12-20;22;0
5;2025-12-20;23;0
5;2025-12-21;0;0
5;2025-12-21;1;0
5;2025-12-21;2;0
5;2025-12-21;3;0
5;2025-12-21;4;0
5;2025-12-21;5;0
5;2025-12-21;6;0
5;2025-12-21;7;0
5;2025-12-21;8;0
5;2025-12-21;9;0
5;2025-12-21;10;0
5;2025-12-21;11;0
5;2025-12-21;12;0
5;2025-12-21;13;0
5;2025-12-21;14;0
5;2025-12-21;15;0
5;2025-12-21;16;0
5;2025-12-21;17;0
5;2025-12-21;18;0
5;2025-12-21;19;0
5;2025-12-21;20;0
5;2025-12-21;21;0
5;2025-12-21;22;0
5;2025-12-21;23;0
5;2025-12-22;0;0
5;2025-12-22;1;0
5;2025-12-22;2;0
5;2025-12-22;3;0
5;2025-12-22;4;0
5;2025-12-22;5;0
5;2025-12-22;6;0
5;2025-12-22;7;0
5;2025-12-22;8;0
5;2025-12-22;9;0
5;2025-12-22;10;0
5;2025-12-22;11;0
5;2025-12-22;12;0
5;2025-12-22;13;0
5;2025-12-22;14;0
5;2025-12-22;15;0
5;2025-12-22;16;0
5;2025-12-22;17;0
5;2025-12-22;18;0
5;2025-12-22;19;0
5;2025-12-22;20;0
5;2025-12-22;21;0
5;2025-12-22;22;0
5;2025-12-22;23;0
5;2025-12-23;0;0
5;2025-12-23;1;0
5;2025-12-23;2;0
5;2025-12-23;3;0
5;2025-12-23;4;0
5;2025-12-23;5;0
5;2025-12-23;6;0
5;2025-12-23;7;0
5;2025-12-23;8;0
5;2025-12-23;9;0
5;2025-12-23;10;0
5;2025-12-23;11;0
5;2025-12-23;12;0
5;2025-12-23;13;0
5;2025-12-23;14;0
5;2025-12-23;15;0
5;2025-12-23;16;0
5;2025-12-23;17;0
5;2025-12-23;18;0
5;2025-12-23;19;0
5;2025-12-23;20;0
5;2025-12-23;21;0
5;2025-12-23;22;0
5;2025-12-23;23;0
5;2025-12-24;0;0
5;2025-12-24;1;0
5;2025-12-24;2;0
5;2025-12-24;3;0
5;2025-12-24;4;0
5;2025-12-24;5;0
5;2025-12-24;6;0
5;2025-12-24;7;0
5;2025-12-24;8;0
5;2025-12-24;9;0
5;2025-12-24;10;0
5;2025-12-24;11;0
5;2025-12-24;12;0
5;2025-12-24;13;0
5;2025-12-24;14;0
5;2025-12-24;15;0
5;2025-12-24;16;0
5;2025-12-24;17;0
5;2025-12-24;18;0
5;2025-12-24;19;0
5;2025-12-24;20;0
5;2025-12-24;21;0
5;2025-12-24;22;0
5;2025-12-24;23;0
5;2025-12-25;0;0
5;2025-12-25;1;0
5;2025-12-25;2;0
5;2025-12-25;3;0
5;2025-12-25;4;0
5;2025-12-25;5;0
5;2025-12-25;6;0
5;2025-12-25;7;0
5;2025-12-25;8;0
5;2025-12-25;9;0
5;2025-12-25;10;0
5;2025-12-25;11;0
5;2025-12-25;12;0
5;2025-12-25;13;0
5;2025-12-25;14;0
5;2025-12-25;15;0
5;2025-12-25;16;0
5;2025-12-25;17;0
5;2025-12-25;18;0
5;2025-12-25;19;0
5;2025-12-25;20;0
5;2025-12-25;21;0
5;2025-12-25;22;0
5;2025-12-25;23;0
5;2025-12-26;0;0
5;2025-12-26;1;0
5;2025-12-26;2;0
5;2025-12-26;3;0
5;2025-12-26;4;0
5;2025-12-26;5;0
5;2025-12-26;6;0
5;2025-12-26;7;0
5;2025-12-26;8;0
5;2025-12-26;9;0
5;2025-12-26;10;0
5;2025-12-26;11;0
5;2025-12-26;12;0
5;2025-12-26;13;0
5;2025-12-26;14;0
5;2025-12-26;15;0
5;2025-12-26;16;0
5;2025-12-26;17;0
5;2025-12-26;18;0
5;2025-12-26;19;0
5;2025-12-26;20;0
5;2025-12-26;21;0
5;2025-12-26;22;0
5;2025-12-26;23;0
5;2025-12-27;0;0
5;2025-12-27;1;0
5;2025-12-27;2;0
5;2025-12-27;3;0
5;2025-12-27;4;0
5;2025-12-27;5;0
5;2025-12-27;6;0
5;2025-12-27;7;0
5;2025-12-27;8;0
5;2025-12-27;9;0
5;2025-12-27;10;0
5;2025-12-27;11;0
5;2025-12-27;12;0
5;2025-12-27;13;0
5;2025-12-27;14;0
5;2025-12-27;15;0
5;2025-12-27;16;0
5;2025-12-27;17;0
5;2025-12-27;18;0
5;2025-12-27;19;0
5;2025-12-27;20;0
5;2025-12-27;21;0
5;2025-12-27;22;0
5;2025-12-27;23;0
5;2025-12-28;0;0
5;2025-12-28;1;0
5;2025-12-28;2;0
5;2025-12-28;3;0
5;2025-12-28;4;0
5;2025-12-28;5;0
5;2025-12-28;6;0
5;2025-12-28;7;0
5;2025-12-28;8;0
5;2025-12-28;9;0
5;2025-12-28;10;0
5;2025-12-28;11;0
5;2025-12-28;12;0
5;2025-12-28;13;0
5;2025-12-28;14;0
5;2025-12-28;15;0
5;2025-12-28;16;0
5;2025-12-28;17;0
5;2025-12-28;18;0
5;2025-12-28;19;0
5;2025-12-28;20;0
5;2025-12-28;21;0
5;2025-12-28;22;0
5;2025-12-28;23;0
5;2025-12-29;0;0
5;2025-12-29;1;0
5;2025-12-29;2;0
5;2025-12-29;3;0
5;2025-12-29;4;0
5;2025-12-29;5;0
5;2025-12-29;6;0
5;2025-12-29;7;0
5;2025-12-29;8;0
5;2025-12-29;9;0
5;2025-12-29;10;0
5;2025-12-29;11;0
5;2025-12-29;12;0
5;2025-12-29;13;0
5;2025-12-29;14;0
5;2025-12-29;15;0
5;2025-12-29;16;0
5;2025-12-29;17;0
5;2025-12-29;18;0
5;2025-12-29;19;0
5;2025-12-29;20;0
5;2025-12-29;21;0
5;2025-12-29;22;0
5;2025-12-29;23;0
5;2025-12-30;0;0
5;2025-12-30;1;0
5;2025-12-30;2;0
5;2025-12-30;3;0
5;2025-12-30;4;0
5;2025-12-30;5;0
5;2025-12-30;6;0
5;2025-12-30;7;0
5;2025-12-30;8;0
5;2025-12-30;9;0
5;2025-12-30;10;0
5;2025-12-30;11;0
5;2025-12-30;12;0
5;2025-12-30;13;0
5;2025-12-30;14;0
5;2025-12-30;15;0
5;2025-12-30;16;0
5;2025-12-30;17;0
5;2025-12-30;18;0
5;2025-12-30;19;0
5;2025-12-30;20;0
5;2025-12-30;21;0
5;2025-12-30;22;0
5;2025-12-30;23;0
5;2025-12-31;0;0
5;2025-12-31;1;0
5;2025-12-31;2;0
5;2025-12-31;3;0
5;2025-12-31;4;0
5;2025-12-31;5;0
5;2025-12-31;6;0
5;2025-12-31;7;0
5;2025-12-31;8;0
5;2025-12-31;9;0
5;2025-12-31;10;0
5;2025-12-31;11;0
5;2025-12-31;12;0
5;2025-12-31;13;0
5;2025-12-31;14;0
5;2025-12-31;15;0
5;2025-12-31;16;0
5;2025-12-31;17;0
5;2025-12-31;18;0
5;2025-12-31;19;0
5;2025-12-31;20;0
5;2025-12-31;21;0
5;2025-12-31;22;0
5;2025-12-31;23;0
7;2025-11-01;0;66
7;2025-11-01;1;12
7;2025-11-01;2;0
7;2025-11-01;3;0
7;2025-11-01;4;1
7;2025-11-01;5;149
7;2025-11-01;6;509
7;2025-11-01;7;1276
7;2025-11-01;8;1934
7;2025-11-01;9;1436
7;2025-11-01;10;1471
7;2025-11-01;11;1348
7;2025-11-01;12;1422
7;2025-11-01;13;1438
7;2025-11-01;14;1484
7;2025-11-01;15;1610
7;2025-11-01;16;1795
7;2025-11-01;17;1981
7;2025-11-01;18;1706
7;2025-11-01;19;1162
7;2025-11-01;20;838
7;2025-11-01;21;506
7;2025-11-01;22;278
7;2025-11-01;23;211
7;2025-11-02;0;104
7;2025-11-02;1;24
7;2025-11-02;2;0
7;2025-11-02;3;0
7;2025-11-02;4;1
7;2025-11-02;5;31
7;2025-11-02;6;131
7;2025-11-02;7;175
7;2025-11-02;8;396
7;2025-11-02;9;524
7;2025-11-02;10;406
7;2025-11-02;11;603
7;2025-11-02;12;652
7;2025-11-02;13;648
7;2025-11-02;14;676
7;2025-11-02;15;733
7;2025-11-02;16;631
7;2025-11-02;17;643
7;2025-11-02;18;666
7;2025-11-02;19;494
7;2025-11-02;20;408
7;2025-11-02;21;299
7;2025-11-02;22;154
7;2025-11-02;23;123
7;2025-11-03;0;101
7;2025-11-03;1;23
7;2025-11-03;2;0
7;2025-11-03;3;0
7;2025-11-03;4;1
7;2025-11-03;5;30
7;2025-11-03;6;126
7;2025-11-03;7;170
7;2025-11-03;8;382
7;2025-11-03;9;507
7;2025-11-03;10;393
7;2025-11-03;11;583
7;2025-11-03;12;630
7;2025-11-03;13;626
7;2025-11-03;14;654
7;2025-11-03;15;709
7;2025-11-03;16;610
7;2025-11-03;17;621
7;2025-11-03;18;645
7;2025-11-03;19;477
7;2025-11-03;20;395
7;2025-11-03;21;289
7;2025-11-03;22;149
7;2025-11-03;23;119
7;2025-11-04;0;101
7;2025-11-04;1;23
7;2025-11-04;2;0
7;2025-11-04;3;0
7;2025-11-04;4;1
7;2025-11-04;5;30
7;2025-11-04;6;126
7;2025-11-04;7;170
7;2025-11-04;8;382
7;2025-11-04;9;507
7;2025-11-04;10;393
7;2025-11-04;11;583
7;2025-11-04;12;630
7;2025-11-04;13;626
7;2025-11-04;14;654
7;2025-11-04;15;709
7;2025-11-04;16;610
7;2025-11-04;17;621
7;2025-11-04;18;645
7;2025-11-04;19;477
7;2025-11-04;20;395
7;2025-11-04;21;289
7;2025-11-04;22;149
7;2025-11-04;23;119
7;2025-11-05;0;59
7;2025-11-05;1;13
7;2025-11-05;2;0
7;2025-11-05;3;0
7;2025-11-05;4;2
7;2025-11-05;5;190
7;2025-11-05;6;604
7;2025-11-05;7;1649
7;2025-11-05;8;2536
7;2025-11-05;9;1917
7;2025-11-05;10;1720
7;2025-11-05;11;1602
7;2025-11-05;12;1791
7;2025-11-05;13;1615
7;2025-11-05;14;1724
7;2025-11-05;15;1824
7;2025-11-05;16;1899
7;2025-11-05;17;2430
7;2025-11-05;18;2671
7;2025-11-05;19;1748
7;2025-11-05;20;1096
7;2025-11-05;21;652
7;2025-11-05;22;310
7;2025-11-05;23;208
7;2025-11-06;0;59
7;2025-11-06;1;13
7;2025-11-06;2;0
7;2025-11-06;3;0
7;2025-11-06;4;2
7;2025-11-06;5;190
7;2025-11-06;6;604
7;2025-11-06;7;1649
7;2025-11-06;8;2536
7;2025-11-06;9;1917
7;2025-11-06;10;1720
7;2025-11-06;11;1602
7;2025-11-06;12;1791
7;2025-11-06;13;1615
7;2025-11-06;14;1724
7;2025-11-06;15;1824
7;2025-11-06;16;1899
7;2025-11-06;17;2430
7;2025-11-06;18;2671
7;2025-11-06;19;1748
7;2025-11-06;20;1096
7;2025-11-06;21;652
7;2025-11-06;22;310
7;2025-11-06;23;208
7;2025-11-07;0;78
7;2025-11-07;1;15
7;2025-11-07;2;1
7;2025-11-07;3;0
7;2025-11-07;4;2
7;2025-11-07;5;175
7;2025-11-07;6;599
7;2025-11-07;7;1501
7;2025-11-07;8;2276
7;2025-11-07;9;1689
7;2025-11-07;10;1731
7;2025-11-07;11;1587
7;2025-11-07;12;1673
7;2025-11-07;13;1692
7;2025-11-07;14;1745
7;2025-11-07;15;1893
7;2025-11-07;16;2112
7;2025-11-07;17;2331
7;2025-11-07;18;2007
7;2025-11-07;19;1367
7;2025-11-07;20;986
7;2025-11-07;21;595
7;2025-11-07;22;327
7;2025-11-07;23;249
7;2025-11-08;0;124
7;2025-11-08;1;28
7;2025-11-08;2;0
7;2025-11-08;3;0
7;2025-11-08;4;1
7;2025-11-08;5;51
7;2025-11-08;6;274
7;2025-11-08;7;305
7;2025-11-08;8;727
7;2025-11-08;9;586
7;2025-11-08;10;652
7;2025-11-08;11;692
7;2025-11-08;12;962
7;2025-11-08;13;905
7;2025-11-08;14;865
7;2025-11-08;15;849
7;2025-11-08;16;848
7;2025-11-08;17;834
7;2025-11-08;18;783
7;2025-11-08;19;620
7;2025-11-08;20;550
7;2025-11-08;21;385
7;2025-11-08;22;216
7;2025-11-08;23;175
7;2025-11-09;0;104
7;2025-11-09;1;24
7;2025-11-09;2;0
7;2025-11-09;3;0
7;2025-11-09;4;1
7;2025-11-09;5;31
7;2025-11-09;6;131
7;2025-11-09;7;175
7;2025-11-09;8;396
7;2025-11-09;9;524
7;2025-11-09;10;406
7;2025-11-09;11;603
7;2025-11-09;12;652
7;2025-11-09;13;648
7;2025-11-09;14;676
7;2025-11-09;15;733
7;2025-11-09;16;631
7;2025-11-09;17;643
7;2025-11-09;18;666
7;2025-11-09;19;494
7;2025-11-09;20;408
7;2025-11-09;21;299
7;2025-11-09;22;154
7;2025-11-09;23;123
7;2025-11-10;0;60
7;2025-11-10;1;10
7;2025-11-10;2;0
7;2025-11-10;3;0
7;2025-11-10;4;1
7;2025-11-10;5;189
7;2025-11-10;6;582
7;2025-11-10;7;1631
7;2025-11-10;8;2644
7;2025-11-10;9;1825
7;2025-11-10;10;1644
7;2025-11-10;11;1561
7;2025-11-10;12;1551
7;2025-11-10;13;1574
7;2025-11-10;14;1608
7;2025-11-10;15;1767
7;2025-11-10;16;1808
7;2025-11-10;17;2522
7;2025-11-10;18;2607
7;2025-11-10;19;1762
7;2025-11-10;20;1072
7;2025-11-10;21;606
7;2025-11-10;22;294
7;2025-11-10;23;152
7;2025-11-11;0;59
7;2025-11-11;1;13
7;2025-11-11;2;0
7;2025-11-11;3;0
7;2025-11-11;4;2
7;2025-11-11;5;190
7;2025-11-11;6;604
7;2025-11-11;7;1649
7;2025-11-11;8;2536
7;2025-11-11;9;1917
7;2025-11-11;10;1720
7;2025-11-11;11;1602
7;2025-11-11;12;1791
7;2025-11-11;13;1615
7;2025-11-11;14;1724
7;2025-11-11;15;1824
7;2025-11-11;16;1899
7;2025-11-11;17;2430
7;2025-11-11;18;2671
7;2025-11-11;19;1748
7;2025-11-11;20;1096
7;2025-11-11;21;652
7;2025-11-11;22;310
7;2025-11-11;23;208
7;2025-11-12;0;59
7;2025-11-12;1;13
7;2025-11-12;2;0
7;2025-11-12;3;0
7;2025-11-12;4;2
7;2025-11-12;5;190
7;2025-11-12;6;604
7;2025-11-12;7;1649
7;2025-11-12;8;2536
7;2025-11-12;9;1917
7;2025-11-12;10;1720
7;2025-11-12;11;1602
7;2025-11-12;12;1791
7;2025-11-12;13;1615
7;2025-11-12;14;1724
7;2025-11-12;15;1824
7;2025-11-12;16;1899
7;2025-11-12;17;2430
7;2025-11-12;18;2671
7;2025-11-12;19;1748
7;2025-11-12;20;1096
7;2025-11-12;21;652
7;2025-11-12;22;310
7;2025-11-12;23;208
7;2025-11-13;0;59
7;2025-11-13;1;13
7;2025-11-13;2;0
7;2025-11-13;3;0
7;2025-11-13;4;2
7;2025-11-13;5;190
7;2025-11-13;6;604
7;2025-11-13;7;1649
7;2025-11-13;8;2536
7;2025-11-13;9;1917
7;2025-11-13;10;1720
7;2025-11-13;11;1602
7;2025-11-13;12;1791
7;2025-11-13;13;1615
7;2025-11-13;14;1724
7;2025-11-13;15;1824
7;2025-11-13;16;1899
7;2025-11-13;17;2430
7;2025-11-13;18;2671
7;2025-11-13;19;1748
7;2025-11-13;20;1096
7;2025-11-13;21;652
7;2025-11-13;22;310
7;2025-11-13;23;208
7;2025-11-14;0;78
7;2025-11-14;1;15
7;2025-11-14;2;1
7;2025-11-14;3;0
7;2025-11-14;4;2
7;2025-11-14;5;175
7;2025-11-14;6;599
7;2025-11-14;7;1501
7;2025-11-14;8;2276
7;2025-11-14;9;1689
7;2025-11-14;10;1731
7;2025-11-14;11;1587
7;2025-11-14;12;1673
7;2025-11-14;13;1692
7;2025-11-14;14;1745
7;2025-11-14;15;1893
7;2025-11-14;16;2112
7;2025-11-14;17;2331
7;2025-11-14;18;2007
7;2025-11-14;19;1367
7;2025-11-14;20;986
7;2025-11-14;21;595
7;2025-11-14;22;327
7;2025-11-14;23;249
7;2025-11-15;0;118
7;2025-11-15;1;27
7;2025-11-15;2;0
7;2025-11-15;3;0
7;2025-11-15;4;1
7;2025-11-15;5;48
7;2025-11-15;6;260
7;2025-11-15;7;290
7;2025-11-15;8;691
7;2025-11-15;9;556
7;2025-11-15;10;618
7;2025-11-15;11;656
7;2025-11-15;12;913
7;2025-11-15;13;858
7;2025-11-15;14;820
7;2025-11-15;15;805
7;2025-11-15;16;804
7;2025-11-15;17;792
7;2025-11-15;18;744
7;2025-11-15;19;589
7;2025-11-15;20;521
7;2025-11-15;21;364
7;2025-11-15;22;205
7;2025-11-15;23;166
7;2025-11-16;0;104
7;2025-11-16;1;24
7;2025-11-16;2;0
7;2025-11-16;3;0
7;2025-11-16;4;1
7;2025-11-16;5;31
7;2025-11-16;6;131
7;2025-11-16;7;175
7;2025-11-16;8;396
7;2025-11-16;9;524
7;2025-11-16;10;406
7;2025-11-16;11;603
7;2025-11-16;12;652
7;2025-11-16;13;648
7;2025-11-16;14;676
7;2025-11-16;15;733
7;2025-11-16;16;631
7;2025-11-16;17;643
7;2025-11-16;18;666
7;2025-11-16;19;494
7;2025-11-16;20;408
7;2025-11-16;21;299
7;2025-11-16;22;154
7;2025-11-16;23;123
7;2025-11-17;0;60
7;2025-11-17;1;10
7;2025-11-17;2;0
7;2025-11-17;3;0
7;2025-11-17;4;1
7;2025-11-17;5;189
7;2025-11-17;6;582
7;2025-11-17;7;1631
7;2025-11-17;8;2644
7;2025-11-17;9;1825
7;2025-11-17;10;1644
7;2025-11-17;11;1561
7;2025-11-17;12;1551
7;2025-11-17;13;1574
7;2025-11-17;14;1608
7;2025-11-17;15;1767
7;2025-11-17;16;1808
7;2025-11-17;17;2522
7;2025-11-17;18;2607
7;2025-11-17;19;1762
7;2025-11-17;20;1072
7;2025-11-17;21;606
7;2025-11-17;22;294
7;2025-11-17;23;152
7;2025-11-18;0;59
7;2025-11-18;1;13
7;2025-11-18;2;0
7;2025-11-18;3;0
7;2025-11-18;4;2
7;2025-11-18;5;190
7;2025-11-18;6;604
7;2025-11-18;7;1649
7;2025-11-18;8;2536
7;2025-11-18;9;1917
7;2025-11-18;10;1720
7;2025-11-18;11;1602
7;2025-11-18;12;1791
7;2025-11-18;13;1615
7;2025-11-18;14;1724
7;2025-11-18;15;1824
7;2025-11-18;16;1899
7;2025-11-18;17;2430
7;2025-11-18;18;2671
7;2025-11-18;19;1748
7;2025-11-18;20;1096
7;2025-11-18;21;652
7;2025-11-18;22;310
7;2025-11-18;23;208
7;2025-11-19;0;59
7;2025-11-19;1;13
7;2025-11-19;2;0
7;2025-11-19;3;0
7;2025-11-19;4;2
7;2025-11-19;5;190
7;2025-11-19;6;604
7;2025-11-19;7;1649
7;2025-11-19;8;2536
7;2025-11-19;9;1917
7;2025-11-19;10;1720
7;2025-11-19;11;1602
7;2025-11-19;12;1791
7;2025-11-19;13;1615
7;2025-11-19;14;1724
7;2025-11-19;15;1824
7;2025-11-19;16;1899
7;2025-11-19;17;2430
7;2025-11-19;18;2671
7;2025-11-19;19;1748
7;2025-11-19;20;1096
7;2025-11-19;21;652
7;2025-11-19;22;310
7;2025-11-19;23;208
7;2025-11-20;0;59
7;2025-11-20;1;13
7;2025-11-20;2;0
7;2025-11-20;3;0
7;2025-11-20;4;2
7;2025-11-20;5;190
7;2025-11-20;6;604
7;2025-11-20;7;1649
7;2025-11-20;8;2536
7;2025-11-20;9;1917
7;2025-11-20;10;1720
7;2025-11-20;11;1602
7;2025-11-20;12;1791
7;2025-11-20;13;1615
7;2025-11-20;14;1724
7;2025-11-20;15;1824
7;2025-11-20;16;1899
7;2025-11-20;17;2430
7;2025-11-20;18;2671
7;2025-11-20;19;1748
7;2025-11-20;20;1096
7;2025-11-20;21;652
7;2025-11-20;22;310
7;2025-11-20;23;208
7;2025-11-21;0;78
7;2025-11-21;1;15
7;2025-11-21;2;1
7;2025-11-21;3;0
7;2025-11-21;4;2
7;2025-11-21;5;175
7;2025-11-21;6;599
7;2025-11-21;7;1501
7;2025-11-21;8;2276
7;2025-11-21;9;1689
7;2025-11-21;10;1731
7;2025-11-21;11;1587
7;2025-11-21;12;1673
7;2025-11-21;13;1692
7;2025-11-21;14;1745
7;2025-11-21;15;1893
7;2025-11-21;16;2112
7;2025-11-21;17;2331
7;2025-11-21;18;2007
7;2025-11-21;19;1367
7;2025-11-21;20;986
7;2025-11-21;21;595
7;2025-11-21;22;327
7;2025-11-21;23;249
7;2025-11-22;0;124
7;2025-11-22;1;28
7;2025-11-22;2;0
7;2025-11-22;3;0
7;2025-11-22;4;1
7;2025-11-22;5;51
7;2025-11-22;6;274
7;2025-11-22;7;305
7;2025-11-22;8;727
7;2025-11-22;9;586
7;2025-11-22;10;652
7;2025-11-22;11;692
7;2025-11-22;12;962
7;2025-11-22;13;905
7;2025-11-22;14;865
7;2025-11-22;15;849
7;2025-11-22;16;848
7;2025-11-22;17;834
7;2025-11-22;18;783
7;2025-11-22;19;620
7;2025-11-22;20;550
7;2025-11-22;21;385
7;2025-11-22;22;216
7;2025-11-22;23;175
7;2025-11-23;0;104
7;2025-11-23;1;24
7;2025-11-23;2;0
7;2025-11-23;3;0
7;2025-11-23;4;1
7;2025-11-23;5;31
7;2025-11-23;6;131
7;2025-11-23;7;175
7;2025-11-23;8;396
7;2025-11-23;9;524
7;2025-11-23;10;406
7;2025-11-23;11;603
7;2025-11-23;12;652
7;2025-11-23;13;648
7;2025-11-23;14;676
7;2025-11-23;15;733
7;2025-11-23;16;631
7;2025-11-23;17;643
7;2025-11-23;18;666
7;2025-11-23;19;494
7;2025-11-23;20;408
7;2025-11-23;21;299
7;2025-11-23;22;154
7;2025-11-23;23;123
7;2025-11-24;0;60
7;2025-11-24;1;10
7;2025-11-24;2;0
7;2025-11-24;3;0
7;2025-11-24;4;1
7;2025-11-24;5;189
7;2025-11-24;6;582
7;2025-11-24;7;1631
7;2025-11-24;8;2644
7;2025-11-24;9;1825
7;2025-11-24;10;1644
7;2025-11-24;11;1561
7;2025-11-24;12;1551
7;2025-11-24;13;1574
7;2025-11-24;14;1608
7;2025-11-24;15;1767
7;2025-11-24;16;1808
7;2025-11-24;17;2522
7;2025-11-24;18;2607
7;2025-11-24;19;1762
7;2025-11-24;20;1072
7;2025-11-24;21;606
7;2025-11-24;22;294
7;2025-11-24;23;152
7;2025-11-25;0;59
7;2025-11-25;1;13
7;2025-11-25;2;0
7;2025-11-25;3;0
7;2025-11-25;4;2
7;2025-11-25;5;190
7;2025-11-25;6;604
7;2025-11-25;7;1649
7;2025-11-25;8;2536
7;2025-11-25;9;1917
7;2025-11-25;10;1720
7;2025-11-25;11;1602
7;2025-11-25;12;1791
7;2025-11-25;13;1615
7;2025-11-25;14;1724
7;2025-11-25;15;1824
7;2025-11-25;16;1899
7;2025-11-25;17;2430
7;2025-11-25;18;2671
7;2025-11-25;19;1748
7;2025-11-25;20;1096
7;2025-11-25;21;652
7;2025-11-25;22;310
7;2025-11-25;23;208
7;2025-11-26;0;59
7;2025-11-26;1;13
7;2025-11-26;2;0
7;2025-11-26;3;0
7;2025-11-26;4;2
7;2025-11-26;5;190
7;2025-11-26;6;604
7;2025-11-26;7;1649
7;2025-11-26;8;2536
7;2025-11-26;9;1917
7;2025-11-26;10;1720
7;2025-11-26;11;1602
7;2025-11-26;12;1791
7;2025-11-26;13;1615
7;2025-11-26;14;1724
7;2025-11-26;15;1824
7;2025-11-26;16;1899
7;2025-11-26;17;2430
7;2025-11-26;18;2671
7;2025-11-26;19;1748
7;2025-11-26;20;1096
7;2025-11-26;21;652
7;2025-11-26;22;310
7;2025-11-26;23;208
7;2025-11-27;0;59
7;2025-11-27;1;13
7;2025-11-27;2;0
7;2025-11-27;3;0
7;2025-11-27;4;2
7;2025-11-27;5;190
7;2025-11-27;6;604
7;2025-11-27;7;1649
7;2025-11-27;8;2536
7;2025-11-27;9;1917
7;2025-11-27;10;1720
7;2025-11-27;11;1602
7;2025-11-27;12;1791
7;2025-11-27;13;1615
7;2025-11-27;14;1724
7;2025-11-27;15;1824
7;2025-11-27;16;1899
7;2025-11-27;17;2430
7;2025-11-27;18;2671
7;2025-11-27;19;1748
7;2025-11-27;20;1096
7;2025-11-27;21;652
7;2025-11-27;22;310
7;2025-11-27;23;208
7;2025-11-28;0;78
7;2025-11-28;1;15
7;2025-11-28;2;1
7;2025-11-28;3;0
7;2025-11-28;4;2
7;2025-11-28;5;175
7;2025-11-28;6;599
7;2025-11-28;7;1501
7;2025-11-28;8;2276
7;2025-11-28;9;1689
7;2025-11-28;10;1731
7;2025-11-28;11;1587
7;2025-11-28;12;1673
7;2025-11-28;13;1692
7;2025-11-28;14;1745
7;2025-11-28;15;1893
7;2025-11-28;16;2112
7;2025-11-28;17;2331
7;2025-11-28;18;2007
7;2025-11-28;19;1367
7;2025-11-28;20;986
7;2025-11-28;21;595
7;2025-11-28;22;327
7;2025-11-28;23;249
7;2025-11-29;0;124
7;2025-11-29;1;28
7;2025-11-29;2;0
7;2025-11-29;3;0
7;2025-11-29;4;1
7;2025-11-29;5;51
7;2025-11-29;6;274
7;2025-11-29;7;305
7;2025-11-29;8;727
7;2025-11-29;9;586
7;2025-11-29;10;652
7;2025-11-29;11;692
7;2025-11-29;12;962
7;2025-11-29;13;905
7;2025-11-29;14;865
7;2025-11-29;15;849
7;2025-11-29;16;848
7;2025-11-29;17;834
7;2025-11-29;18;783
7;2025-11-29;19;620
7;2025-11-29;20;550
7;2025-11-29;21;385
7;2025-11-29;22;216
7;2025-11-29;23;175
7;2025-11-30;0;104
7;2025-11-30;1;24
7;2025-11-30;2;0
7;2025-11-30;3;0
7;2025-11-30;4;1
7;2025-11-30;5;31
7;2025-11-30;6;131
7;2025-11-30;7;175
7;2025-11-30;8;396
7;2025-11-30;9;524
7;2025-11-30;10;406
7;2025-11-30;11;603
7;2025-11-30;12;652
7;2025-11-30;13;648
7;2025-11-30;14;676
7;2025-11-30;15;733
7;2025-11-30;16;631
7;2025-11-30;17;643
7;2025-11-30;18;666
7;2025-11-30;19;494
7;2025-11-30;20;408
7;2025-11-30;21;299
7;2025-11-30;22;154
7;2025-11-30;23;123
7;2025-12-01;0;60
7;2025-12-01;1;10
7;2025-12-01;2;0
7;2025-12-01;3;0
7;2025-12-01;4;1
7;2025-12-01;5;189
7;2025-12-01;6;582
7;2025-12-01;7;1631
7;2025-12-01;8;2644
7;2025-12-01;9;1825
7;2025-12-01;10;1644
7;2025-12-01;11;1561
7;2025-12-01;12;1551
7;2025-12-01;13;1574
7;2025-12-01;14;1608
7;2025-12-01;15;1767
7;2025-12-01;16;1808
7;2025-12-01;17;2522
7;2025-12-01;18;2607
7;2025-12-01;19;1762
7;2025-12-01;20;1072
7;2025-12-01;21;606
7;2025-12-01;22;294
7;2025-12-01;23;152
7;2025-12-02;0;59
7;2025-12-02;1;13
7;2025-12-02;2;0
7;2025-12-02;3;0
7;2025-12-02;4;2
7;2025-12-02;5;190
7;2025-12-02;6;604
7;2025-12-02;7;1649
7;2025-12-02;8;2536
7;2025-12-02;9;1917
7;2025-12-02;10;1720
7;2025-12-02;11;1602
7;2025-12-02;12;1791
7;2025-12-02;13;1615
7;2025-12-02;14;1724
7;2025-12-02;15;1824
7;2025-12-02;16;1899
7;2025-12-02;17;2430
7;2025-12-02;18;2671
7;2025-12-02;19;1748
7;2025-12-02;20;1096
7;2025-12-02;21;652
7;2025-12-02;22;310
7;2025-12-02;23;208
7;2025-12-03;0;59
7;2025-12-03;1;13
7;2025-12-03;2;0
7;2025-12-03;3;0
7;2025-12-03;4;2
7;2025-12-03;5;190
7;2025-12-03;6;604
7;2025-12-03;7;1649
7;2025-12-03;8;2536
7;2025-12-03;9;1917
7;2025-12-03;10;1720
7;2025-12-03;11;1602
7;2025-12-03;12;1791
7;2025-12-03;13;1615
7;2025-12-03;14;1724
7;2025-12-03;15;1824
7;2025-12-03;16;1899
7;2025-12-03;17;2430
7;2025-12-03;18;2671
7;2025-12-03;19;1748
7;2025-12-03;20;1096
7;2025-12-03;21;652
7;2025-12-03;22;310
7;2025-12-03;23;208
7;2025-12-04;0;59
7;2025-12-04;1;13
7;2025-12-04;2;0
7;2025-12-04;3;0
7;2025-12-04;4;2
7;2025-12-04;5;190
7;2025-12-04;6;604
7;2025-12-04;7;1649
7;2025-12-04;8;2536
7;2025-12-04;9;1917
7;2025-12-04;10;1720
7;2025-12-04;11;1602
7;2025-12-04;12;1791
7;2025-12-04;13;1615
7;2025-12-04;14;1724
7;2025-12-04;15;1824
7;2025-12-04;16;1899
7;2025-12-04;17;2430
7;2025-12-04;18;2671
7;2025-12-04;19;1748
7;2025-12-04;20;1096
7;2025-12-04;21;652
7;2025-12-04;22;310
7;2025-12-04;23;208
7;2025-12-05;0;78
7;2025-12-05;1;15
7;2025-12-05;2;1
7;2025-12-05;3;0
7;2025-12-05;4;2
7;2025-12-05;5;175
7;2025-12-05;6;599
7;2025-12-05;7;1501
7;2025-12-05;8;2276
7;2025-12-05;9;1689
7;2025-12-05;10;1731
7;2025-12-05;11;1587
7;2025-12-05;12;1673
7;2025-12-05;13;1692
7;2025-12-05;14;1745
7;2025-12-05;15;1893
7;2025-12-05;16;2112
7;2025-12-05;17;2331
7;2025-12-05;18;2007
7;2025-12-05;19;1367
7;2025-12-05;20;986
7;2025-12-05;21;595
7;2025-12-05;22;327
7;2025-12-05;23;249
7;2025-12-06;0;124
7;2025-12-06;1;28
7;2025-12-06;2;0
7;2025-12-06;3;0
7;2025-12-06;4;1
7;2025-12-06;5;51
7;2025-12-06;6;274
7;2025-12-06;7;305
7;2025-12-06;8;727
7;2025-12-06;9;586
7;2025-12-06;10;652
7;2025-12-06;11;692
7;2025-12-06;12;962
7;2025-12-06;13;905
7;2025-12-06;14;865
7;2025-12-06;15;849
7;2025-12-06;16;848
7;2025-12-06;17;834
7;2025-12-06;18;783
7;2025-12-06;19;620
7;2025-12-06;20;550
7;2025-12-06;21;385
7;2025-12-06;22;216
7;2025-12-06;23;175
7;2025-12-07;0;104
7;2025-12-07;1;24
7;2025-12-07;2;0
7;2025-12-07;3;0
7;2025-12-07;4;1
7;2025-12-07;5;31
7;2025-12-07;6;131
7;2025-12-07;7;175
7;2025-12-07;8;396
7;2025-12-07;9;524
7;2025-12-07;10;406
7;2025-12-07;11;603
7;2025-12-07;12;652
7;2025-12-07;13;648
7;2025-12-07;14;676
7;2025-12-07;15;733
7;2025-12-07;16;631
7;2025-12-07;17;643
7;2025-12-07;18;666
7;2025-12-07;19;494
7;2025-12-07;20;408
7;2025-12-07;21;299
7;2025-12-07;22;154
7;2025-12-07;23;123
7;2025-12-08;0;60
7;2025-12-08;1;10
7;2025-12-08;2;0
7;2025-12-08;3;0
7;2025-12-08;4;1
7;2025-12-08;5;189
7;2025-12-08;6;582
7;2025-12-08;7;1631
7;2025-12-08;8;2644
7;2025-12-08;9;1825
7;2025-12-08;10;1644
7;2025-12-08;11;1561
7;2025-12-08;12;1551
7;2025-12-08;13;1574
7;2025-12-08;14;1608
7;2025-12-08;15;1767
7;2025-12-08;16;1808
7;2025-12-08;17;2522
7;2025-12-08;18;2607
7;2025-12-08;19;1762
7;2025-12-08;20;1072
7;2025-12-08;21;606
7;2025-12-08;22;294
7;2025-12-08;23;152
7;2025-12-09;0;59
7;2025-12-09;1;13
7;2025-12-09;2;0
7;2025-12-09;3;0
7;2025-12-09;4;2
7;2025-12-09;5;190
7;2025-12-09;6;604
7;2025-12-09;7;1649
7;2025-12-09;8;2536
7;2025-12-09;9;1917
7;2025-12-09;10;1720
7;2025-12-09;11;1602
7;2025-12-09;12;1791
7;2025-12-09;13;1615
7;2025-12-09;14;1724
7;2025-12-09;15;1824
7;2025-12-09;16;1899
7;2025-12-09;17;2430
7;2025-12-09;18;2671
7;2025-12-09;19;1748
7;2025-12-09;20;1096
7;2025-12-09;21;652
7;2025-12-09;22;310
7;2025-12-09;23;208
7;2025-12-10;0;59
7;2025-12-10;1;13
7;2025-12-10;2;0
7;2025-12-10;3;0
7;2025-12-10;4;2
7;2025-12-10;5;190
7;2025-12-10;6;604
7;2025-12-10;7;1649
7;2025-12-10;8;2536
7;2025-12-10;9;1917
7;2025-12-10;10;1720
7;2025-12-10;11;1602
7;2025-12-10;12;1791
7;2025-12-10;13;1615
7;2025-12-10;14;1724
7;2025-12-10;15;1824
7;2025-12-10;16;1899
7;2025-12-10;17;2430
7;2025-12-10;18;2671
7;2025-12-10;19;1748
7;2025-12-10;20;1096
7;2025-12-10;21;652
7;2025-12-10;22;310
7;2025-12-10;23;208
7;2025-12-11;0;59
7;2025-12-11;1;13
7;2025-12-11;2;0
7;2025-12-11;3;0
7;2025-12-11;4;2
7;2025-12-11;5;190
7;2025-12-11;6;604
7;2025-12-11;7;1649
7;2025-12-11;8;2536
7;2025-12-11;9;1917
7;2025-12-11;10;1720
7;2025-12-11;11;1602
7;2025-12-11;12;1791
7;2025-12-11;13;1615
7;2025-12-11;14;1724
7;2025-12-11;15;1824
7;2025-12-11;16;1899
7;2025-12-11;17;2430
7;2025-12-11;18;2671
7;2025-12-11;19;1748
7;2025-12-11;20;1096
7;2025-12-11;21;652
7;2025-12-11;22;310
7;2025-12-11;23;208
7;2025-12-12;0;78
7;2025-12-12;1;15
7;2025-12-12;2;1
7;2025-12-12;3;0
7;2025-12-12;4;2
7;2025-12-12;5;175
7;2025-12-12;6;599
7;2025-12-12;7;1501
7;2025-12-12;8;2276
7;2025-12-12;9;1689
7;2025-12-12;10;1731
7;2025-12-12;11;1587
7;2025-12-12;12;1673
7;2025-12-12;13;1692
7;2025-12-12;14;1745
7;2025-12-12;15;1893
7;2025-12-12;16;2112
7;2025-12-12;17;2331
7;2025-12-12;18;2007
7;2025-12-12;19;1367
7;2025-12-12;20;986
7;2025-12-12;21;595
7;2025-12-12;22;327
7;2025-12-12;23;249
7;2025-12-13;0;124
7;2025-12-13;1;28
7;2025-12-13;2;0
7;2025-12-13;3;0
7;2025-12-13;4;1
7;2025-12-13;5;51
7;2025-12-13;6;274
7;2025-12-13;7;305
7;2025-12-13;8;727
7;2025-12-13;9;586
7;2025-12-13;10;652
7;2025-12-13;11;692
7;2025-12-13;12;962
7;2025-12-13;13;905
7;2025-12-13;14;865
7;2025-12-13;15;849
7;2025-12-13;16;848
7;2025-12-13;17;834
7;2025-12-13;18;783
7;2025-12-13;19;620
7;2025-12-13;20;550
7;2025-12-13;21;385
7;2025-12-13;22;216
7;2025-12-13;23;175
7;2025-12-14;0;104
7;2025-12-14;1;24
7;2025-12-14;2;0
7;2025-12-14;3;0
7;2025-12-14;4;1
7;2025-12-14;5;31
7;2025-12-14;6;131
7;2025-12-14;7;175
7;2025-12-14;8;396
7;2025-12-14;9;524
7;2025-12-14;10;406
7;2025-12-14;11;603
7;2025-12-14;12;652
7;2025-12-14;13;648
7;2025-12-14;14;676
7;2025-12-14;15;733
7;2025-12-14;16;631
7;2025-12-14;17;643
7;2025-12-14;18;666
7;2025-12-14;19;494
7;2025-12-14;20;408
7;2025-12-14;21;299
7;2025-12-14;22;154
7;2025-12-14;23;123
7;2025-12-15;0;60
7;2025-12-15;1;10
7;2025-12-15;2;0
7;2025-12-15;3;0
7;2025-12-15;4;1
7;2025-12-15;5;189
7;2025-12-15;6;582
7;2025-12-15;7;1631
7;2025-12-15;8;2644
7;2025-12-15;9;1825
7;2025-12-15;10;1644
7;2025-12-15;11;1561
7;2025-12-15;12;1551
7;2025-12-15;13;1574
7;2025-12-15;14;1608
7;2025-12-15;15;1767
7;2025-12-15;16;1808
7;2025-12-15;17;2522
7;2025-12-15;18;2607
7;2025-12-15;19;1762
7;2025-12-15;20;1072
7;2025-12-15;21;606
7;2025-12-15;22;294
7;2025-12-15;23;152
7;2025-12-16;0;59
7;2025-12-16;1;13
7;2025-12-16;2;0
7;2025-12-16;3;0
7;2025-12-16;4;2
7;2025-12-16;5;190
7;2025-12-16;6;604
7;2025-12-16;7;1649
7;2025-12-16;8;2536
7;2025-12-16;9;1917
7;2025-12-16;10;1720
7;2025-12-16;11;1602
7;2025-12-16;12;1791
7;2025-12-16;13;1615
7;2025-12-16;14;1724
7;2025-12-16;15;1824
7;2025-12-16;16;1899
7;2025-12-16;17;2430
7;2025-12-16;18;2671
7;2025-12-16;19;1748
7;2025-12-16;20;1096
7;2025-12-16;21;652
7;2025-12-16;22;310
7;2025-12-16;23;208
7;2025-12-17;0;59
7;2025-12-17;1;13
7;2025-12-17;2;0
7;2025-12-17;3;0
7;2025-12-17;4;2
7;2025-12-17;5;190
7;2025-12-17;6;604
7;2025-12-17;7;1649
7;2025-12-17;8;2536
7;2025-12-17;9;1917
7;2025-12-17;10;1720
7;2025-12-17;11;1602
7;2025-12-17;12;1791
7;2025-12-17;13;1615
7;2025-12-17;14;1724
7;2025-12-17;15;1824
7;2025-12-17;16;1899
7;2025-12-17;17;2430
7;2025-12-17;18;2671
7;2025-12-17;19;1748
7;2025-12-17;20;1096
7;2025-12-17;21;652
7;2025-12-17;22;310
7;2025-12-17;23;208
7;2025-12-18;0;59
7;2025-12-18;1;13
7;2025-12-18;2;0
7;2025-12-18;3;0
7;2025-12-18;4;2
7;2025-12-18;5;190
7;2025-12-18;6;604
7;2025-12-18;7;1649
7;2025-12-18;8;2536
7;2025-12-18;9;1917
7;2025-12-18;10;1720
7;2025-12-18;11;1602
7;2025-12-18;12;1791
7;2025-12-18;13;1615
7;2025-12-18;14;1724
7;2025-12-18;15;1824
7;2025-12-18;16;1899
7;2025-12-18;17;2430
7;2025-12-18;18;2671
7;2025-12-18;19;1748
7;2025-12-18;20;1096
7;2025-12-18;21;652
7;2025-12-18;22;310
7;2025-12-18;23;208
7;2025-12-19;0;78
7;2025-12-19;1;15
7;2025-12-19;2;1
7;2025-12-19;3;0
7;2025-12-19;4;2
7;2025-12-19;5;175
7;2025-12-19;6;599
7;2025-12-19;7;1501
7;2025-12-19;8;2276
7;2025-12-19;9;1689
7;2025-12-19;10;1731
7;2025-12-19;11;1587
7;2025-12-19;12;1673
7;2025-12-19;13;1692
7;2025-12-19;14;1745
7;2025-12-19;15;1893
7;2025-12-19;16;2112
7;2025-12-19;17;2331
7;2025-12-19;18;2007
7;2025-12-19;19;1367
7;2025-12-19;20;986
7;2025-12-19;21;595
7;2025-12-19;22;327
7;2025-12-19;23;249
7;2025-12-20;0;124
7;2025-12-20;1;28
7;2025-12-20;2;0
7;2025-12-20;3;0
7;2025-12-20;4;1
7;2025-12-20;5;51
7;2025-12-20;6;274
7;2025-12-20;7;305
7;2025-12-20;8;727
7;2025-12-20;9;586
7;2025-12-20;10;652
7;2025-12-20;11;692
7;2025-12-20;12;962
7;2025-12-20;13;905
7;2025-12-20;14;865
7;2025-12-20;15;849
7;2025-12-20;16;848
7;2025-12-20;17;834
7;2025-12-20;18;783
7;2025-12-20;19;620
7;2025-12-20;20;550
7;2025-12-20;21;385
7;2025-12-20;22;216
7;2025-12-20;23;175
7;2025-12-21;0;104
7;2025-12-21;1;24
7;2025-12-21;2;0
7;2025-12-21;3;0
7;2025-12-21;4;1
7;2025-12-21;5;31
7;2025-12-21;6;131
7;2025-12-21;7;175
7;2025-12-21;8;396
7;2025-12-21;9;524
7;2025-12-21;10;406
7;2025-12-21;11;603
7;2025-12-21;12;652
7;2025-12-21;13;648
7;2025-12-21;14;676
7;2025-12-21;15;733
7;2025-12-21;16;631
7;2025-12-21;17;643
7;2025-12-21;18;666
7;2025-12-21;19;494
7;2025-12-21;20;408
7;2025-12-21;21;299
7;2025-12-21;22;154
7;2025-12-21;23;123
7;2025-12-22;0;60
7;2025-12-22;1;10
7;2025-12-22;2;0
7;2025-12-22;3;0
7;2025-12-22;4;1
7;2025-12-22;5;189
7;2025-12-22;6;582
7;2025-12-22;7;1631
7;2025-12-22;8;2644
7;2025-12-22;9;1825
7;2025-12-22;10;1644
7;2025-12-22;11;1561
7;2025-12-22;12;1551
7;2025-12-22;13;1574
7;2025-12-22;14;1608
7;2025-12-22;15;1767
7;2025-12-22;16;1808
7;2025-12-22;17;2522
7;2025-12-22;18;2607
7;2025-12-22;19;1762
7;2025-12-22;20;1072
7;2025-12-22;21;606
7;2025-12-22;22;294
7;2025-12-22;23;152
7;2025-12-23;0;59
7;2025-12-23;1;13
7;2025-12-23;2;0
7;2025-12-23;3;0
7;2025-12-23;4;2
7;2025-12-23;5;190
7;2025-12-23;6;604
7;2025-12-23;7;1649
7;2025-12-23;8;2536
7;2025-12-23;9;1917
7;2025-12-23;10;1720
7;2025-12-23;11;1602
7;2025-12-23;12;1791
7;2025-12-23;13;1615
7;2025-12-23;14;1724
7;2025-12-23;15;1824
7;2025-12-23;16;1899
7;2025-12-23;17;2430
7;2025-12-23;18;2671
7;2025-12-23;19;1748
7;2025-12-23;20;1096
7;2025-12-23;21;652
7;2025-12-23;22;310
7;2025-12-23;23;208
7;2025-12-24;0;59
7;2025-12-24;1;13
7;2025-12-24;2;0
7;2025-12-24;3;0
7;2025-12-24;4;2
7;2025-12-24;5;190
7;2025-12-24;6;604
7;2025-12-24;7;1649
7;2025-12-24;8;2536
7;2025-12-24;9;1917
7;2025-12-24;10;1720
7;2025-12-24;11;1602
7;2025-12-24;12;1791
7;2025-12-24;13;1615
7;2025-12-24;14;1724
7;2025-12-24;15;1824
7;2025-12-24;16;1899
7;2025-12-24;17;2430
7;2025-12-24;18;2671
7;2025-12-24;19;1748
7;2025-12-24;20;1096
7;2025-12-24;21;652
7;2025-12-24;22;310
7;2025-12-24;23;208
7;2025-12-25;0;59
7;2025-12-25;1;13
7;2025-12-25;2;0
7;2025-12-25;3;0
7;2025-12-25;4;2
7;2025-12-25;5;190
7;2025-12-25;6;604
7;2025-12-25;7;1649
7;2025-12-25;8;2536
7;2025-12-25;9;1917
7;2025-12-25;10;1720
7;2025-12-25;11;1602
7;2025-12-25;12;1791
7;2025-12-25;13;1615
7;2025-12-25;14;1724
7;2025-12-25;15;1824
7;2025-12-25;16;1899
7;2025-12-25;17;2430
7;2025-12-25;18;2671
7;2025-12-25;19;1748
7;2025-12-25;20;1096
7;2025-12-25;21;652
7;2025-12-25;22;310
7;2025-12-25;23;208
7;2025-12-26;0;78
7;2025-12-26;1;15
7;2025-12-26;2;1
7;2025-12-26;3;0
7;2025-12-26;4;2
7;2025-12-26;5;175
7;2025-12-26;6;599
7;2025-12-26;7;1501
7;2025-12-26;8;2276
7;2025-12-26;9;1689
7;2025-12-26;10;1731
7;2025-12-26;11;1587
7;2025-12-26;12;1673
7;2025-12-26;13;1692
7;2025-12-26;14;1745
7;2025-12-26;15;1893
7;2025-12-26;16;2112
7;2025-12-26;17;2331
7;2025-12-26;18;2007
7;2025-12-26;19;1367
7;2025-12-26;20;986
7;2025-12-26;21;595
7;2025-12-26;22;327
7;2025-12-26;23;249
7;2025-12-27;0;124
7;2025-12-27;1;28
7;2025-12-27;2;0
7;2025-12-27;3;0
7;2025-12-27;4;1
7;2025-12-27;5;51
7;2025-12-27;6;274
7;2025-12-27;7;305
7;2025-12-27;8;727
7;2025-12-27;9;586
7;2025-12-27;10;652
7;2025-12-27;11;692
7;2025-12-27;12;962
7;2025-12-27;13;905
7;2025-12-27;14;865
7;2025-12-27;15;849
7;2025-12-27;16;848
7;2025-12-27;17;834
7;2025-12-27;18;783
7;2025-12-27;19;620
7;2025-12-27;20;550
7;2025-12-27;21;385
7;2025-12-27;22;216
7;2025-12-27;23;175
7;2025-12-28;0;104
7;2025-12-28;1;24
7;2025-12-28;2;0
7;2025-12-28;3;0
7;2025-12-28;4;1
7;2025-12-28;5;31
7;2025-12-28;6;131
7;2025-12-28;7;175
7;2025-12-28;8;396
7;2025-12-28;9;524
7;2025-12-28;10;406
7;2025-12-28;11;603
7;2025-12-28;12;652
7;2025-12-28;13;648
7;2025-12-28;14;676
7;2025-12-28;15;733
7;2025-12-28;16;631
7;2025-12-28;17;643
7;2025-12-28;18;666
7;2025-12-28;19;494
7;2025-12-28;20;408
7;2025-12-28;21;299
7;2025-12-28;22;154
7;2025-12-28;23;123
7;2025-12-29;0;66
7;2025-12-29;1;12
7;2025-12-29;2;0
7;2025-12-29;3;0
7;2025-12-29;4;2
7;2025-12-29;5;151
7;2025-12-29;6;515
7;2025-12-29;7;1291
7;2025-12-29;8;1956
7;2025-12-29;9;1452
7;2025-12-29;10;1488
7;2025-12-29;11;1365
7;2025-12-29;12;1438
7;2025-12-29;13;1456
7;2025-12-29;14;1501
7;2025-12-29;15;1628
7;2025-12-29;16;1817
7;2025-12-29;17;2004
7;2025-12-29;18;1727
7;2025-12-29;19;1176
7;2025-12-29;20;849
7;2025-12-29;21;512
7;2025-12-29;22;282
7;2025-12-29;23;213
7;2025-12-30;0;66
7;2025-12-30;1;12
7;2025-12-30;2;0
7;2025-12-30;3;0
7;2025-12-30;4;2
7;2025-12-30;5;151
7;2025-12-30;6;515
7;2025-12-30;7;1291
7;2025-12-30;8;1956
7;2025-12-30;9;1452
7;2025-12-30;10;1488
7;2025-12-30;11;1365
7;2025-12-30;12;1438
7;2025-12-30;13;1456
7;2025-12-30;14;1501
7;2025-12-30;15;1628
7;2025-12-30;16;1817
7;2025-12-30;17;2004
7;2025-12-30;18;1727
7;2025-12-30;19;1176
7;2025-12-30;20;849
7;2025-12-30;21;512
7;2025-12-30;22;282
7;2025-12-30;23;213
7;2025-12-31;0;106
7;2025-12-31;1;23
7;2025-12-31;2;0
7;2025-12-31;3;0
7;2025-12-31;4;1
7;2025-12-31;5;43
7;2025-12-31;6;234
7;2025-12-31;7;259
7;2025-12-31;8;618
7;2025-12-31;9;499
7;2025-12-31;10;554
7;2025-12-31;11;588
7;2025-12-31;12;818
7;2025-12-31;13;769
7;2025-12-31;14;734
7;2025-12-31;15;721
7;2025-12-31;16;720
7;2025-12-31;17;710
7;2025-12-31;18;666
7;2025-12-31;19;290
7;2025-12-31;20;257
7;2025-12-31;21;180
7;2025-12-31;22;101
7;2025-12-31;23;83
11;2025-11-01;0;60
11;2025-11-01;1;2
11;2025-11-01;2;0
11;2025-11-01;3;0
11;2025-11-01;4;0
11;2025-11-01;5;221
11;2025-11-01;6;1123
11;2025-11-01;7;2097
11;2025-11-01;8;2844
11;2025-11-01;9;1922
11;2025-11-01;10;1595
11;2025-11-01;11;1508
11;2025-11-01;12;1639
11;2025-11-01;13;1610
11;2025-11-01;14;1791
11;2025-11-01;15;1778
11;2025-11-01;16;1974
11;2025-11-01;17;2500
11;2025-11-01;18;2089
11;2025-11-01;19;1565
11;2025-11-01;20;1137
11;2025-11-01;21;710
11;2025-11-01;22;320
11;2025-11-01;23;289
11;2025-11-02;0;116
11;2025-11-02;1;16
11;2025-11-02;2;0
11;2025-11-02;3;0
11;2025-11-02;4;0
11;2025-11-02;5;110
11;2025-11-02;6;509
11;2025-11-02;7;504
11;2025-11-02;8;707
11;2025-11-02;9;962
11;2025-11-02;10;1064
11;2025-11-02;11;1562
11;2025-11-02;12;1638
11;2025-11-02;13;1583
11;2025-11-02;14;1693
11;2025-11-02;15;1662
11;2025-11-02;16;1566
11;2025-11-02;17;1742
11;2025-11-02;18;1281
11;2025-11-02;19;1022
11;2025-11-02;20;788
11;2025-11-02;21;604
11;2025-11-02;22;353
11;2025-11-02;23;246
11;2025-11-03;0;112
11;2025-11-03;1;15
11;2025-11-03;2;0
11;2025-11-03;3;0
11;2025-11-03;4;0
11;2025-11-03;5;106
11;2025-11-03;6;492
11;2025-11-03;7;487
11;2025-11-03;8;683
11;2025-11-03;9;930
11;2025-11-03;10;1029
11;2025-11-03;11;1510
11;2025-11-03;12;1584
11;2025-11-03;13;1530
11;2025-11-03;14;1637
11;2025-11-03;15;1606
11;2025-11-03;16;1515
11;2025-11-03;17;1684
11;2025-11-03;18;1239
11;2025-11-03;19;988
11;2025-11-03;20;763
11;2025-11-03;21;583
11;2025-11-03;22;342
11;2025-11-03;23;238
11;2025-11-04;0;112
11;2025-11-04;1;15
11;2025-11-04;2;0
11;2025-11-04;3;0
11;2025-11-04;4;0
11;2025-11-04;5;106
11;2025-11-04;6;492
11;2025-11-04;7;487
11;2025-11-04;8;683
11;2025-11-04;9;930
11;2025-11-04;10;1029
11;2025-11-04;11;1510
11;2025-11-04;12;1584
11;2025-11-04;13;1530
11;2025-11-04;14;1637
11;2025-11-04;15;1606
11;2025-11-04;16;1515
11;2025-11-04;17;1684
11;2025-11-04;18;1239
11;2025-11-04;19;988
11;2025-11-04;20;763
11;2025-11-04;21;583
11;2025-11-04;22;342
11;2025-11-04;23;238
11;2025-11-05;0;57
11;2025-11-05;1;0
11;2025-11-05;2;0
11;2025-11-05;3;0
11;2025-11-05;4;0
11;2025-11-05;5;246
11;2025-11-05;6;1304
11;2025-11-05;7;2512
11;2025-11-05;8;3247
11;2025-11-05;9;2486
11;2025-11-05;10;2059
11;2025-11-05;11;1937
11;2025-11-05;12;1994
11;2025-11-05;13;2119
11;2025-11-05;14;2073
11;2025-11-05;15;1947
11;2025-11-05;16;2198
11;2025-11-05;17;2799
11;2025-11-05;18;3096
11;2025-11-05;19;2280
11;2025-11-05;20;1454
11;2025-11-05;21;802
11;2025-11-05;22;388
11;2025-11-05;23;240
11;2025-11-06;0;57
11;2025-11-06;1;0
11;2025-11-06;2;0
11;2025-11-06;3;0
11;2025-11-06;4;0
11;2025-11-06;5;246
11;2025-11-06;6;1304
11;2025-11-06;7;2512
11;2025-11-06;8;3247
11;2025-11-06;9;2486
11;2025-11-06;10;2059
11;2025-11-06;11;1937
11;2025-11-06;12;1994
11;2025-11-06;13;2119
11;2025-11-06;14;2073
11;2025-11-06;15;1947
11;2025-11-06;16;2198
11;2025-11-06;17;2799
11;2025-11-06;18;3096
11;2025-11-06;19;2280
11;2025-11-06;20;1454
11;2025-11-06;21;802
11;2025-11-06;22;388
11;2025-11-06;23;240
11;2025-11-07;0;70
11;2025-11-07;1;3
11;2025-11-07;2;0
11;2025-11-07;3;0
11;2025-11-07;4;0
11;2025-11-07;5;260
11;2025-11-07;6;1322
11;2025-11-07;7;2466
11;2025-11-07;8;3346
11;2025-11-07;9;2261
11;2025-11-07;10;1877
11;2025-11-07;11;1774
11;2025-11-07;12;1928
11;2025-11-07;13;1894
11;2025-11-07;14;2107
11;2025-11-07;15;2092
11;2025-11-07;16;2322
11;2025-11-07;17;2942
11;2025-11-07;18;2457
11;2025-11-07;19;1841
11;2025-11-07;20;1338
11;2025-11-07;21;834
11;2025-11-07;22;377
11;2025-11-07;23;340
11;2025-11-08;0;109
11;2025-11-08;1;1
11;2025-11-08;2;0
11;2025-11-08;3;0
11;2025-11-08;4;0
11;2025-11-08;5;171
11;2025-11-08;6;855
11;2025-11-08;7;776
11;2025-11-08;8;1066
11;2025-11-08;9;1193
11;2025-11-08;10;1425
11;2025-11-08;11;1755
11;2025-11-08;12;2002
11;2025-11-08;13;1863
11;2025-11-08;14;2110
11;2025-11-08;15;1953
11;2025-11-08;16;1831
11;2025-11-08;17;1939
11;2025-11-08;18;1539
11;2025-11-08;19;1498
11;2025-11-08;20;1002
11;2025-11-08;21;726
11;2025-11-08;22;424
11;2025-11-08;23;284
11;2025-11-09;0;116
11;2025-11-09;1;16
11;2025-11-09;2;0
11;2025-11-09;3;0
11;2025-11-09;4;0
11;2025-11-09;5;110
11;2025-11-09;6;509
11;2025-11-09;7;504
11;2025-11-09;8;707
11;2025-11-09;9;962
11;2025-11-09;10;1064
11;2025-11-09;11;1562
11;2025-11-09;12;1638
11;2025-11-09;13;1583
11;2025-11-09;14;1693
11;2025-11-09;15;1662
11;2025-11-09;16;1566
11;2025-11-09;17;1742
11;2025-11-09;18;1281
11;2025-11-09;19;1022
11;2025-11-09;20;788
11;2025-11-09;21;604
11;2025-11-09;22;353
11;2025-11-09;23;246
11;2025-11-10;0;73
11;2025-11-10;1;13
11;2025-11-10;2;0
11;2025-11-10;3;0
11;2025-11-10;4;1
11;2025-11-10;5;238
11;2025-11-10;6;1352
11;2025-11-10;7;2394
11;2025-11-10;8;3205
11;2025-11-10;9;2376
11;2025-11-10;10;1908
11;2025-11-10;11;1895
11;2025-11-10;12;1822
11;2025-11-10;13;1880
11;2025-11-10;14;2013
11;2025-11-10;15;2093
11;2025-11-10;16;2229
11;2025-11-10;17;2795
11;2025-11-10;18;2958
11;2025-11-10;19;2170
11;2025-11-10;20;1176
11;2025-11-10;21;771
11;2025-11-10;22;324
11;2025-11-10;23;204
11;2025-11-11;0;57
11;2025-11-11;1;0
11;2025-11-11;2;0
11;2025-11-11;3;0
11;2025-11-11;4;0
11;2025-11-11;5;246
11;2025-11-11;6;1304
11;2025-11-11;7;2512
11;2025-11-11;8;3247
11;2025-11-11;9;2486
11;2025-11-11;10;2059
11;2025-11-11;11;1937
11;2025-11-11;12;1994
11;2025-11-11;13;2119
11;2025-11-11;14;2073
11;2025-11-11;15;1947
11;2025-11-11;16;2198
11;2025-11-11;17;2799
11;2025-11-11;18;3096
11;2025-11-11;19;2280
11;2025-11-11;20;1454
11;2025-11-11;21;802
11;2025-11-11;22;388
11;2025-11-11;23;240
11;2025-11-12;0;57
11;2025-11-12;1;0
11;2025-11-12;2;0
11;2025-11-12;3;0
11;2025-11-12;4;0
11;2025-11-12;5;246
11;2025-11-12;6;1304
11;2025-11-12;7;2512
11;2025-11-12;8;3247
11;2025-11-12;9;2486
11;2025-11-12;10;2059
11;2025-11-12;11;1937
11;2025-11-12;12;1994
11;2025-11-12;13;2119
11;2025-11-12;14;2073
11;2025-11-12;15;1947
11;2025-11-12;16;2198
11;2025-11-12;17;2799
11;2025-11-12;18;3096
11;2025-11-12;19;2280
11;2025-11-12;20;1454
11;2025-11-12;21;802
11;2025-11-12;22;388
11;2025-11-12;23;240
11;2025-11-13;0;57
11;2025-11-13;1;0
11;2025-11-13;2;0
11;2025-11-13;3;0
11;2025-11-13;4;0
11;2025-11-13;5;246
11;2025-11-13;6;1304
11;2025-11-13;7;2512
11;2025-11-13;8;3247
11;2025-11-13;9;2486
11;2025-11-13;10;2059
11;2025-11-13;11;1937
11;2025-11-13;12;1994
11;2025-11-13;13;2119
11;2025-11-13;14;2073
11;2025-11-13;15;1947
11;2025-11-13;16;2198
11;2025-11-13;17;2799
11;2025-11-13;18;3096
11;2025-11-13;19;2280
11;2025-11-13;20;1454
11;2025-11-13;21;802
11;2025-11-13;22;388
11;2025-11-13;23;240
11;2025-11-14;0;70
11;2025-11-14;1;3
11;2025-11-14;2;0
11;2025-11-14;3;0
11;2025-11-14;4;0
11;2025-11-14;5;260
11;2025-11-14;6;1322
11;2025-11-14;7;2466
11;2025-11-14;8;3346
11;2025-11-14;9;2261
11;2025-11-14;10;1877
11;2025-11-14;11;1774
11;2025-11-14;12;1928
11;2025-11-14;13;1894
11;2025-11-14;14;2107
11;2025-11-14;15;2092
11;2025-11-14;16;2322
11;2025-11-14;17;2942
11;2025-11-14;18;2457
11;2025-11-14;19;1841
11;2025-11-14;20;1338
11;2025-11-14;21;834
11;2025-11-14;22;377
11;2025-11-14;23;340
11;2025-11-15;0;104
11;2025-11-15;1;1
11;2025-11-15;2;0
11;2025-11-15;3;0
11;2025-11-15;4;0
11;2025-11-15;5;162
11;2025-11-15;6;811
11;2025-11-15;7;736
11;2025-11-15;8;1011
11;2025-11-15;9;1132
11;2025-11-15;10;1352
11;2025-11-15;11;1665
11;2025-11-15;12;1898
11;2025-11-15;13;1766
11;2025-11-15;14;2001
11;2025-11-15;15;1852
11;2025-11-15;16;1737
11;2025-11-15;17;1839
11;2025-11-15;18;1460
11;2025-11-15;19;1421
11;2025-11-15;20;950
11;2025-11-15;21;688
11;2025-11-15;22;402
11;2025-11-15;23;269
11;2025-11-16;0;116
11;2025-11-16;1;16
11;2025-11-16;2;0
11;2025-11-16;3;0
11;2025-11-16;4;0
11;2025-11-16;5;110
11;2025-11-16;6;509
11;2025-11-16;7;504
11;2025-11-16;8;707
11;2025-11-16;9;962
11;2025-11-16;10;1064
11;2025-11-16;11;1562
11;2025-11-16;12;1638
11;2025-11-16;13;1583
11;2025-11-16;14;1693
11;2025-11-16;15;1662
11;2025-11-16;16;1566
11;2025-11-16;17;1742
11;2025-11-16;18;1281
11;2025-11-16;19;1022
11;2025-11-16;20;788
11;2025-11-16;21;604
11;2025-11-16;22;353
11;2025-11-16;23;246
11;2025-11-17;0;73
11;2025-11-17;1;13
11;2025-11-17;2;0
11;2025-11-17;3;0
11;2025-11-17;4;1
11;2025-11-17;5;238
11;2025-11-17;6;1352
11;2025-11-17;7;2394
11;2025-11-17;8;3205
11;2025-11-17;9;2376
11;2025-11-17;10;1908
11;2025-11-17;11;1895
11;2025-11-17;12;1822
11;2025-11-17;13;1880
11;2025-11-17;14;2013
11;2025-11-17;15;2093
11;2025-11-17;16;2229
11;2025-11-17;17;2795
11;2025-11-17;18;2958
11;2025-11-17;19;2170
11;2025-11-17;20;1176
11;2025-11-17;21;771
11;2025-11-17;22;324
11;2025-11-17;23;204
11;2025-11-18;0;57
11;2025-11-18;1;0
11;2025-11-18;2;0
11;2025-11-18;3;0
11;2025-11-18;4;0
11;2025-11-18;5;246
11;2025-11-18;6;1304
11;2025-11-18;7;2512
11;2025-11-18;8;3247
11;2025-11-18;9;2486
11;2025-11-18;10;2059
11;2025-11-18;11;1937
11;2025-11-18;12;1994
11;2025-11-18;13;2119
11;2025-11-18;14;2073
11;2025-11-18;15;1947
11;2025-11-18;16;2198
11;2025-11-18;17;2799
11;2025-11-18;18;3096
11;2025-11-18;19;2280
11;2025-11-18;20;1454
11;2025-11-18;21;802
11;2025-11-18;22;388
11;2025-11-18;23;240
11;2025-11-19;0;57
11;2025-11-19;1;0
11;2025-11-19;2;0
11;2025-11-19;3;0
11;2025-11-19;4;0
11;2025-11-19;5;246
11;2025-11-19;6;1304
11;2025-11-19;7;2512
11;2025-11-19;8;3247
11;2025-11-19;9;2486
11;2025-11-19;10;2059
11;2025-11-19;11;1937
11;2025-11-19;12;1994
11;2025-11-19;13;2119
11;2025-11-19;14;2073
11;2025-11-19;15;1947
11;2025-11-19;16;2198
11;2025-11-19;17;2799
11;2025-11-19;18;3096
11;2025-11-19;19;2280
11;2025-11-19;20;1454
11;2025-11-19;21;802
11;2025-11-19;22;388
11;2025-11-19;23;240
11;2025-11-20;0;57
11;2025-11-20;1;0
11;2025-11-20;2;0
11;2025-11-20;3;0
11;2025-11-20;4;0
11;2025-11-20;5;246
11;2025-11-20;6;1304
11;2025-11-20;7;2512
11;2025-11-20;8;3247
11;2025-11-20;9;2486
11;2025-11-20;10;2059
11;2025-11-20;11;1937
11;2025-11-20;12;1994
11;2025-11-20;13;2119
11;2025-11-20;14;2073
11;2025-11-20;15;1947
11;2025-11-20;16;2198
11;2025-11-20;17;2799
11;2025-11-20;18;3096
11;2025-11-20;19;2280
11;2025-11-20;20;1454
11;2025-11-20;21;802
11;2025-11-20;22;388
11;2025-11-20;23;240
11;2025-11-21;0;70
11;2025-11-21;1;3
11;2025-11-21;2;0
11;2025-11-21;3;0
11;2025-11-21;4;0
11;2025-11-21;5;260
11;2025-11-21;6;1322
11;2025-11-21;7;2466
11;2025-11-21;8;3346
11;2025-11-21;9;2261
11;2025-11-21;10;1877
11;2025-11-21;11;1774
11;2025-11-21;12;1928
11;2025-11-21;13;1894
11;2025-11-21;14;2107
11;2025-11-21;15;2092
11;2025-11-21;16;2322
11;2025-11-21;17;2942
11;2025-11-21;18;2457
11;2025-11-21;19;1841
11;2025-11-21;20;1338
11;2025-11-21;21;834
11;2025-11-21;22;377
11;2025-11-21;23;340
11;2025-11-22;0;109
11;2025-11-22;1;1
11;2025-11-22;2;0
11;2025-11-22;3;0
11;2025-11-22;4;0
11;2025-11-22;5;171
11;2025-11-22;6;855
11;2025-11-22;7;776
11;2025-11-22;8;1066
11;2025-11-22;9;1193
11;2025-11-22;10;1425
11;2025-11-22;11;1755
11;2025-11-22;12;2002
11;2025-11-22;13;1863
11;2025-11-22;14;2110
11;2025-11-22;15;1953
11;2025-11-22;16;1831
11;2025-11-22;17;1939
11;2025-11-22;18;1539
11;2025-11-22;19;1498
11;2025-11-22;20;1002
11;2025-11-22;21;726
11;2025-11-22;22;424
11;2025-11-22;23;284
11;2025-11-23;0;116
11;2025-11-23;1;16
11;2025-11-23;2;0
11;2025-11-23;3;0
11;2025-11-23;4;0
11;2025-11-23;5;110
11;2025-11-23;6;509
11;2025-11-23;7;504
11;2025-11-23;8;707
11;2025-11-23;9;962
11;2025-11-23;10;1064
11;2025-11-23;11;1562
11;2025-11-23;12;1638
11;2025-11-23;13;1583
11;2025-11-23;14;1693
11;2025-11-23;15;1662
11;2025-11-23;16;1566
11;2025-11-23;17;1742
11;2025-11-23;18;1281
11;2025-11-23;19;1022
11;2025-11-23;20;788
11;2025-11-23;21;604
11;2025-11-23;22;353
11;2025-11-23;23;246
11;2025-11-24;0;73
11;2025-11-24;1;13
11;2025-11-24;2;0
11;2025-11-24;3;0
11;2025-11-24;4;1
11;2025-11-24;5;238
11;2025-11-24;6;1352
11;2025-11-24;7;2394
11;2025-11-24;8;3205
11;2025-11-24;9;2376
11;2025-11-24;10;1908
11;2025-11-24;11;1895
11;2025-11-24;12;1822
11;2025-11-24;13;1880
11;2025-11-24;14;2013
11;2025-11-24;15;2093
11;2025-11-24;16;2229
11;2025-11-24;17;2795
11;2025-11-24;18;2958
11;2025-11-24;19;2170
11;2025-11-24;20;1176
11;2025-11-24;21;771
11;2025-11-24;22;324
11;2025-11-24;23;204
11;2025-11-25;0;57
11;2025-11-25;1;0
11;2025-11-25;2;0
11;2025-11-25;3;0
11;2025-11-25;4;0
11;2025-11-25;5;246
11;2025-11-25;6;1304
11;2025-11-25;7;2512
11;2025-11-25;8;3247
11;2025-11-25;9;2486
11;2025-11-25;10;2059
11;2025-11-25;11;1937
11;2025-11-25;12;1994
11;2025-11-25;13;2119
11;2025-11-25;14;2073
11;2025-11-25;15;1947
11;2025-11-25;16;2198
11;2025-11-25;17;2799
11;2025-11-25;18;3096
11;2025-11-25;19;2280
11;2025-11-25;20;1454
11;2025-11-25;21;802
11;2025-11-25;22;388
11;2025-11-25;23;240
11;2025-11-26;0;57
11;2025-11-26;1;0
11;2025-11-26;2;0
11;2025-11-26;3;0
11;2025-11-26;4;0
11;2025-11-26;5;246
11;2025-11-26;6;1304
11;2025-11-26;7;2512
11;2025-11-26;8;3247
11;2025-11-26;9;2486
11;2025-11-26;10;2059
11;2025-11-26;11;1937
11;2025-11-26;12;1994
11;2025-11-26;13;2119
11;2025-11-26;14;2073
11;2025-11-26;15;1947
11;2025-11-26;16;2198
11;2025-11-26;17;2799
11;2025-11-26;18;3096
11;2025-11-26;19;2280
11;2025-11-26;20;1454
11;2025-11-26;21;802
11;2025-11-26;22;388
11;2025-11-26;23;240
11;2025-11-27;0;57
11;2025-11-27;1;0
11;2025-11-27;2;0
11;2025-11-27;3;0
11;2025-11-27;4;0
11;2025-11-27;5;246
11;2025-11-27;6;1304
11;2025-11-27;7;2512
11;2025-11-27;8;3247
11;2025-11-27;9;2486
11;2025-11-27;10;2059
11;2025-11-27;11;1937
11;2025-11-27;12;1994
11;2025-11-27;13;2119
11;2025-11-27;14;2073
11;2025-11-27;15;1947
11;2025-11-27;16;2198
11;2025-11-27;17;2799
11;2025-11-27;18;3096
11;2025-11-27;19;2280
11;2025-11-27;20;1454
11;2025-11-27;21;802
11;2025-11-27;22;388
11;2025-11-27;23;240
11;2025-11-28;0;70
11;2025-11-28;1;3
11;2025-11-28;2;0
11;2025-11-28;3;0
11;2025-11-28;4;0
11;2025-11-28;5;260
11;2025-11-28;6;1322
11;2025-11-28;7;2466
11;2025-11-28;8;3346
11;2025-11-28;9;2261
11;2025-11-28;10;1877
11;2025-11-28;11;1774
11;2025-11-28;12;1928
11;2025-11-28;13;1894
11;2025-11-28;14;2107
11;2025-11-28;15;2092
11;2025-11-28;16;2322
11;2025-11-28;17;2942
11;2025-11-28;18;2457
11;2025-11-28;19;1841
11;2025-11-28;20;1338
11;2025-11-28;21;834
11;2025-11-28;22;377
11;2025-11-28;23;340
11;2025-11-29;0;109
11;2025-11-29;1;1
11;2025-11-29;2;0
11;2025-11-29;3;0
11;2025-11-29;4;0
11;2025-11-29;5;171
11;2025-11-29;6;855
11;2025-11-29;7;776
11;2025-11-29;8;1066
11;2025-11-29;9;1193
11;2025-11-29;10;1425
11;2025-11-29;11;1755
11;2025-11-29;12;2002
11;2025-11-29;13;1863
11;2025-11-29;14;2110
11;2025-11-29;15;1953
11;2025-11-29;16;1831
11;2025-11-29;17;1939
11;2025-11-29;18;1539
11;2025-11-29;19;1498
11;2025-11-29;20;1002
11;2025-11-29;21;726
11;2025-11-29;22;424
11;2025-11-29;23;284
11;2025-11-30;0;116
11;2025-11-30;1;16
11;2025-11-30;2;0
11;2025-11-30;3;0
11;2025-11-30;4;0
11;2025-11-30;5;110
11;2025-11-30;6;509
11;2025-11-30;7;504
11;2025-11-30;8;707
11;2025-11-30;9;962
11;2025-11-30;10;1064
11;2025-11-30;11;1562
11;2025-11-30;12;1638
11;2025-11-30;13;1583
11;2025-11-30;14;1693
11;2025-11-30;15;1662
11;2025-11-30;16;1566
11;2025-11-30;17;1742
11;2025-11-30;18;1281
11;2025-11-30;19;1022
11;2025-11-30;20;788
11;2025-11-30;21;604
11;2025-11-30;22;353
11;2025-11-30;23;246
11;2025-12-01;0;73
11;2025-12-01;1;13
11;2025-12-01;2;0
11;2025-12-01;3;0
11;2025-12-01;4;1
11;2025-12-01;5;238
11;2025-12-01;6;1352
11;2025-12-01;7;2394
11;2025-12-01;8;3205
11;2025-12-01;9;2376
11;2025-12-01;10;1908
11;2025-12-01;11;1895
11;2025-12-01;12;1822
11;2025-12-01;13;1880
11;2025-12-01;14;2013
11;2025-12-01;15;2093
11;2025-12-01;16;2229
11;2025-12-01;17;2795
11;2025-12-01;18;2958
11;2025-12-01;19;2170
11;2025-12-01;20;1176
11;2025-12-01;21;771
11;2025-12-01;22;324
11;2025-12-01;23;204
11;2025-12-02;0;57
11;2025-12-02;1;0
11;2025-12-02;2;0
11;2025-12-02;3;0
11;2025-12-02;4;0
11;2025-12-02;5;246
11;2025-12-02;6;1304
11;2025-12-02;7;2512
11;2025-12-02;8;3247
11;2025-12-02;9;2486
11;2025-12-02;10;2059
11;2025-12-02;11;1937
11;2025-12-02;12;1994
11;2025-12-02;13;2119
11;2025-12-02;14;2073
11;2025-12-02;15;1947
11;2025-12-02;16;2198
11;2025-12-02;17;2799
11;2025-12-02;18;3096
11;2025-12-02;19;2280
11;2025-12-02;20;1454
11;2025-12-02;21;802
11;2025-12-02;22;388
11;2025-12-02;23;240
11;2025-12-03;0;57
11;2025-12-03;1;0
11;2025-12-03;2;0
11;2025-12-03;3;0
11;2025-12-03;4;0
11;2025-12-03;5;246
11;2025-12-03;6;1304
11;2025-12-03;7;2512
11;2025-12-03;8;3247
11;2025-12-03;9;2486
11;2025-12-03;10;2059
11;2025-12-03;11;1937
11;2025-12-03;12;1994
11;2025-12-03;13;2119
11;2025-12-03;14;2073
11;2025-12-03;15;1947
11;2025-12-03;16;2198
11;2025-12-03;17;2799
11;2025-12-03;18;3096
11;2025-12-03;19;2280
11;2025-12-03;20;1454
11;2025-12-03;21;802
11;2025-12-03;22;388
11;2025-12-03;23;240
11;2025-12-04;0;57
11;2025-12-04;1;0
11;2025-12-04;2;0
11;2025-12-04;3;0
11;2025-12-04;4;0
11;2025-12-04;5;246
11;2025-12-04;6;1304
11;2025-12-04;7;2512
11;2025-12-04;8;3247
11;2025-12-04;9;2486
11;2025-12-04;10;2059
11;2025-12-04;11;1937
11;2025-12-04;12;1994
11;2025-12-04;13;2119
11;2025-12-04;14;2073
11;2025-12-04;15;1947
11;2025-12-04;16;2198
11;2025-12-04;17;2799
11;2025-12-04;18;3096
11;2025-12-04;19;2280
11;2025-12-04;20;1454
11;2025-12-04;21;802
11;2025-12-04;22;388
11;2025-12-04;23;240
11;2025-12-05;0;70
11;2025-12-05;1;3
11;2025-12-05;2;0
11;2025-12-05;3;0
11;2025-12-05;4;0
11;2025-12-05;5;260
11;2025-12-05;6;1322
11;2025-12-05;7;2466
11;2025-12-05;8;3346
11;2025-12-05;9;2261
11;2025-12-05;10;1877
11;2025-12-05;11;1774
11;2025-12-05;12;1928
11;2025-12-05;13;1894
11;2025-12-05;14;2107
11;2025-12-05;15;2092
11;2025-12-05;16;2322
11;2025-12-05;17;2942
11;2025-12-05;18;2457
11;2025-12-05;19;1841
11;2025-12-05;20;1338
11;2025-12-05;21;834
11;2025-12-05;22;377
11;2025-12-05;23;340
11;2025-12-06;0;109
11;2025-12-06;1;1
11;2025-12-06;2;0
11;2025-12-06;3;0
11;2025-12-06;4;0
11;2025-12-06;5;171
11;2025-12-06;6;855
11;2025-12-06;7;776
11;2025-12-06;8;1066
11;2025-12-06;9;1193
11;2025-12-06;10;1425
11;2025-12-06;11;1755
11;2025-12-06;12;2002
11;2025-12-06;13;1863
11;2025-12-06;14;2110
11;2025-12-06;15;1953
11;2025-12-06;16;1831
11;2025-12-06;17;1939
11;2025-12-06;18;1539
11;2025-12-06;19;1498
11;2025-12-06;20;1002
11;2025-12-06;21;726
11;2025-12-06;22;424
11;2025-12-06;23;284
11;2025-12-07;0;116
11;2025-12-07;1;16
11;2025-12-07;2;0
11;2025-12-07;3;0
11;2025-12-07;4;0
11;2025-12-07;5;110
11;2025-12-07;6;509
11;2025-12-07;7;504
11;2025-12-07;8;707
11;2025-12-07;9;962
11;2025-12-07;10;1064
11;2025-12-07;11;1562
11;2025-12-07;12;1638
11;2025-12-07;13;1583
11;2025-12-07;14;1693
11;2025-12-07;15;1662
11;2025-12-07;16;1566
11;2025-12-07;17;1742
11;2025-12-07;18;1281
11;2025-12-07;19;1022
11;2025-12-07;20;788
11;2025-12-07;21;604
11;2025-12-07;22;353
11;2025-12-07;23;246
11;2025-12-08;0;73
11;2025-12-08;1;13
11;2025-12-08;2;0
11;2025-12-08;3;0
11;2025-12-08;4;1
11;2025-12-08;5;238
11;2025-12-08;6;1352
11;2025-12-08;7;2394
11;2025-12-08;8;3205
11;2025-12-08;9;2376
11;2025-12-08;10;1908
11;2025-12-08;11;1895
11;2025-12-08;12;1822
11;2025-12-08;13;1880
11;2025-12-08;14;2013
11;2025-12-08;15;2093
11;2025-12-08;16;2229
11;2025-12-08;17;2795
11;2025-12-08;18;2958
11;2025-12-08;19;2170
11;2025-12-08;20;1176
11;2025-12-08;21;771
11;2025-12-08;22;324
11;2025-12-08;23;204
11;2025-12-09;0;57
11;2025-12-09;1;0
11;2025-12-09;2;0
11;2025-12-09;3;0
11;2025-12-09;4;0
11;2025-12-09;5;246
11;2025-12-09;6;1304
11;2025-12-09;7;2512
11;2025-12-09;8;3247
11;2025-12-09;9;2486
11;2025-12-09;10;2059
11;2025-12-09;11;1937
11;2025-12-09;12;1994
11;2025-12-09;13;2119
11;2025-12-09;14;2073
11;2025-12-09;15;1947
11;2025-12-09;16;2198
11;2025-12-09;17;2799
11;2025-12-09;18;3096
11;2025-12-09;19;2280
11;2025-12-09;20;1454
11;2025-12-09;21;802
11;2025-12-09;22;388
11;2025-12-09;23;240
11;2025-12-10;0;57
11;2025-12-10;1;0
11;2025-12-10;2;0
11;2025-12-10;3;0
11;2025-12-10;4;0
11;2025-12-10;5;246
11;2025-12-10;6;1304
11;2025-12-10;7;2512
11;2025-12-10;8;3247
11;2025-12-10;9;2486
11;2025-12-10;10;2059
11;2025-12-10;11;1937
11;2025-12-10;12;1994
11;2025-12-10;13;2119
11;2025-12-10;14;2073
11;2025-12-10;15;1947
11;2025-12-10;16;2198
11;2025-12-10;17;2799
11;2025-12-10;18;3096
11;2025-12-10;19;2280
11;2025-12-10;20;1454
11;2025-12-10;21;802
11;2025-12-10;22;388
11;2025-12-10;23;240
11;2025-12-11;0;57
11;2025-12-11;1;0
11;2025-12-11;2;0
11;2025-12-11;3;0
11;2025-12-11;4;0
11;2025-12-11;5;246
11;2025-12-11;6;1304
11;2025-12-11;7;2512
11;2025-12-11;8;3247
11;2025-12-11;9;2486
11;2025-12-11;10;2059
11;2025-12-11;11;1937
11;2025-12-11;12;1994
11;2025-12-11;13;2119
11;2025-12-11;14;2073
11;2025-12-11;15;1947
11;2025-12-11;16;2198
11;2025-12-11;17;2799
11;2025-12-11;18;3096
11;2025-12-11;19;2280
11;2025-12-11;20;1454
11;2025-12-11;21;802
11;2025-12-11;22;388
11;2025-12-11;23;240
11;2025-12-12;0;70
11;2025-12-12;1;3
11;2025-12-12;2;0
11;2025-12-12;3;0
11;2025-12-12;4;0
11;2025-12-12;5;260
11;2025-12-12;6;1322
11;2025-12-12;7;2466
11;2025-12-12;8;3346
11;2025-12-12;9;2261
11;2025-12-12;10;1877
11;2025-12-12;11;1774
11;2025-12-12;12;1928
11;2025-12-12;13;1894
11;2025-12-12;14;2107
11;2025-12-12;15;2092
11;2025-12-12;16;2322
11;2025-12-12;17;2942
11;2025-12-12;18;2457
11;2025-12-12;19;1841
11;2025-12-12;20;1338
11;2025-12-12;21;834
11;2025-12-12;22;377
11;2025-12-12;23;340
11;2025-12-13;0;109
11;2025-12-13;1;1
11;2025-12-13;2;0
11;2025-12-13;3;0
11;2025-12-13;4;0
11;2025-12-13;5;171
11;2025-12-13;6;855
11;2025-12-13;7;776
11;2025-12-13;8;1066
11;2025-12-13;9;1193
11;2025-12-13;10;1425
11;2025-12-13;11;1755
11;2025-12-13;12;2002
11;2025-12-13;13;1863
11;2025-12-13;14;2110
11;2025-12-13;15;1953
11;2025-12-13;16;1831
11;2025-12-13;17;1939
11;2025-12-13;18;1539
11;2025-12-13;19;1498
11;2025-12-13;20;1002
11;2025-12-13;21;726
11;2025-12-13;22;424
11;2025-12-13;23;284
11;2025-12-14;0;116
11;2025-12-14;1;16
11;2025-12-14;2;0
11;2025-12-14;3;0
11;2025-12-14;4;0
11;2025-12-14;5;110
11;2025-12-14;6;509
11;2025-12-14;7;504
11;2025-12-14;8;707
11;2025-12-14;9;962
11;2025-12-14;10;1064
11;2025-12-14;11;1562
11;2025-12-14;12;1638
11;2025-12-14;13;1583
11;2025-12-14;14;1693
11;2025-12-14;15;1662
11;2025-12-14;16;1566
11;2025-12-14;17;1742
11;2025-12-14;18;1281
11;2025-12-14;19;1022
11;2025-12-14;20;788
11;2025-12-14;21;604
11;2025-12-14;22;353
11;2025-12-14;23;246
11;2025-12-15;0;73
11;2025-12-15;1;13
11;2025-12-15;2;0
11;2025-12-15;3;0
11;2025-12-15;4;1
11;2025-12-15;5;238
11;2025-12-15;6;1352
11;2025-12-15;7;2394
11;2025-12-15;8;3205
11;2025-12-15;9;2376
11;2025-12-15;10;1908
11;2025-12-15;11;1895
11;2025-12-15;12;1822
11;2025-12-15;13;1880
11;2025-12-15;14;2013
11;2025-12-15;15;2093
11;2025-12-15;16;2229
11;2025-12-15;17;2795
11;2025-12-15;18;2958
11;2025-12-15;19;2170
11;2025-12-15;20;1176
11;2025-12-15;21;771
11;2025-12-15;22;324
11;2025-12-15;23;204
11;2025-12-16;0;57
11;2025-12-16;1;0
11;2025-12-16;2;0
11;2025-12-16;3;0
11;2025-12-16;4;0
11;2025-12-16;5;246
11;2025-12-16;6;1304
11;2025-12-16;7;2512
11;2025-12-16;8;3247
11;2025-12-16;9;2486
11;2025-12-16;10;2059
11;2025-12-16;11;1937
11;2025-12-16;12;1994
11;2025-12-16;13;2119
11;2025-12-16;14;2073
11;2025-12-16;15;1947
11;2025-12-16;16;2198
11;2025-12-16;17;2799
11;2025-12-16;18;3096
11;2025-12-16;19;2280
11;2025-12-16;20;1454
11;2025-12-16;21;802
11;2025-12-16;22;388
11;2025-12-16;23;240
11;2025-12-17;0;57
11;2025-12-17;1;0
11;2025-12-17;2;0
11;2025-12-17;3;0
11;2025-12-17;4;0
11;2025-12-17;5;246
11;2025-12-17;6;1304
11;2025-12-17;7;2512
11;2025-12-17;8;3247
11;2025-12-17;9;2486
11;2025-12-17;10;2059
11;2025-12-17;11;1937
11;2025-12-17;12;1994
11;2025-12-17;13;2119
11;2025-12-17;14;2073
11;2025-12-17;15;1947
11;2025-12-17;16;2198
11;2025-12-17;17;2799
11;2025-12-17;18;3096
11;2025-12-17;19;2280
11;2025-12-17;20;1454
11;2025-12-17;21;802
11;2025-12-17;22;388
11;2025-12-17;23;240
11;2025-12-18;0;57
11;2025-12-18;1;0
11;2025-12-18;2;0
11;2025-12-18;3;0
11;2025-12-18;4;0
11;2025-12-18;5;246
11;2025-12-18;6;1304
11;2025-12-18;7;2512
11;2025-12-18;8;3247
11;2025-12-18;9;2486
11;2025-12-18;10;2059
11;2025-12-18;11;1937
11;2025-12-18;12;1994
11;2025-12-18;13;2119
11;2025-12-18;14;2073
11;2025-12-18;15;1947
11;2025-12-18;16;2198
11;2025-12-18;17;2799
11;2025-12-18;18;3096
11;2025-12-18;19;2280
11;2025-12-18;20;1454
11;2025-12-18;21;802
11;2025-12-18;22;388
11;2025-12-18;23;240
11;2025-12-19;0;70
11;2025-12-19;1;3
11;2025-12-19;2;0
11;2025-12-19;3;0
11;2025-12-19;4;0
11;2025-12-19;5;260
11;2025-12-19;6;1322
11;2025-12-19;7;2466
11;2025-12-19;8;3346
11;2025-12-19;9;2261
11;2025-12-19;10;1877
11;2025-12-19;11;1774
11;2025-12-19;12;1928
11;2025-12-19;13;1894
11;2025-12-19;14;2107
11;2025-12-19;15;2092
11;2025-12-19;16;2322
11;2025-12-19;17;2942
11;2025-12-19;18;2457
11;2025-12-19;19;1841
11;2025-12-19;20;1338
11;2025-12-19;21;834
11;2025-12-19;22;377
11;2025-12-19;23;340
11;2025-12-20;0;109
11;2025-12-20;1;1
11;2025-12-20;2;0
11;2025-12-20;3;0
11;2025-12-20;4;0
11;2025-12-20;5;171
11;2025-12-20;6;855
11;2025-12-20;7;776
11;2025-12-20;8;1066
11;2025-12-20;9;1193
11;2025-12-20;10;1425
11;2025-12-20;11;1755
11;2025-12-20;12;2002
11;2025-12-20;13;1863
11;2025-12-20;14;2110
11;2025-12-20;15;1953
11;2025-12-20;16;1831
11;2025-12-20;17;1939
11;2025-12-20;18;1539
11;2025-12-20;19;1498
11;2025-12-20;20;1002
11;2025-12-20;21;726
11;2025-12-20;22;424
11;2025-12-20;23;284
11;2025-12-21;0;116
11;2025-12-21;1;16
11;2025-12-21;2;0
11;2025-12-21;3;0
11;2025-12-21;4;0
11;2025-12-21;5;110
11;2025-12-21;6;509
11;2025-12-21;7;504
11;2025-12-21;8;707
11;2025-12-21;9;962
11;2025-12-21;10;1064
11;2025-12-21;11;1562
11;2025-12-21;12;1638
11;2025-12-21;13;1583
11;2025-12-21;14;1693
11;2025-12-21;15;1662
11;2025-12-21;16;1566
11;2025-12-21;17;1742
11;2025-12-21;18;1281
11;2025-12-21;19;1022
11;2025-12-21;20;788
11;2025-12-21;21;604
11;2025-12-21;22;353
11;2025-12-21;23;246
11;2025-12-22;0;73
11;2025-12-22;1;13
11;2025-12-22;2;0
11;2025-12-22;3;0
11;2025-12-22;4;1
11;2025-12-22;5;238
11;2025-12-22;6;1352
11;2025-12-22;7;2394
11;2025-12-22;8;3205
11;2025-12-22;9;2376
11;2025-12-22;10;1908
11;2025-12-22;11;1895
11;2025-12-22;12;1822
11;2025-12-22;13;1880
11;2025-12-22;14;2013
11;2025-12-22;15;2093
11;2025-12-22;16;2229
11;2025-12-22;17;2795
11;2025-12-22;18;2958
11;2025-12-22;19;2170
11;2025-12-22;20;1176
11;2025-12-22;21;771
11;2025-12-22;22;324
11;2025-12-22;23;204
11;2025-12-23;0;57
11;2025-12-23;1;0
11;2025-12-23;2;0
11;2025-12-23;3;0
11;2025-12-23;4;0
11;2025-12-23;5;246
11;2025-12-23;6;1304
11;2025-12-23;7;2512
11;2025-12-23;8;3247
11;2025-12-23;9;2486
11;2025-12-23;10;2059
11;2025-12-23;11;1937
11;2025-12-23;12;1994
11;2025-12-23;13;2119
11;2025-12-23;14;2073
11;2025-12-23;15;1947
11;2025-12-23;16;2198
11;2025-12-23;17;2799
11;2025-12-23;18;3096
11;2025-12-23;19;2280
11;2025-12-23;20;1454
11;2025-12-23;21;802
11;2025-12-23;22;388
11;2025-12-23;23;240
11;2025-12-24;0;57
11;2025-12-24;1;0
11;2025-12-24;2;0
11;2025-12-24;3;0
11;2025-12-24;4;0
11;2025-12-24;5;246
11;2025-12-24;6;1304
11;2025-12-24;7;2512
11;2025-12-24;8;3247
11;2025-12-24;9;2486
11;2025-12-24;10;2059
11;2025-12-24;11;1937
11;2025-12-24;12;1994
11;2025-12-24;13;2119
11;2025-12-24;14;2073
11;2025-12-24;15;1947
11;2025-12-24;16;2198
11;2025-12-24;17;2799
11;2025-12-24;18;3096
11;2025-12-24;19;2280
11;2025-12-24;20;1454
11;2025-12-24;21;802
11;2025-12-24;22;388
11;2025-12-24;23;240
11;2025-12-25;0;57
11;2025-12-25;1;0
11;2025-12-25;2;0
11;2025-12-25;3;0
11;2025-12-25;4;0
11;2025-12-25;5;246
11;2025-12-25;6;1304
11;2025-12-25;7;2512
11;2025-12-25;8;3247
11;2025-12-25;9;2486
11;2025-12-25;10;2059
11;2025-12-25;11;1937
11;2025-12-25;12;1994
11;2025-12-25;13;2119
11;2025-12-25;14;2073
11;2025-12-25;15;1947
11;2025-12-25;16;2198
11;2025-12-25;17;2799
11;2025-12-25;18;3096
11;2025-12-25;19;2280
11;2025-12-25;20;1454
11;2025-12-25;21;802
11;2025-12-25;22;388
11;2025-12-25;23;240
11;2025-12-26;0;70
11;2025-12-26;1;3
11;2025-12-26;2;0
11;2025-12-26;3;0
11;2025-12-26;4;0
11;2025-12-26;5;260
11;2025-12-26;6;1322
11;2025-12-26;7;2466
11;2025-12-26;8;3346
11;2025-12-26;9;2261
11;2025-12-26;10;1877
11;2025-12-26;11;1774
11;2025-12-26;12;1928
11;2025-12-26;13;1894
11;2025-12-26;14;2107
11;2025-12-26;15;2092
11;2025-12-26;16;2322
11;2025-12-26;17;2942
11;2025-12-26;18;2457
11;2025-12-26;19;1841
11;2025-12-26;20;1338
11;2025-12-26;21;834
11;2025-12-26;22;377
11;2025-12-26;23;340
11;2025-12-27;0;109
11;2025-12-27;1;1
11;2025-12-27;2;0
11;2025-12-27;3;0
11;2025-12-27;4;0
11;2025-12-27;5;171
11;2025-12-27;6;855
11;2025-12-27;7;776
11;2025-12-27;8;1066
11;2025-12-27;9;1193
11;2025-12-27;10;1425
11;2025-12-27;11;1755
11;2025-12-27;12;2002
11;2025-12-27;13;1863
11;2025-12-27;14;2110
11;2025-12-27;15;1953
11;2025-12-27;16;1831
11;2025-12-27;17;1939
11;2025-12-27;18;1539
11;2025-12-27;19;1498
11;2025-12-27;20;1002
11;2025-12-27;21;726
11;2025-12-27;22;424
11;2025-12-27;23;284
11;2025-12-28;0;116
11;2025-12-28;1;16
11;2025-12-28;2;0
11;2025-12-28;3;0
11;2025-12-28;4;0
11;2025-12-28;5;110
11;2025-12-28;6;509
11;2025-12-28;7;504
11;2025-12-28;8;707
11;2025-12-28;9;962
11;2025-12-28;10;1064
11;2025-12-28;11;1562
11;2025-12-28;12;1638
11;2025-12-28;13;1583
11;2025-12-28;14;1693
11;2025-12-28;15;1662
11;2025-12-28;16;1566
11;2025-12-28;17;1742
11;2025-12-28;18;1281
11;2025-12-28;19;1022
11;2025-12-28;20;788
11;2025-12-28;21;604
11;2025-12-28;22;353
11;2025-12-28;23;246
11;2025-12-29;0;60
11;2025-12-29;1;2
11;2025-12-29;2;0
11;2025-12-29;3;0
11;2025-12-29;4;0
11;2025-12-29;5;223
11;2025-12-29;6;1136
11;2025-12-29;7;2122
11;2025-12-29;8;2877
11;2025-12-29;9;1945
11;2025-12-29;10;1614
11;2025-12-29;11;1526
11;2025-12-29;12;1659
11;2025-12-29;13;1629
11;2025-12-29;14;1813
11;2025-12-29;15;1799
11;2025-12-29;16;1996
11;2025-12-29;17;2530
11;2025-12-29;18;2113
11;2025-12-29;19;1583
11;2025-12-29;20;1151
11;2025-12-29;21;718
11;2025-12-29;22;324
11;2025-12-29;23;292
11;2025-12-30;0;60
11;2025-12-30;1;2
11;2025-12-30;2;0
11;2025-12-30;3;0
11;2025-12-30;4;0
11;2025-12-30;5;223
11;2025-12-30;6;1136
11;2025-12-30;7;2122
11;2025-12-30;8;2877
11;2025-12-30;9;1945
11;2025-12-30;10;1614
11;2025-12-30;11;1526
11;2025-12-30;12;1659
11;2025-12-30;13;1629
11;2025-12-30;14;1813
11;2025-12-30;15;1799
11;2025-12-30;16;1996
11;2025-12-30;17;2530
11;2025-12-30;18;2113
11;2025-12-30;19;1583
11;2025-12-30;20;1151
11;2025-12-30;21;718
11;2025-12-30;22;324
11;2025-12-30;23;292
11;2025-12-31;0;93
11;2025-12-31;1;1
11;2025-12-31;2;0
11;2025-12-31;3;0
11;2025-12-31;4;0
11;2025-12-31;5;146
11;2025-12-31;6;727
11;2025-12-31;7;660
11;2025-12-31;8;906
11;2025-12-31;9;1015
11;2025-12-31;10;1212
11;2025-12-31;11;1492
11;2025-12-31;12;1701
11;2025-12-31;13;1583
11;2025-12-31;14;1794
11;2025-12-31;15;1661
11;2025-12-31;16;1557
11;2025-12-31;17;1648
11;2025-12-31;18;1309
11;2025-12-31;19;701
11;2025-12-31;20;468
11;2025-12-31;21;340
11;2025-12-31;22;198
11;2025-12-31;23;133
12;2025-11-01;0;49
12;2025-11-01;1;1
12;2025-11-01;2;0
12;2025-11-01;3;0
12;2025-11-01;4;4
12;2025-11-01;5;287
12;2025-11-01;6;1243
12;2025-11-01;7;2385
12;2025-11-01;8;2944
12;2025-11-01;9;2209
12;2025-11-01;10;1662
12;2025-11-01;11;1650
12;2025-11-01;12;1687
12;2025-11-01;13;1911
12;2025-11-01;14;1729
12;2025-11-01;15;1941
12;2025-11-01;16;2550
12;2025-11-01;17;2548
12;2025-11-01;18;2236
12;2025-11-01;19;1843
12;2025-11-01;20;1207
12;2025-11-01;21;877
12;2025-11-01;22;440
12;2025-11-01;23;292
12;2025-11-02;0;86
12;2025-11-02;1;4
12;2025-11-02;2;0
12;2025-11-02;3;0
12;2025-11-02;4;3
12;2025-11-02;5;137
12;2025-11-02;6;540
12;2025-11-02;7;733
12;2025-11-02;8;749
12;2025-11-02;9;939
12;2025-11-02;10;1186
12;2025-11-02;11;1293
12;2025-11-02;12;1373
12;2025-11-02;13;1611
12;2025-11-02;14;1509
12;2025-11-02;15;1541
12;2025-11-02;16;1543
12;2025-11-02;17;1597
12;2025-11-02;18;1386
12;2025-11-02;19;1032
12;2025-11-02;20;804
12;2025-11-02;21;616
12;2025-11-02;22;402
12;2025-11-02;23;203
12;2025-11-03;0;83
12;2025-11-03;1;3
12;2025-11-03;2;0
12;2025-11-03;3;0
12;2025-11-03;4;3
12;2025-11-03;5;132
12;2025-11-03;6;522
12;2025-11-03;7;709
12;2025-11-03;8;724
12;2025-11-03;9;908
12;2025-11-03;10;1148
12;2025-11-03;11;1251
12;2025-11-03;12;1328
12;2025-11-03;13;1558
12;2025-11-03;14;1459
12;2025-11-03;15;1490
12;2025-11-03;16;1492
12;2025-11-03;17;1544
12;2025-11-03;18;1340
12;2025-11-03;19;999
12;2025-11-03;20;777
12;2025-11-03;21;596
12;2025-11-03;22;389
12;2025-11-03;23;196
12;2025-11-04;0;83
12;2025-11-04;1;3
12;2025-11-04;2;0
12;2025-11-04;3;0
12;2025-11-04;4;3
12;2025-11-04;5;132
12;2025-11-04;6;522
12;2025-11-04;7;709
12;2025-11-04;8;724
12;2025-11-04;9;908
12;2025-11-04;10;1148
12;2025-11-04;11;1251
12;2025-11-04;12;1328
12;2025-11-04;13;1558
12;2025-11-04;14;1459
12;2025-11-04;15;1490
12;2025-11-04;16;1492
12;2025-11-04;17;1544
12;2025-11-04;18;1340
12;2025-11-04;19;999
12;2025-11-04;20;777
12;2025-11-04;21;596
12;2025-11-04;22;389
12;2025-11-04;23;196
12;2025-11-05;0;56
12;2025-11-05;1;1
12;2025-11-05;2;0
12;2025-11-05;3;0
12;2025-11-05;4;7
12;2025-11-05;5;329
12;2025-11-05;6;1482
12;2025-11-05;7;2827
12;2025-11-05;8;3796
12;2025-11-05;9;2703
12;2025-11-05;10;2209
12;2025-11-05;11;2107
12;2025-11-05;12;2132
12;2025-11-05;13;2171
12;2025-11-05;14;2031
12;2025-11-05;15;2280
12;2025-11-05;16;2782
12;2025-11-05;17;3151
12;2025-11-05;18;3292
12;2025-11-05;19;2453
12;2025-11-05;20;1608
12;2025-11-05;21;1002
12;2025-11-05;22;508
12;2025-11-05;23;268
12;2025-11-06;0;56
12;2025-11-06;1;1
12;2025-11-06;2;0
12;2025-11-06;3;0
12;2025-11-06;4;7
12;2025-11-06;5;329
12;2025-11-06;6;1482
12;2025-11-06;7;2827
12;2025-11-06;8;3796
12;2025-11-06;9;2703
12;2025-11-06;10;2209
12;2025-11-06;11;2107
12;2025-11-06;12;2132
12;2025-11-06;13;2171
12;2025-11-06;14;2031
12;2025-11-06;15;2280
12;2025-11-06;16;2782
12;2025-11-06;17;3151
12;2025-11-06;18;3292
12;2025-11-06;19;2453
12;2025-11-06;20;1608
12;2025-11-06;21;1002
12;2025-11-06;22;508
12;2025-11-06;23;268
12;2025-11-07;0;57
12;2025-11-07;1;1
12;2025-11-07;2;0
12;2025-11-07;3;0
12;2025-11-07;4;5
12;2025-11-07;5;338
12;2025-11-07;6;1463
12;2025-11-07;7;2805
12;2025-11-07;8;3463
12;2025-11-07;9;2599
12;2025-11-07;10;1954
12;2025-11-07;11;1942
12;2025-11-07;12;1985
12;2025-11-07;13;2248
12;2025-11-07;14;2034
12;2025-11-07;15;2284
12;2025-11-07;16;3000
12;2025-11-07;17;2997
12;2025-11-07;18;2631
12;2025-11-07;19;2169
12;2025-11-07;20;1419
12;2025-11-07;21;1032
12;2025-11-07;22;517
12;2025-11-07;23;343
12;2025-11-08;0;70
12;2025-11-08;1;2
12;2025-11-08;2;0
12;2025-11-08;3;0
12;2025-11-08;4;2
12;2025-11-08;5;232
12;2025-11-08;6;822
12;2025-11-08;7;934
12;2025-11-08;8;1089
12;2025-11-08;9;1297
12;2025-11-08;10;1542
12;2025-11-08;11;1564
12;2025-11-08;12;1605
12;2025-11-08;13;1822
12;2025-11-08;14;1645
12;2025-11-08;15;1617
12;2025-11-08;16;1741
12;2025-11-08;17;1668
12;2025-11-08;18;1656
12;2025-11-08;19;1392
12;2025-11-08;20;978
12;2025-11-08;21;794
12;2025-11-08;22;404
12;2025-11-08;23;303
12;2025-11-09;0;86
12;2025-11-09;1;4
12;2025-11-09;2;0
12;2025-11-09;3;0
12;2025-11-09;4;3
12;2025-11-09;5;137
12;2025-11-09;6;540
12;2025-11-09;7;733
12;2025-11-09;8;749
12;2025-11-09;9;939
12;2025-11-09;10;1186
12;2025-11-09;11;1293
12;2025-11-09;12;1373
12;2025-11-09;13;1611
12;2025-11-09;14;1509
12;2025-11-09;15;1541
12;2025-11-09;16;1543
12;2025-11-09;17;1597
12;2025-11-09;18;1386
12;2025-11-09;19;1032
12;2025-11-09;20;804
12;2025-11-09;21;616
12;2025-11-09;22;402
12;2025-11-09;23;203
12;2025-11-10;0;54
12;2025-11-10;1;3
12;2025-11-10;2;0
12;2025-11-10;3;0
12;2025-11-10;4;7
12;2025-11-10;5;313
12;2025-11-10;6;1475
12;2025-11-10;7;2730
12;2025-11-10;8;3642
12;2025-11-10;9;2536
12;2025-11-10;10;2005
12;2025-11-10;11;1921
12;2025-11-10;12;2104
12;2025-11-10;13;2032
12;2025-11-10;14;2018
12;2025-11-10;15;2217
12;2025-11-10;16;2758
12;2025-11-10;17;3059
12;2025-11-10;18;3220
12;2025-11-10;19;2382
12;2025-11-10;20;1662
12;2025-11-10;21;983
12;2025-11-10;22;474
12;2025-11-10;23;240
12;2025-11-11;0;56
12;2025-11-11;1;1
12;2025-11-11;2;0
12;2025-11-11;3;0
12;2025-11-11;4;7
12;2025-11-11;5;329
12;2025-11-11;6;1482
12;2025-11-11;7;2827
12;2025-11-11;8;3796
12;2025-11-11;9;2703
12;2025-11-11;10;2209
12;2025-11-11;11;2107
12;2025-11-11;12;2132
12;2025-11-11;13;2171
12;2025-11-11;14;2031
12;2025-11-11;15;2280
12;2025-11-11;16;2782
12;2025-11-11;17;3151
12;2025-11-11;18;3292
12;2025-11-11;19;2453
12;2025-11-11;20;1608
12;2025-11-11;21;1002
12;2025-11-11;22;508
12;2025-11-11;23;268
12;2025-11-12;0;56
12;2025-11-12;1;1
12;2025-11-12;2;0
12;2025-11-12;3;0
12;2025-11-12;4;7
12;2025-11-12;5;329
12;2025-11-12;6;1482
12;2025-11-12;7;2827
12;2025-11-12;8;3796
12;2025-11-12;9;2703
12;2025-11-12;10;2209
12;2025-11-12;11;2107
12;2025-11-12;12;2132
12;2025-11-12;13;2171
12;2025-11-12;14;2031
12;2025-11-12;15;2280
12;2025-11-12;16;2782
12;2025-11-12;17;3151
12;2025-11-12;18;3292
12;2025-11-12;19;2453
12;2025-11-12;20;1608
12;2025-11-12;21;1002
12;2025-11-12;22;508
12;2025-11-12;23;268
12;2025-11-13;0;56
12;2025-11-13;1;1
12;2025-11-13;2;0
12;2025-11-13;3;0
12;2025-11-13;4;7
12;2025-11-13;5;329
12;2025-11-13;6;1482
12;2025-11-13;7;2827
12;2025-11-13;8;3796
12;2025-11-13;9;2703
12;2025-11-13;10;2209
12;2025-11-13;11;2107
12;2025-11-13;12;2132
12;2025-11-13;13;2171
12;2025-11-13;14;2031
12;2025-11-13;15;2280
12;2025-11-13;16;2782
12;2025-11-13;17;3151
12;2025-11-13;18;3292
12;2025-11-13;19;2453
12;2025-11-13;20;1608
12;2025-11-13;21;1002
12;2025-11-13;22;508
12;2025-11-13;23;268
12;2025-11-14;0;57
12;2025-11-14;1;1
12;2025-11-14;2;0
12;2025-11-14;3;0
12;2025-11-14;4;5
12;2025-11-14;5;338
12;2025-11-14;6;1463
12;2025-11-14;7;2805
12;2025-11-14;8;3463
12;2025-11-14;9;2599
12;2025-11-14;10;1954
12;2025-11-14;11;1942
12;2025-11-14;12;1985
12;2025-11-14;13;2248
12;2025-11-14;14;2034
12;2025-11-14;15;2284
12;2025-11-14;16;3000
12;2025-11-14;17;2997
12;2025-11-14;18;2631
12;2025-11-14;19;2169
12;2025-11-14;20;1419
12;2025-11-14;21;1032
12;2025-11-14;22;517
12;2025-11-14;23;343
12;2025-11-15;0;66
12;2025-11-15;1;2
12;2025-11-15;2;0
12;2025-11-15;3;0
12;2025-11-15;4;1
12;2025-11-15;5;219
12;2025-11-15;6;779
12;2025-11-15;7;886
12;2025-11-15;8;1033
12;2025-11-15;9;1230
12;2025-11-15;10;1462
12;2025-11-15;11;1483
12;2025-11-15;12;1522
12;2025-11-15;13;1728
12;2025-11-15;14;1561
12;2025-11-15;15;1533
12;2025-11-15;16;1650
12;2025-11-15;17;1581
12;2025-11-15;18;1571
12;2025-11-15;19;1321
12;2025-11-15;20;927
12;2025-11-15;21;753
12;2025-11-15;22;384
12;2025-11-15;23;288
12;2025-11-16;0;86
12;2025-11-16;1;4
12;2025-11-16;2;0
12;2025-11-16;3;0
12;2025-11-16;4;3
12;2025-11-16;5;137
12;2025-11-16;6;540
12;2025-11-16;7;733
12;2025-11-16;8;749
12;2025-11-16;9;939
12;2025-11-16;10;1186
12;2025-11-16;11;1293
12;2025-11-16;12;1373
12;2025-11-16;13;1611
12;2025-11-16;14;1509
12;2025-11-16;15;1541
12;2025-11-16;16;1543
12;2025-11-16;17;1597
12;2025-11-16;18;1386
12;2025-11-16;19;1032
12;2025-11-16;20;804
12;2025-11-16;21;616
12;2025-11-16;22;402
12;2025-11-16;23;203
12;2025-11-17;0;54
12;2025-11-17;1;3
12;2025-11-17;2;0
12;2025-11-17;3;0
12;2025-11-17;4;7
12;2025-11-17;5;313
12;2025-11-17;6;1475
12;2025-11-17;7;2730
12;2025-11-17;8;3642
12;2025-11-17;9;2536
12;2025-11-17;10;2005
12;2025-11-17;11;1921
12;2025-11-17;12;2104
12;2025-11-17;13;2032
12;2025-11-17;14;2018
12;2025-11-17;15;2217
12;2025-11-17;16;2758
12;2025-11-17;17;3059
12;2025-11-17;18;3220
12;2025-11-17;19;2382
12;2025-11-17;20;1662
12;2025-11-17;21;983
12;2025-11-17;22;474
12;2025-11-17;23;240
12;2025-11-18;0;56
12;2025-11-18;1;1
12;2025-11-18;2;0
12;2025-11-18;3;0
12;2025-11-18;4;7
12;2025-11-18;5;329
12;2025-11-18;6;1482
12;2025-11-18;7;2827
12;2025-11-18;8;3796
12;2025-11-18;9;2703
12;2025-11-18;10;2209
12;2025-11-18;11;2107
12;2025-11-18;12;2132
12;2025-11-18;13;2171
12;2025-11-18;14;2031
12;2025-11-18;15;2280
12;2025-11-18;16;2782
12;2025-11-18;17;3151
12;2025-11-18;18;3292
12;2025-11-18;19;2453
12;2025-11-18;20;1608
12;2025-11-18;21;1002
12;2025-11-18;22;508
12;2025-11-18;23;268
12;2025-11-19;0;56
12;2025-11-19;1;1
12;2025-11-19;2;0
12;2025-11-19;3;0
12;2025-11-19;4;7
12;2025-11-19;5;329
12;2025-11-19;6;1482
12;2025-11-19;7;2827
12;2025-11-19;8;3796
12;2025-11-19;9;2703
12;2025-11-19;10;2209
12;2025-11-19;11;2107
12;2025-11-19;12;2132
12;2025-11-19;13;2171
12;2025-11-19;14;2031
12;2025-11-19;15;2280
12;2025-11-19;16;2782
12;2025-11-19;17;3151
12;2025-11-19;18;3292
12;2025-11-19;19;2453
12;2025-11-19;20;1608
12;2025-11-19;21;1002
12;2025-11-19;22;508
12;2025-11-19;23;268
12;2025-11-20;0;56
12;2025-11-20;1;1
12;2025-11-20;2;0
12;2025-11-20;3;0
12;2025-11-20;4;7
12;2025-11-20;5;329
12;2025-11-20;6;1482
12;2025-11-20;7;2827
12;2025-11-20;8;3796
12;2025-11-20;9;2703
12;2025-11-20;10;2209
12;2025-11-20;11;2107
12;2025-11-20;12;2132
12;2025-11-20;13;2171
12;2025-11-20;14;2031
12;2025-11-20;15;2280
12;2025-11-20;16;2782
12;2025-11-20;17;3151
12;2025-11-20;18;3292
12;2025-11-20;19;2453
12;2025-11-20;20;1608
12;2025-11-20;21;1002
12;2025-11-20;22;508
12;2025-11-20;23;268
12;2025-11-21;0;57
12;2025-11-21;1;1
12;2025-11-21;2;0
12;2025-11-21;3;0
12;2025-11-21;4;5
12;2025-11-21;5;338
12;2025-11-21;6;1463
12;2025-11-21;7;2805
12;2025-11-21;8;3463
12;2025-11-21;9;2599
12;2025-11-21;10;1954
12;2025-11-21;11;1942
12;2025-11-21;12;1985
12;2025-11-21;13;2248
12;2025-11-21;14;2034
12;2025-11-21;15;2284
12;2025-11-21;16;3000
12;2025-11-21;17;2997
12;2025-11-21;18;2631
12;2025-11-21;19;2169
12;2025-11-21;20;1419
12;2025-11-21;21;1032
12;2025-11-21;22;517
12;2025-11-21;23;343
12;2025-11-22;0;70
12;2025-11-22;1;2
12;2025-11-22;2;0
12;2025-11-22;3;0
12;2025-11-22;4;2
12;2025-11-22;5;232
12;2025-11-22;6;822
12;2025-11-22;7;934
12;2025-11-22;8;1089
12;2025-11-22;9;1297
12;2025-11-22;10;1542
12;2025-11-22;11;1564
12;2025-11-22;12;1605
12;2025-11-22;13;1822
12;2025-11-22;14;1645
12;2025-11-22;15;1617
12;2025-11-22;16;1741
12;2025-11-22;17;1668
12;2025-11-22;18;1656
12;2025-11-22;19;1392
12;2025-11-22;20;978
12;2025-11-22;21;794
12;2025-11-22;22;404
12;2025-11-22;23;303
12;2025-11-23;0;86
12;2025-11-23;1;4
12;2025-11-23;2;0
12;2025-11-23;3;0
12;2025-11-23;4;3
12;2025-11-23;5;137
12;2025-11-23;6;540
12;2025-11-23;7;733
12;2025-11-23;8;749
12;2025-11-23;9;939
12;2025-11-23;10;1186
12;2025-11-23;11;1293
12;2025-11-23;12;1373
12;2025-11-23;13;1611
12;2025-11-23;14;1509
12;2025-11-23;15;1541
12;2025-11-23;16;1543
12;2025-11-23;17;1597
12;2025-11-23;18;1386
12;2025-11-23;19;1032
12;2025-11-23;20;804
12;2025-11-23;21;616
12;2025-11-23;22;402
12;2025-11-23;23;203
12;2025-11-24;0;54
12;2025-11-24;1;3
12;2025-11-24;2;0
12;2025-11-24;3;0
12;2025-11-24;4;7
12;2025-11-24;5;313
12;2025-11-24;6;1475
12;2025-11-24;7;2730
12;2025-11-24;8;3642
12;2025-11-24;9;2536
12;2025-11-24;10;2005
12;2025-11-24;11;1921
12;2025-11-24;12;2104
12;2025-11-24;13;2032
12;2025-11-24;14;2018
12;2025-11-24;15;2217
12;2025-11-24;16;2758
12;2025-11-24;17;3059
12;2025-11-24;18;3220
12;2025-11-24;19;2382
12;2025-11-24;20;1662
12;2025-11-24;21;983
12;2025-11-24;22;474
12;2025-11-24;23;240
12;2025-11-25;0;56
12;2025-11-25;1;1
12;2025-11-25;2;0
12;2025-11-25;3;0
12;2025-11-25;4;7
12;2025-11-25;5;329
12;2025-11-25;6;1482
12;2025-11-25;7;2827
12;2025-11-25;8;3796
12;2025-11-25;9;2703
12;2025-11-25;10;2209
12;2025-11-25;11;2107
12;2025-11-25;12;2132
12;2025-11-25;13;2171
12;2025-11-25;14;2031
12;2025-11-25;15;2280
12;2025-11-25;16;2782
12;2025-11-25;17;3151
12;2025-11-25;18;3292
12;2025-11-25;19;2453
12;2025-11-25;20;1608
12;2025-11-25;21;1002
12;2025-11-25;22;508
12;2025-11-25;23;268
12;2025-11-26;0;56
12;2025-11-26;1;1
12;2025-11-26;2;0
12;2025-11-26;3;0
12;2025-11-26;4;7
12;2025-11-26;5;329
12;2025-11-26;6;1482
12;2025-11-26;7;2827
12;2025-11-26;8;3796
12;2025-11-26;9;2703
12;2025-11-26;10;2209
12;2025-11-26;11;2107
12;2025-11-26;12;2132
12;2025-11-26;13;2171
12;2025-11-26;14;2031
12;2025-11-26;15;2280
12;2025-11-26;16;2782
12;2025-11-26;17;3151
12;2025-11-26;18;3292
12;2025-11-26;19;2453
12;2025-11-26;20;1608
12;2025-11-26;21;1002
12;2025-11-26;22;508
12;2025-11-26;23;268
12;2025-11-27;0;56
12;2025-11-27;1;1
12;2025-11-27;2;0
12;2025-11-27;3;0
12;2025-11-27;4;7
12;2025-11-27;5;329
12;2025-11-27;6;1482
12;2025-11-27;7;2827
12;2025-11-27;8;3796
12;2025-11-27;9;2703
12;2025-11-27;10;2209
12;2025-11-27;11;2107
12;2025-11-27;12;2132
12;2025-11-27;13;2171
12;2025-11-27;14;2031
12;2025-11-27;15;2280
12;2025-11-27;16;2782
12;2025-11-27;17;3151
12;2025-11-27;18;3292
12;2025-11-27;19;2453
12;2025-11-27;20;1608
12;2025-11-27;21;1002
12;2025-11-27;22;508
12;2025-11-27;23;268
12;2025-11-28;0;57
12;2025-11-28;1;1
12;2025-11-28;2;0
12;2025-11-28;3;0
12;2025-11-28;4;5
12;2025-11-28;5;338
12;2025-11-28;6;1463
12;2025-11-28;7;2805
12;2025-11-28;8;3463
12;2025-11-28;9;2599
12;2025-11-28;10;1954
12;2025-11-28;11;1942
12;2025-11-28;12;1985
12;2025-11-28;13;2248
12;2025-11-28;14;2034
12;2025-11-28;15;2284
12;2025-11-28;16;3000
12;2025-11-28;17;2997
12;2025-11-28;18;2631
12;2025-11-28;19;2169
12;2025-11-28;20;1419
12;2025-11-28;21;1032
12;2025-11-28;22;517
12;2025-11-28;23;343
12;2025-11-29;0;70
12;2025-11-29;1;2
12;2025-11-29;2;0
12;2025-11-29;3;0
12;2025-11-29;4;2
12;2025-11-29;5;232
12;2025-11-29;6;822
12;2025-11-29;7;934
12;2025-11-29;8;1089
12;2025-11-29;9;1297
12;2025-11-29;10;1542
12;2025-11-29;11;1564
12;2025-11-29;12;1605
12;2025-11-29;13;1822
12;2025-11-29;14;1645
12;2025-11-29;15;1617
12;2025-11-29;16;1741
12;2025-11-29;17;1668
12;2025-11-29;18;1656
12;2025-11-29;19;1392
12;2025-11-29;20;978
12;2025-11-29;21;794
12;2025-11-29;22;404
12;2025-11-29;23;303
12;2025-11-30;0;86
12;2025-11-30;1;4
12;2025-11-30;2;0
12;2025-11-30;3;0
12;2025-11-30;4;3
12;2025-11-30;5;137
12;2025-11-30;6;540
12;2025-11-30;7;733
12;2025-11-30;8;749
12;2025-11-30;9;939
12;2025-11-30;10;1186
12;2025-11-30;11;1293
12;2025-11-30;12;1373
12;2025-11-30;13;1611
12;2025-11-30;14;1509
12;2025-11-30;15;1541
12;2025-11-30;16;1543
12;2025-11-30;17;1597
12;2025-11-30;18;1386
12;2025-11-30;19;1032
12;2025-11-30;20;804
12;2025-11-30;21;616
12;2025-11-30;22;402
12;2025-11-30;23;203
12;2025-12-01;0;54
12;2025-12-01;1;3
12;2025-12-01;2;0
12;2025-12-01;3;0
12;2025-12-01;4;7
12;2025-12-01;5;313
12;2025-12-01;6;1475
12;2025-12-01;7;2730
12;2025-12-01;8;3642
12;2025-12-01;9;2536
12;2025-12-01;10;2005
12;2025-12-01;11;1921
12;2025-12-01;12;2104
12;2025-12-01;13;2032
12;2025-12-01;14;2018
12;2025-12-01;15;2217
12;2025-12-01;16;2758
12;2025-12-01;17;3059
12;2025-12-01;18;3220
12;2025-12-01;19;2382
12;2025-12-01;20;1662
12;2025-12-01;21;983
12;2025-12-01;22;474
12;2025-12-01;23;240
12;2025-12-02;0;56
12;2025-12-02;1;1
12;2025-12-02;2;0
12;2025-12-02;3;0
12;2025-12-02;4;7
12;2025-12-02;5;329
12;2025-12-02;6;1482
12;2025-12-02;7;2827
12;2025-12-02;8;3796
12;2025-12-02;9;2703
12;2025-12-02;10;2209
12;2025-12-02;11;2107
12;2025-12-02;12;2132
12;2025-12-02;13;2171
12;2025-12-02;14;2031
12;2025-12-02;15;2280
12;2025-12-02;16;2782
12;2025-12-02;17;3151
12;2025-12-02;18;3292
12;2025-12-02;19;2453
12;2025-12-02;20;1608
12;2025-12-02;21;1002
12;2025-12-02;22;508
12;2025-12-02;23;268
12;2025-12-03;0;56
12;2025-12-03;1;1
12;2025-12-03;2;0
12;2025-12-03;3;0
12;2025-12-03;4;7
12;2025-12-03;5;329
12;2025-12-03;6;1482
12;2025-12-03;7;2827
12;2025-12-03;8;3796
12;2025-12-03;9;2703
12;2025-12-03;10;2209
12;2025-12-03;11;2107
12;2025-12-03;12;2132
12;2025-12-03;13;2171
12;2025-12-03;14;2031
12;2025-12-03;15;2280
12;2025-12-03;16;2782
12;2025-12-03;17;3151
12;2025-12-03;18;3292
12;2025-12-03;19;2453
12;2025-12-03;20;1608
12;2025-12-03;21;1002
12;2025-12-03;22;508
12;2025-12-03;23;268
12;2025-12-04;0;56
12;2025-12-04;1;1
12;2025-12-04;2;0
12;2025-12-04;3;0
12;2025-12-04;4;7
12;2025-12-04;5;329
12;2025-12-04;6;1482
12;2025-12-04;7;2827
12;2025-12-04;8;3796
12;2025-12-04;9;2703
12;2025-12-04;10;2209
12;2025-12-04;11;2107
12;2025-12-04;12;2132
12;2025-12-04;13;2171
12;2025-12-04;14;2031
12;2025-12-04;15;2280
12;2025-12-04;16;2782
12;2025-12-04;17;3151
12;2025-12-04;18;3292
12;2025-12-04;19;2453
12;2025-12-04;20;1608
12;2025-12-04;21;1002
12;2025-12-04;22;508
12;2025-12-04;23;268
12;2025-12-05;0;57
12;2025-12-05;1;1
12;2025-12-05;2;0
12;2025-12-05;3;0
12;2025-12-05;4;5
12;2025-12-05;5;338
12;2025-12-05;6;1463
12;2025-12-05;7;2805
12;2025-12-05;8;3463
12;2025-12-05;9;2599
12;2025-12-05;10;1954
12;2025-12-05;11;1942
12;2025-12-05;12;1985
12;2025-12-05;13;2248
12;2025-12-05;14;2034
12;2025-12-05;15;2284
12;2025-12-05;16;3000
12;2025-12-05;17;2997
12;2025-12-05;18;2631
12;2025-12-05;19;2169
12;2025-12-05;20;1419
12;2025-12-05;21;1032
12;2025-12-05;22;517
12;2025-12-05;23;343
12;2025-12-06;0;70
12;2025-12-06;1;2
12;2025-12-06;2;0
12;2025-12-06;3;0
12;2025-12-06;4;2
12;2025-12-06;5;232
12;2025-12-06;6;822
12;2025-12-06;7;934
12;2025-12-06;8;1089
12;2025-12-06;9;1297
12;2025-12-06;10;1542
12;2025-12-06;11;1564
12;2025-12-06;12;1605
12;2025-12-06;13;1822
12;2025-12-06;14;1645
12;2025-12-06;15;1617
12;2025-12-06;16;1741
12;2025-12-06;17;1668
12;2025-12-06;18;1656
12;2025-12-06;19;1392
12;2025-12-06;20;978
12;2025-12-06;21;794
12;2025-12-06;22;404
12;2025-12-06;23;303
12;2025-12-07;0;86
12;2025-12-07;1;4
12;2025-12-07;2;0
12;2025-12-07;3;0
12;2025-12-07;4;3
12;2025-12-07;5;137
12;2025-12-07;6;540
12;2025-12-07;7;733
12;2025-12-07;8;749
12;2025-12-07;9;939
12;2025-12-07;10;1186
12;2025-12-07;11;1293
12;2025-12-07;12;1373
12;2025-12-07;13;1611
12;2025-12-07;14;1509
12;2025-12-07;15;1541
12;2025-12-07;16;1543
12;2025-12-07;17;1597
12;2025-12-07;18;1386
12;2025-12-07;19;1032
12;2025-12-07;20;804
12;2025-12-07;21;616
12;2025-12-07;22;402
12;2025-12-07;23;203
12;2025-12-08;0;54
12;2025-12-08;1;3
12;2025-12-08;2;0
12;2025-12-08;3;0
12;2025-12-08;4;7
12;2025-12-08;5;313
12;2025-12-08;6;1475
12;2025-12-08;7;2730
12;2025-12-08;8;3642
12;2025-12-08;9;2536
12;2025-12-08;10;2005
12;2025-12-08;11;1921
12;2025-12-08;12;2104
12;2025-12-08;13;2032
12;2025-12-08;14;2018
12;2025-12-08;15;2217
12;2025-12-08;16;2758
12;2025-12-08;17;3059
12;2025-12-08;18;3220
12;2025-12-08;19;2382
12;2025-12-08;20;1662
12;2025-12-08;21;983
12;2025-12-08;22;474
12;2025-12-08;23;240
12;2025-12-09;0;56
12;2025-12-09;1;1
12;2025-12-09;2;0
12;2025-12-09;3;0
12;2025-12-09;4;7
12;2025-12-09;5;329
12;2025-12-09;6;1482
12;2025-12-09;7;2827
12;2025-12-09;8;3796
12;2025-12-09;9;2703
12;2025-12-09;10;2209
12;2025-12-09;11;2107
12;2025-12-09;12;2132
12;2025-12-09;13;2171
12;2025-12-09;14;2031
12;2025-12-09;15;2280
12;2025-12-09;16;2782
12;2025-12-09;17;3151
12;2025-12-09;18;3292
12;2025-12-09;19;2453
12;2025-12-09;20;1608
12;2025-12-09;21;1002
12;2025-12-09;22;508
12;2025-12-09;23;268
12;2025-12-10;0;56
12;2025-12-10;1;1
12;2025-12-10;2;0
12;2025-12-10;3;0
12;2025-12-10;4;7
12;2025-12-10;5;329
12;2025-12-10;6;1482
12;2025-12-10;7;2827
12;2025-12-10;8;3796
12;2025-12-10;9;2703
12;2025-12-10;10;2209
12;2025-12-10;11;2107
12;2025-12-10;12;2132
12;2025-12-10;13;2171
12;2025-12-10;14;2031
12;2025-12-10;15;2280
12;2025-12-10;16;2782
12;2025-12-10;17;3151
12;2025-12-10;18;3292
12;2025-12-10;19;2453
12;2025-12-10;20;1608
12;2025-12-10;21;1002
12;2025-12-10;22;508
12;2025-12-10;23;268
12;2025-12-11;0;56
12;2025-12-11;1;1
12;2025-12-11;2;0
12;2025-12-11;3;0
12;2025-12-11;4;7
12;2025-12-11;5;329
12;2025-12-11;6;1482
12;2025-12-11;7;2827
12;2025-12-11;8;3796
12;2025-12-11;9;2703
12;2025-12-11;10;2209
12;2025-12-11;11;2107
12;2025-12-11;12;2132
12;2025-12-11;13;2171
12;2025-12-11;14;2031
12;2025-12-11;15;2280
12;2025-12-11;16;2782
12;2025-12-11;17;3151
12;2025-12-11;18;3292
12;2025-12-11;19;2453
12;2025-12-11;20;1608
12;2025-12-11;21;1002
12;2025-12-11;22;508
12;2025-12-11;23;268
12;2025-12-12;0;57
12;2025-12-12;1;1
12;2025-12-12;2;0
12;2025-12-12;3;0
12;2025-12-12;4;5
12;2025-12-12;5;338
12;2025-12-12;6;1463
12;2025-12-12;7;2805
12;2025-12-12;8;3463
12;2025-12-12;9;2599
12;2025-12-12;10;1954
12;2025-12-12;11;1942
12;2025-12-12;12;1985
12;2025-12-12;13;2248
12;2025-12-12;14;2034
12;2025-12-12;15;2284
12;2025-12-12;16;3000
12;2025-12-12;17;2997
12;2025-12-12;18;2631
12;2025-12-12;19;2169
12;2025-12-12;20;1419
12;2025-12-12;21;1032
12;2025-12-12;22;517
12;2025-12-12;23;343
12;2025-12-13;0;70
12;2025-12-13;1;2
12;2025-12-13;2;0
12;2025-12-13;3;0
12;2025-12-13;4;2
12;2025-12-13;5;232
12;2025-12-13;6;822
12;2025-12-13;7;934
12;2025-12-13;8;1089
12;2025-12-13;9;1297
12;2025-12-13;10;1542
12;2025-12-13;11;1564
12;2025-12-13;12;1605
12;2025-12-13;13;1822
12;2025-12-13;14;1645
12;2025-12-13;15;1617
12;2025-12-13;16;1741
12;2025-12-13;17;1668
12;2025-12-13;18;1656
12;2025-12-13;19;1392
12;2025-12-13;20;978
12;2025-12-13;21;794
12;2025-12-13;22;404
12;2025-12-13;23;303
12;2025-12-14;0;86
12;2025-12-14;1;4
12;2025-12-14;2;0
12;2025-12-14;3;0
12;2025-12-14;4;3
12;2025-12-14;5;137
12;2025-12-14;6;540
12;2025-12-14;7;733
12;2025-12-14;8;749
12;2025-12-14;9;939
12;2025-12-14;10;1186
12;2025-12-14;11;1293
12;2025-12-14;12;1373
12;2025-12-14;13;1611
12;2025-12-14;14;1509
12;2025-12-14;15;1541
12;2025-12-14;16;1543
12;2025-12-14;17;1597
12;2025-12-14;18;1386
12;2025-12-14;19;1032
12;2025-12-14;20;804
12;2025-12-14;21;616
12;2025-12-14;22;402
12;2025-12-14;23;203
12;2025-12-15;0;54
12;2025-12-15;1;3
12;2025-12-15;2;0
12;2025-12-15;3;0
12;2025-12-15;4;7
12;2025-12-15;5;313
12;2025-12-15;6;1475
12;2025-12-15;7;2730
12;2025-12-15;8;3642
12;2025-12-15;9;2536
12;2025-12-15;10;2005
12;2025-12-15;11;1921
12;2025-12-15;12;2104
12;2025-12-15;13;2032
12;2025-12-15;14;2018
12;2025-12-15;15;2217
12;2025-12-15;16;2758
12;2025-12-15;17;3059
12;2025-12-15;18;3220
12;2025-12-15;19;2382
12;2025-12-15;20;1662
12;2025-12-15;21;983
12;2025-12-15;22;474
12;2025-12-15;23;240
12;2025-12-16;0;56
12;2025-12-16;1;1
12;2025-12-16;2;0
12;2025-12-16;3;0
12;2025-12-16;4;7
12;2025-12-16;5;329
12;2025-12-16;6;1482
12;2025-12-16;7;2827
12;2025-12-16;8;3796
12;2025-12-16;9;2703
12;2025-12-16;10;2209
12;2025-12-16;11;2107
12;2025-12-16;12;2132
12;2025-12-16;13;2171
12;2025-12-16;14;2031
12;2025-12-16;15;2280
12;2025-12-16;16;2782
12;2025-12-16;17;3151
12;2025-12-16;18;3292
12;2025-12-16;19;2453
12;2025-12-16;20;1608
12;2025-12-16;21;1002
12;2025-12-16;22;508
12;2025-12-16;23;268
12;2025-12-17;0;56
12;2025-12-17;1;1
12;2025-12-17;2;0
12;2025-12-17;3;0
12;2025-12-17;4;7
12;2025-12-17;5;329
12;2025-12-17;6;1482
12;2025-12-17;7;2827
12;2025-12-17;8;3796
12;2025-12-17;9;2703
12;2025-12-17;10;2209
12;2025-12-17;11;2107
12;2025-12-17;12;2132
12;2025-12-17;13;2171
12;2025-12-17;14;2031
12;2025-12-17;15;2280
12;2025-12-17;16;2782
12;2025-12-17;17;3151
12;2025-12-17;18;3292
12;2025-12-17;19;2453
12;2025-12-17;20;1608
12;2025-12-17;21;1002
12;2025-12-17;22;508
12;2025-12-17;23;268
12;2025-12-18;0;56
12;2025-12-18;1;1
12;2025-12-18;2;0
12;2025-12-18;3;0
12;2025-12-18;4;7
12;2025-12-18;5;329
12;2025-12-18;6;1482
12;2025-12-18;7;2827
12;2025-12-18;8;3796
12;2025-12-18;9;2703
12;2025-12-18;10;2209
12;2025-12-18;11;2107
12;2025-12-18;12;2132
12;2025-12-18;13;2171
12;2025-12-18;14;2031
12;2025-12-18;15;2280
12;2025-12-18;16;2782
12;2025-12-18;17;3151
12;2025-12-18;18;3292
12;2025-12-18;19;2453
12;2025-12-18;20;1608
12;2025-12-18;21;1002
12;2025-12-18;22;508
12;2025-12-18;23;268
12;2025-12-19;0;57
12;2025-12-19;1;1
12;2025-12-19;2;0
12;2025-12-19;3;0
12;2025-12-19;4;5
12;2025-12-19;5;338
12;2025-12-19;6;1463
12;2025-12-19;7;2805
12;2025-12-19;8;3463
12;2025-12-19;9;2599
12;2025-12-19;10;1954
12;2025-12-19;11;1942
12;2025-12-19;12;1985
12;2025-12-19;13;2248
12;2025-12-19;14;2034
12;2025-12-19;15;2284
12;2025-12-19;16;3000
12;2025-12-19;17;2997
12;2025-12-19;18;2631
12;2025-12-19;19;2169
12;2025-12-19;20;1419
12;2025-12-19;21;1032
12;2025-12-19;22;517
12;2025-12-19;23;343
12;2025-12-20;0;70
12;2025-12-20;1;2
12;2025-12-20;2;0
12;2025-12-20;3;0
12;2025-12-20;4;2
12;2025-12-20;5;232
12;2025-12-20;6;822
12;2025-12-20;7;934
12;2025-12-20;8;1089
12;2025-12-20;9;1297
12;2025-12-20;10;1542
12;2025-12-20;11;1564
12;2025-12-20;12;1605
12;2025-12-20;13;1822
12;2025-12-20;14;1645
12;2025-12-20;15;1617
12;2025-12-20;16;1741
12;2025-12-20;17;1668
12;2025-12-20;18;1656
12;2025-12-20;19;1392
12;2025-12-20;20;978
12;2025-12-20;21;794
12;2025-12-20;22;404
12;2025-12-20;23;303
12;2025-12-21;0;86
12;2025-12-21;1;4
12;2025-12-21;2;0
12;2025-12-21;3;0
12;2025-12-21;4;3
12;2025-12-21;5;137
12;2025-12-21;6;540
12;2025-12-21;7;733
12;2025-12-21;8;749
12;2025-12-21;9;939
12;2025-12-21;10;1186
12;2025-12-21;11;1293
12;2025-12-21;12;1373
12;2025-12-21;13;1611
12;2025-12-21;14;1509
12;2025-12-21;15;1541
12;2025-12-21;16;1543
12;2025-12-21;17;1597
12;2025-12-21;18;1386
12;2025-12-21;19;1032
12;2025-12-21;20;804
12;2025-12-21;21;616
12;2025-12-21;22;402
12;2025-12-21;23;203
12;2025-12-22;0;54
12;2025-12-22;1;3
12;2025-12-22;2;0
12;2025-12-22;3;0
12;2025-12-22;4;7
12;2025-12-22;5;313
12;2025-12-22;6;1475
12;2025-12-22;7;2730
12;2025-12-22;8;3642
12;2025-12-22;9;2536
12;2025-12-22;10;2005
12;2025-12-22;11;1921
12;2025-12-22;12;2104
12;2025-12-22;13;2032
12;2025-12-22;14;2018
12;2025-12-22;15;2217
12;2025-12-22;16;2758
12;2025-12-22;17;3059
12;2025-12-22;18;3220
12;2025-12-22;19;2382
12;2025-12-22;20;1662
12;2025-12-22;21;983
12;2025-12-22;22;474
12;2025-12-22;23;240
12;2025-12-23;0;56
12;2025-12-23;1;1
12;2025-12-23;2;0
12;2025-12-23;3;0
12;2025-12-23;4;7
12;2025-12-23;5;329
12;2025-12-23;6;1482
12;2025-12-23;7;2827
12;2025-12-23;8;3796
12;2025-12-23;9;2703
12;2025-12-23;10;2209
12;2025-12-23;11;2107
12;2025-12-23;12;2132
12;2025-12-23;13;2171
12;2025-12-23;14;2031
12;2025-12-23;15;2280
12;2025-12-23;16;2782
12;2025-12-23;17;3151
12;2025-12-23;18;3292
12;2025-12-23;19;2453
12;2025-12-23;20;1608
12;2025-12-23;21;1002
12;2025-12-23;22;508
12;2025-12-23;23;268
12;2025-12-24;0;56
12;2025-12-24;1;1
12;2025-12-24;2;0
12;2025-12-24;3;0
12;2025-12-24;4;7
12;2025-12-24;5;329
12;2025-12-24;6;1482
12;2025-12-24;7;2827
12;2025-12-24;8;3796
12;2025-12-24;9;2703
12;2025-12-24;10;2209
12;2025-12-24;11;2107
12;2025-12-24;12;2132
12;2025-12-24;13;2171
12;2025-12-24;14;2031
12;2025-12-24;15;2280
12;2025-12-24;16;2782
12;2025-12-24;17;3151
12;2025-12-24;18;3292
12;2025-12-24;19;2453
12;2025-12-24;20;1608
12;2025-12-24;21;1002
12;2025-12-24;22;508
12;2025-12-24;23;268
12;2025-12-25;0;56
12;2025-12-25;1;1
12;2025-12-25;2;0
12;2025-12-25;3;0
12;2025-12-25;4;7
12;2025-12-25;5;329
12;2025-12-25;6;1482
12;2025-12-25;7;2827
12;2025-12-25;8;3796
12;2025-12-25;9;2703
12;2025-12-25;10;2209
12;2025-12-25;11;2107
12;2025-12-25;12;2132
12;2025-12-25;13;2171
12;2025-12-25;14;2031
12;2025-12-25;15;2280
12;2025-12-25;16;2782
12;2025-12-25;17;3151
12;2025-12-25;18;3292
12;2025-12-25;19;2453
12;2025-12-25;20;1608
12;2025-12-25;21;1002
12;2025-12-25;22;508
12;2025-12-25;23;268
12;2025-12-26;0;57
12;2025-12-26;1;1
12;2025-12-26;2;0
12;2025-12-26;3;0
12;2025-12-26;4;5
12;2025-12-26;5;338
12;2025-12-26;6;1463
12;2025-12-26;7;2805
12;2025-12-26;8;3463
12;2025-12-26;9;2599
12;2025-12-26;10;1954
12;2025-12-26;11;1942
12;2025-12-26;12;1985
12;2025-12-26;13;2248
12;2025-12-26;14;2034
12;2025-12-26;15;2284
12;2025-12-26;16;3000
12;2025-12-26;17;2997
12;2025-12-26;18;2631
12;2025-12-26;19;2169
12;2025-12-26;20;1419
12;2025-12-26;21;1032
12;2025-12-26;22;517
12;2025-12-26;23;343
12;2025-12-27;0;70
12;2025-12-27;1;2
12;2025-12-27;2;0
12;2025-12-27;3;0
12;2025-12-27;4;2
12;2025-12-27;5;232
12;2025-12-27;6;822
12;2025-12-27;7;934
12;2025-12-27;8;1089
12;2025-12-27;9;1297
12;2025-12-27;10;1542
12;2025-12-27;11;1564
12;2025-12-27;12;1605
12;2025-12-27;13;1822
12;2025-12-27;14;1645
12;2025-12-27;15;1617
12;2025-12-27;16;1741
12;2025-12-27;17;1668
12;2025-12-27;18;1656
12;2025-12-27;19;1392
12;2025-12-27;20;978
12;2025-12-27;21;794
12;2025-12-27;22;404
12;2025-12-27;23;303
12;2025-12-28;0;86
12;2025-12-28;1;4
12;2025-12-28;2;0
12;2025-12-28;3;0
12;2025-12-28;4;3
12;2025-12-28;5;137
12;2025-12-28;6;540
12;2025-12-28;7;733
12;2025-12-28;8;749
12;2025-12-28;9;939
12;2025-12-28;10;1186
12;2025-12-28;11;1293
12;2025-12-28;12;1373
12;2025-12-28;13;1611
12;2025-12-28;14;1509
12;2025-12-28;15;1541
12;2025-12-28;16;1543
12;2025-12-28;17;1597
12;2025-12-28;18;1386
12;2025-12-28;19;1032
12;2025-12-28;20;804
12;2025-12-28;21;616
12;2025-12-28;22;402
12;2025-12-28;23;203
12;2025-12-29;0;49
12;2025-12-29;1;1
12;2025-12-29;2;0
12;2025-12-29;3;0
12;2025-12-29;4;4
12;2025-12-29;5;291
12;2025-12-29;6;1259
12;2025-12-29;7;2412
12;2025-12-29;8;2978
12;2025-12-29;9;2235
12;2025-12-29;10;1681
12;2025-12-29;11;1670
12;2025-12-29;12;1706
12;2025-12-29;13;1934
12;2025-12-29;14;1749
12;2025-12-29;15;1965
12;2025-12-29;16;2580
12;2025-12-29;17;2578
12;2025-12-29;18;2262
12;2025-12-29;19;1865
12;2025-12-29;20;1221
12;2025-12-29;21;887
12;2025-12-29;22;445
12;2025-12-29;23;295
12;2025-12-30;0;49
12;2025-12-30;1;1
12;2025-12-30;2;0
12;2025-12-30;3;0
12;2025-12-30;4;4
12;2025-12-30;5;291
12;2025-12-30;6;1259
12;2025-12-30;7;2412
12;2025-12-30;8;2978
12;2025-12-30;9;2235
12;2025-12-30;10;1681
12;2025-12-30;11;1670
12;2025-12-30;12;1706
12;2025-12-30;13;1934
12;2025-12-30;14;1749
12;2025-12-30;15;1965
12;2025-12-30;16;2580
12;2025-12-30;17;2578
12;2025-12-30;18;2262
12;2025-12-30;19;1865
12;2025-12-30;20;1221
12;2025-12-30;21;887
12;2025-12-30;22;445
12;2025-12-30;23;295
12;2025-12-31;0;59
12;2025-12-31;1;2
12;2025-12-31;2;0
12;2025-12-31;3;0
12;2025-12-31;4;1
12;2025-12-31;5;197
12;2025-12-31;6;699
12;2025-12-31;7;795
12;2025-12-31;8;926
12;2025-12-31;9;1103
12;2025-12-31;10;1311
12;2025-12-31;11;1329
12;2025-12-31;12;1365
12;2025-12-31;13;1548
12;2025-12-31;14;1398
12;2025-12-31;15;1374
12;2025-12-31;16;1480
12;2025-12-31;17;1417
12;2025-12-31;18;1409
12;2025-12-31;19;651
12;2025-12-31;20;457
12;2025-12-31;21;371
12;2025-12-31;22;189
12;2025-12-31;23;142
17;2025-11-01;0;125
17;2025-11-01;1;15
17;2025-11-01;2;0
17;2025-11-01;3;0
17;2025-11-01;4;21
17;2025-11-01;5;273
17;2025-11-01;6;1341
17;2025-11-01;7;3635
17;2025-11-01;8;4606
17;2025-11-01;9;3328
17;2025-11-01;10;2636
17;2025-11-01;11;2682
17;2025-11-01;12;2650
17;2025-11-01;13;2728
17;2025-11-01;14;2789
17;2025-11-01;15;3030
17;2025-11-01;16;3664
17;2025-11-01;17;4167
17;2025-11-01;18;3781
17;2025-11-01;19;2797
17;2025-11-01;20;2060
17;2025-11-01;21;1386
17;2025-11-01;22;668
17;2025-11-01;23;415
17;2025-11-02;0;192
17;2025-11-02;1;24
17;2025-11-02;2;0
17;2025-11-02;3;0
17;2025-11-02;4;3
17;2025-11-02;5;109
17;2025-11-02;6;450
17;2025-11-02;7;874
17;2025-11-02;8;1273
17;2025-11-02;9;1743
17;2025-11-02;10;2057
17;2025-11-02;11;2646
17;2025-11-02;12;3002
17;2025-11-02;13;3259
17;2025-11-02;14;3399
17;2025-11-02;15;3327
17;2025-11-02;16;3235
17;2025-11-02;17;3071
17;2025-11-02;18;2648
17;2025-11-02;19;2120
17;2025-11-02;20;1563
17;2025-11-02;21;1155
17;2025-11-02;22;707
17;2025-11-02;23;324
17;2025-11-03;0;185
17;2025-11-03;1;23
17;2025-11-03;2;0
17;2025-11-03;3;0
17;2025-11-03;4;3
17;2025-11-03;5;106
17;2025-11-03;6;436
17;2025-11-03;7;846
17;2025-11-03;8;1231
17;2025-11-03;9;1686
17;2025-11-03;10;1990
17;2025-11-03;11;2558
17;2025-11-03;12;2903
17;2025-11-03;13;3152
17;2025-11-03;14;3285
17;2025-11-03;15;3217
17;2025-11-03;16;3128
17;2025-11-03;17;2970
17;2025-11-03;18;2560
17;2025-11-03;19;2049
17;2025-11-03;20;1511
17;2025-11-03;21;1116
17;2025-11-03;22;683
17;2025-11-03;23;314
17;2025-11-04;0;185
17;2025-11-04;1;23
17;2025-11-04;2;0
17;2025-11-04;3;0
17;2025-11-04;4;3
17;2025-11-04;5;106
17;2025-11-04;6;436
17;2025-11-04;7;846
17;2025-11-04;8;1231
17;2025-11-04;9;1686
17;2025-11-04;10;1990
17;2025-11-04;11;2558
17;2025-11-04;12;2903
17;2025-11-04;13;3152
17;2025-11-04;14;3285
17;2025-11-04;15;3217
17;2025-11-04;16;3128
17;2025-11-04;17;2970
17;2025-11-04;18;2560
17;2025-11-04;19;2049
17;2025-11-04;20;1511
17;2025-11-04;21;1116
17;2025-11-04;22;683
17;2025-11-04;23;314
17;2025-11-05;0;122
17;2025-11-05;1;11
17;2025-11-05;2;0
17;2025-11-05;3;0
17;2025-11-05;4;26
17;2025-11-05;5;322
17;2025-11-05;6;1569
17;2025-11-05;7;4333
17;2025-11-05;8;5529
17;2025-11-05;9;3971
17;2025-11-05;10;3156
17;2025-11-05;11;3120
17;2025-11-05;12;3132
17;2025-11-05;13;3184
17;2025-11-05;14;3315
17;2025-11-05;15;3367
17;2025-11-05;16;3748
17;2025-11-05;17;4656
17;2025-11-05;18;4915
17;2025-11-05;19;3415
17;2025-11-05;20;2402
17;2025-11-05;21;1488
17;2025-11-05;22;711
17;2025-11-05;23;387
17;2025-11-06;0;122
17;2025-11-06;1;11
17;2025-11-06;2;0
17;2025-11-06;3;0
17;2025-11-06;4;26
17;2025-11-06;5;322
17;2025-11-06;6;1569
17;2025-11-06;7;4333
17;2025-11-06;8;5529
17;2025-11-06;9;3971
17;2025-11-06;10;3156
17;2025-11-06;11;3120
17;2025-11-06;12;3132
17;2025-11-06;13;3184
17;2025-11-06;14;3315
17;2025-11-06;15;3367
17;2025-11-06;16;3748
17;2025-11-06;17;4656
17;2025-11-06;18;4915
17;2025-11-06;19;3415
17;2025-11-06;20;2402
17;2025-11-06;21;1488
17;2025-11-06;22;711
17;2025-11-06;23;387
17;2025-11-07;0;148
17;2025-11-07;1;18
17;2025-11-07;2;0
17;2025-11-07;3;0
17;2025-11-07;4;26
17;2025-11-07;5;321
17;2025-11-07;6;1578
17;2025-11-07;7;4277
17;2025-11-07;8;5419
17;2025-11-07;9;3916
17;2025-11-07;10;3101
17;2025-11-07;11;3155
17;2025-11-07;12;3117
17;2025-11-07;13;3210
17;2025-11-07;14;3281
17;2025-11-07;15;3565
17;2025-11-07;16;4311
17;2025-11-07;17;4902
17;2025-11-07;18;4448
17;2025-11-07;19;3291
17;2025-11-07;20;2425
17;2025-11-07;21;1631
17;2025-11-07;22;785
17;2025-11-07;23;489
17;2025-11-08;0;207
17;2025-11-08;1;29
17;2025-11-08;2;0
17;2025-11-08;3;0
17;2025-11-08;4;5
17;2025-11-08;5;140
17;2025-11-08;6;596
17;2025-11-08;7;1299
17;2025-11-08;8;1842
17;2025-11-08;9;2344
17;2025-11-08;10;2620
17;2025-11-08;11;3123
17;2025-11-08;12;3459
17;2025-11-08;13;3731
17;2025-11-08;14;3746
17;2025-11-08;15;3739
17;2025-11-08;16;3756
17;2025-11-08;17;3459
17;2025-11-08;18;3062
17;2025-11-08;19;2420
17;2025-11-08;20;1905
17;2025-11-08;21;1367
17;2025-11-08;22;823
17;2025-11-08;23;462
17;2025-11-09;0;192
17;2025-11-09;1;24
17;2025-11-09;2;0
17;2025-11-09;3;0
17;2025-11-09;4;3
17;2025-11-09;5;109
17;2025-11-09;6;450
17;2025-11-09;7;874
17;2025-11-09;8;1273
17;2025-11-09;9;1743
17;2025-11-09;10;2057
17;2025-11-09;11;2646
17;2025-11-09;12;3002
17;2025-11-09;13;3259
17;2025-11-09;14;3399
17;2025-11-09;15;3327
17;2025-11-09;16;3235
17;2025-11-09;17;3071
17;2025-11-09;18;2648
17;2025-11-09;19;2120
17;2025-11-09;20;1563
17;2025-11-09;21;1155
17;2025-11-09;22;707
17;2025-11-09;23;324
17;2025-11-10;0;123
17;2025-11-10;1;14
17;2025-11-10;2;0
17;2025-11-10;3;0
17;2025-11-10;4;28
17;2025-11-10;5;301
17;2025-11-10;6;1558
17;2025-11-10;7;4188
17;2025-11-10;8;5507
17;2025-11-10;9;3898
17;2025-11-10;10;2959
17;2025-11-10;11;2899
17;2025-11-10;12;2948
17;2025-11-10;13;3069
17;2025-11-10;14;3087
17;2025-11-10;15;3181
17;2025-11-10;16;3698
17;2025-11-10;17;4344
17;2025-11-10;18;4637
17;2025-11-10;19;2811
17;2025-11-10;20;2082
17;2025-11-10;21;1372
17;2025-11-10;22;644
17;2025-11-10;23;316
17;2025-11-11;0;122
17;2025-11-11;1;11
17;2025-11-11;2;0
17;2025-11-11;3;0
17;2025-11-11;4;26
17;2025-11-11;5;322
17;2025-11-11;6;1569
17;2025-11-11;7;4333
17;2025-11-11;8;5529
17;2025-11-11;9;3971
17;2025-11-11;10;3156
17;2025-11-11;11;3120
17;2025-11-11;12;3132
17;2025-11-11;13;3184
17;2025-11-11;14;3315
17;2025-11-11;15;3367
17;2025-11-11;16;3748
17;2025-11-11;17;4656
17;2025-11-11;18;4915
17;2025-11-11;19;3415
17;2025-11-11;20;2402
17;2025-11-11;21;1488
17;2025-11-11;22;711
17;2025-11-11;23;387
17;2025-11-12;0;122
17;2025-11-12;1;11
17;2025-11-12;2;0
17;2025-11-12;3;0
17;2025-11-12;4;26
17;2025-11-12;5;322
17;2025-11-12;6;1569
17;2025-11-12;7;4333
17;2025-11-12;8;5529
17;2025-11-12;9;3971
17;2025-11-12;10;3156
17;2025-11-12;11;3120
17;2025-11-12;12;3132
17;2025-11-12;13;3184
17;2025-11-12;14;3315
17;2025-11-12;15;3367
17;2025-11-12;16;3748
17;2025-11-12;17;4656
17;2025-11-12;18;4915
17;2025-11-12;19;3415
17;2025-11-12;20;2402
17;2025-11-12;21;1488
17;2025-11-12;22;711
17;2025-11-12;23;387
17;2025-11-13;0;122
17;2025-11-13;1;11
17;2025-11-13;2;0
17;2025-11-13;3;0
17;2025-11-13;4;26
17;2025-11-13;5;322
17;2025-11-13;6;1569
17;2025-11-13;7;4333
17;2025-11-13;8;5529
17;2025-11-13;9;3971
17;2025-11-13;10;3156
17;2025-11-13;11;3120
17;2025-11-13;12;3132
17;2025-11-13;13;3184
17;2025-11-13;14;3315
17;2025-11-13;15;3367
17;2025-11-13;16;3748
17;2025-11-13;17;4656
17;2025-11-13;18;4915
17;2025-11-13;19;3415
17;2025-11-13;20;2402
17;2025-11-13;21;1488
17;2025-11-13;22;711
17;2025-11-13;23;387
17;2025-11-14;0;148
17;2025-11-14;1;18
17;2025-11-14;2;0
17;2025-11-14;3;0
17;2025-11-14;4;26
17;2025-11-14;5;321
17;2025-11-14;6;1578
17;2025-11-14;7;4277
17;2025-11-14;8;5419
17;2025-11-14;9;3916
17;2025-11-14;10;3101
17;2025-11-14;11;3155
17;2025-11-14;12;3117
17;2025-11-14;13;3210
17;2025-11-14;14;3281
17;2025-11-14;15;3565
17;2025-11-14;16;4311
17;2025-11-14;17;4902
17;2025-11-14;18;4448
17;2025-11-14;19;3291
17;2025-11-14;20;2425
17;2025-11-14;21;1631
17;2025-11-14;22;785
17;2025-11-14;23;489
17;2025-11-15;0;197
17;2025-11-15;1;28
17;2025-11-15;2;0
17;2025-11-15;3;0
17;2025-11-15;4;5
17;2025-11-15;5;133
17;2025-11-15;6;565
17;2025-11-15;7;1232
17;2025-11-15;8;1747
17;2025-11-15;9;2223
17;2025-11-15;10;2485
17;2025-11-15;11;2961
17;2025-11-15;12;3280
17;2025-11-15;13;3538
17;2025-11-15;14;3553
17;2025-11-15;15;3546
17;2025-11-15;16;3562
17;2025-11-15;17;3280
17;2025-11-15;18;2904
17;2025-11-15;19;2295
17;2025-11-15;20;1807
17;2025-11-15;21;1296
17;2025-11-15;22;780
17;2025-11-15;23;438
17;2025-11-16;0;192
17;2025-11-16;1;24
17;2025-11-16;2;0
17;2025-11-16;3;0
17;2025-11-16;4;3
17;2025-11-16;5;109
17;2025-11-16;6;450
17;2025-11-16;7;874
17;2025-11-16;8;1273
17;2025-11-16;9;1743
17;2025-11-16;10;2057
17;2025-11-16;11;2646
17;2025-11-16;12;3002
17;2025-11-16;13;3259
17;2025-11-16;14;3399
17;2025-11-16;15;3327
17;2025-11-16;16;3235
17;2025-11-16;17;3071
17;2025-11-16;18;2648
17;2025-11-16;19;2120
17;2025-11-16;20;1563
17;2025-11-16;21;1155
17;2025-11-16;22;707
17;2025-11-16;23;324
17;2025-11-17;0;123
17;2025-11-17;1;14
17;2025-11-17;2;0
17;2025-11-17;3;0
17;2025-11-17;4;28
17;2025-11-17;5;301
17;2025-11-17;6;1558
17;2025-11-17;7;4188
17;2025-11-17;8;5507
17;2025-11-17;9;3898
17;2025-11-17;10;2959
17;2025-11-17;11;2899
17;2025-11-17;12;2948
17;2025-11-17;13;3069
17;2025-11-17;14;3087
17;2025-11-17;15;3181
17;2025-11-17;16;3698
17;2025-11-17;17;4344
17;2025-11-17;18;4637
17;2025-11-17;19;2811
17;2025-11-17;20;2082
17;2025-11-17;21;1372
17;2025-11-17;22;644
17;2025-11-17;23;316
17;2025-11-18;0;122
17;2025-11-18;1;11
17;2025-11-18;2;0
17;2025-11-18;3;0
17;2025-11-18;4;26
17;2025-11-18;5;322
17;2025-11-18;6;1569
17;2025-11-18;7;4333
17;2025-11-18;8;5529
17;2025-11-18;9;3971
17;2025-11-18;10;3156
17;2025-11-18;11;3120
17;2025-11-18;12;3132
17;2025-11-18;13;3184
17;2025-11-18;14;3315
17;2025-11-18;15;3367
17;2025-11-18;16;3748
17;2025-11-18;17;4656
17;2025-11-18;18;4915
17;2025-11-18;19;3415
17;2025-11-18;20;2402
17;2025-11-18;21;1488
17;2025-11-18;22;711
17;2025-11-18;23;387
17;2025-11-19;0;122
17;2025-11-19;1;11
17;2025-11-19;2;0
17;2025-11-19;3;0
17;2025-11-19;4;26
17;2025-11-19;5;322
17;2025-11-19;6;1569
17;2025-11-19;7;4333
17;2025-11-19;8;5529
17;2025-11-19;9;3971
17;2025-11-19;10;3156
17;2025-11-19;11;3120
17;2025-11-19;12;3132
17;2025-11-19;13;3184
17;2025-11-19;14;3315
17;2025-11-19;15;3367
17;2025-11-19;16;3748
17;2025-11-19;17;4656
17;2025-11-19;18;4915
17;2025-11-19;19;3415
17;2025-11-19;20;2402
17;2025-11-19;21;1488
17;2025-11-19;22;711
17;2025-11-19;23;387
17;2025-11-20;0;122
17;2025-11-20;1;11
17;2025-11-20;2;0
17;2025-11-20;3;0
17;2025-11-20;4;26
17;2025-11-20;5;322
17;2025-11-20;6;1569
17;2025-11-20;7;4333
17;2025-11-20;8;5529
17;2025-11-20;9;3971
17;2025-11-20;10;3156
17;2025-11-20;11;3120
17;2025-11-20;12;3132
17;2025-11-20;13;3184
17;2025-11-20;14;3315
17;2025-11-20;15;3367
17;2025-11-20;16;3748
17;2025-11-20;17;4656
17;2025-11-20;18;4915
17;2025-11-20;19;3415
17;2025-11-20;20;2402
17;2025-11-20;21;1488
17;2025-11-20;22;711
17;2025-11-20;23;387
17;2025-11-21;0;148
17;2025-11-21;1;18
17;2025-11-21;2;0
17;2025-11-21;3;0
17;2025-11-21;4;26
17;2025-11-21;5;321
17;2025-11-21;6;1578
17;2025-11-21;7;4277
17;2025-11-21;8;5419
17;2025-11-21;9;3916
17;2025-11-21;10;3101
17;2025-11-21;11;3155
17;2025-11-21;12;3117
17;2025-11-21;13;3210
17;2025-11-21;14;3281
17;2025-11-21;15;3565
17;2025-11-21;16;4311
17;2025-11-21;17;4902
17;2025-11-21;18;4448
17;2025-11-21;19;3291
17;2025-11-21;20;2425
17;2025-11-21;21;1631
17;2025-11-21;22;785
17;2025-11-21;23;489
17;2025-11-22;0;207
17;2025-11-22;1;29
17;2025-11-22;2;0
17;2025-11-22;3;0
17;2025-11-22;4;5
17;2025-11-22;5;140
17;2025-11-22;6;596
17;2025-11-22;7;1299
17;2025-11-22;8;1842
17;2025-11-22;9;2344
17;2025-11-22;10;2620
17;2025-11-22;11;3123
17;2025-11-22;12;3459
17;2025-11-22;13;3731
17;2025-11-22;14;3746
17;2025-11-22;15;3739
17;2025-11-22;16;3756
17;2025-11-22;17;3459
17;2025-11-22;18;3062
17;2025-11-22;19;2420
17;2025-11-22;20;1905
17;2025-11-22;21;1367
17;2025-11-22;22;823
17;2025-11-22;23;462
17;2025-11-23;0;192
17;2025-11-23;1;24
17;2025-11-23;2;0
17;2025-11-23;3;0
17;2025-11-23;4;3
17;2025-11-23;5;109
17;2025-11-23;6;450
17;2025-11-23;7;874
17;2025-11-23;8;1273
17;2025-11-23;9;1743
17;2025-11-23;10;2057
17;2025-11-23;11;2646
17;2025-11-23;12;3002
17;2025-11-23;13;3259
17;2025-11-23;14;3399
17;2025-11-23;15;3327
17;2025-11-23;16;3235
17;2025-11-23;17;3071
17;2025-11-23;18;2648
17;2025-11-23;19;2120
17;2025-11-23;20;1563
17;2025-11-23;21;1155
17;2025-11-23;22;707
17;2025-11-23;23;324
17;2025-11-24;0;123
17;2025-11-24;1;14
17;2025-11-24;2;0
17;2025-11-24;3;0
17;2025-11-24;4;28
17;2025-11-24;5;301
17;2025-11-24;6;1558
17;2025-11-24;7;4188
17;2025-11-24;8;5507
17;2025-11-24;9;3898
17;2025-11-24;10;2959
17;2025-11-24;11;2899
17;2025-11-24;12;2948
17;2025-11-24;13;3069
17;2025-11-24;14;3087
17;2025-11-24;15;3181
17;2025-11-24;16;3698
17;2025-11-24;17;4344
17;2025-11-24;18;4637
17;2025-11-24;19;2811
17;2025-11-24;20;2082
17;2025-11-24;21;1372
17;2025-11-24;22;644
17;2025-11-24;23;316
17;2025-11-25;0;122
17;2025-11-25;1;11
17;2025-11-25;2;0
17;2025-11-25;3;0
17;2025-11-25;4;26
17;2025-11-25;5;322
17;2025-11-25;6;1569
17;2025-11-25;7;4333
17;2025-11-25;8;5529
17;2025-11-25;9;3971
17;2025-11-25;10;3156
17;2025-11-25;11;3120
17;2025-11-25;12;3132
17;2025-11-25;13;3184
17;2025-11-25;14;3315
17;2025-11-25;15;3367
17;2025-11-25;16;3748
17;2025-11-25;17;4656
17;2025-11-25;18;4915
17;2025-11-25;19;3415
17;2025-11-25;20;2402
17;2025-11-25;21;1488
17;2025-11-25;22;711
17;2025-11-25;23;387
17;2025-11-26;0;122
17;2025-11-26;1;11
17;2025-11-26;2;0
17;2025-11-26;3;0
17;2025-11-26;4;26
17;2025-11-26;5;322
17;2025-11-26;6;1569
17;2025-11-26;7;4333
17;2025-11-26;8;5529
17;2025-11-26;9;3971
17;2025-11-26;10;3156
17;2025-11-26;11;3120
17;2025-11-26;12;3132
17;2025-11-26;13;3184
17;2025-11-26;14;3315
17;2025-11-26;15;3367
17;2025-11-26;16;3748
17;2025-11-26;17;4656
17;2025-11-26;18;4915
17;2025-11-26;19;3415
17;2025-11-26;20;2402
17;2025-11-26;21;1488
17;2025-11-26;22;711
17;2025-11-26;23;387
17;2025-11-27;0;122
17;2025-11-27;1;11
17;2025-11-27;2;0
17;2025-11-27;3;0
17;2025-11-27;4;26
17;2025-11-27;5;322
17;2025-11-27;6;1569
17;2025-11-27;7;4333
17;2025-11-27;8;5529
17;2025-11-27;9;3971
17;2025-11-27;10;3156
17;2025-11-27;11;3120
17;2025-11-27;12;3132
17;2025-11-27;13;3184
17;2025-11-27;14;3315
17;2025-11-27;15;3367
17;2025-11-27;16;3748
17;2025-11-27;17;4656
17;2025-11-27;18;4915
17;2025-11-27;19;3415
17;2025-11-27;20;2402
17;2025-11-27;21;1488
17;2025-11-27;22;711
17;2025-11-27;23;387
17;2025-11-28;0;148
17;2025-11-28;1;18
17;2025-11-28;2;0
17;2025-11-28;3;0
17;2025-11-28;4;26
17;2025-11-28;5;321
17;2025-11-28;6;1578
17;2025-11-28;7;4277
17;2025-11-28;8;5419
17;2025-11-28;9;3916
17;2025-11-28;10;3101
17;2025-11-28;11;3155
17;2025-11-28;12;3117
17;2025-11-28;13;3210
17;2025-11-28;14;3281
17;2025-11-28;15;3565
17;2025-11-28;16;4311
17;2025-11-28;17;4902
17;2025-11-28;18;4448
17;2025-11-28;19;3291
17;2025-11-28;20;2425
17;2025-11-28;21;1631
17;2025-11-28;22;785
17;2025-11-28;23;489
17;2025-11-29;0;207
17;2025-11-29;1;29
17;2025-11-29;2;0
17;2025-11-29;3;0
17;2025-11-29;4;5
17;2025-11-29;5;140
17;2025-11-29;6;596
17;2025-11-29;7;1299
17;2025-11-29;8;1842
17;2025-11-29;9;2344
17;2025-11-29;10;2620
17;2025-11-29;11;3123
17;2025-11-29;12;3459
17;2025-11-29;13;3731
17;2025-11-29;14;3746
17;2025-11-29;15;3739
17;2025-11-29;16;3756
17;2025-11-29;17;3459
17;2025-11-29;18;3062
17;2025-11-29;19;2420
17;2025-11-29;20;1905
17;2025-11-29;21;1367
17;2025-11-29;22;823
17;2025-11-29;23;462
17;2025-11-30;0;192
17;2025-11-30;1;24
17;2025-11-30;2;0
17;2025-11-30;3;0
17;2025-11-30;4;3
17;2025-11-30;5;109
17;2025-11-30;6;450
17;2025-11-30;7;874
17;2025-11-30;8;1273
17;2025-11-30;9;1743
17;2025-11-30;10;2057
17;2025-11-30;11;2646
17;2025-11-30;12;3002
17;2025-11-30;13;3259
17;2025-11-30;14;3399
17;2025-11-30;15;3327
17;2025-11-30;16;3235
17;2025-11-30;17;3071
17;2025-11-30;18;2648
17;2025-11-30;19;2120
17;2025-11-30;20;1563
17;2025-11-30;21;1155
17;2025-11-30;22;707
17;2025-11-30;23;324
17;2025-12-01;0;123
17;2025-12-01;1;14
17;2025-12-01;2;0
17;2025-12-01;3;0
17;2025-12-01;4;28
17;2025-12-01;5;301
17;2025-12-01;6;1558
17;2025-12-01;7;4188
17;2025-12-01;8;5507
17;2025-12-01;9;3898
17;2025-12-01;10;2959
17;2025-12-01;11;2899
17;2025-12-01;12;2948
17;2025-12-01;13;3069
17;2025-12-01;14;3087
17;2025-12-01;15;3181
17;2025-12-01;16;3698
17;2025-12-01;17;4344
17;2025-12-01;18;4637
17;2025-12-01;19;2811
17;2025-12-01;20;2082
17;2025-12-01;21;1372
17;2025-12-01;22;644
17;2025-12-01;23;316
17;2025-12-02;0;122
17;2025-12-02;1;11
17;2025-12-02;2;0
17;2025-12-02;3;0
17;2025-12-02;4;26
17;2025-12-02;5;322
17;2025-12-02;6;1569
17;2025-12-02;7;4333
17;2025-12-02;8;5529
17;2025-12-02;9;3971
17;2025-12-02;10;3156
17;2025-12-02;11;3120
17;2025-12-02;12;3132
17;2025-12-02;13;3184
17;2025-12-02;14;3315
17;2025-12-02;15;3367
17;2025-12-02;16;3748
17;2025-12-02;17;4656
17;2025-12-02;18;4915
17;2025-12-02;19;3415
17;2025-12-02;20;2402
17;2025-12-02;21;1488
17;2025-12-02;22;711
17;2025-12-02;23;387
17;2025-12-03;0;122
17;2025-12-03;1;11
17;2025-12-03;2;0
17;2025-12-03;3;0
17;2025-12-03;4;26
17;2025-12-03;5;322
17;2025-12-03;6;1569
17;2025-12-03;7;4333
17;2025-12-03;8;5529
17;2025-12-03;9;3971
17;2025-12-03;10;3156
17;2025-12-03;11;3120
17;2025-12-03;12;3132
17;2025-12-03;13;3184
17;2025-12-03;14;3315
17;2025-12-03;15;3367
17;2025-12-03;16;3748
17;2025-12-03;17;4656
17;2025-12-03;18;4915
17;2025-12-03;19;3415
17;2025-12-03;20;2402
17;2025-12-03;21;1488
17;2025-12-03;22;711
17;2025-12-03;23;387
17;2025-12-04;0;122
17;2025-12-04;1;11
17;2025-12-04;2;0
17;2025-12-04;3;0
17;2025-12-04;4;26
17;2025-12-04;5;322
17;2025-12-04;6;1569
17;2025-12-04;7;4333
17;2025-12-04;8;5529
17;2025-12-04;9;3971
17;2025-12-04;10;3156
17;2025-12-04;11;3120
17;2025-12-04;12;3132
17;2025-12-04;13;3184
17;2025-12-04;14;3315
17;2025-12-04;15;3367
17;2025-12-04;16;3748
17;2025-12-04;17;4656
17;2025-12-04;18;4915
17;2025-12-04;19;3415
17;2025-12-04;20;2402
17;2025-12-04;21;1488
17;2025-12-04;22;711
17;2025-12-04;23;387
17;2025-12-05;0;148
17;2025-12-05;1;18
17;2025-12-05;2;0
17;2025-12-05;3;0
17;2025-12-05;4;26
17;2025-12-05;5;321
17;2025-12-05;6;1578
17;2025-12-05;7;4277
17;2025-12-05;8;5419
17;2025-12-05;9;3916
17;2025-12-05;10;3101
17;2025-12-05;11;3155
17;2025-12-05;12;3117
17;2025-12-05;13;3210
17;2025-12-05;14;3281
17;2025-12-05;15;3565
17;2025-12-05;16;4311
17;2025-12-05;17;4902
17;2025-12-05;18;4448
17;2025-12-05;19;3291
17;2025-12-05;20;2425
17;2025-12-05;21;1631
17;2025-12-05;22;785
17;2025-12-05;23;489
17;2025-12-06;0;207
17;2025-12-06;1;29
17;2025-12-06;2;0
17;2025-12-06;3;0
17;2025-12-06;4;5
17;2025-12-06;5;140
17;2025-12-06;6;596
17;2025-12-06;7;1299
17;2025-12-06;8;1842
17;2025-12-06;9;2344
17;2025-12-06;10;2620
17;2025-12-06;11;3123
17;2025-12-06;12;3459
17;2025-12-06;13;3731
17;2025-12-06;14;3746
17;2025-12-06;15;3739
17;2025-12-06;16;3756
17;2025-12-06;17;3459
17;2025-12-06;18;3062
17;2025-12-06;19;2420
17;2025-12-06;20;1905
17;2025-12-06;21;1367
17;2025-12-06;22;823
17;2025-12-06;23;462
17;2025-12-07;0;192
17;2025-12-07;1;24
17;2025-12-07;2;0
17;2025-12-07;3;0
17;2025-12-07;4;3
17;2025-12-07;5;109
17;2025-12-07;6;450
17;2025-12-07;7;874
17;2025-12-07;8;1273
17;2025-12-07;9;1743
17;2025-12-07;10;2057
17;2025-12-07;11;2646
17;2025-12-07;12;3002
17;2025-12-07;13;3259
17;2025-12-07;14;3399
17;2025-12-07;15;3327
17;2025-12-07;16;3235
17;2025-12-07;17;3071
17;2025-12-07;18;2648
17;2025-12-07;19;2120
17;2025-12-07;20;1563
17;2025-12-07;21;1155
17;2025-12-07;22;707
17;2025-12-07;23;324
17;2025-12-08;0;123
17;2025-12-08;1;14
17;2025-12-08;2;0
17;2025-12-08;3;0
17;2025-12-08;4;28
17;2025-12-08;5;301
17;2025-12-08;6;1558
17;2025-12-08;7;4188
17;2025-12-08;8;5507
17;2025-12-08;9;3898
17;2025-12-08;10;2959
17;2025-12-08;11;2899
17;2025-12-08;12;2948
17;2025-12-08;13;3069
17;2025-12-08;14;3087
17;2025-12-08;15;3181
17;2025-12-08;16;3698
17;2025-12-08;17;4344
17;2025-12-08;18;4637
17;2025-12-08;19;2811
17;2025-12-08;20;2082
17;2025-12-08;21;1372
17;2025-12-08;22;644
17;2025-12-08;23;316
17;2025-12-09;0;122
17;2025-12-09;1;11
17;2025-12-09;2;0
17;2025-12-09;3;0
17;2025-12-09;4;26
17;2025-12-09;5;322
17;2025-12-09;6;1569
17;2025-12-09;7;4333
17;2025-12-09;8;5529
17;2025-12-09;9;3971
17;2025-12-09;10;3156
17;2025-12-09;11;3120
17;2025-12-09;12;3132
17;2025-12-09;13;3184
17;2025-12-09;14;3315
17;2025-12-09;15;3367
17;2025-12-09;16;3748
17;2025-12-09;17;4656
17;2025-12-09;18;4915
17;2025-12-09;19;3415
17;2025-12-09;20;2402
17;2025-12-09;21;1488
17;2025-12-09;22;711
17;2025-12-09;23;387
17;2025-12-10;0;122
17;2025-12-10;1;11
17;2025-12-10;2;0
17;2025-12-10;3;0
17;2025-12-10;4;26
17;2025-12-10;5;322
17;2025-12-10;6;1569
17;2025-12-10;7;4333
17;2025-12-10;8;5529
17;2025-12-10;9;3971
17;2025-12-10;10;3156
17;2025-12-10;11;3120
17;2025-12-10;12;3132
17;2025-12-10;13;3184
17;2025-12-10;14;3315
17;2025-12-10;15;3367
17;2025-12-10;16;3748
17;2025-12-10;17;4656
17;2025-12-10;18;4915
17;2025-12-10;19;3415
17;2025-12-10;20;2402
17;2025-12-10;21;1488
17;2025-12-10;22;711
17;2025-12-10;23;387
17;2025-12-11;0;122
17;2025-12-11;1;11
17;2025-12-11;2;0
17;2025-12-11;3;0
17;2025-12-11;4;26
17;2025-12-11;5;322
17;2025-12-11;6;1569
17;2025-12-11;7;4333
17;2025-12-11;8;5529
17;2025-12-11;9;3971
17;2025-12-11;10;3156
17;2025-12-11;11;3120
17;2025-12-11;12;3132
17;2025-12-11;13;3184
17;2025-12-11;14;3315
17;2025-12-11;15;3367
17;2025-12-11;16;3748
17;2025-12-11;17;4656
17;2025-12-11;18;4915
17;2025-12-11;19;3415
17;2025-12-11;20;2402
17;2025-12-11;21;1488
17;2025-12-11;22;711
17;2025-12-11;23;387
17;2025-12-12;0;148
17;2025-12-12;1;18
17;2025-12-12;2;0
17;2025-12-12;3;0
17;2025-12-12;4;26
17;2025-12-12;5;321
17;2025-12-12;6;1578
17;2025-12-12;7;4277
17;2025-12-12;8;5419
17;2025-12-12;9;3916
17;2025-12-12;10;3101
17;2025-12-12;11;3155
17;2025-12-12;12;3117
17;2025-12-12;13;3210
17;2025-12-12;14;3281
17;2025-12-12;15;3565
17;2025-12-12;16;4311
17;2025-12-12;17;4902
17;2025-12-12;18;4448
17;2025-12-12;19;3291
17;2025-12-12;20;2425
17;2025-12-12;21;1631
17;2025-12-12;22;785
17;2025-12-12;23;489
17;2025-12-13;0;207
17;2025-12-13;1;29
17;2025-12-13;2;0
17;2025-12-13;3;0
17;2025-12-13;4;5
17;2025-12-13;5;140
17;2025-12-13;6;596
17;2025-12-13;7;1299
17;2025-12-13;8;1842
17;2025-12-13;9;2344
17;2025-12-13;10;2620
17;2025-12-13;11;3123
17;2025-12-13;12;3459
17;2025-12-13;13;3731
17;2025-12-13;14;3746
17;2025-12-13;15;3739
17;2025-12-13;16;3756
17;2025-12-13;17;3459
17;2025-12-13;18;3062
17;2025-12-13;19;2420
17;2025-12-13;20;1905
17;2025-12-13;21;1367
17;2025-12-13;22;823
17;2025-12-13;23;462
17;2025-12-14;0;192
17;2025-12-14;1;24
17;2025-12-14;2;0
17;2025-12-14;3;0
17;2025-12-14;4;3
17;2025-12-14;5;109
17;2025-12-14;6;450
17;2025-12-14;7;874
17;2025-12-14;8;1273
17;2025-12-14;9;1743
17;2025-12-14;10;2057
17;2025-12-14;11;2646
17;2025-12-14;12;3002
17;2025-12-14;13;3259
17;2025-12-14;14;3399
17;2025-12-14;15;3327
17;2025-12-14;16;3235
17;2025-12-14;17;3071
17;2025-12-14;18;2648
17;2025-12-14;19;2120
17;2025-12-14;20;1563
17;2025-12-14;21;1155
17;2025-12-14;22;707
17;2025-12-14;23;324
17;2025-12-15;0;123
17;2025-12-15;1;14
17;2025-12-15;2;0
17;2025-12-15;3;0
17;2025-12-15;4;28
17;2025-12-15;5;301
17;2025-12-15;6;1558
17;2025-12-15;7;4188
17;2025-12-15;8;5507
17;2025-12-15;9;3898
17;2025-12-15;10;2959
17;2025-12-15;11;2899
17;2025-12-15;12;2948
17;2025-12-15;13;3069
17;2025-12-15;14;3087
17;2025-12-15;15;3181
17;2025-12-15;16;3698
17;2025-12-15;17;4344
17;2025-12-15;18;4637
17;2025-12-15;19;2811
17;2025-12-15;20;2082
17;2025-12-15;21;1372
17;2025-12-15;22;644
17;2025-12-15;23;316
17;2025-12-16;0;122
17;2025-12-16;1;11
17;2025-12-16;2;0
17;2025-12-16;3;0
17;2025-12-16;4;26
17;2025-12-16;5;322
17;2025-12-16;6;1569
17;2025-12-16;7;4333
17;2025-12-16;8;5529
17;2025-12-16;9;3971
17;2025-12-16;10;3156
17;2025-12-16;11;3120
17;2025-12-16;12;3132
17;2025-12-16;13;3184
17;2025-12-16;14;3315
17;2025-12-16;15;3367
17;2025-12-16;16;3748
17;2025-12-16;17;4656
17;2025-12-16;18;4915
17;2025-12-16;19;3415
17;2025-12-16;20;2402
17;2025-12-16;21;1488
17;2025-12-16;22;711
17;2025-12-16;23;387
17;2025-12-17;0;122
17;2025-12-17;1;11
17;2025-12-17;2;0
17;2025-12-17;3;0
17;2025-12-17;4;26
17;2025-12-17;5;322
17;2025-12-17;6;1569
17;2025-12-17;7;4333
17;2025-12-17;8;5529
17;2025-12-17;9;3971
17;2025-12-17;10;3156
17;2025-12-17;11;3120
17;2025-12-17;12;3132
17;2025-12-17;13;3184
17;2025-12-17;14;3315
17;2025-12-17;15;3367
17;2025-12-17;16;3748
17;2025-12-17;17;4656
17;2025-12-17;18;4915
17;2025-12-17;19;3415
17;2025-12-17;20;2402
17;2025-12-17;21;1488
17;2025-12-17;22;711
17;2025-12-17;23;387
17;2025-12-18;0;122
17;2025-12-18;1;11
17;2025-12-18;2;0
17;2025-12-18;3;0
17;2025-12-18;4;26
17;2025-12-18;5;322
17;2025-12-18;6;1569
17;2025-12-18;7;4333
17;2025-12-18;8;5529
17;2025-12-18;9;3971
17;2025-12-18;10;3156
17;2025-12-18;11;3120
17;2025-12-18;12;3132
17;2025-12-18;13;3184
17;2025-12-18;14;3315
17;2025-12-18;15;3367
17;2025-12-18;16;3748
17;2025-12-18;17;4656
17;2025-12-18;18;4915
17;2025-12-18;19;3415
17;2025-12-18;20;2402
17;2025-12-18;21;1488
17;2025-12-18;22;711
17;2025-12-18;23;387
17;2025-12-19;0;148
17;2025-12-19;1;18
17;2025-12-19;2;0
17;2025-12-19;3;0
17;2025-12-19;4;26
17;2025-12-19;5;321
17;2025-12-19;6;1578
17;2025-12-19;7;4277
17;2025-12-19;8;5419
17;2025-12-19;9;3916
17;2025-12-19;10;3101
17;2025-12-19;11;3155
17;2025-12-19;12;3117
17;2025-12-19;13;3210
17;2025-12-19;14;3281
17;2025-12-19;15;3565
17;2025-12-19;16;4311
17;2025-12-19;17;4902
17;2025-12-19;18;4448
17;2025-12-19;19;3291
17;2025-12-19;20;2425
17;2025-12-19;21;1631
17;2025-12-19;22;785
17;2025-12-19;23;489
17;2025-12-20;0;207
17;2025-12-20;1;29
17;2025-12-20;2;0
17;2025-12-20;3;0
17;2025-12-20;4;5
17;2025-12-20;5;140
17;2025-12-20;6;596
17;2025-12-20;7;1299
17;2025-12-20;8;1842
17;2025-12-20;9;2344
17;2025-12-20;10;2620
17;2025-12-20;11;3123
17;2025-12-20;12;3459
17;2025-12-20;13;3731
17;2025-12-20;14;3746
17;2025-12-20;15;3739
17;2025-12-20;16;3756
17;2025-12-20;17;3459
17;2025-12-20;18;3062
17;2025-12-20;19;2420
17;2025-12-20;20;1905
17;2025-12-20;21;1367
17;2025-12-20;22;823
17;2025-12-20;23;462
17;2025-12-21;0;192
17;2025-12-21;1;24
17;2025-12-21;2;0
17;2025-12-21;3;0
17;2025-12-21;4;3
17;2025-12-21;5;109
17;2025-12-21;6;450
17;2025-12-21;7;874
17;2025-12-21;8;1273
17;2025-12-21;9;1743
17;2025-12-21;10;2057
17;2025-12-21;11;2646
17;2025-12-21;12;3002
17;2025-12-21;13;3259
17;2025-12-21;14;3399
17;2025-12-21;15;3327
17;2025-12-21;16;3235
17;2025-12-21;17;3071
17;2025-12-21;18;2648
17;2025-12-21;19;2120
17;2025-12-21;20;1563
17;2025-12-21;21;1155
17;2025-12-21;22;707
17;2025-12-21;23;324
17;2025-12-22;0;123
17;2025-12-22;1;14
17;2025-12-22;2;0
17;2025-12-22;3;0
17;2025-12-22;4;28
17;2025-12-22;5;301
17;2025-12-22;6;1558
17;2025-12-22;7;4188
17;2025-12-22;8;5507
17;2025-12-22;9;3898
17;2025-12-22;10;2959
17;2025-12-22;11;2899
17;2025-12-22;12;2948
17;2025-12-22;13;3069
17;2025-12-22;14;3087
17;2025-12-22;15;3181
17;2025-12-22;16;3698
17;2025-12-22;17;4344
17;2025-12-22;18;4637
17;2025-12-22;19;2811
17;2025-12-22;20;2082
17;2025-12-22;21;1372
17;2025-12-22;22;644
17;2025-12-22;23;316
17;2025-12-23;0;122
17;2025-12-23;1;11
17;2025-12-23;2;0
17;2025-12-23;3;0
17;2025-12-23;4;26
17;2025-12-23;5;322
17;2025-12-23;6;1569
17;2025-12-23;7;4333
17;2025-12-23;8;5529
17;2025-12-23;9;3971
17;2025-12-23;10;3156
17;2025-12-23;11;3120
17;2025-12-23;12;3132
17;2025-12-23;13;3184
17;2025-12-23;14;3315
17;2025-12-23;15;3367
17;2025-12-23;16;3748
17;2025-12-23;17;4656
17;2025-12-23;18;4915
17;2025-12-23;19;3415
17;2025-12-23;20;2402
17;2025-12-23;21;1488
17;2025-12-23;22;711
17;2025-12-23;23;387
17;2025-12-24;0;122
17;2025-12-24;1;11
17;2025-12-24;2;0
17;2025-12-24;3;0
17;2025-12-24;4;26
17;2025-12-24;5;322
17;2025-12-24;6;1569
17;2025-12-24;7;4333
17;2025-12-24;8;5529
17;2025-12-24;9;3971
17;2025-12-24;10;3156
17;2025-12-24;11;3120
17;2025-12-24;12;3132
17;2025-12-24;13;3184
17;2025-12-24;14;3315
17;2025-12-24;15;3367
17;2025-12-24;16;3748
17;2025-12-24;17;4656
17;2025-12-24;18;4915
17;2025-12-24;19;3415
17;2025-12-24;20;2402
17;2025-12-24;21;1488
17;2025-12-24;22;711
17;2025-12-24;23;387
17;2025-12-25;0;122
17;2025-12-25;1;11
17;2025-12-25;2;0
17;2025-12-25;3;0
17;2025-12-25;4;26
17;2025-12-25;5;322
17;2025-12-25;6;1569
17;2025-12-25;7;4333
17;2025-12-25;8;5529
17;2025-12-25;9;3971
17;2025-12-25;10;3156
17;2025-12-25;11;3120
17;2025-12-25;12;3132
17;2025-12-25;13;3184
17;2025-12-25;14;3315
17;2025-12-25;15;3367
17;2025-12-25;16;3748
17;2025-12-25;17;4656
17;2025-12-25;18;4915
17;2025-12-25;19;3415
17;2025-12-25;20;2402
17;2025-12-25;21;1488
17;2025-12-25;22;711
17;2025-12-25;23;387
17;2025-12-26;0;148
17;2025-12-26;1;18
17;2025-12-26;2;0
17;2025-12-26;3;0
17;2025-12-26;4;26
17;2025-12-26;5;321
17;2025-12-26;6;1578
17;2025-12-26;7;4277
17;2025-12-26;8;5419
17;2025-12-26;9;3916
17;2025-12-26;10;3101
17;2025-12-26;11;3155
17;2025-12-26;12;3117
17;2025-12-26;13;3210
17;2025-12-26;14;3281
17;2025-12-26;15;3565
17;2025-12-26;16;4311
17;2025-12-26;17;4902
17;2025-12-26;18;4448
17;2025-12-26;19;3291
17;2025-12-26;20;2425
17;2025-12-26;21;1631
17;2025-12-26;22;785
17;2025-12-26;23;489
17;2025-12-27;0;207
17;2025-12-27;1;29
17;2025-12-27;2;0
17;2025-12-27;3;0
17;2025-12-27;4;5
17;2025-12-27;5;140
17;2025-12-27;6;596
17;2025-12-27;7;1299
17;2025-12-27;8;1842
17;2025-12-27;9;2344
17;2025-12-27;10;2620
17;2025-12-27;11;3123
17;2025-12-27;12;3459
17;2025-12-27;13;3731
17;2025-12-27;14;3746
17;2025-12-27;15;3739
17;2025-12-27;16;3756
17;2025-12-27;17;3459
17;2025-12-27;18;3062
17;2025-12-27;19;2420
17;2025-12-27;20;1905
17;2025-12-27;21;1367
17;2025-12-27;22;823
17;2025-12-27;23;462
17;2025-12-28;0;192
17;2025-12-28;1;24
17;2025-12-28;2;0
17;2025-12-28;3;0
17;2025-12-28;4;3
17;2025-12-28;5;109
17;2025-12-28;6;450
17;2025-12-28;7;874
17;2025-12-28;8;1273
17;2025-12-28;9;1743
17;2025-12-28;10;2057
17;2025-12-28;11;2646
17;2025-12-28;12;3002
17;2025-12-28;13;3259
17;2025-12-28;14;3399
17;2025-12-28;15;3327
17;2025-12-28;16;3235
17;2025-12-28;17;3071
17;2025-12-28;18;2648
17;2025-12-28;19;2120
17;2025-12-28;20;1563
17;2025-12-28;21;1155
17;2025-12-28;22;707
17;2025-12-28;23;324
17;2025-12-29;0;128
17;2025-12-29;1;15
17;2025-12-29;2;0
17;2025-12-29;3;0
17;2025-12-29;4;21
17;2025-12-29;5;276
17;2025-12-29;6;1357
17;2025-12-29;7;3678
17;2025-12-29;8;4660
17;2025-12-29;9;3367
17;2025-12-29;10;2666
17;2025-12-29;11;2713
17;2025-12-29;12;2681
17;2025-12-29;13;2761
17;2025-12-29;14;2821
17;2025-12-29;15;3066
17;2025-12-29;16;3708
17;2025-12-29;17;4216
17;2025-12-29;18;3825
17;2025-12-29;19;2830
17;2025-12-29;20;2085
17;2025-12-29;21;1402
17;2025-12-29;22;675
17;2025-12-29;23;420
17;2025-12-30;0;128
17;2025-12-30;1;15
17;2025-12-30;2;0
17;2025-12-30;3;0
17;2025-12-30;4;21
17;2025-12-30;5;276
17;2025-12-30;6;1357
17;2025-12-30;7;3678
17;2025-12-30;8;4660
17;2025-12-30;9;3367
17;2025-12-30;10;2666
17;2025-12-30;11;2713
17;2025-12-30;12;2681
17;2025-12-30;13;2761
17;2025-12-30;14;2821
17;2025-12-30;15;3066
17;2025-12-30;16;3708
17;2025-12-30;17;4216
17;2025-12-30;18;3825
17;2025-12-30;19;2830
17;2025-12-30;20;2085
17;2025-12-30;21;1402
17;2025-12-30;22;675
17;2025-12-30;23;420
17;2025-12-31;0;176
17;2025-12-31;1;24
17;2025-12-31;2;0
17;2025-12-31;3;0
17;2025-12-31;4;5
17;2025-12-31;5;118
17;2025-12-31;6;507
17;2025-12-31;7;1105
17;2025-12-31;8;1566
17;2025-12-31;9;1992
17;2025-12-31;10;2227
17;2025-12-31;11;2654
17;2025-12-31;12;2941
17;2025-12-31;13;3171
17;2025-12-31;14;3184
17;2025-12-31;15;3178
17;2025-12-31;16;3193
17;2025-12-31;17;2941
17;2025-12-31;18;2603
17;2025-12-31;19;1131
17;2025-12-31;20;890
17;2025-12-31;21;640
17;2025-12-31;22;385
17;2025-12-31;23;216
25;2025-11-01;0;0
25;2025-11-01;1;0
25;2025-11-01;2;0
25;2025-11-01;3;0
25;2025-11-01;4;0
25;2025-11-01;5;14
25;2025-11-01;6;247
25;2025-11-01;7;507
25;2025-11-01;8;779
25;2025-11-01;9;396
25;2025-11-01;10;362
25;2025-11-01;11;401
25;2025-11-01;12;382
25;2025-11-01;13;506
25;2025-11-01;14;419
25;2025-11-01;15;581
25;2025-11-01;16;742
25;2025-11-01;17;712
25;2025-11-01;18;627
25;2025-11-01;19;577
25;2025-11-01;20;308
25;2025-11-01;21;200
25;2025-11-01;22;98
25;2025-11-01;23;13
25;2025-11-02;0;16
25;2025-11-02;1;1
25;2025-11-02;2;0
25;2025-11-02;3;0
25;2025-11-02;4;0
25;2025-11-02;5;11
25;2025-11-02;6;116
25;2025-11-02;7;108
25;2025-11-02;8;205
25;2025-11-02;9;231
25;2025-11-02;10;235
25;2025-11-02;11;337
25;2025-11-02;12;403
25;2025-11-02;13;531
25;2025-11-02;14;627
25;2025-11-02;15;717
25;2025-11-02;16;610
25;2025-11-02;17;608
25;2025-11-02;18;466
25;2025-11-02;19;312
25;2025-11-02;20;248
25;2025-11-02;21;154
25;2025-11-02;22;98
25;2025-11-02;23;37
25;2025-11-03;0;16
25;2025-11-03;1;0
25;2025-11-03;2;0
25;2025-11-03;3;0
25;2025-11-03;4;0
25;2025-11-03;5;10
25;2025-11-03;6;112
25;2025-11-03;7;105
25;2025-11-03;8;198
25;2025-11-03;9;223
25;2025-11-03;10;227
25;2025-11-03;11;325
25;2025-11-03;12;390
25;2025-11-03;13;514
25;2025-11-03;14;606
25;2025-11-03;15;694
25;2025-11-03;16;591
25;2025-11-03;17;588
25;2025-11-03;18;450
25;2025-11-03;19;302
25;2025-11-03;20;240
25;2025-11-03;21;149
25;2025-11-03;22;95
25;2025-11-03;23;36
25;2025-11-04;0;16
25;2025-11-04;1;0
25;2025-11-04;2;0
25;2025-11-04;3;0
25;2025-11-04;4;0
25;2025-11-04;5;10
25;2025-11-04;6;112
25;2025-11-04;7;105
25;2025-11-04;8;198
25;2025-11-04;9;223
25;2025-11-04;10;227
25;2025-11-04;11;325
25;2025-11-04;12;390
25;2025-11-04;13;514
25;2025-11-04;14;606
25;2025-11-04;15;694
25;2025-11-04;16;591
25;2025-11-04;17;588
25;2025-11-04;18;450
25;2025-11-04;19;302
25;2025-11-04;20;240
25;2025-11-04;21;149
25;2025-11-04;22;95
25;2025-11-04;23;36
25;2025-11-05;0;1
25;2025-11-05;1;0
25;2025-11-05;2;0
25;2025-11-05;3;0
25;2025-11-05;4;0
25;2025-11-05;5;21
25;2025-11-05;6;284
25;2025-11-05;7;557
25;2025-11-05;8;940
25;2025-11-05;9;481
25;2025-11-05;10;400
25;2025-11-05;11;467
25;2025-11-05;12;457
25;2025-11-05;13;553
25;2025-11-05;14;499
25;2025-11-05;15;635
25;2025-11-05;16;721
25;2025-11-05;17;820
25;2025-11-05;18;817
25;2025-11-05;19;645
25;2025-11-05;20;344
25;2025-11-05;21;236
25;2025-11-05;22;95
25;2025-11-05;23;6
25;2025-11-06;0;1
25;2025-11-06;1;0
25;2025-11-06;2;0
25;2025-11-06;3;0
25;2025-11-06;4;0
25;2025-11-06;5;21
25;2025-11-06;6;284
25;2025-11-06;7;557
25;2025-11-06;8;940
25;2025-11-06;9;481
25;2025-11-06;10;400
25;2025-11-06;11;467
25;2025-11-06;12;457
25;2025-11-06;13;553
25;2025-11-06;14;499
25;2025-11-06;15;635
25;2025-11-06;16;721
25;2025-11-06;17;820
25;2025-11-06;18;817
25;2025-11-06;19;645
25;2025-11-06;20;344
25;2025-11-06;21;236
25;2025-11-06;22;95
25;2025-11-06;23;6
25;2025-11-07;0;0
25;2025-11-07;1;0
25;2025-11-07;2;0
25;2025-11-07;3;0
25;2025-11-07;4;0
25;2025-11-07;5;17
25;2025-11-07;6;291
25;2025-11-07;7;597
25;2025-11-07;8;917
25;2025-11-07;9;466
25;2025-11-07;10;426
25;2025-11-07;11;471
25;2025-11-07;12;450
25;2025-11-07;13;595
25;2025-11-07;14;494
25;2025-11-07;15;684
25;2025-11-07;16;872
25;2025-11-07;17;838
25;2025-11-07;18;738
25;2025-11-07;19;679
25;2025-11-07;20;363
25;2025-11-07;21;236
25;2025-11-07;22;115
25;2025-11-07;23;15
25;2025-11-08;0;6
25;2025-11-08;1;0
25;2025-11-08;2;0
25;2025-11-08;3;0
25;2025-11-08;4;0
25;2025-11-08;5;22
25;2025-11-08;6;145
25;2025-11-08;7;142
25;2025-11-08;8;328
25;2025-11-08;9;296
25;2025-11-08;10;305
25;2025-11-08;11;405
25;2025-11-08;12;426
25;2025-11-08;13;705
25;2025-11-08;14;712
25;2025-11-08;15;835
25;2025-11-08;16;783
25;2025-11-08;17;626
25;2025-11-08;18;550
25;2025-11-08;19;475
25;2025-11-08;20;269
25;2025-11-08;21;206
25;2025-11-08;22;119
25;2025-11-08;23;45
25;2025-11-09;0;16
25;2025-11-09;1;1
25;2025-11-09;2;0
25;2025-11-09;3;0
25;2025-11-09;4;0
25;2025-11-09;5;11
25;2025-11-09;6;116
25;2025-11-09;7;108
25;2025-11-09;8;205
25;2025-11-09;9;231
25;2025-11-09;10;235
25;2025-11-09;11;337
25;2025-11-09;12;403
25;2025-11-09;13;531
25;2025-11-09;14;627
25;2025-11-09;15;717
25;2025-11-09;16;610
25;2025-11-09;17;608
25;2025-11-09;18;466
25;2025-11-09;19;312
25;2025-11-09;20;248
25;2025-11-09;21;154
25;2025-11-09;22;98
25;2025-11-09;23;37
25;2025-11-10;0;8
25;2025-11-10;1;0
25;2025-11-10;2;0
25;2025-11-10;3;0
25;2025-11-10;4;0
25;2025-11-10;5;22
25;2025-11-10;6;268
25;2025-11-10;7;566
25;2025-11-10;8;1018
25;2025-11-10;9;568
25;2025-11-10;10;358
25;2025-11-10;11;445
25;2025-11-10;12;438
25;2025-11-10;13;597
25;2025-11-10;14;498
25;2025-11-10;15;507
25;2025-11-10;16;729
25;2025-11-10;17;797
25;2025-11-10;18;776
25;2025-11-10;19;593
25;2025-11-10;20;308
25;2025-11-10;21;199
25;2025-11-10;22;84
25;2025-11-10;23;11
25;2025-11-11;0;1
25;2025-11-11;1;0
25;2025-11-11;2;0
25;2025-11-11;3;0
25;2025-11-11;4;0
25;2025-11-11;5;21
25;2025-11-11;6;284
25;2025-11-11;7;557
25;2025-11-11;8;940
25;2025-11-11;9;481
25;2025-11-11;10;400
25;2025-11-11;11;467
25;2025-11-11;12;457
25;2025-11-11;13;553
25;2025-11-11;14;499
25;2025-11-11;15;635
25;2025-11-11;16;721
25;2025-11-11;17;820
25;2025-11-11;18;817
25;2025-11-11;19;645
25;2025-11-11;20;344
25;2025-11-11;21;236
25;2025-11-11;22;95
25;2025-11-11;23;6
25;2025-11-12;0;1
25;2025-11-12;1;0
25;2025-11-12;2;0
25;2025-11-12;3;0
25;2025-11-12;4;0
25;2025-11-12;5;21
25;2025-11-12;6;284
25;2025-11-12;7;557
25;2025-11-12;8;940
25;2025-11-12;9;481
25;2025-11-12;10;400
25;2025-11-12;11;467
25;2025-11-12;12;457
25;2025-11-12;13;553
25;2025-11-12;14;499
25;2025-11-12;15;635
25;2025-11-12;16;721
25;2025-11-12;17;820
25;2025-11-12;18;817
25;2025-11-12;19;645
25;2025-11-12;20;344
25;2025-11-12;21;236
25;2025-11-12;22;95
25;2025-11-12;23;6
25;2025-11-13;0;1
25;2025-11-13;1;0
25;2025-11-13;2;0
25;2025-11-13;3;0
25;2025-11-13;4;0
25;2025-11-13;5;21
25;2025-11-13;6;284
25;2025-11-13;7;557
25;2025-11-13;8;940
25;2025-11-13;9;481
25;2025-11-13;10;400
25;2025-11-13;11;467
25;2025-11-13;12;457
25;2025-11-13;13;553
25;2025-11-13;14;499
25;2025-11-13;15;635
25;2025-11-13;16;721
25;2025-11-13;17;820
25;2025-11-13;18;817
25;2025-11-13;19;645
25;2025-11-13;20;344
25;2025-11-13;21;236
25;2025-11-13;22;95
25;2025-11-13;23;6
25;2025-11-14;0;0
25;2025-11-14;1;0
25;2025-11-14;2;0
25;2025-11-14;3;0
25;2025-11-14;4;0
25;2025-11-14;5;17
25;2025-11-14;6;291
25;2025-11-14;7;597
25;2025-11-14;8;917
25;2025-11-14;9;466
25;2025-11-14;10;426
25;2025-11-14;11;471
25;2025-11-14;12;450
25;2025-11-14;13;595
25;2025-11-14;14;494
25;2025-11-14;15;684
25;2025-11-14;16;872
25;2025-11-14;17;838
25;2025-11-14;18;738
25;2025-11-14;19;679
25;2025-11-14;20;363
25;2025-11-14;21;236
25;2025-11-14;22;115
25;2025-11-14;23;15
25;2025-11-15;0;6
25;2025-11-15;1;0
25;2025-11-15;2;0
25;2025-11-15;3;0
25;2025-11-15;4;0
25;2025-11-15;5;21
25;2025-11-15;6;138
25;2025-11-15;7;135
25;2025-11-15;8;312
25;2025-11-15;9;280
25;2025-11-15;10;289
25;2025-11-15;11;384
25;2025-11-15;12;404
25;2025-11-15;13;668
25;2025-11-15;14;675
25;2025-11-15;15;793
25;2025-11-15;16;744
25;2025-11-15;17;595
25;2025-11-15;18;522
25;2025-11-15;19;451
25;2025-11-15;20;255
25;2025-11-15;21;196
25;2025-11-15;22;113
25;2025-11-15;23;43
25;2025-11-16;0;16
25;2025-11-16;1;1
25;2025-11-16;2;0
25;2025-11-16;3;0
25;2025-11-16;4;0
25;2025-11-16;5;11
25;2025-11-16;6;116
25;2025-11-16;7;108
25;2025-11-16;8;205
25;2025-11-16;9;231
25;2025-11-16;10;235
25;2025-11-16;11;337
25;2025-11-16;12;403
25;2025-11-16;13;531
25;2025-11-16;14;627
25;2025-11-16;15;717
25;2025-11-16;16;610
25;2025-11-16;17;608
25;2025-11-16;18;466
25;2025-11-16;19;312
25;2025-11-16;20;248
25;2025-11-16;21;154
25;2025-11-16;22;98
25;2025-11-16;23;37
25;2025-11-17;0;8
25;2025-11-17;1;0
25;2025-11-17;2;0
25;2025-11-17;3;0
25;2025-11-17;4;0
25;2025-11-17;5;22
25;2025-11-17;6;268
25;2025-11-17;7;566
25;2025-11-17;8;1018
25;2025-11-17;9;568
25;2025-11-17;10;358
25;2025-11-17;11;445
25;2025-11-17;12;438
25;2025-11-17;13;597
25;2025-11-17;14;498
25;2025-11-17;15;507
25;2025-11-17;16;729
25;2025-11-17;17;797
25;2025-11-17;18;776
25;2025-11-17;19;593
25;2025-11-17;20;308
25;2025-11-17;21;199
25;2025-11-17;22;84
25;2025-11-17;23;11
25;2025-11-18;0;1
25;2025-11-18;1;0
25;2025-11-18;2;0
25;2025-11-18;3;0
25;2025-11-18;4;0
25;2025-11-18;5;21
25;2025-11-18;6;284
25;2025-11-18;7;557
25;2025-11-18;8;940
25;2025-11-18;9;481
25;2025-11-18;10;400
25;2025-11-18;11;467
25;2025-11-18;12;457
25;2025-11-18;13;553
25;2025-11-18;14;499
25;2025-11-18;15;635
25;2025-11-18;16;721
25;2025-11-18;17;820
25;2025-11-18;18;817
25;2025-11-18;19;645
25;2025-11-18;20;344
25;2025-11-18;21;236
25;2025-11-18;22;95
25;2025-11-18;23;6
25;2025-11-19;0;1
25;2025-11-19;1;0
25;2025-11-19;2;0
25;2025-11-19;3;0
25;2025-11-19;4;0
25;2025-11-19;5;21
25;2025-11-19;6;284
25;2025-11-19;7;557
25;2025-11-19;8;940
25;2025-11-19;9;481
25;2025-11-19;10;400
25;2025-11-19;11;467
25;2025-11-19;12;457
25;2025-11-19;13;553
25;2025-11-19;14;499
25;2025-11-19;15;635
25;2025-11-19;16;721
25;2025-11-19;17;820
25;2025-11-19;18;817
25;2025-11-19;19;645
25;2025-11-19;20;344
25;2025-11-19;21;236
25;2025-11-19;22;95
25;2025-11-19;23;6
25;2025-11-20;0;1
25;2025-11-20;1;0
25;2025-11-20;2;0
25;2025-11-20;3;0
25;2025-11-20;4;0
25;2025-11-20;5;21
25;2025-11-20;6;284
25;2025-11-20;7;557
25;2025-11-20;8;940
25;2025-11-20;9;481
25;2025-11-20;10;400
25;2025-11-20;11;467
25;2025-11-20;12;457
25;2025-11-20;13;553
25;2025-11-20;14;499
25;2025-11-20;15;635
25;2025-11-20;16;721
25;2025-11-20;17;820
25;2025-11-20;18;817
25;2025-11-20;19;645
25;2025-11-20;20;344
25;2025-11-20;21;236
25;2025-11-20;22;95
25;2025-11-20;23;6
25;2025-11-21;0;0
25;2025-11-21;1;0
25;2025-11-21;2;0
25;2025-11-21;3;0
25;2025-11-21;4;0
25;2025-11-21;5;17
25;2025-11-21;6;291
25;2025-11-21;7;597
25;2025-11-21;8;917
25;2025-11-21;9;466
25;2025-11-21;10;426
25;2025-11-21;11;471
25;2025-11-21;12;450
25;2025-11-21;13;595
25;2025-11-21;14;494
25;2025-11-21;15;684
25;2025-11-21;16;872
25;2025-11-21;17;838
25;2025-11-21;18;738
25;2025-11-21;19;679
25;2025-11-21;20;363
25;2025-11-21;21;236
25;2025-11-21;22;115
25;2025-11-21;23;15
25;2025-11-22;0;6
25;2025-11-22;1;0
25;2025-11-22;2;0
25;2025-11-22;3;0
25;2025-11-22;4;0
25;2025-11-22;5;22
25;2025-11-22;6;145
25;2025-11-22;7;142
25;2025-11-22;8;328
25;2025-11-22;9;296
25;2025-11-22;10;305
25;2025-11-22;11;405
25;2025-11-22;12;426
25;2025-11-22;13;705
25;2025-11-22;14;712
25;2025-11-22;15;835
25;2025-11-22;16;783
25;2025-11-22;17;626
25;2025-11-22;18;550
25;2025-11-22;19;475
25;2025-11-22;20;269
25;2025-11-22;21;206
25;2025-11-22;22;119
25;2025-11-22;23;45
25;2025-11-23;0;16
25;2025-11-23;1;1
25;2025-11-23;2;0
25;2025-11-23;3;0
25;2025-11-23;4;0
25;2025-11-23;5;11
25;2025-11-23;6;116
25;2025-11-23;7;108
25;2025-11-23;8;205
25;2025-11-23;9;231
25;2025-11-23;10;235
25;2025-11-23;11;337
25;2025-11-23;12;403
25;2025-11-23;13;531
25;2025-11-23;14;627
25;2025-11-23;15;717
25;2025-11-23;16;610
25;2025-11-23;17;608
25;2025-11-23;18;466
25;2025-11-23;19;312
25;2025-11-23;20;248
25;2025-11-23;21;154
25;2025-11-23;22;98
25;2025-11-23;23;37
25;2025-11-24;0;8
25;2025-11-24;1;0
25;2025-11-24;2;0
25;2025-11-24;3;0
25;2025-11-24;4;0
25;2025-11-24;5;22
25;2025-11-24;6;268
25;2025-11-24;7;566
25;2025-11-24;8;1018
25;2025-11-24;9;568
25;2025-11-24;10;358
25;2025-11-24;11;445
25;2025-11-24;12;438
25;2025-11-24;13;597
25;2025-11-24;14;498
25;2025-11-24;15;507
25;2025-11-24;16;729
25;2025-11-24;17;797
25;2025-11-24;18;776
25;2025-11-24;19;593
25;2025-11-24;20;308
25;2025-11-24;21;199
25;2025-11-24;22;84
25;2025-11-24;23;11
25;2025-11-25;0;1
25;2025-11-25;1;0
25;2025-11-25;2;0
25;2025-11-25;3;0
25;2025-11-25;4;0
25;2025-11-25;5;21
25;2025-11-25;6;284
25;2025-11-25;7;557
25;2025-11-25;8;940
25;2025-11-25;9;481
25;2025-11-25;10;400
25;2025-11-25;11;467
25;2025-11-25;12;457
25;2025-11-25;13;553
25;2025-11-25;14;499
25;2025-11-25;15;635
25;2025-11-25;16;721
25;2025-11-25;17;820
25;2025-11-25;18;817
25;2025-11-25;19;645
25;2025-11-25;20;344
25;2025-11-25;21;236
25;2025-11-25;22;95
25;2025-11-25;23;6
25;2025-11-26;0;1
25;2025-11-26;1;0
25;2025-11-26;2;0
25;2025-11-26;3;0
25;2025-11-26;4;0
25;2025-11-26;5;21
25;2025-11-26;6;284
25;2025-11-26;7;557
25;2025-11-26;8;940
25;2025-11-26;9;481
25;2025-11-26;10;400
25;2025-11-26;11;467
25;2025-11-26;12;457
25;2025-11-26;13;553
25;2025-11-26;14;499
25;2025-11-26;15;635
25;2025-11-26;16;721
25;2025-11-26;17;820
25;2025-11-26;18;817
25;2025-11-26;19;645
25;2025-11-26;20;344
25;2025-11-26;21;236
25;2025-11-26;22;95
25;2025-11-26;23;6
25;2025-11-27;0;1
25;2025-11-27;1;0
25;2025-11-27;2;0
25;2025-11-27;3;0
25;2025-11-27;4;0
25;2025-11-27;5;21
25;2025-11-27;6;284
25;2025-11-27;7;557
25;2025-11-27;8;940
25;2025-11-27;9;481
25;2025-11-27;10;400
25;2025-11-27;11;467
25;2025-11-27;12;457
25;2025-11-27;13;553
25;2025-11-27;14;499
25;2025-11-27;15;635
25;2025-11-27;16;721
25;2025-11-27;17;820
25;2025-11-27;18;817
25;2025-11-27;19;645
25;2025-11-27;20;344
25;2025-11-27;21;236
25;2025-11-27;22;95
25;2025-11-27;23;6
25;2025-11-28;0;0
25;2025-11-28;1;0
25;2025-11-28;2;0
25;2025-11-28;3;0
25;2025-11-28;4;0
25;2025-11-28;5;17
25;2025-11-28;6;291
25;2025-11-28;7;597
25;2025-11-28;8;917
25;2025-11-28;9;466
25;2025-11-28;10;426
25;2025-11-28;11;471
25;2025-11-28;12;450
25;2025-11-28;13;595
25;2025-11-28;14;494
25;2025-11-28;15;684
25;2025-11-28;16;872
25;2025-11-28;17;838
25;2025-11-28;18;738
25;2025-11-28;19;679
25;2025-11-28;20;363
25;2025-11-28;21;236
25;2025-11-28;22;115
25;2025-11-28;23;15
25;2025-11-29;0;6
25;2025-11-29;1;0
25;2025-11-29;2;0
25;2025-11-29;3;0
25;2025-11-29;4;0
25;2025-11-29;5;22
25;2025-11-29;6;145
25;2025-11-29;7;142
25;2025-11-29;8;328
25;2025-11-29;9;296
25;2025-11-29;10;305
25;2025-11-29;11;405
25;2025-11-29;12;426
25;2025-11-29;13;705
25;2025-11-29;14;712
25;2025-11-29;15;835
25;2025-11-29;16;783
25;2025-11-29;17;626
25;2025-11-29;18;550
25;2025-11-29;19;475
25;2025-11-29;20;269
25;2025-11-29;21;206
25;2025-11-29;22;119
25;2025-11-29;23;45
25;2025-11-30;0;16
25;2025-11-30;1;1
25;2025-11-30;2;0
25;2025-11-30;3;0
25;2025-11-30;4;0
25;2025-11-30;5;11
25;2025-11-30;6;116
25;2025-11-30;7;108
25;2025-11-30;8;205
25;2025-11-30;9;231
25;2025-11-30;10;235
25;2025-11-30;11;337
25;2025-11-30;12;403
25;2025-11-30;13;531
25;2025-11-30;14;627
25;2025-11-30;15;717
25;2025-11-30;16;610
25;2025-11-30;17;608
25;2025-11-30;18;466
25;2025-11-30;19;312
25;2025-11-30;20;248
25;2025-11-30;21;154
25;2025-11-30;22;98
25;2025-11-30;23;37
25;2025-12-01;0;8
25;2025-12-01;1;0
25;2025-12-01;2;0
25;2025-12-01;3;0
25;2025-12-01;4;0
25;2025-12-01;5;22
25;2025-12-01;6;268
25;2025-12-01;7;566
25;2025-12-01;8;1018
25;2025-12-01;9;568
25;2025-12-01;10;358
25;2025-12-01;11;445
25;2025-12-01;12;438
25;2025-12-01;13;597
25;2025-12-01;14;498
25;2025-12-01;15;507
25;2025-12-01;16;729
25;2025-12-01;17;797
25;2025-12-01;18;776
25;2025-12-01;19;593
25;2025-12-01;20;308
25;2025-12-01;21;199
25;2025-12-01;22;84
25;2025-12-01;23;11
25;2025-12-02;0;1
25;2025-12-02;1;0
25;2025-12-02;2;0
25;2025-12-02;3;0
25;2025-12-02;4;0
25;2025-12-02;5;21
25;2025-12-02;6;284
25;2025-12-02;7;557
25;2025-12-02;8;940
25;2025-12-02;9;481
25;2025-12-02;10;400
25;2025-12-02;11;467
25;2025-12-02;12;457
25;2025-12-02;13;553
25;2025-12-02;14;499
25;2025-12-02;15;635
25;2025-12-02;16;721
25;2025-12-02;17;820
25;2025-12-02;18;817
25;2025-12-02;19;645
25;2025-12-02;20;344
25;2025-12-02;21;236
25;2025-12-02;22;95
25;2025-12-02;23;6
25;2025-12-03;0;1
25;2025-12-03;1;0
25;2025-12-03;2;0
25;2025-12-03;3;0
25;2025-12-03;4;0
25;2025-12-03;5;21
25;2025-12-03;6;284
25;2025-12-03;7;557
25;2025-12-03;8;940
25;2025-12-03;9;481
25;2025-12-03;10;400
25;2025-12-03;11;467
25;2025-12-03;12;457
25;2025-12-03;13;553
25;2025-12-03;14;499
25;2025-12-03;15;635
25;2025-12-03;16;721
25;2025-12-03;17;820
25;2025-12-03;18;817
25;2025-12-03;19;645
25;2025-12-03;20;344
25;2025-12-03;21;236
25;2025-12-03;22;95
25;2025-12-03;23;6
25;2025-12-04;0;1
25;2025-12-04;1;0
25;2025-12-04;2;0
25;2025-12-04;3;0
25;2025-12-04;4;0
25;2025-12-04;5;21
25;2025-12-04;6;284
25;2025-12-04;7;557
25;2025-12-04;8;940
25;2025-12-04;9;481
25;2025-12-04;10;400
25;2025-12-04;11;467
25;2025-12-04;12;457
25;2025-12-04;13;553
25;2025-12-04;14;499
25;2025-12-04;15;635
25;2025-12-04;16;721
25;2025-12-04;17;820
25;2025-12-04;18;817
25;2025-12-04;19;645
25;2025-12-04;20;344
25;2025-12-04;21;236
25;2025-12-04;22;95
25;2025-12-04;23;6
25;2025-12-05;0;0
25;2025-12-05;1;0
25;2025-12-05;2;0
25;2025-12-05;3;0
25;2025-12-05;4;0
25;2025-12-05;5;17
25;2025-12-05;6;291
25;2025-12-05;7;597
25;2025-12-05;8;917
25;2025-12-05;9;466
25;2025-12-05;10;426
25;2025-12-05;11;471
25;2025-12-05;12;450
25;2025-12-05;13;595
25;2025-12-05;14;494
25;2025-12-05;15;684
25;2025-12-05;16;872
25;2025-12-05;17;838
25;2025-12-05;18;738
25;2025-12-05;19;679
25;2025-12-05;20;363
25;2025-12-05;21;236
25;2025-12-05;22;115
25;2025-12-05;23;15
25;2025-12-06;0;6
25;2025-12-06;1;0
25;2025-12-06;2;0
25;2025-12-06;3;0
25;2025-12-06;4;0
25;2025-12-06;5;22
25;2025-12-06;6;145
25;2025-12-06;7;142
25;2025-12-06;8;328
25;2025-12-06;9;296
25;2025-12-06;10;305
25;2025-12-06;11;405
25;2025-12-06;12;426
25;2025-12-06;13;705
25;2025-12-06;14;712
25;2025-12-06;15;835
25;2025-12-06;16;783
25;2025-12-06;17;626
25;2025-12-06;18;550
25;2025-12-06;19;475
25;2025-12-06;20;269
25;2025-12-06;21;206
25;2025-12-06;22;119
25;2025-12-06;23;45
25;2025-12-07;0;16
25;2025-12-07;1;1
25;2025-12-07;2;0
25;2025-12-07;3;0
25;2025-12-07;4;0
25;2025-12-07;5;11
25;2025-12-07;6;116
25;2025-12-07;7;108
25;2025-12-07;8;205
25;2025-12-07;9;231
25;2025-12-07;10;235
25;2025-12-07;11;337
25;2025-12-07;12;403
25;2025-12-07;13;531
25;2025-12-07;14;627
25;2025-12-07;15;717
25;2025-12-07;16;610
25;2025-12-07;17;608
25;2025-12-07;18;466
25;2025-12-07;19;312
25;2025-12-07;20;248
25;2025-12-07;21;154
25;2025-12-07;22;98
25;2025-12-07;23;37
25;2025-12-08;0;8
25;2025-12-08;1;0
25;2025-12-08;2;0
25;2025-12-08;3;0
25;2025-12-08;4;0
25;2025-12-08;5;22
25;2025-12-08;6;268
25;2025-12-08;7;566
25;2025-12-08;8;1018
25;2025-12-08;9;568
25;2025-12-08;10;358
25;2025-12-08;11;445
25;2025-12-08;12;438
25;2025-12-08;13;597
25;2025-12-08;14;498
25;2025-12-08;15;507
25;2025-12-08;16;729
25;2025-12-08;17;797
25;2025-12-08;18;776
25;2025-12-08;19;593
25;2025-12-08;20;308
25;2025-12-08;21;199
25;2025-12-08;22;84
25;2025-12-08;23;11
25;2025-12-09;0;1
25;2025-12-09;1;0
25;2025-12-09;2;0
25;2025-12-09;3;0
25;2025-12-09;4;0
25;2025-12-09;5;21
25;2025-12-09;6;284
25;2025-12-09;7;557
25;2025-12-09;8;940
25;2025-12-09;9;481
25;2025-12-09;10;400
25;2025-12-09;11;467
25;2025-12-09;12;457
25;2025-12-09;13;553
25;2025-12-09;14;499
25;2025-12-09;15;635
25;2025-12-09;16;721
25;2025-12-09;17;820
25;2025-12-09;18;817
25;2025-12-09;19;645
25;2025-12-09;20;344
25;2025-12-09;21;236
25;2025-12-09;22;95
25;2025-12-09;23;6
25;2025-12-10;0;1
25;2025-12-10;1;0
25;2025-12-10;2;0
25;2025-12-10;3;0
25;2025-12-10;4;0
25;2025-12-10;5;21
25;2025-12-10;6;284
25;2025-12-10;7;557
25;2025-12-10;8;940
25;2025-12-10;9;481
25;2025-12-10;10;400
25;2025-12-10;11;467
25;2025-12-10;12;457
25;2025-12-10;13;553
25;2025-12-10;14;499
25;2025-12-10;15;635
25;2025-12-10;16;721
25;2025-12-10;17;820
25;2025-12-10;18;817
25;2025-12-10;19;645
25;2025-12-10;20;344
25;2025-12-10;21;236
25;2025-12-10;22;95
25;2025-12-10;23;6
25;2025-12-11;0;1
25;2025-12-11;1;0
25;2025-12-11;2;0
25;2025-12-11;3;0
25;2025-12-11;4;0
25;2025-12-11;5;21
25;2025-12-11;6;284
25;2025-12-11;7;557
25;2025-12-11;8;940
25;2025-12-11;9;481
25;2025-12-11;10;400
25;2025-12-11;11;467
25;2025-12-11;12;457
25;2025-12-11;13;553
25;2025-12-11;14;499
25;2025-12-11;15;635
25;2025-12-11;16;721
25;2025-12-11;17;820
25;2025-12-11;18;817
25;2025-12-11;19;645
25;2025-12-11;20;344
25;2025-12-11;21;236
25;2025-12-11;22;95
25;2025-12-11;23;6
25;2025-12-12;0;0
25;2025-12-12;1;0
25;2025-12-12;2;0
25;2025-12-12;3;0
25;2025-12-12;4;0
25;2025-12-12;5;17
25;2025-12-12;6;291
25;2025-12-12;7;597
25;2025-12-12;8;917
25;2025-12-12;9;466
25;2025-12-12;10;426
25;2025-12-12;11;471
25;2025-12-12;12;450
25;2025-12-12;13;595
25;2025-12-12;14;494
25;2025-12-12;15;684
25;2025-12-12;16;872
25;2025-12-12;17;838
25;2025-12-12;18;738
25;2025-12-12;19;679
25;2025-12-12;20;363
25;2025-12-12;21;236
25;2025-12-12;22;115
25;2025-12-12;23;15
25;2025-12-13;0;6
25;2025-12-13;1;0
25;2025-12-13;2;0
25;2025-12-13;3;0
25;2025-12-13;4;0
25;2025-12-13;5;22
25;2025-12-13;6;145
25;2025-12-13;7;142
25;2025-12-13;8;328
25;2025-12-13;9;296
25;2025-12-13;10;305
25;2025-12-13;11;405
25;2025-12-13;12;426
25;2025-12-13;13;705
25;2025-12-13;14;712
25;2025-12-13;15;835
25;2025-12-13;16;783
25;2025-12-13;17;626
25;2025-12-13;18;550
25;2025-12-13;19;475
25;2025-12-13;20;269
25;2025-12-13;21;206
25;2025-12-13;22;119
25;2025-12-13;23;45
25;2025-12-14;0;16
25;2025-12-14;1;1
25;2025-12-14;2;0
25;2025-12-14;3;0
25;2025-12-14;4;0
25;2025-12-14;5;11
25;2025-12-14;6;116
25;2025-12-14;7;108
25;2025-12-14;8;205
25;2025-12-14;9;231
25;2025-12-14;10;235
25;2025-12-14;11;337
25;2025-12-14;12;403
25;2025-12-14;13;531
25;2025-12-14;14;627
25;2025-12-14;15;717
25;2025-12-14;16;610
25;2025-12-14;17;608
25;2025-12-14;18;466
25;2025-12-14;19;312
25;2025-12-14;20;248
25;2025-12-14;21;154
25;2025-12-14;22;98
25;2025-12-14;23;37
25;2025-12-15;0;8
25;2025-12-15;1;0
25;2025-12-15;2;0
25;2025-12-15;3;0
25;2025-12-15;4;0
25;2025-12-15;5;22
25;2025-12-15;6;268
25;2025-12-15;7;566
25;2025-12-15;8;1018
25;2025-12-15;9;568
25;2025-12-15;10;358
25;2025-12-15;11;445
25;2025-12-15;12;438
25;2025-12-15;13;597
25;2025-12-15;14;498
25;2025-12-15;15;507
25;2025-12-15;16;729
25;2025-12-15;17;797
25;2025-12-15;18;776
25;2025-12-15;19;593
25;2025-12-15;20;308
25;2025-12-15;21;199
25;2025-12-15;22;84
25;2025-12-15;23;11
25;2025-12-16;0;1
25;2025-12-16;1;0
25;2025-12-16;2;0
25;2025-12-16;3;0
25;2025-12-16;4;0
25;2025-12-16;5;21
25;2025-12-16;6;284
25;2025-12-16;7;557
25;2025-12-16;8;940
25;2025-12-16;9;481
25;2025-12-16;10;400
25;2025-12-16;11;467
25;2025-12-16;12;457
25;2025-12-16;13;553
25;2025-12-16;14;499
25;2025-12-16;15;635
25;2025-12-16;16;721
25;2025-12-16;17;820
25;2025-12-16;18;817
25;2025-12-16;19;645
25;2025-12-16;20;344
25;2025-12-16;21;236
25;2025-12-16;22;95
25;2025-12-16;23;6
25;2025-12-17;0;1
25;2025-12-17;1;0
25;2025-12-17;2;0
25;2025-12-17;3;0
25;2025-12-17;4;0
25;2025-12-17;5;21
25;2025-12-17;6;284
25;2025-12-17;7;557
25;2025-12-17;8;940
25;2025-12-17;9;481
25;2025-12-17;10;400
25;2025-12-17;11;467
25;2025-12-17;12;457
25;2025-12-17;13;553
25;2025-12-17;14;499
25;2025-12-17;15;635
25;2025-12-17;16;721
25;2025-12-17;17;820
25;2025-12-17;18;817
25;2025-12-17;19;645
25;2025-12-17;20;344
25;2025-12-17;21;236
25;2025-12-17;22;95
25;2025-12-17;23;6
25;2025-12-18;0;1
25;2025-12-18;1;0
25;2025-12-18;2;0
25;2025-12-18;3;0
25;2025-12-18;4;0
25;2025-12-18;5;21
25;2025-12-18;6;284
25;2025-12-18;7;557
25;2025-12-18;8;940
25;2025-12-18;9;481
25;2025-12-18;10;400
25;2025-12-18;11;467
25;2025-12-18;12;457
25;2025-12-18;13;553
25;2025-12-18;14;499
25;2025-12-18;15;635
25;2025-12-18;16;721
25;2025-12-18;17;820
25;2025-12-18;18;817
25;2025-12-18;19;645
25;2025-12-18;20;344
25;2025-12-18;21;236
25;2025-12-18;22;95
25;2025-12-18;23;6
25;2025-12-19;0;0
25;2025-12-19;1;0
25;2025-12-19;2;0
25;2025-12-19;3;0
25;2025-12-19;4;0
25;2025-12-19;5;17
25;2025-12-19;6;291
25;2025-12-19;7;597
25;2025-12-19;8;917
25;2025-12-19;9;466
25;2025-12-19;10;426
25;2025-12-19;11;471
25;2025-12-19;12;450
25;2025-12-19;13;595
25;2025-12-19;14;494
25;2025-12-19;15;684
25;2025-12-19;16;872
25;2025-12-19;17;838
25;2025-12-19;18;738
25;2025-12-19;19;679
25;2025-12-19;20;363
25;2025-12-19;21;236
25;2025-12-19;22;115
25;2025-12-19;23;15
25;2025-12-20;0;6
25;2025-12-20;1;0
25;2025-12-20;2;0
25;2025-12-20;3;0
25;2025-12-20;4;0
25;2025-12-20;5;22
25;2025-12-20;6;145
25;2025-12-20;7;142
25;2025-12-20;8;328
25;2025-12-20;9;296
25;2025-12-20;10;305
25;2025-12-20;11;405
25;2025-12-20;12;426
25;2025-12-20;13;705
25;2025-12-20;14;712
25;2025-12-20;15;835
25;2025-12-20;16;783
25;2025-12-20;17;626
25;2025-12-20;18;550
25;2025-12-20;19;475
25;2025-12-20;20;269
25;2025-12-20;21;206
25;2025-12-20;22;119
25;2025-12-20;23;45
25;2025-12-21;0;16
25;2025-12-21;1;1
25;2025-12-21;2;0
25;2025-12-21;3;0
25;2025-12-21;4;0
25;2025-12-21;5;11
25;2025-12-21;6;116
25;2025-12-21;7;108
25;2025-12-21;8;205
25;2025-12-21;9;231
25;2025-12-21;10;235
25;2025-12-21;11;337
25;2025-12-21;12;403
25;2025-12-21;13;531
25;2025-12-21;14;627
25;2025-12-21;15;717
25;2025-12-21;16;610
25;2025-12-21;17;608
25;2025-12-21;18;466
25;2025-12-21;19;312
25;2025-12-21;20;248
25;2025-12-21;21;154
25;2025-12-21;22;98
25;2025-12-21;23;37
25;2025-12-22;0;8
25;2025-12-22;1;0
25;2025-12-22;2;0
25;2025-12-22;3;0
25;2025-12-22;4;0
25;2025-12-22;5;22
25;2025-12-22;6;268
25;2025-12-22;7;566
25;2025-12-22;8;1018
25;2025-12-22;9;568
25;2025-12-22;10;358
25;2025-12-22;11;445
25;2025-12-22;12;438
25;2025-12-22;13;597
25;2025-12-22;14;498
25;2025-12-22;15;507
25;2025-12-22;16;729
25;2025-12-22;17;797
25;2025-12-22;18;776
25;2025-12-22;19;593
25;2025-12-22;20;308
25;2025-12-22;21;199
25;2025-12-22;22;84
25;2025-12-22;23;11
25;2025-12-23;0;1
25;2025-12-23;1;0
25;2025-12-23;2;0
25;2025-12-23;3;0
25;2025-12-23;4;0
25;2025-12-23;5;21
25;2025-12-23;6;284
25;2025-12-23;7;557
25;2025-12-23;8;940
25;2025-12-23;9;481
25;2025-12-23;10;400
25;2025-12-23;11;467
25;2025-12-23;12;457
25;2025-12-23;13;553
25;2025-12-23;14;499
25;2025-12-23;15;635
25;2025-12-23;16;721
25;2025-12-23;17;820
25;2025-12-23;18;817
25;2025-12-23;19;645
25;2025-12-23;20;344
25;2025-12-23;21;236
25;2025-12-23;22;95
25;2025-12-23;23;6
25;2025-12-24;0;1
25;2025-12-24;1;0
25;2025-12-24;2;0
25;2025-12-24;3;0
25;2025-12-24;4;0
25;2025-12-24;5;21
25;2025-12-24;6;284
25;2025-12-24;7;557
25;2025-12-24;8;940
25;2025-12-24;9;481
25;2025-12-24;10;400
25;2025-12-24;11;467
25;2025-12-24;12;457
25;2025-12-24;13;553
25;2025-12-24;14;499
25;2025-12-24;15;635
25;2025-12-24;16;721
25;2025-12-24;17;820
25;2025-12-24;18;817
25;2025-12-24;19;645
25;2025-12-24;20;344
25;2025-12-24;21;236
25;2025-12-24;22;95
25;2025-12-24;23;6
25;2025-12-25;0;1
25;2025-12-25;1;0
25;2025-12-25;2;0
25;2025-12-25;3;0
25;2025-12-25;4;0
25;2025-12-25;5;21
25;2025-12-25;6;284
25;2025-12-25;7;557
25;2025-12-25;8;940
25;2025-12-25;9;481
25;2025-12-25;10;400
25;2025-12-25;11;467
25;2025-12-25;12;457
25;2025-12-25;13;553
25;2025-12-25;14;499
25;2025-12-25;15;635
25;2025-12-25;16;721
25;2025-12-25;17;820
25;2025-12-25;18;817
25;2025-12-25;19;645
25;2025-12-25;20;344
25;2025-12-25;21;236
25;2025-12-25;22;95
25;2025-12-25;23;6
25;2025-12-26;0;0
25;2025-12-26;1;0
25;2025-12-26;2;0
25;2025-12-26;3;0
25;2025-12-26;4;0
25;2025-12-26;5;17
25;2025-12-26;6;291
25;2025-12-26;7;597
25;2025-12-26;8;917
25;2025-12-26;9;466
25;2025-12-26;10;426
25;2025-12-26;11;471
25;2025-12-26;12;450
25;2025-12-26;13;595
25;2025-12-26;14;494
25;2025-12-26;15;684
25;2025-12-26;16;872
25;2025-12-26;17;838
25;2025-12-26;18;738
25;2025-12-26;19;679
25;2025-12-26;20;363
25;2025-12-26;21;236
25;2025-12-26;22;115
25;2025-12-26;23;15
25;2025-12-27;0;6
25;2025-12-27;1;0
25;2025-12-27;2;0
25;2025-12-27;3;0
25;2025-12-27;4;0
25;2025-12-27;5;22
25;2025-12-27;6;145
25;2025-12-27;7;142
25;2025-12-27;8;328
25;2025-12-27;9;296
25;2025-12-27;10;305
25;2025-12-27;11;405
25;2025-12-27;12;426
25;2025-12-27;13;705
25;2025-12-27;14;712
25;2025-12-27;15;835
25;2025-12-27;16;783
25;2025-12-27;17;626
25;2025-12-27;18;550
25;2025-12-27;19;475
25;2025-12-27;20;269
25;2025-12-27;21;206
25;2025-12-27;22;119
25;2025-12-27;23;45
25;2025-12-28;0;16
25;2025-12-28;1;1
25;2025-12-28;2;0
25;2025-12-28;3;0
25;2025-12-28;4;0
25;2025-12-28;5;11
25;2025-12-28;6;116
25;2025-12-28;7;108
25;2025-12-28;8;205
25;2025-12-28;9;231
25;2025-12-28;10;235
25;2025-12-28;11;337
25;2025-12-28;12;403
25;2025-12-28;13;531
25;2025-12-28;14;627
25;2025-12-28;15;717
25;2025-12-28;16;610
25;2025-12-28;17;608
25;2025-12-28;18;466
25;2025-12-28;19;312
25;2025-12-28;20;248
25;2025-12-28;21;154
25;2025-12-28;22;98
25;2025-12-28;23;37
25;2025-12-29;0;0
25;2025-12-29;1;0
25;2025-12-29;2;0
25;2025-12-29;3;0
25;2025-12-29;4;0
25;2025-12-29;5;14
25;2025-12-29;6;250
25;2025-12-29;7;513
25;2025-12-29;8;788
25;2025-12-29;9;401
25;2025-12-29;10;367
25;2025-12-29;11;405
25;2025-12-29;12;387
25;2025-12-29;13;511
25;2025-12-29;14;424
25;2025-12-29;15;589
25;2025-12-29;16;750
25;2025-12-29;17;721
25;2025-12-29;18;634
25;2025-12-29;19;584
25;2025-12-29;20;312
25;2025-12-29;21;202
25;2025-12-29;22;99
25;2025-12-29;23;13
25;2025-12-30;0;0
25;2025-12-30;1;0
25;2025-12-30;2;0
25;2025-12-30;3;0
25;2025-12-30;4;0
25;2025-12-30;5;14
25;2025-12-30;6;250
25;2025-12-30;7;513
25;2025-12-30;8;788
25;2025-12-30;9;401
25;2025-12-30;10;367
25;2025-12-30;11;405
25;2025-12-30;12;387
25;2025-12-30;13;511
25;2025-12-30;14;424
25;2025-12-30;15;589
25;2025-12-30;16;750
25;2025-12-30;17;721
25;2025-12-30;18;634
25;2025-12-30;19;584
25;2025-12-30;20;312
25;2025-12-30;21;202
25;2025-12-30;22;99
25;2025-12-30;23;13
25;2025-12-31;0;5
25;2025-12-31;1;0
25;2025-12-31;2;0
25;2025-12-31;3;0
25;2025-12-31;4;0
25;2025-12-31;5;18
25;2025-12-31;6;123
25;2025-12-31;7;120
25;2025-12-31;8;279
25;2025-12-31;9;252
25;2025-12-31;10;259
25;2025-12-31;11;344
25;2025-12-31;12;362
25;2025-12-31;13;600
25;2025-12-31;14;606
25;2025-12-31;15;710
25;2025-12-31;16;666
25;2025-12-31;17;532
25;2025-12-31;18;468
25;2025-12-31;19;222
25;2025-12-31;20;125
25;2025-12-31;21;96
25;2025-12-31;22;56
25;2025-12-31;23;21
26;2025-11-01;0;27
26;2025-11-01;1;1
26;2025-11-01;2;0
26;2025-11-01;3;0
26;2025-11-01;4;1
26;2025-11-01;5;70
26;2025-11-01;6;412
26;2025-11-01;7;870
26;2025-11-01;8;1885
26;2025-11-01;9;1180
26;2025-11-01;10;1060
26;2025-11-01;11;947
26;2025-11-01;12;939
26;2025-11-01;13;969
26;2025-11-01;14;1160
26;2025-11-01;15;1146
26;2025-11-01;16;1400
26;2025-11-01;17;1510
26;2025-11-01;18;1106
26;2025-11-01;19;867
26;2025-11-01;20;552
26;2025-11-01;21;394
26;2025-11-01;22;165
26;2025-11-01;23;130
26;2025-11-02;0;49
26;2025-11-02;1;4
26;2025-11-02;2;0
26;2025-11-02;3;0
26;2025-11-02;4;1
26;2025-11-02;5;20
26;2025-11-02;6;156
26;2025-11-02;7;257
26;2025-11-02;8;381
26;2025-11-02;9;523
26;2025-11-02;10;589
26;2025-11-02;11;823
26;2025-11-02;12;813
26;2025-11-02;13;874
26;2025-11-02;14;855
26;2025-11-02;15;781
26;2025-11-02;16;746
26;2025-11-02;17;771
26;2025-11-02;18;692
26;2025-11-02;19;506
26;2025-11-02;20;397
26;2025-11-02;21;275
26;2025-11-02;22;159
26;2025-11-02;23;105
26;2025-11-03;0;48
26;2025-11-03;1;4
26;2025-11-03;2;0
26;2025-11-03;3;0
26;2025-11-03;4;1
26;2025-11-03;5;19
26;2025-11-03;6;151
26;2025-11-03;7;249
26;2025-11-03;8;368
26;2025-11-03;9;506
26;2025-11-03;10;569
26;2025-11-03;11;797
26;2025-11-03;12;786
26;2025-11-03;13;846
26;2025-11-03;14;826
26;2025-11-03;15;756
26;2025-11-03;16;721
26;2025-11-03;17;746
26;2025-11-03;18;668
26;2025-11-03;19;490
26;2025-11-03;20;384
26;2025-11-03;21;266
26;2025-11-03;22;154
26;2025-11-03;23;102
26;2025-11-04;0;48
26;2025-11-04;1;4
26;2025-11-04;2;0
26;2025-11-04;3;0
26;2025-11-04;4;1
26;2025-11-04;5;19
26;2025-11-04;6;151
26;2025-11-04;7;249
26;2025-11-04;8;368
26;2025-11-04;9;506
26;2025-11-04;10;569
26;2025-11-04;11;797
26;2025-11-04;12;786
26;2025-11-04;13;846
26;2025-11-04;14;826
26;2025-11-04;15;756
26;2025-11-04;16;721
26;2025-11-04;17;746
26;2025-11-04;18;668
26;2025-11-04;19;490
26;2025-11-04;20;384
26;2025-11-04;21;266
26;2025-11-04;22;154
26;2025-11-04;23;102
26;2025-11-05;0;34
26;2025-11-05;1;0
26;2025-11-05;2;0
26;2025-11-05;3;0
26;2025-11-05;4;2
26;2025-11-05;5;99
26;2025-11-05;6;466
26;2025-11-05;7;1099
26;2025-11-05;8;2279
26;2025-11-05;9;1482
26;2025-11-05;10;1223
26;2025-11-05;11;1122
26;2025-11-05;12;1206
26;2025-11-05;13;1180
26;2025-11-05;14;1359
26;2025-11-05;15;1401
26;2025-11-05;16;1516
26;2025-11-05;17;1749
26;2025-11-05;18;1897
26;2025-11-05;19;1260
26;2025-11-05;20;751
26;2025-11-05;21;504
26;2025-11-05;22;205
26;2025-11-05;23;128
26;2025-11-06;0;34
26;2025-11-06;1;0
26;2025-11-06;2;0
26;2025-11-06;3;0
26;2025-11-06;4;2
26;2025-11-06;5;99
26;2025-11-06;6;466
26;2025-11-06;7;1099
26;2025-11-06;8;2279
26;2025-11-06;9;1482
26;2025-11-06;10;1223
26;2025-11-06;11;1122
26;2025-11-06;12;1206
26;2025-11-06;13;1180
26;2025-11-06;14;1359
26;2025-11-06;15;1401
26;2025-11-06;16;1516
26;2025-11-06;17;1749
26;2025-11-06;18;1897
26;2025-11-06;19;1260
26;2025-11-06;20;751
26;2025-11-06;21;504
26;2025-11-06;22;205
26;2025-11-06;23;128
26;2025-11-07;0;31
26;2025-11-07;1;1
26;2025-11-07;2;0
26;2025-11-07;3;0
26;2025-11-07;4;1
26;2025-11-07;5;84
26;2025-11-07;6;486
26;2025-11-07;7;1023
26;2025-11-07;8;2217
26;2025-11-07;9;1388
26;2025-11-07;10;1247
26;2025-11-07;11;1114
26;2025-11-07;12;1105
26;2025-11-07;13;1139
26;2025-11-07;14;1365
26;2025-11-07;15;1348
26;2025-11-07;16;1648
26;2025-11-07;17;1776
26;2025-11-07;18;1302
26;2025-11-07;19;1020
26;2025-11-07;20;649
26;2025-11-07;21;463
26;2025-11-07;22;195
26;2025-11-07;23;152
26;2025-11-08;0;52
26;2025-11-08;1;2
26;2025-11-08;2;0
26;2025-11-08;3;0
26;2025-11-08;4;2
26;2025-11-08;5;51
26;2025-11-08;6;232
26;2025-11-08;7;370
26;2025-11-08;8;620
26;2025-11-08;9;669
26;2025-11-08;10;828
26;2025-11-08;11;993
26;2025-11-08;12;1071
26;2025-11-08;13;1047
26;2025-11-08;14;1096
26;2025-11-08;15;987
26;2025-11-08;16;1036
26;2025-11-08;17;948
26;2025-11-08;18;875
26;2025-11-08;19;761
26;2025-11-08;20;537
26;2025-11-08;21;349
26;2025-11-08;22;200
26;2025-11-08;23;156
26;2025-11-09;0;49
26;2025-11-09;1;4
26;2025-11-09;2;0
26;2025-11-09;3;0
26;2025-11-09;4;1
26;2025-11-09;5;20
26;2025-11-09;6;156
26;2025-11-09;7;257
26;2025-11-09;8;381
26;2025-11-09;9;523
26;2025-11-09;10;589
26;2025-11-09;11;823
26;2025-11-09;12;813
26;2025-11-09;13;874
26;2025-11-09;14;855
26;2025-11-09;15;781
26;2025-11-09;16;746
26;2025-11-09;17;771
26;2025-11-09;18;692
26;2025-11-09;19;506
26;2025-11-09;20;397
26;2025-11-09;21;275
26;2025-11-09;22;159
26;2025-11-09;23;105
26;2025-11-10;0;24
26;2025-11-10;1;2
26;2025-11-10;2;0
26;2025-11-10;3;0
26;2025-11-10;4;1
26;2025-11-10;5;93
26;2025-11-10;6;461
26;2025-11-10;7;1133
26;2025-11-10;8;2214
26;2025-11-10;9;1408
26;2025-11-10;10;1217
26;2025-11-10;11;1043
26;2025-11-10;12;1075
26;2025-11-10;13;1148
26;2025-11-10;14;1269
26;2025-11-10;15;1299
26;2025-11-10;16;1401
26;2025-11-10;17;1706
26;2025-11-10;18;1868
26;2025-11-10;19;1190
26;2025-11-10;20;741
26;2025-11-10;21;462
26;2025-11-10;22;192
26;2025-11-10;23;108
26;2025-11-11;0;34
26;2025-11-11;1;0
26;2025-11-11;2;0
26;2025-11-11;3;0
26;2025-11-11;4;2
26;2025-11-11;5;99
26;2025-11-11;6;466
26;2025-11-11;7;1099
26;2025-11-11;8;2279
26;2025-11-11;9;1482
26;2025-11-11;10;1223
26;2025-11-11;11;1122
26;2025-11-11;12;1206
26;2025-11-11;13;1180
26;2025-11-11;14;1359
26;2025-11-11;15;1401
26;2025-11-11;16;1516
26;2025-11-11;17;1749
26;2025-11-11;18;1897
26;2025-11-11;19;1260
26;2025-11-11;20;751
26;2025-11-11;21;504
26;2025-11-11;22;205
26;2025-11-11;23;128
26;2025-11-12;0;34
26;2025-11-12;1;0
26;2025-11-12;2;0
26;2025-11-12;3;0
26;2025-11-12;4;2
26;2025-11-12;5;99
26;2025-11-12;6;466
26;2025-11-12;7;1099
26;2025-11-12;8;2279
26;2025-11-12;9;1482
26;2025-11-12;10;1223
26;2025-11-12;11;1122
26;2025-11-12;12;1206
26;2025-11-12;13;1180
26;2025-11-12;14;1359
26;2025-11-12;15;1401
26;2025-11-12;16;1516
26;2025-11-12;17;1749
26;2025-11-12;18;1897
26;2025-11-12;19;1260
26;2025-11-12;20;751
26;2025-11-12;21;504
26;2025-11-12;22;205
26;2025-11-12;23;128
26;2025-11-13;0;34
26;2025-11-13;1;0
26;2025-11-13;2;0
26;2025-11-13;3;0
26;2025-11-13;4;2
26;2025-11-13;5;99
26;2025-11-13;6;466
26;2025-11-13;7;1099
26;2025-11-13;8;2279
26;2025-11-13;9;1482
26;2025-11-13;10;1223
26;2025-11-13;11;1122
26;2025-11-13;12;1206
26;2025-11-13;13;1180
26;2025-11-13;14;1359
26;2025-11-13;15;1401
26;2025-11-13;16;1516
26;2025-11-13;17;1749
26;2025-11-13;18;1897
26;2025-11-13;19;1260
26;2025-11-13;20;751
26;2025-11-13;21;504
26;2025-11-13;22;205
26;2025-11-13;23;128
26;2025-11-14;0;31
26;2025-11-14;1;1
26;2025-11-14;2;0
26;2025-11-14;3;0
26;2025-11-14;4;1
26;2025-11-14;5;84
26;2025-11-14;6;486
26;2025-11-14;7;1023
26;2025-11-14;8;2217
26;2025-11-14;9;1388
26;2025-11-14;10;1247
26;2025-11-14;11;1114
26;2025-11-14;12;1105
26;2025-11-14;13;1139
26;2025-11-14;14;1365
26;2025-11-14;15;1348
26;2025-11-14;16;1648
26;2025-11-14;17;1776
26;2025-11-14;18;1302
26;2025-11-14;19;1020
26;2025-11-14;20;649
26;2025-11-14;21;463
26;2025-11-14;22;195
26;2025-11-14;23;152
26;2025-11-15;0;49
26;2025-11-15;1;2
26;2025-11-15;2;0
26;2025-11-15;3;0
26;2025-11-15;4;2
26;2025-11-15;5;49
26;2025-11-15;6;220
26;2025-11-15;7;352
26;2025-11-15;8;588
26;2025-11-15;9;634
26;2025-11-15;10;785
26;2025-11-15;11;942
26;2025-11-15;12;1016
26;2025-11-15;13;992
26;2025-11-15;14;1040
26;2025-11-15;15;936
26;2025-11-15;16;982
26;2025-11-15;17;899
26;2025-11-15;18;829
26;2025-11-15;19;721
26;2025-11-15;20;509
26;2025-11-15;21;330
26;2025-11-15;22;190
26;2025-11-15;23;148
26;2025-11-16;0;49
26;2025-11-16;1;4
26;2025-11-16;2;0
26;2025-11-16;3;0
26;2025-11-16;4;1
26;2025-11-16;5;20
26;2025-11-16;6;156
26;2025-11-16;7;257
26;2025-11-16;8;381
26;2025-11-16;9;523
26;2025-11-16;10;589
26;2025-11-16;11;823
26;2025-11-16;12;813
26;2025-11-16;13;874
26;2025-11-16;14;855
26;2025-11-16;15;781
26;2025-11-16;16;746
26;2025-11-16;17;771
26;2025-11-16;18;692
26;2025-11-16;19;506
26;2025-11-16;20;397
26;2025-11-16;21;275
26;2025-11-16;22;159
26;2025-11-16;23;105
26;2025-11-17;0;24
26;2025-11-17;1;2
26;2025-11-17;2;0
26;2025-11-17;3;0
26;2025-11-17;4;1
26;2025-11-17;5;93
26;2025-11-17;6;461
26;2025-11-17;7;1133
26;2025-11-17;8;2214
26;2025-11-17;9;1408
26;2025-11-17;10;1217
26;2025-11-17;11;1043
26;2025-11-17;12;1075
26;2025-11-17;13;1148
26;2025-11-17;14;1269
26;2025-11-17;15;1299
26;2025-11-17;16;1401
26;2025-11-17;17;1706
26;2025-11-17;18;1868
26;2025-11-17;19;1190
26;2025-11-17;20;741
26;2025-11-17;21;462
26;2025-11-17;22;192
26;2025-11-17;23;108
26;2025-11-18;0;34
26;2025-11-18;1;0
26;2025-11-18;2;0
26;2025-11-18;3;0
26;2025-11-18;4;2
26;2025-11-18;5;99
26;2025-11-18;6;466
26;2025-11-18;7;1099
26;2025-11-18;8;2279
26;2025-11-18;9;1482
26;2025-11-18;10;1223
26;2025-11-18;11;1122
26;2025-11-18;12;1206
26;2025-11-18;13;1180
26;2025-11-18;14;1359
26;2025-11-18;15;1401
26;2025-11-18;16;1516
26;2025-11-18;17;1749
26;2025-11-18;18;1897
26;2025-11-18;19;1260
26;2025-11-18;20;751
26;2025-11-18;21;504
26;2025-11-18;22;205
26;2025-11-18;23;128
26;2025-11-19;0;34
26;2025-11-19;1;0
26;2025-11-19;2;0
26;2025-11-19;3;0
26;2025-11-19;4;2
26;2025-11-19;5;99
26;2025-11-19;6;466
26;2025-11-19;7;1099
26;2025-11-19;8;2279
26;2025-11-19;9;1482
26;2025-11-19;10;1223
26;2025-11-19;11;1122
26;2025-11-19;12;1206
26;2025-11-19;13;1180
26;2025-11-19;14;1359
26;2025-11-19;15;1401
26;2025-11-19;16;1516
26;2025-11-19;17;1749
26;2025-11-19;18;1897
26;2025-11-19;19;1260
26;2025-11-19;20;751
26;2025-11-19;21;504
26;2025-11-19;22;205
26;2025-11-19;23;128
26;2025-11-20;0;34
26;2025-11-20;1;0
26;2025-11-20;2;0
26;2025-11-20;3;0
26;2025-11-20;4;2
26;2025-11-20;5;99
26;2025-11-20;6;466
26;2025-11-20;7;1099
26;2025-11-20;8;2279
26;2025-11-20;9;1482
26;2025-11-20;10;1223
26;2025-11-20;11;1122
26;2025-11-20;12;1206
26;2025-11-20;13;1180
26;2025-11-20;14;1359
26;2025-11-20;15;1401
26;2025-11-20;16;1516
26;2025-11-20;17;1749
26;2025-11-20;18;1897
26;2025-11-20;19;1260
26;2025-11-20;20;751
26;2025-11-20;21;504
26;2025-11-20;22;205
26;2025-11-20;23;128
26;2025-11-21;0;31
26;2025-11-21;1;1
26;2025-11-21;2;0
26;2025-11-21;3;0
26;2025-11-21;4;1
26;2025-11-21;5;84
26;2025-11-21;6;486
26;2025-11-21;7;1023
26;2025-11-21;8;2217
26;2025-11-21;9;1388
26;2025-11-21;10;1247
26;2025-11-21;11;1114
26;2025-11-21;12;1105
26;2025-11-21;13;1139
26;2025-11-21;14;1365
26;2025-11-21;15;1348
26;2025-11-21;16;1648
26;2025-11-21;17;1776
26;2025-11-21;18;1302
26;2025-11-21;19;1020
26;2025-11-21;20;649
26;2025-11-21;21;463
26;2025-11-21;22;195
26;2025-11-21;23;152
26;2025-11-22;0;52
26;2025-11-22;1;2
26;2025-11-22;2;0
26;2025-11-22;3;0
26;2025-11-22;4;2
26;2025-11-22;5;51
26;2025-11-22;6;232
26;2025-11-22;7;370
26;2025-11-22;8;620
26;2025-11-22;9;669
26;2025-11-22;10;828
26;2025-11-22;11;993
26;2025-11-22;12;1071
26;2025-11-22;13;1047
26;2025-11-22;14;1096
26;2025-11-22;15;987
26;2025-11-22;16;1036
26;2025-11-22;17;948
26;2025-11-22;18;875
26;2025-11-22;19;761
26;2025-11-22;20;537
26;2025-11-22;21;349
26;2025-11-22;22;200
26;2025-11-22;23;156
26;2025-11-23;0;49
26;2025-11-23;1;4
26;2025-11-23;2;0
26;2025-11-23;3;0
26;2025-11-23;4;1
26;2025-11-23;5;20
26;2025-11-23;6;156
26;2025-11-23;7;257
26;2025-11-23;8;381
26;2025-11-23;9;523
26;2025-11-23;10;589
26;2025-11-23;11;823
26;2025-11-23;12;813
26;2025-11-23;13;874
26;2025-11-23;14;855
26;2025-11-23;15;781
26;2025-11-23;16;746
26;2025-11-23;17;771
26;2025-11-23;18;692
26;2025-11-23;19;506
26;2025-11-23;20;397
26;2025-11-23;21;275
26;2025-11-23;22;159
26;2025-11-23;23;105
26;2025-11-24;0;24
26;2025-11-24;1;2
26;2025-11-24;2;0
26;2025-11-24;3;0
26;2025-11-24;4;1
26;2025-11-24;5;93
26;2025-11-24;6;461
26;2025-11-24;7;1133
26;2025-11-24;8;2214
26;2025-11-24;9;1408
26;2025-11-24;10;1217
26;2025-11-24;11;1043
26;2025-11-24;12;1075
26;2025-11-24;13;1148
26;2025-11-24;14;1269
26;2025-11-24;15;1299
26;2025-11-24;16;1401
26;2025-11-24;17;1706
26;2025-11-24;18;1868
26;2025-11-24;19;1190
26;2025-11-24;20;741
26;2025-11-24;21;462
26;2025-11-24;22;192
26;2025-11-24;23;108
26;2025-11-25;0;34
26;2025-11-25;1;0
26;2025-11-25;2;0
26;2025-11-25;3;0
26;2025-11-25;4;2
26;2025-11-25;5;99
26;2025-11-25;6;466
26;2025-11-25;7;1099
26;2025-11-25;8;2279
26;2025-11-25;9;1482
26;2025-11-25;10;1223
26;2025-11-25;11;1122
26;2025-11-25;12;1206
26;2025-11-25;13;1180
26;2025-11-25;14;1359
26;2025-11-25;15;1401
26;2025-11-25;16;1516
26;2025-11-25;17;1749
26;2025-11-25;18;1897
26;2025-11-25;19;1260
26;2025-11-25;20;751
26;2025-11-25;21;504
26;2025-11-25;22;205
26;2025-11-25;23;128
26;2025-11-26;0;34
26;2025-11-26;1;0
26;2025-11-26;2;0
26;2025-11-26;3;0
26;2025-11-26;4;2
26;2025-11-26;5;99
26;2025-11-26;6;466
26;2025-11-26;7;1099
26;2025-11-26;8;2279
26;2025-11-26;9;1482
26;2025-11-26;10;1223
26;2025-11-26;11;1122
26;2025-11-26;12;1206
26;2025-11-26;13;1180
26;2025-11-26;14;1359
26;2025-11-26;15;1401
26;2025-11-26;16;1516
26;2025-11-26;17;1749
26;2025-11-26;18;1897
26;2025-11-26;19;1260
26;2025-11-26;20;751
26;2025-11-26;21;504
26;2025-11-26;22;205
26;2025-11-26;23;128
26;2025-11-27;0;34
26;2025-11-27;1;0
26;2025-11-27;2;0
26;2025-11-27;3;0
26;2025-11-27;4;2
26;2025-11-27;5;99
26;2025-11-27;6;466
26;2025-11-27;7;1099
26;2025-11-27;8;2279
26;2025-11-27;9;1482
26;2025-11-27;10;1223
26;2025-11-27;11;1122
26;2025-11-27;12;1206
26;2025-11-27;13;1180
26;2025-11-27;14;1359
26;2025-11-27;15;1401
26;2025-11-27;16;1516
26;2025-11-27;17;1749
26;2025-11-27;18;1897
26;2025-11-27;19;1260
26;2025-11-27;20;751
26;2025-11-27;21;504
26;2025-11-27;22;205
26;2025-11-27;23;128
26;2025-11-28;0;31
26;2025-11-28;1;1
26;2025-11-28;2;0
26;2025-11-28;3;0
26;2025-11-28;4;1
26;2025-11-28;5;84
26;2025-11-28;6;486
26;2025-11-28;7;1023
26;2025-11-28;8;2217
26;2025-11-28;9;1388
26;2025-11-28;10;1247
26;2025-11-28;11;1114
26;2025-11-28;12;1105
26;2025-11-28;13;1139
26;2025-11-28;14;1365
26;2025-11-28;15;1348
26;2025-11-28;16;1648
26;2025-11-28;17;1776
26;2025-11-28;18;1302
26;2025-11-28;19;1020
26;2025-11-28;20;649
26;2025-11-28;21;463
26;2025-11-28;22;195
26;2025-11-28;23;152
26;2025-11-29;0;52
26;2025-11-29;1;2
26;2025-11-29;2;0
26;2025-11-29;3;0
26;2025-11-29;4;2
26;2025-11-29;5;51
26;2025-11-29;6;232
26;2025-11-29;7;370
26;2025-11-29;8;620
26;2025-11-29;9;669
26;2025-11-29;10;828
26;2025-11-29;11;993
26;2025-11-29;12;1071
26;2025-11-29;13;1047
26;2025-11-29;14;1096
26;2025-11-29;15;987
26;2025-11-29;16;1036
26;2025-11-29;17;948
26;2025-11-29;18;875
26;2025-11-29;19;761
26;2025-11-29;20;537
26;2025-11-29;21;349
26;2025-11-29;22;200
26;2025-11-29;23;156
26;2025-11-30;0;49
26;2025-11-30;1;4
26;2025-11-30;2;0
26;2025-11-30;3;0
26;2025-11-30;4;1
26;2025-11-30;5;20
26;2025-11-30;6;156
26;2025-11-30;7;257
26;2025-11-30;8;381
26;2025-11-30;9;523
26;2025-11-30;10;589
26;2025-11-30;11;823
26;2025-11-30;12;813
26;2025-11-30;13;874
26;2025-11-30;14;855
26;2025-11-30;15;781
26;2025-11-30;16;746
26;2025-11-30;17;771
26;2025-11-30;18;692
26;2025-11-30;19;506
26;2025-11-30;20;397
26;2025-11-30;21;275
26;2025-11-30;22;159
26;2025-11-30;23;105
26;2025-12-01;0;24
26;2025-12-01;1;2
26;2025-12-01;2;0
26;2025-12-01;3;0
26;2025-12-01;4;1
26;2025-12-01;5;93
26;2025-12-01;6;461
26;2025-12-01;7;1133
26;2025-12-01;8;2214
26;2025-12-01;9;1408
26;2025-12-01;10;1217
26;2025-12-01;11;1043
26;2025-12-01;12;1075
26;2025-12-01;13;1148
26;2025-12-01;14;1269
26;2025-12-01;15;1299
26;2025-12-01;16;1401
26;2025-12-01;17;1706
26;2025-12-01;18;1868
26;2025-12-01;19;1190
26;2025-12-01;20;741
26;2025-12-01;21;462
26;2025-12-01;22;192
26;2025-12-01;23;108
26;2025-12-02;0;34
26;2025-12-02;1;0
26;2025-12-02;2;0
26;2025-12-02;3;0
26;2025-12-02;4;2
26;2025-12-02;5;99
26;2025-12-02;6;466
26;2025-12-02;7;1099
26;2025-12-02;8;2279
26;2025-12-02;9;1482
26;2025-12-02;10;1223
26;2025-12-02;11;1122
26;2025-12-02;12;1206
26;2025-12-02;13;1180
26;2025-12-02;14;1359
26;2025-12-02;15;1401
26;2025-12-02;16;1516
26;2025-12-02;17;1749
26;2025-12-02;18;1897
26;2025-12-02;19;1260
26;2025-12-02;20;751
26;2025-12-02;21;504
26;2025-12-02;22;205
26;2025-12-02;23;128
26;2025-12-03;0;34
26;2025-12-03;1;0
26;2025-12-03;2;0
26;2025-12-03;3;0
26;2025-12-03;4;2
26;2025-12-03;5;99
26;2025-12-03;6;466
26;2025-12-03;7;1099
26;2025-12-03;8;2279
26;2025-12-03;9;1482
26;2025-12-03;10;1223
26;2025-12-03;11;1122
26;2025-12-03;12;1206
26;2025-12-03;13;1180
26;2025-12-03;14;1359
26;2025-12-03;15;1401
26;2025-12-03;16;1516
26;2025-12-03;17;1749
26;2025-12-03;18;1897
26;2025-12-03;19;1260
26;2025-12-03;20;751
26;2025-12-03;21;504
26;2025-12-03;22;205
26;2025-12-03;23;128
26;2025-12-04;0;34
26;2025-12-04;1;0
26;2025-12-04;2;0
26;2025-12-04;3;0
26;2025-12-04;4;2
26;2025-12-04;5;99
26;2025-12-04;6;466
26;2025-12-04;7;1099
26;2025-12-04;8;2279
26;2025-12-04;9;1482
26;2025-12-04;10;1223
26;2025-12-04;11;1122
26;2025-12-04;12;1206
26;2025-12-04;13;1180
26;2025-12-04;14;1359
26;2025-12-04;15;1401
26;2025-12-04;16;1516
26;2025-12-04;17;1749
26;2025-12-04;18;1897
26;2025-12-04;19;1260
26;2025-12-04;20;751
26;2025-12-04;21;504
26;2025-12-04;22;205
26;2025-12-04;23;128
26;2025-12-05;0;31
26;2025-12-05;1;1
26;2025-12-05;2;0
26;2025-12-05;3;0
26;2025-12-05;4;1
26;2025-12-05;5;84
26;2025-12-05;6;486
26;2025-12-05;7;1023
26;2025-12-05;8;2217
26;2025-12-05;9;1388
26;2025-12-05;10;1247
26;2025-12-05;11;1114
26;2025-12-05;12;1105
26;2025-12-05;13;1139
26;2025-12-05;14;1365
26;2025-12-05;15;1348
26;2025-12-05;16;1648
26;2025-12-05;17;1776
26;2025-12-05;18;1302
26;2025-12-05;19;1020
26;2025-12-05;20;649
26;2025-12-05;21;463
26;2025-12-05;22;195
26;2025-12-05;23;152
26;2025-12-06;0;52
26;2025-12-06;1;2
26;2025-12-06;2;0
26;2025-12-06;3;0
26;2025-12-06;4;2
26;2025-12-06;5;51
26;2025-12-06;6;232
26;2025-12-06;7;370
26;2025-12-06;8;620
26;2025-12-06;9;669
26;2025-12-06;10;828
26;2025-12-06;11;993
26;2025-12-06;12;1071
26;2025-12-06;13;1047
26;2025-12-06;14;1096
26;2025-12-06;15;987
26;2025-12-06;16;1036
26;2025-12-06;17;948
26;2025-12-06;18;875
26;2025-12-06;19;761
26;2025-12-06;20;537
26;2025-12-06;21;349
26;2025-12-06;22;200
26;2025-12-06;23;156
26;2025-12-07;0;49
26;2025-12-07;1;4
26;2025-12-07;2;0
26;2025-12-07;3;0
26;2025-12-07;4;1
26;2025-12-07;5;20
26;2025-12-07;6;156
26;2025-12-07;7;257
26;2025-12-07;8;381
26;2025-12-07;9;523
26;2025-12-07;10;589
26;2025-12-07;11;823
26;2025-12-07;12;813
26;2025-12-07;13;874
26;2025-12-07;14;855
26;2025-12-07;15;781
26;2025-12-07;16;746
26;2025-12-07;17;771
26;2025-12-07;18;692
26;2025-12-07;19;506
26;2025-12-07;20;397
26;2025-12-07;21;275
26;2025-12-07;22;159
26;2025-12-07;23;105
26;2025-12-08;0;24
26;2025-12-08;1;2
26;2025-12-08;2;0
26;2025-12-08;3;0
26;2025-12-08;4;1
26;2025-12-08;5;93
26;2025-12-08;6;461
26;2025-12-08;7;1133
26;2025-12-08;8;2214
26;2025-12-08;9;1408
26;2025-12-08;10;1217
26;2025-12-08;11;1043
26;2025-12-08;12;1075
26;2025-12-08;13;1148
26;2025-12-08;14;1269
26;2025-12-08;15;1299
26;2025-12-08;16;1401
26;2025-12-08;17;1706
26;2025-12-08;18;1868
26;2025-12-08;19;1190
26;2025-12-08;20;741
26;2025-12-08;21;462
26;2025-12-08;22;192
26;2025-12-08;23;108
26;2025-12-09;0;34
26;2025-12-09;1;0
26;2025-12-09;2;0
26;2025-12-09;3;0
26;2025-12-09;4;2
26;2025-12-09;5;99
26;2025-12-09;6;466
26;2025-12-09;7;1099
26;2025-12-09;8;2279
26;2025-12-09;9;1482
26;2025-12-09;10;1223
26;2025-12-09;11;1122
26;2025-12-09;12;1206
26;2025-12-09;13;1180
26;2025-12-09;14;1359
26;2025-12-09;15;1401
26;2025-12-09;16;1516
26;2025-12-09;17;1749
26;2025-12-09;18;1897
26;2025-12-09;19;1260
26;2025-12-09;20;751
26;2025-12-09;21;504
26;2025-12-09;22;205
26;2025-12-09;23;128
26;2025-12-10;0;34
26;2025-12-10;1;0
26;2025-12-10;2;0
26;2025-12-10;3;0
26;2025-12-10;4;2
26;2025-12-10;5;99
26;2025-12-10;6;466
26;2025-12-10;7;1099
26;2025-12-10;8;2279
26;2025-12-10;9;1482
26;2025-12-10;10;1223
26;2025-12-10;11;1122
26;2025-12-10;12;1206
26;2025-12-10;13;1180
26;2025-12-10;14;1359
26;2025-12-10;15;1401
26;2025-12-10;16;1516
26;2025-12-10;17;1749
26;2025-12-10;18;1897
26;2025-12-10;19;1260
26;2025-12-10;20;751
26;2025-12-10;21;504
26;2025-12-10;22;205
26;2025-12-10;23;128
26;2025-12-11;0;34
26;2025-12-11;1;0
26;2025-12-11;2;0
26;2025-12-11;3;0
26;2025-12-11;4;2
26;2025-12-11;5;99
26;2025-12-11;6;466
26;2025-12-11;7;1099
26;2025-12-11;8;2279
26;2025-12-11;9;1482
26;2025-12-11;10;1223
26;2025-12-11;11;1122
26;2025-12-11;12;1206
26;2025-12-11;13;1180
26;2025-12-11;14;1359
26;2025-12-11;15;1401
26;2025-12-11;16;1516
26;2025-12-11;17;1749
26;2025-12-11;18;1897
26;2025-12-11;19;1260
26;2025-12-11;20;751
26;2025-12-11;21;504
26;2025-12-11;22;205
26;2025-12-11;23;128
26;2025-12-12;0;31
26;2025-12-12;1;1
26;2025-12-12;2;0
26;2025-12-12;3;0
26;2025-12-12;4;1
26;2025-12-12;5;84
26;2025-12-12;6;486
26;2025-12-12;7;1023
26;2025-12-12;8;2217
26;2025-12-12;9;1388
26;2025-12-12;10;1247
26;2025-12-12;11;1114
26;2025-12-12;12;1105
26;2025-12-12;13;1139
26;2025-12-12;14;1365
26;2025-12-12;15;1348
26;2025-12-12;16;1648
26;2025-12-12;17;1776
26;2025-12-12;18;1302
26;2025-12-12;19;1020
26;2025-12-12;20;649
26;2025-12-12;21;463
26;2025-12-12;22;195
26;2025-12-12;23;152
26;2025-12-13;0;52
26;2025-12-13;1;2
26;2025-12-13;2;0
26;2025-12-13;3;0
26;2025-12-13;4;2
26;2025-12-13;5;51
26;2025-12-13;6;232
26;2025-12-13;7;370
26;2025-12-13;8;620
26;2025-12-13;9;669
26;2025-12-13;10;828
26;2025-12-13;11;993
26;2025-12-13;12;1071
26;2025-12-13;13;1047
26;2025-12-13;14;1096
26;2025-12-13;15;987
26;2025-12-13;16;1036
26;2025-12-13;17;948
26;2025-12-13;18;875
26;2025-12-13;19;761
26;2025-12-13;20;537
26;2025-12-13;21;349
26;2025-12-13;22;200
26;2025-12-13;23;156
26;2025-12-14;0;49
26;2025-12-14;1;4
26;2025-12-14;2;0
26;2025-12-14;3;0
26;2025-12-14;4;1
26;2025-12-14;5;20
26;2025-12-14;6;156
26;2025-12-14;7;257
26;2025-12-14;8;381
26;2025-12-14;9;523
26;2025-12-14;10;589
26;2025-12-14;11;823
26;2025-12-14;12;813
26;2025-12-14;13;874
26;2025-12-14;14;855
26;2025-12-14;15;781
26;2025-12-14;16;746
26;2025-12-14;17;771
26;2025-12-14;18;692
26;2025-12-14;19;506
26;2025-12-14;20;397
26;2025-12-14;21;275
26;2025-12-14;22;159
26;2025-12-14;23;105
26;2025-12-15;0;24
26;2025-12-15;1;2
26;2025-12-15;2;0
26;2025-12-15;3;0
26;2025-12-15;4;1
26;2025-12-15;5;93
26;2025-12-15;6;461
26;2025-12-15;7;1133
26;2025-12-15;8;2214
26;2025-12-15;9;1408
26;2025-12-15;10;1217
26;2025-12-15;11;1043
26;2025-12-15;12;1075
26;2025-12-15;13;1148
26;2025-12-15;14;1269
26;2025-12-15;15;1299
26;2025-12-15;16;1401
26;2025-12-15;17;1706
26;2025-12-15;18;1868
26;2025-12-15;19;1190
26;2025-12-15;20;741
26;2025-12-15;21;462
26;2025-12-15;22;192
26;2025-12-15;23;108
26;2025-12-16;0;34
26;2025-12-16;1;0
26;2025-12-16;2;0
26;2025-12-16;3;0
26;2025-12-16;4;2
26;2025-12-16;5;99
26;2025-12-16;6;466
26;2025-12-16;7;1099
26;2025-12-16;8;2279
26;2025-12-16;9;1482
26;2025-12-16;10;1223
26;2025-12-16;11;1122
26;2025-12-16;12;1206
26;2025-12-16;13;1180
26;2025-12-16;14;1359
26;2025-12-16;15;1401
26;2025-12-16;16;1516
26;2025-12-16;17;1749
26;2025-12-16;18;1897
26;2025-12-16;19;1260
26;2025-12-16;20;751
26;2025-12-16;21;504
26;2025-12-16;22;205
26;2025-12-16;23;128
26;2025-12-17;0;34
26;2025-12-17;1;0
26;2025-12-17;2;0
26;2025-12-17;3;0
26;2025-12-17;4;2
26;2025-12-17;5;99
26;2025-12-17;6;466
26;2025-12-17;7;1099
26;2025-12-17;8;2279
26;2025-12-17;9;1482
26;2025-12-17;10;1223
26;2025-12-17;11;1122
26;2025-12-17;12;1206
26;2025-12-17;13;1180
26;2025-12-17;14;1359
26;2025-12-17;15;1401
26;2025-12-17;16;1516
26;2025-12-17;17;1749
26;2025-12-17;18;1897
26;2025-12-17;19;1260
26;2025-12-17;20;751
26;2025-12-17;21;504
26;2025-12-17;22;205
26;2025-12-17;23;128
26;2025-12-18;0;34
26;2025-12-18;1;0
26;2025-12-18;2;0
26;2025-12-18;3;0
26;2025-12-18;4;2
26;2025-12-18;5;99
26;2025-12-18;6;466
26;2025-12-18;7;1099
26;2025-12-18;8;2279
26;2025-12-18;9;1482
26;2025-12-18;10;1223
26;2025-12-18;11;1122
26;2025-12-18;12;1206
26;2025-12-18;13;1180
26;2025-12-18;14;1359
26;2025-12-18;15;1401
26;2025-12-18;16;1516
26;2025-12-18;17;1749
26;2025-12-18;18;1897
26;2025-12-18;19;1260
26;2025-12-18;20;751
26;2025-12-18;21;504
26;2025-12-18;22;205
26;2025-12-18;23;128
26;2025-12-19;0;31
26;2025-12-19;1;1
26;2025-12-19;2;0
26;2025-12-19;3;0
26;2025-12-19;4;1
26;2025-12-19;5;84
26;2025-12-19;6;486
26;2025-12-19;7;1023
26;2025-12-19;8;2217
26;2025-12-19;9;1388
26;2025-12-19;10;1247
26;2025-12-19;11;1114
26;2025-12-19;12;1105
26;2025-12-19;13;1139
26;2025-12-19;14;1365
26;2025-12-19;15;1348
26;2025-12-19;16;1648
26;2025-12-19;17;1776
26;2025-12-19;18;1302
26;2025-12-19;19;1020
26;2025-12-19;20;649
26;2025-12-19;21;463
26;2025-12-19;22;195
26;2025-12-19;23;152
26;2025-12-20;0;52
26;2025-12-20;1;2
26;2025-12-20;2;0
26;2025-12-20;3;0
26;2025-12-20;4;2
26;2025-12-20;5;51
26;2025-12-20;6;232
26;2025-12-20;7;370
26;2025-12-20;8;620
26;2025-12-20;9;669
26;2025-12-20;10;828
26;2025-12-20;11;993
26;2025-12-20;12;1071
26;2025-12-20;13;1047
26;2025-12-20;14;1096
26;2025-12-20;15;987
26;2025-12-20;16;1036
26;2025-12-20;17;948
26;2025-12-20;18;875
26;2025-12-20;19;761
26;2025-12-20;20;537
26;2025-12-20;21;349
26;2025-12-20;22;200
26;2025-12-20;23;156
26;2025-12-21;0;49
26;2025-12-21;1;4
26;2025-12-21;2;0
26;2025-12-21;3;0
26;2025-12-21;4;1
26;2025-12-21;5;20
26;2025-12-21;6;156
26;2025-12-21;7;257
26;2025-12-21;8;381
26;2025-12-21;9;523
26;2025-12-21;10;589
26;2025-12-21;11;823
26;2025-12-21;12;813
26;2025-12-21;13;874
26;2025-12-21;14;855
26;2025-12-21;15;781
26;2025-12-21;16;746
26;2025-12-21;17;771
26;2025-12-21;18;692
26;2025-12-21;19;506
26;2025-12-21;20;397
26;2025-12-21;21;275
26;2025-12-21;22;159
26;2025-12-21;23;105
26;2025-12-22;0;24
26;2025-12-22;1;2
26;2025-12-22;2;0
26;2025-12-22;3;0
26;2025-12-22;4;1
26;2025-12-22;5;93
26;2025-12-22;6;461
26;2025-12-22;7;1133
26;2025-12-22;8;2214
26;2025-12-22;9;1408
26;2025-12-22;10;1217
26;2025-12-22;11;1043
26;2025-12-22;12;1075
26;2025-12-22;13;1148
26;2025-12-22;14;1269
26;2025-12-22;15;1299
26;2025-12-22;16;1401
26;2025-12-22;17;1706
26;2025-12-22;18;1868
26;2025-12-22;19;1190
26;2025-12-22;20;741
26;2025-12-22;21;462
26;2025-12-22;22;192
26;2025-12-22;23;108
26;2025-12-23;0;34
26;2025-12-23;1;0
26;2025-12-23;2;0
26;2025-12-23;3;0
26;2025-12-23;4;2
26;2025-12-23;5;99
26;2025-12-23;6;466
26;2025-12-23;7;1099
26;2025-12-23;8;2279
26;2025-12-23;9;1482
26;2025-12-23;10;1223
26;2025-12-23;11;1122
26;2025-12-23;12;1206
26;2025-12-23;13;1180
26;2025-12-23;14;1359
26;2025-12-23;15;1401
26;2025-12-23;16;1516
26;2025-12-23;17;1749
26;2025-12-23;18;1897
26;2025-12-23;19;1260
26;2025-12-23;20;751
26;2025-12-23;21;504
26;2025-12-23;22;205
26;2025-12-23;23;128
26;2025-12-24;0;34
26;2025-12-24;1;0
26;2025-12-24;2;0
26;2025-12-24;3;0
26;2025-12-24;4;2
26;2025-12-24;5;99
26;2025-12-24;6;466
26;2025-12-24;7;1099
26;2025-12-24;8;2279
26;2025-12-24;9;1482
26;2025-12-24;10;1223
26;2025-12-24;11;1122
26;2025-12-24;12;1206
26;2025-12-24;13;1180
26;2025-12-24;14;1359
26;2025-12-24;15;1401
26;2025-12-24;16;1516
26;2025-12-24;17;1749
26;2025-12-24;18;1897
26;2025-12-24;19;1260
26;2025-12-24;20;751
26;2025-12-24;21;504
26;2025-12-24;22;205
26;2025-12-24;23;128
26;2025-12-25;0;34
26;2025-12-25;1;0
26;2025-12-25;2;0
26;2025-12-25;3;0
26;2025-12-25;4;2
26;2025-12-25;5;99
26;2025-12-25;6;466
26;2025-12-25;7;1099
26;2025-12-25;8;2279
26;2025-12-25;9;1482
26;2025-12-25;10;1223
26;2025-12-25;11;1122
26;2025-12-25;12;1206
26;2025-12-25;13;1180
26;2025-12-25;14;1359
26;2025-12-25;15;1401
26;2025-12-25;16;1516
26;2025-12-25;17;1749
26;2025-12-25;18;1897
26;2025-12-25;19;1260
26;2025-12-25;20;751
26;2025-12-25;21;504
26;2025-12-25;22;205
26;2025-12-25;23;128
26;2025-12-26;0;31
26;2025-12-26;1;1
26;2025-12-26;2;0
26;2025-12-26;3;0
26;2025-12-26;4;1
26;2025-12-26;5;84
26;2025-12-26;6;486
26;2025-12-26;7;1023
26;2025-12-26;8;2217
26;2025-12-26;9;1388
26;2025-12-26;10;1247
26;2025-12-26;11;1114
26;2025-12-26;12;1105
26;2025-12-26;13;1139
26;2025-12-26;14;1365
26;2025-12-26;15;1348
26;2025-12-26;16;1648
26;2025-12-26;17;1776
26;2025-12-26;18;1302
26;2025-12-26;19;1020
26;2025-12-26;20;649
26;2025-12-26;21;463
26;2025-12-26;22;195
26;2025-12-26;23;152
26;2025-12-27;0;52
26;2025-12-27;1;2
26;2025-12-27;2;0
26;2025-12-27;3;0
26;2025-12-27;4;2
26;2025-12-27;5;51
26;2025-12-27;6;232
26;2025-12-27;7;370
26;2025-12-27;8;620
26;2025-12-27;9;669
26;2025-12-27;10;828
26;2025-12-27;11;993
26;2025-12-27;12;1071
26;2025-12-27;13;1047
26;2025-12-27;14;1096
26;2025-12-27;15;987
26;2025-12-27;16;1036
26;2025-12-27;17;948
26;2025-12-27;18;875
26;2025-12-27;19;761
26;2025-12-27;20;537
26;2025-12-27;21;349
26;2025-12-27;22;200
26;2025-12-27;23;156
26;2025-12-28;0;49
26;2025-12-28;1;4
26;2025-12-28;2;0
26;2025-12-28;3;0
26;2025-12-28;4;1
26;2025-12-28;5;20
26;2025-12-28;6;156
26;2025-12-28;7;257
26;2025-12-28;8;381
26;2025-12-28;9;523
26;2025-12-28;10;589
26;2025-12-28;11;823
26;2025-12-28;12;813
26;2025-12-28;13;874
26;2025-12-28;14;855
26;2025-12-28;15;781
26;2025-12-28;16;746
26;2025-12-28;17;771
26;2025-12-28;18;692
26;2025-12-28;19;506
26;2025-12-28;20;397
26;2025-12-28;21;275
26;2025-12-28;22;159
26;2025-12-28;23;105
26;2025-12-29;0;27
26;2025-12-29;1;1
26;2025-12-29;2;0
26;2025-12-29;3;0
26;2025-12-29;4;1
26;2025-12-29;5;71
26;2025-12-29;6;417
26;2025-12-29;7;880
26;2025-12-29;8;1907
26;2025-12-29;9;1193
26;2025-12-29;10;1073
26;2025-12-29;11;958
26;2025-12-29;12;951
26;2025-12-29;13;980
26;2025-12-29;14;1174
26;2025-12-29;15;1160
26;2025-12-29;16;1418
26;2025-12-29;17;1527
26;2025-12-29;18;1119
26;2025-12-29;19;877
26;2025-12-29;20;558
26;2025-12-29;21;399
26;2025-12-29;22;167
26;2025-12-29;23;131
26;2025-12-30;0;27
26;2025-12-30;1;1
26;2025-12-30;2;0
26;2025-12-30;3;0
26;2025-12-30;4;1
26;2025-12-30;5;71
26;2025-12-30;6;417
26;2025-12-30;7;880
26;2025-12-30;8;1907
26;2025-12-30;9;1193
26;2025-12-30;10;1073
26;2025-12-30;11;958
26;2025-12-30;12;951
26;2025-12-30;13;980
26;2025-12-30;14;1174
26;2025-12-30;15;1160
26;2025-12-30;16;1418
26;2025-12-30;17;1527
26;2025-12-30;18;1119
26;2025-12-30;19;877
26;2025-12-30;20;558
26;2025-12-30;21;399
26;2025-12-30;22;167
26;2025-12-30;23;131
26;2025-12-31;0;44
26;2025-12-31;1;2
26;2025-12-31;2;0
26;2025-12-31;3;0
26;2025-12-31;4;1
26;2025-12-31;5;44
26;2025-12-31;6;197
26;2025-12-31;7;315
26;2025-12-31;8;526
26;2025-12-31;9;569
26;2025-12-31;10;704
26;2025-12-31;11;845
26;2025-12-31;12;911
26;2025-12-31;13;889
26;2025-12-31;14;932
26;2025-12-31;15;839
26;2025-12-31;16;880
26;2025-12-31;17;805
26;2025-12-31;18;744
26;2025-12-31;19;356
26;2025-12-31;20;251
26;2025-12-31;21;163
26;2025-12-31;22;94
26;2025-12-31;23;73
28;2025-11-01;0;2
28;2025-11-01;1;0
28;2025-11-01;2;0
28;2025-11-01;3;0
28;2025-11-01;4;1
28;2025-11-01;5;66
28;2025-11-01;6;244
28;2025-11-01;7;749
28;2025-11-01;8;1152
28;2025-11-01;9;737
28;2025-11-01;10;554
28;2025-11-01;11;529
28;2025-11-01;12;698
28;2025-11-01;13;635
28;2025-11-01;14;624
28;2025-11-01;15;641
28;2025-11-01;16;842
28;2025-11-01;17;882
28;2025-11-01;18;772
28;2025-11-01;19;574
28;2025-11-01;20;374
28;2025-11-01;21;291
28;2025-11-01;22;112
28;2025-11-01;23;16
28;2025-11-02;0;2
28;2025-11-02;1;0
28;2025-11-02;2;0
28;2025-11-02;3;0
28;2025-11-02;4;0
28;2025-11-02;5;31
28;2025-11-02;6;78
28;2025-11-02;7;167
28;2025-11-02;8;259
28;2025-11-02;9;358
28;2025-11-02;10;404
28;2025-11-02;11;443
28;2025-11-02;12;457
28;2025-11-02;13;557
28;2025-11-02;14;527
28;2025-11-02;15;523
28;2025-11-02;16;468
28;2025-11-02;17;506
28;2025-11-02;18;434
28;2025-11-02;19;393
28;2025-11-02;20;296
28;2025-11-02;21;238
28;2025-11-02;22;112
28;2025-11-02;23;13
28;2025-11-03;0;2
28;2025-11-03;1;0
28;2025-11-03;2;0
28;2025-11-03;3;0
28;2025-11-03;4;0
28;2025-11-03;5;30
28;2025-11-03;6;75
28;2025-11-03;7;161
28;2025-11-03;8;251
28;2025-11-03;9;347
28;2025-11-03;10;391
28;2025-11-03;11;427
28;2025-11-03;12;442
28;2025-11-03;13;539
28;2025-11-03;14;510
28;2025-11-03;15;506
28;2025-11-03;16;453
28;2025-11-03;17;489
28;2025-11-03;18;419
28;2025-11-03;19;379
28;2025-11-03;20;286
28;2025-11-03;21;230
28;2025-11-03;22;108
28;2025-11-03;23;12
28;2025-11-04;0;2
28;2025-11-04;1;0
28;2025-11-04;2;0
28;2025-11-04;3;0
28;2025-11-04;4;0
28;2025-11-04;5;30
28;2025-11-04;6;75
28;2025-11-04;7;161
28;2025-11-04;8;251
28;2025-11-04;9;347
28;2025-11-04;10;391
28;2025-11-04;11;427
28;2025-11-04;12;442
28;2025-11-04;13;539
28;2025-11-04;14;510
28;2025-11-04;15;506
28;2025-11-04;16;453
28;2025-11-04;17;489
28;2025-11-04;18;419
28;2025-11-04;19;379
28;2025-11-04;20;286
28;2025-11-04;21;230
28;2025-11-04;22;108
28;2025-11-04;23;12
28;2025-11-05;0;0
28;2025-11-05;1;0
28;2025-11-05;2;0
28;2025-11-05;3;0
28;2025-11-05;4;1
28;2025-11-05;5;81
28;2025-11-05;6;257
28;2025-11-05;7;819
28;2025-11-05;8;1355
28;2025-11-05;9;866
28;2025-11-05;10;641
28;2025-11-05;11;586
28;2025-11-05;12;727
28;2025-11-05;13;722
28;2025-11-05;14;693
28;2025-11-05;15;725
28;2025-11-05;16;925
28;2025-11-05;17;1108
28;2025-11-05;18;1084
28;2025-11-05;19;793
28;2025-11-05;20;558
28;2025-11-05;21;342
28;2025-11-05;22;123
28;2025-11-05;23;11
28;2025-11-06;0;0
28;2025-11-06;1;0
28;2025-11-06;2;0
28;2025-11-06;3;0
28;2025-11-06;4;1
28;2025-11-06;5;81
28;2025-11-06;6;257
28;2025-11-06;7;819
28;2025-11-06;8;1355
28;2025-11-06;9;866
28;2025-11-06;10;641
28;2025-11-06;11;586
28;2025-11-06;12;727
28;2025-11-06;13;722
28;2025-11-06;14;693
28;2025-11-06;15;725
28;2025-11-06;16;925
28;2025-11-06;17;1108
28;2025-11-06;18;1084
28;2025-11-06;19;793
28;2025-11-06;20;558
28;2025-11-06;21;342
28;2025-11-06;22;123
28;2025-11-06;23;11
28;2025-11-07;0;2
28;2025-11-07;1;0
28;2025-11-07;2;0
28;2025-11-07;3;0
28;2025-11-07;4;2
28;2025-11-07;5;78
28;2025-11-07;6;287
28;2025-11-07;7;881
28;2025-11-07;8;1355
28;2025-11-07;9;868
28;2025-11-07;10;652
28;2025-11-07;11;623
28;2025-11-07;12;821
28;2025-11-07;13;748
28;2025-11-07;14;734
28;2025-11-07;15;754
28;2025-11-07;16;990
28;2025-11-07;17;1037
28;2025-11-07;18;908
28;2025-11-07;19;676
28;2025-11-07;20;441
28;2025-11-07;21;342
28;2025-11-07;22;133
28;2025-11-07;23;19
28;2025-11-08;0;2
28;2025-11-08;1;0
28;2025-11-08;2;0
28;2025-11-08;3;0
28;2025-11-08;4;1
28;2025-11-08;5;40
28;2025-11-08;6;109
28;2025-11-08;7;240
28;2025-11-08;8;417
28;2025-11-08;9;470
28;2025-11-08;10;513
28;2025-11-08;11;518
28;2025-11-08;12;614
28;2025-11-08;13;620
28;2025-11-08;14;575
28;2025-11-08;15;623
28;2025-11-08;16;626
28;2025-11-08;17;601
28;2025-11-08;18;519
28;2025-11-08;19;393
28;2025-11-08;20;291
28;2025-11-08;21;264
28;2025-11-08;22;105
28;2025-11-08;23;12
28;2025-11-09;0;2
28;2025-11-09;1;0
28;2025-11-09;2;0
28;2025-11-09;3;0
28;2025-11-09;4;0
28;2025-11-09;5;31
28;2025-11-09;6;78
28;2025-11-09;7;167
28;2025-11-09;8;259
28;2025-11-09;9;358
28;2025-11-09;10;404
28;2025-11-09;11;443
28;2025-11-09;12;457
28;2025-11-09;13;557
28;2025-11-09;14;527
28;2025-11-09;15;523
28;2025-11-09;16;468
28;2025-11-09;17;506
28;2025-11-09;18;434
28;2025-11-09;19;393
28;2025-11-09;20;296
28;2025-11-09;21;238
28;2025-11-09;22;112
28;2025-11-09;23;13
28;2025-11-10;0;0
28;2025-11-10;1;1
28;2025-11-10;2;0
28;2025-11-10;3;0
28;2025-11-10;4;2
28;2025-11-10;5;74
28;2025-11-10;6;259
28;2025-11-10;7;750
28;2025-11-10;8;1286
28;2025-11-10;9;840
28;2025-11-10;10;632
28;2025-11-10;11;542
28;2025-11-10;12;707
28;2025-11-10;13;687
28;2025-11-10;14;645
28;2025-11-10;15;622
28;2025-11-10;16;899
28;2025-11-10;17;1007
28;2025-11-10;18;958
28;2025-11-10;19;714
28;2025-11-10;20;460
28;2025-11-10;21;294
28;2025-11-10;22;104
28;2025-11-10;23;3
28;2025-11-11;0;0
28;2025-11-11;1;0
28;2025-11-11;2;0
28;2025-11-11;3;0
28;2025-11-11;4;1
28;2025-11-11;5;81
28;2025-11-11;6;257
28;2025-11-11;7;819
28;2025-11-11;8;1355
28;2025-11-11;9;866
28;2025-11-11;10;641
28;2025-11-11;11;586
28;2025-11-11;12;727
28;2025-11-11;13;722
28;2025-11-11;14;693
28;2025-11-11;15;725
28;2025-11-11;16;925
28;2025-11-11;17;1108
28;2025-11-11;18;1084
28;2025-11-11;19;793
28;2025-11-11;20;558
28;2025-11-11;21;342
28;2025-11-11;22;123
28;2025-11-11;23;11
28;2025-11-12;0;0
28;2025-11-12;1;0
28;2025-11-12;2;0
28;2025-11-12;3;0
28;2025-11-12;4;1
28;2025-11-12;5;81
28;2025-11-12;6;257
28;2025-11-12;7;819
28;2025-11-12;8;1355
28;2025-11-12;9;866
28;2025-11-12;10;641
28;2025-11-12;11;586
28;2025-11-12;12;727
28;2025-11-12;13;722
28;2025-11-12;14;693
28;2025-11-12;15;725
28;2025-11-12;16;925
28;2025-11-12;17;1108
28;2025-11-12;18;1084
28;2025-11-12;19;793
28;2025-11-12;20;558
28;2025-11-12;21;342
28;2025-11-12;22;123
28;2025-11-12;23;11
28;2025-11-13;0;0
28;2025-11-13;1;0
28;2025-11-13;2;0
28;2025-11-13;3;0
28;2025-11-13;4;1
28;2025-11-13;5;81
28;2025-11-13;6;257
28;2025-11-13;7;819
28;2025-11-13;8;1355
28;2025-11-13;9;866
28;2025-11-13;10;641
28;2025-11-13;11;586
28;2025-11-13;12;727
28;2025-11-13;13;722
28;2025-11-13;14;693
28;2025-11-13;15;725
28;2025-11-13;16;925
28;2025-11-13;17;1108
28;2025-11-13;18;1084
28;2025-11-13;19;793
28;2025-11-13;20;558
28;2025-11-13;21;342
28;2025-11-13;22;123
28;2025-11-13;23;11
28;2025-11-14;0;2
28;2025-11-14;1;0
28;2025-11-14;2;0
28;2025-11-14;3;0
28;2025-11-14;4;2
28;2025-11-14;5;78
28;2025-11-14;6;287
28;2025-11-14;7;881
28;2025-11-14;8;1355
28;2025-11-14;9;868
28;2025-11-14;10;652
28;2025-11-14;11;623
28;2025-11-14;12;821
28;2025-11-14;13;748
28;2025-11-14;14;734
28;2025-11-14;15;754
28;2025-11-14;16;990
28;2025-11-14;17;1037
28;2025-11-14;18;908
28;2025-11-14;19;676
28;2025-11-14;20;441
28;2025-11-14;21;342
28;2025-11-14;22;133
28;2025-11-14;23;19
28;2025-11-15;0;2
28;2025-11-15;1;0
28;2025-11-15;2;0
28;2025-11-15;3;0
28;2025-11-15;4;1
28;2025-11-15;5;38
28;2025-11-15;6;104
28;2025-11-15;7;227
28;2025-11-15;8;396
28;2025-11-15;9;446
28;2025-11-15;10;487
28;2025-11-15;11;492
28;2025-11-15;12;582
28;2025-11-15;13;588
28;2025-11-15;14;546
28;2025-11-15;15;591
28;2025-11-15;16;594
28;2025-11-15;17;570
28;2025-11-15;18;492
28;2025-11-15;19;372
28;2025-11-15;20;275
28;2025-11-15;21;250
28;2025-11-15;22;100
28;2025-11-15;23;11
28;2025-11-16;0;2
28;2025-11-16;1;0
28;2025-11-16;2;0
28;2025-11-16;3;0
28;2025-11-16;4;0
28;2025-11-16;5;31
28;2025-11-16;6;78
28;2025-11-16;7;167
28;2025-11-16;8;259
28;2025-11-16;9;358
28;2025-11-16;10;404
28;2025-11-16;11;443
28;2025-11-16;12;457
28;2025-11-16;13;557
28;2025-11-16;14;527
28;2025-11-16;15;523
28;2025-11-16;16;468
28;2025-11-16;17;506
28;2025-11-16;18;434
28;2025-11-16;19;393
28;2025-11-16;20;296
28;2025-11-16;21;238
28;2025-11-16;22;112
28;2025-11-16;23;13
28;2025-11-17;0;0
28;2025-11-17;1;1
28;2025-11-17;2;0
28;2025-11-17;3;0
28;2025-11-17;4;2
28;2025-11-17;5;74
28;2025-11-17;6;259
28;2025-11-17;7;750
28;2025-11-17;8;1286
28;2025-11-17;9;840
28;2025-11-17;10;632
28;2025-11-17;11;542
28;2025-11-17;12;707
28;2025-11-17;13;687
28;2025-11-17;14;645
28;2025-11-17;15;622
28;2025-11-17;16;899
28;2025-11-17;17;1007
28;2025-11-17;18;958
28;2025-11-17;19;714
28;2025-11-17;20;460
28;2025-11-17;21;294
28;2025-11-17;22;104
28;2025-11-17;23;3
28;2025-11-18;0;0
28;2025-11-18;1;0
28;2025-11-18;2;0
28;2025-11-18;3;0
28;2025-11-18;4;1
28;2025-11-18;5;81
28;2025-11-18;6;257
28;2025-11-18;7;819
28;2025-11-18;8;1355
28;2025-11-18;9;866
28;2025-11-18;10;641
28;2025-11-18;11;586
28;2025-11-18;12;727
28;2025-11-18;13;722
28;2025-11-18;14;693
28;2025-11-18;15;725
28;2025-11-18;16;925
28;2025-11-18;17;1108
28;2025-11-18;18;1084
28;2025-11-18;19;793
28;2025-11-18;20;558
28;2025-11-18;21;342
28;2025-11-18;22;123
28;2025-11-18;23;11
28;2025-11-19;0;0
28;2025-11-19;1;0
28;2025-11-19;2;0
28;2025-11-19;3;0
28;2025-11-19;4;1
28;2025-11-19;5;81
28;2025-11-19;6;257
28;2025-11-19;7;819
28;2025-11-19;8;1355
28;2025-11-19;9;866
28;2025-11-19;10;641
28;2025-11-19;11;586
28;2025-11-19;12;727
28;2025-11-19;13;722
28;2025-11-19;14;693
28;2025-11-19;15;725
28;2025-11-19;16;925
28;2025-11-19;17;1108
28;2025-11-19;18;1084
28;2025-11-19;19;793
28;2025-11-19;20;558
28;2025-11-19;21;342
28;2025-11-19;22;123
28;2025-11-19;23;11
28;2025-11-20;0;0
28;2025-11-20;1;0
28;2025-11-20;2;0
28;2025-11-20;3;0
28;2025-11-20;4;1
28;2025-11-20;5;81
28;2025-11-20;6;257
28;2025-11-20;7;819
28;2025-11-20;8;1355
28;2025-11-20;9;866
28;2025-11-20;10;641
28;2025-11-20;11;586
28;2025-11-20;12;727
28;2025-11-20;13;722
28;2025-11-20;14;693
28;2025-11-20;15;725
28;2025-11-20;16;925
28;2025-11-20;17;1108
28;2025-11-20;18;1084
28;2025-11-20;19;793
28;2025-11-20;20;558
28;2025-11-20;21;342
28;2025-11-20;22;123
28;2025-11-20;23;11
28;2025-11-21;0;2
28;2025-11-21;1;0
28;2025-11-21;2;0
28;2025-11-21;3;0
28;2025-11-21;4;2
28;2025-11-21;5;78
28;2025-11-21;6;287
28;2025-11-21;7;881
28;2025-11-21;8;1355
28;2025-11-21;9;868
28;2025-11-21;10;652
28;2025-11-21;11;623
28;2025-11-21;12;821
28;2025-11-21;13;748
28;2025-11-21;14;734
28;2025-11-21;15;754
28;2025-11-21;16;990
28;2025-11-21;17;1037
28;2025-11-21;18;908
28;2025-11-21;19;676
28;2025-11-21;20;441
28;2025-11-21;21;342
28;2025-11-21;22;133
28;2025-11-21;23;19
28;2025-11-22;0;2
28;2025-11-22;1;0
28;2025-11-22;2;0
28;2025-11-22;3;0
28;2025-11-22;4;1
28;2025-11-22;5;40
28;2025-11-22;6;109
28;2025-11-22;7;240
28;2025-11-22;8;417
28;2025-11-22;9;470
28;2025-11-22;10;513
28;2025-11-22;11;518
28;2025-11-22;12;614
28;2025-11-22;13;620
28;2025-11-22;14;575
28;2025-11-22;15;623
28;2025-11-22;16;626
28;2025-11-22;17;601
28;2025-11-22;18;519
28;2025-11-22;19;393
28;2025-11-22;20;291
28;2025-11-22;21;264
28;2025-11-22;22;105
28;2025-11-22;23;12
28;2025-11-23;0;2
28;2025-11-23;1;0
28;2025-11-23;2;0
28;2025-11-23;3;0
28;2025-11-23;4;0
28;2025-11-23;5;31
28;2025-11-23;6;78
28;2025-11-23;7;167
28;2025-11-23;8;259
28;2025-11-23;9;358
28;2025-11-23;10;404
28;2025-11-23;11;443
28;2025-11-23;12;457
28;2025-11-23;13;557
28;2025-11-23;14;527
28;2025-11-23;15;523
28;2025-11-23;16;468
28;2025-11-23;17;506
28;2025-11-23;18;434
28;2025-11-23;19;393
28;2025-11-23;20;296
28;2025-11-23;21;238
28;2025-11-23;22;112
28;2025-11-23;23;13
28;2025-11-24;0;0
28;2025-11-24;1;1
28;2025-11-24;2;0
28;2025-11-24;3;0
28;2025-11-24;4;2
28;2025-11-24;5;74
28;2025-11-24;6;259
28;2025-11-24;7;750
28;2025-11-24;8;1286
28;2025-11-24;9;840
28;2025-11-24;10;632
28;2025-11-24;11;542
28;2025-11-24;12;707
28;2025-11-24;13;687
28;2025-11-24;14;645
28;2025-11-24;15;622
28;2025-11-24;16;899
28;2025-11-24;17;1007
28;2025-11-24;18;958
28;2025-11-24;19;714
28;2025-11-24;20;460
28;2025-11-24;21;294
28;2025-11-24;22;104
28;2025-11-24;23;3
28;2025-11-25;0;0
28;2025-11-25;1;0
28;2025-11-25;2;0
28;2025-11-25;3;0
28;2025-11-25;4;1
28;2025-11-25;5;81
28;2025-11-25;6;257
28;2025-11-25;7;819
28;2025-11-25;8;1355
28;2025-11-25;9;866
28;2025-11-25;10;641
28;2025-11-25;11;586
28;2025-11-25;12;727
28;2025-11-25;13;722
28;2025-11-25;14;693
28;2025-11-25;15;725
28;2025-11-25;16;925
28;2025-11-25;17;1108
28;2025-11-25;18;1084
28;2025-11-25;19;793
28;2025-11-25;20;558
28;2025-11-25;21;342
28;2025-11-25;22;123
28;2025-11-25;23;11
28;2025-11-26;0;0
28;2025-11-26;1;0
28;2025-11-26;2;0
28;2025-11-26;3;0
28;2025-11-26;4;1
28;2025-11-26;5;81
28;2025-11-26;6;257
28;2025-11-26;7;819
28;2025-11-26;8;1355
28;2025-11-26;9;866
28;2025-11-26;10;641
28;2025-11-26;11;586
28;2025-11-26;12;727
28;2025-11-26;13;722
28;2025-11-26;14;693
28;2025-11-26;15;725
28;2025-11-26;16;925
28;2025-11-26;17;1108
28;2025-11-26;18;1084
28;2025-11-26;19;793
28;2025-11-26;20;558
28;2025-11-26;21;342
28;2025-11-26;22;123
28;2025-11-26;23;11
28;2025-11-27;0;0
28;2025-11-27;1;0
28;2025-11-27;2;0
28;2025-11-27;3;0
28;2025-11-27;4;1
28;2025-11-27;5;81
28;2025-11-27;6;257
28;2025-11-27;7;819
28;2025-11-27;8;1355
28;2025-11-27;9;866
28;2025-11-27;10;641
28;2025-11-27;11;586
28;2025-11-27;12;727
28;2025-11-27;13;722
28;2025-11-27;14;693
28;2025-11-27;15;725
28;2025-11-27;16;925
28;2025-11-27;17;1108
28;2025-11-27;18;1084
28;2025-11-27;19;793
28;2025-11-27;20;558
28;2025-11-27;21;342
28;2025-11-27;22;123
28;2025-11-27;23;11
28;2025-11-28;0;2
28;2025-11-28;1;0
28;2025-11-28;2;0
28;2025-11-28;3;0
28;2025-11-28;4;2
28;2025-11-28;5;78
28;2025-11-28;6;287
28;2025-11-28;7;881
28;2025-11-28;8;1355
28;2025-11-28;9;868
28;2025-11-28;10;652
28;2025-11-28;11;623
28;2025-11-28;12;821
28;2025-11-28;13;748
28;2025-11-28;14;734
28;2025-11-28;15;754
28;2025-11-28;16;990
28;2025-11-28;17;1037
28;2025-11-28;18;908
28;2025-11-28;19;676
28;2025-11-28;20;441
28;2025-11-28;21;342
28;2025-11-28;22;133
28;2025-11-28;23;19
28;2025-11-29;0;2
28;2025-11-29;1;0
28;2025-11-29;2;0
28;2025-11-29;3;0
28;2025-11-29;4;1
28;2025-11-29;5;40
28;2025-11-29;6;109
28;2025-11-29;7;240
28;2025-11-29;8;417
28;2025-11-29;9;470
28;2025-11-29;10;513
28;2025-11-29;11;518
28;2025-11-29;12;614
28;2025-11-29;13;620
28;2025-11-29;14;575
28;2025-11-29;15;623
28;2025-11-29;16;626
28;2025-11-29;17;601
28;2025-11-29;18;519
28;2025-11-29;19;393
28;2025-11-29;20;291
28;2025-11-29;21;264
28;2025-11-29;22;105
28;2025-11-29;23;12
28;2025-11-30;0;2
28;2025-11-30;1;0
28;2025-11-30;2;0
28;2025-11-30;3;0
28;2025-11-30;4;0
28;2025-11-30;5;31
28;2025-11-30;6;78
28;2025-11-30;7;167
28;2025-11-30;8;259
28;2025-11-30;9;358
28;2025-11-30;10;404
28;2025-11-30;11;443
28;2025-11-30;12;457
28;2025-11-30;13;557
28;2025-11-30;14;527
28;2025-11-30;15;523
28;2025-11-30;16;468
28;2025-11-30;17;506
28;2025-11-30;18;434
28;2025-11-30;19;393
28;2025-11-30;20;296
28;2025-11-30;21;238
28;2025-11-30;22;112
28;2025-11-30;23;13
28;2025-12-01;0;0
28;2025-12-01;1;1
28;2025-12-01;2;0
28;2025-12-01;3;0
28;2025-12-01;4;2
28;2025-12-01;5;74
28;2025-12-01;6;259
28;2025-12-01;7;750
28;2025-12-01;8;1286
28;2025-12-01;9;840
28;2025-12-01;10;632
28;2025-12-01;11;542
28;2025-12-01;12;707
28;2025-12-01;13;687
28;2025-12-01;14;645
28;2025-12-01;15;622
28;2025-12-01;16;899
28;2025-12-01;17;1007
28;2025-12-01;18;958
28;2025-12-01;19;714
28;2025-12-01;20;460
28;2025-12-01;21;294
28;2025-12-01;22;104
28;2025-12-01;23;3
28;2025-12-02;0;0
28;2025-12-02;1;0
28;2025-12-02;2;0
28;2025-12-02;3;0
28;2025-12-02;4;1
28;2025-12-02;5;81
28;2025-12-02;6;257
28;2025-12-02;7;819
28;2025-12-02;8;1355
28;2025-12-02;9;866
28;2025-12-02;10;641
28;2025-12-02;11;586
28;2025-12-02;12;727
28;2025-12-02;13;722
28;2025-12-02;14;693
28;2025-12-02;15;725
28;2025-12-02;16;925
28;2025-12-02;17;1108
28;2025-12-02;18;1084
28;2025-12-02;19;793
28;2025-12-02;20;558
28;2025-12-02;21;342
28;2025-12-02;22;123
28;2025-12-02;23;11
28;2025-12-03;0;0
28;2025-12-03;1;0
28;2025-12-03;2;0
28;2025-12-03;3;0
28;2025-12-03;4;1
28;2025-12-03;5;81
28;2025-12-03;6;257
28;2025-12-03;7;819
28;2025-12-03;8;1355
28;2025-12-03;9;866
28;2025-12-03;10;641
28;2025-12-03;11;586
28;2025-12-03;12;727
28;2025-12-03;13;722
28;2025-12-03;14;693
28;2025-12-03;15;725
28;2025-12-03;16;925
28;2025-12-03;17;1108
28;2025-12-03;18;1084
28;2025-12-03;19;793
28;2025-12-03;20;558
28;2025-12-03;21;342
28;2025-12-03;22;123
28;2025-12-03;23;11
28;2025-12-04;0;0
28;2025-12-04;1;0
28;2025-12-04;2;0
28;2025-12-04;3;0
28;2025-12-04;4;1
28;2025-12-04;5;81
28;2025-12-04;6;257
28;2025-12-04;7;819
28;2025-12-04;8;1355
28;2025-12-04;9;866
28;2025-12-04;10;641
28;2025-12-04;11;586
28;2025-12-04;12;727
28;2025-12-04;13;722
28;2025-12-04;14;693
28;2025-12-04;15;725
28;2025-12-04;16;925
28;2025-12-04;17;1108
28;2025-12-04;18;1084
28;2025-12-04;19;793
28;2025-12-04;20;558
28;2025-12-04;21;342
28;2025-12-04;22;123
28;2025-12-04;23;11
28;2025-12-05;0;2
28;2025-12-05;1;0
28;2025-12-05;2;0
28;2025-12-05;3;0
28;2025-12-05;4;2
28;2025-12-05;5;78
28;2025-12-05;6;287
28;2025-12-05;7;881
28;2025-12-05;8;1355
28;2025-12-05;9;868
28;2025-12-05;10;652
28;2025-12-05;11;623
28;2025-12-05;12;821
28;2025-12-05;13;748
28;2025-12-05;14;734
28;2025-12-05;15;754
28;2025-12-05;16;990
28;2025-12-05;17;1037
28;2025-12-05;18;908
28;2025-12-05;19;676
28;2025-12-05;20;441
28;2025-12-05;21;342
28;2025-12-05;22;133
28;2025-12-05;23;19
28;2025-12-06;0;2
28;2025-12-06;1;0
28;2025-12-06;2;0
28;2025-12-06;3;0
28;2025-12-06;4;1
28;2025-12-06;5;40
28;2025-12-06;6;109
28;2025-12-06;7;240
28;2025-12-06;8;417
28;2025-12-06;9;470
28;2025-12-06;10;513
28;2025-12-06;11;518
28;2025-12-06;12;614
28;2025-12-06;13;620
28;2025-12-06;14;575
28;2025-12-06;15;623
28;2025-12-06;16;626
28;2025-12-06;17;601
28;2025-12-06;18;519
28;2025-12-06;19;393
28;2025-12-06;20;291
28;2025-12-06;21;264
28;2025-12-06;22;105
28;2025-12-06;23;12
28;2025-12-07;0;2
28;2025-12-07;1;0
28;2025-12-07;2;0
28;2025-12-07;3;0
28;2025-12-07;4;0
28;2025-12-07;5;31
28;2025-12-07;6;78
28;2025-12-07;7;167
28;2025-12-07;8;259
28;2025-12-07;9;358
28;2025-12-07;10;404
28;2025-12-07;11;443
28;2025-12-07;12;457
28;2025-12-07;13;557
28;2025-12-07;14;527
28;2025-12-07;15;523
28;2025-12-07;16;468
28;2025-12-07;17;506
28;2025-12-07;18;434
28;2025-12-07;19;393
28;2025-12-07;20;296
28;2025-12-07;21;238
28;2025-12-07;22;112
28;2025-12-07;23;13
28;2025-12-08;0;0
28;2025-12-08;1;1
28;2025-12-08;2;0
28;2025-12-08;3;0
28;2025-12-08;4;2
28;2025-12-08;5;74
28;2025-12-08;6;259
28;2025-12-08;7;750
28;2025-12-08;8;1286
28;2025-12-08;9;840
28;2025-12-08;10;632
28;2025-12-08;11;542
28;2025-12-08;12;707
28;2025-12-08;13;687
28;2025-12-08;14;645
28;2025-12-08;15;622
28;2025-12-08;16;899
28;2025-12-08;17;1007
28;2025-12-08;18;958
28;2025-12-08;19;714
28;2025-12-08;20;460
28;2025-12-08;21;294
28;2025-12-08;22;104
28;2025-12-08;23;3
28;2025-12-09;0;0
28;2025-12-09;1;0
28;2025-12-09;2;0
28;2025-12-09;3;0
28;2025-12-09;4;1
28;2025-12-09;5;81
28;2025-12-09;6;257
28;2025-12-09;7;819
28;2025-12-09;8;1355
28;2025-12-09;9;866
28;2025-12-09;10;641
28;2025-12-09;11;586
28;2025-12-09;12;727
28;2025-12-09;13;722
28;2025-12-09;14;693
28;2025-12-09;15;725
28;2025-12-09;16;925
28;2025-12-09;17;1108
28;2025-12-09;18;1084
28;2025-12-09;19;793
28;2025-12-09;20;558
28;2025-12-09;21;342
28;2025-12-09;22;123
28;2025-12-09;23;11
28;2025-12-10;0;0
28;2025-12-10;1;0
28;2025-12-10;2;0
28;2025-12-10;3;0
28;2025-12-10;4;1
28;2025-12-10;5;81
28;2025-12-10;6;257
28;2025-12-10;7;819
28;2025-12-10;8;1355
28;2025-12-10;9;866
28;2025-12-10;10;641
28;2025-12-10;11;586
28;2025-12-10;12;727
28;2025-12-10;13;722
28;2025-12-10;14;693
28;2025-12-10;15;725
28;2025-12-10;16;925
28;2025-12-10;17;1108
28;2025-12-10;18;1084
28;2025-12-10;19;793
28;2025-12-10;20;558
28;2025-12-10;21;342
28;2025-12-10;22;123
28;2025-12-10;23;11
28;2025-12-11;0;0
28;2025-12-11;1;0
28;2025-12-11;2;0
28;2025-12-11;3;0
28;2025-12-11;4;1
28;2025-12-11;5;81
28;2025-12-11;6;257
28;2025-12-11;7;819
28;2025-12-11;8;1355
28;2025-12-11;9;866
28;2025-12-11;10;641
28;2025-12-11;11;586
28;2025-12-11;12;727
28;2025-12-11;13;722
28;2025-12-11;14;693
28;2025-12-11;15;725
28;2025-12-11;16;925
28;2025-12-11;17;1108
28;2025-12-11;18;1084
28;2025-12-11;19;793
28;2025-12-11;20;558
28;2025-12-11;21;342
28;2025-12-11;22;123
28;2025-12-11;23;11
28;2025-12-12;0;2
28;2025-12-12;1;0
28;2025-12-12;2;0
28;2025-12-12;3;0
28;2025-12-12;4;2
28;2025-12-12;5;78
28;2025-12-12;6;287
28;2025-12-12;7;881
28;2025-12-12;8;1355
28;2025-12-12;9;868
28;2025-12-12;10;652
28;2025-12-12;11;623
28;2025-12-12;12;821
28;2025-12-12;13;748
28;2025-12-12;14;734
28;2025-12-12;15;754
28;2025-12-12;16;990
28;2025-12-12;17;1037
28;2025-12-12;18;908
28;2025-12-12;19;676
28;2025-12-12;20;441
28;2025-12-12;21;342
28;2025-12-12;22;133
28;2025-12-12;23;19
28;2025-12-13;0;2
28;2025-12-13;1;0
28;2025-12-13;2;0
28;2025-12-13;3;0
28;2025-12-13;4;1
28;2025-12-13;5;40
28;2025-12-13;6;109
28;2025-12-13;7;240
28;2025-12-13;8;417
28;2025-12-13;9;470
28;2025-12-13;10;513
28;2025-12-13;11;518
28;2025-12-13;12;614
28;2025-12-13;13;620
28;2025-12-13;14;575
28;2025-12-13;15;623
28;2025-12-13;16;626
28;2025-12-13;17;601
28;2025-12-13;18;519
28;2025-12-13;19;393
28;2025-12-13;20;291
28;2025-12-13;21;264
28;2025-12-13;22;105
28;2025-12-13;23;12
28;2025-12-14;0;2
28;2025-12-14;1;0
28;2025-12-14;2;0
28;2025-12-14;3;0
28;2025-12-14;4;0
28;2025-12-14;5;31
28;2025-12-14;6;78
28;2025-12-14;7;167
28;2025-12-14;8;259
28;2025-12-14;9;358
28;2025-12-14;10;404
28;2025-12-14;11;443
28;2025-12-14;12;457
28;2025-12-14;13;557
28;2025-12-14;14;527
28;2025-12-14;15;523
28;2025-12-14;16;468
28;2025-12-14;17;506
28;2025-12-14;18;434
28;2025-12-14;19;393
28;2025-12-14;20;296
28;2025-12-14;21;238
28;2025-12-14;22;112
28;2025-12-14;23;13
28;2025-12-15;0;0
28;2025-12-15;1;1
28;2025-12-15;2;0
28;2025-12-15;3;0
28;2025-12-15;4;2
28;2025-12-15;5;74
28;2025-12-15;6;259
28;2025-12-15;7;750
28;2025-12-15;8;1286
28;2025-12-15;9;840
28;2025-12-15;10;632
28;2025-12-15;11;542
28;2025-12-15;12;707
28;2025-12-15;13;687
28;2025-12-15;14;645
28;2025-12-15;15;622
28;2025-12-15;16;899
28;2025-12-15;17;1007
28;2025-12-15;18;958
28;2025-12-15;19;714
28;2025-12-15;20;460
28;2025-12-15;21;294
28;2025-12-15;22;104
28;2025-12-15;23;3
28;2025-12-16;0;0
28;2025-12-16;1;0
28;2025-12-16;2;0
28;2025-12-16;3;0
28;2025-12-16;4;1
28;2025-12-16;5;81
28;2025-12-16;6;257
28;2025-12-16;7;819
28;2025-12-16;8;1355
28;2025-12-16;9;866
28;2025-12-16;10;641
28;2025-12-16;11;586
28;2025-12-16;12;727
28;2025-12-16;13;722
28;2025-12-16;14;693
28;2025-12-16;15;725
28;2025-12-16;16;925
28;2025-12-16;17;1108
28;2025-12-16;18;1084
28;2025-12-16;19;793
28;2025-12-16;20;558
28;2025-12-16;21;342
28;2025-12-16;22;123
28;2025-12-16;23;11
28;2025-12-17;0;0
28;2025-12-17;1;0
28;2025-12-17;2;0
28;2025-12-17;3;0
28;2025-12-17;4;1
28;2025-12-17;5;81
28;2025-12-17;6;257
28;2025-12-17;7;819
28;2025-12-17;8;1355
28;2025-12-17;9;866
28;2025-12-17;10;641
28;2025-12-17;11;586
28;2025-12-17;12;727
28;2025-12-17;13;722
28;2025-12-17;14;693
28;2025-12-17;15;725
28;2025-12-17;16;925
28;2025-12-17;17;1108
28;2025-12-17;18;1084
28;2025-12-17;19;793
28;2025-12-17;20;558
28;2025-12-17;21;342
28;2025-12-17;22;123
28;2025-12-17;23;11
28;2025-12-18;0;0
28;2025-12-18;1;0
28;2025-12-18;2;0
28;2025-12-18;3;0
28;2025-12-18;4;1
28;2025-12-18;5;81
28;2025-12-18;6;257
28;2025-12-18;7;819
28;2025-12-18;8;1355
28;2025-12-18;9;866
28;2025-12-18;10;641
28;2025-12-18;11;586
28;2025-12-18;12;727
28;2025-12-18;13;722
28;2025-12-18;14;693
28;2025-12-18;15;725
28;2025-12-18;16;925
28;2025-12-18;17;1108
28;2025-12-18;18;1084
28;2025-12-18;19;793
28;2025-12-18;20;558
28;2025-12-18;21;342
28;2025-12-18;22;123
28;2025-12-18;23;11
28;2025-12-19;0;2
28;2025-12-19;1;0
28;2025-12-19;2;0
28;2025-12-19;3;0
28;2025-12-19;4;2
28;2025-12-19;5;78
28;2025-12-19;6;287
28;2025-12-19;7;881
28;2025-12-19;8;1355
28;2025-12-19;9;868
28;2025-12-19;10;652
28;2025-12-19;11;623
28;2025-12-19;12;821
28;2025-12-19;13;748
28;2025-12-19;14;734
28;2025-12-19;15;754
28;2025-12-19;16;990
28;2025-12-19;17;1037
28;2025-12-19;18;908
28;2025-12-19;19;676
28;2025-12-19;20;441
28;2025-12-19;21;342
28;2025-12-19;22;133
28;2025-12-19;23;19
28;2025-12-20;0;2
28;2025-12-20;1;0
28;2025-12-20;2;0
28;2025-12-20;3;0
28;2025-12-20;4;1
28;2025-12-20;5;40
28;2025-12-20;6;109
28;2025-12-20;7;240
28;2025-12-20;8;417
28;2025-12-20;9;470
28;2025-12-20;10;513
28;2025-12-20;11;518
28;2025-12-20;12;614
28;2025-12-20;13;620
28;2025-12-20;14;575
28;2025-12-20;15;623
28;2025-12-20;16;626
28;2025-12-20;17;601
28;2025-12-20;18;519
28;2025-12-20;19;393
28;2025-12-20;20;291
28;2025-12-20;21;264
28;2025-12-20;22;105
28;2025-12-20;23;12
28;2025-12-21;0;2
28;2025-12-21;1;0
28;2025-12-21;2;0
28;2025-12-21;3;0
28;2025-12-21;4;0
28;2025-12-21;5;31
28;2025-12-21;6;78
28;2025-12-21;7;167
28;2025-12-21;8;259
28;2025-12-21;9;358
28;2025-12-21;10;404
28;2025-12-21;11;443
28;2025-12-21;12;457
28;2025-12-21;13;557
28;2025-12-21;14;527
28;2025-12-21;15;523
28;2025-12-21;16;468
28;2025-12-21;17;506
28;2025-12-21;18;434
28;2025-12-21;19;393
28;2025-12-21;20;296
28;2025-12-21;21;238
28;2025-12-21;22;112
28;2025-12-21;23;13
28;2025-12-22;0;0
28;2025-12-22;1;1
28;2025-12-22;2;0
28;2025-12-22;3;0
28;2025-12-22;4;2
28;2025-12-22;5;74
28;2025-12-22;6;259
28;2025-12-22;7;750
28;2025-12-22;8;1286
28;2025-12-22;9;840
28;2025-12-22;10;632
28;2025-12-22;11;542
28;2025-12-22;12;707
28;2025-12-22;13;687
28;2025-12-22;14;645
28;2025-12-22;15;622
28;2025-12-22;16;899
28;2025-12-22;17;1007
28;2025-12-22;18;958
28;2025-12-22;19;714
28;2025-12-22;20;460
28;2025-12-22;21;294
28;2025-12-22;22;104
28;2025-12-22;23;3
28;2025-12-23;0;0
28;2025-12-23;1;0
28;2025-12-23;2;0
28;2025-12-23;3;0
28;2025-12-23;4;1
28;2025-12-23;5;81
28;2025-12-23;6;257
28;2025-12-23;7;819
28;2025-12-23;8;1355
28;2025-12-23;9;866
28;2025-12-23;10;641
28;2025-12-23;11;586
28;2025-12-23;12;727
28;2025-12-23;13;722
28;2025-12-23;14;693
28;2025-12-23;15;725
28;2025-12-23;16;925
28;2025-12-23;17;1108
28;2025-12-23;18;1084
28;2025-12-23;19;793
28;2025-12-23;20;558
28;2025-12-23;21;342
28;2025-12-23;22;123
28;2025-12-23;23;11
28;2025-12-24;0;0
28;2025-12-24;1;0
28;2025-12-24;2;0
28;2025-12-24;3;0
28;2025-12-24;4;1
28;2025-12-24;5;81
28;2025-12-24;6;257
28;2025-12-24;7;819
28;2025-12-24;8;1355
28;2025-12-24;9;866
28;2025-12-24;10;641
28;2025-12-24;11;586
28;2025-12-24;12;727
28;2025-12-24;13;722
28;2025-12-24;14;693
28;2025-12-24;15;725
28;2025-12-24;16;925
28;2025-12-24;17;1108
28;2025-12-24;18;1084
28;2025-12-24;19;793
28;2025-12-24;20;558
28;2025-12-24;21;342
28;2025-12-24;22;123
28;2025-12-24;23;11
28;2025-12-25;0;0
28;2025-12-25;1;0
28;2025-12-25;2;0
28;2025-12-25;3;0
28;2025-12-25;4;1
28;2025-12-25;5;81
28;2025-12-25;6;257
28;2025-12-25;7;819
28;2025-12-25;8;1355
28;2025-12-25;9;866
28;2025-12-25;10;641
28;2025-12-25;11;586
28;2025-12-25;12;727
28;2025-12-25;13;722
28;2025-12-25;14;693
28;2025-12-25;15;725
28;2025-12-25;16;925
28;2025-12-25;17;1108
28;2025-12-25;18;1084
28;2025-12-25;19;793
28;2025-12-25;20;558
28;2025-12-25;21;342
28;2025-12-25;22;123
28;2025-12-25;23;11
28;2025-12-26;0;2
28;2025-12-26;1;0
28;2025-12-26;2;0
28;2025-12-26;3;0
28;2025-12-26;4;2
28;2025-12-26;5;78
28;2025-12-26;6;287
28;2025-12-26;7;881
28;2025-12-26;8;1355
28;2025-12-26;9;868
28;2025-12-26;10;652
28;2025-12-26;11;623
28;2025-12-26;12;821
28;2025-12-26;13;748
28;2025-12-26;14;734
28;2025-12-26;15;754
28;2025-12-26;16;990
28;2025-12-26;17;1037
28;2025-12-26;18;908
28;2025-12-26;19;676
28;2025-12-26;20;441
28;2025-12-26;21;342
28;2025-12-26;22;133
28;2025-12-26;23;19
28;2025-12-27;0;2
28;2025-12-27;1;0
28;2025-12-27;2;0
28;2025-12-27;3;0
28;2025-12-27;4;1
28;2025-12-27;5;40
28;2025-12-27;6;109
28;2025-12-27;7;240
28;2025-12-27;8;417
28;2025-12-27;9;470
28;2025-12-27;10;513
28;2025-12-27;11;518
28;2025-12-27;12;614
28;2025-12-27;13;620
28;2025-12-27;14;575
28;2025-12-27;15;623
28;2025-12-27;16;626
28;2025-12-27;17;601
28;2025-12-27;18;519
28;2025-12-27;19;393
28;2025-12-27;20;291
28;2025-12-27;21;264
28;2025-12-27;22;105
28;2025-12-27;23;12
28;2025-12-28;0;2
28;2025-12-28;1;0
28;2025-12-28;2;0
28;2025-12-28;3;0
28;2025-12-28;4;0
28;2025-12-28;5;31
28;2025-12-28;6;78
28;2025-12-28;7;167
28;2025-12-28;8;259
28;2025-12-28;9;358
28;2025-12-28;10;404
28;2025-12-28;11;443
28;2025-12-28;12;457
28;2025-12-28;13;557
28;2025-12-28;14;527
28;2025-12-28;15;523
28;2025-12-28;16;468
28;2025-12-28;17;506
28;2025-12-28;18;434
28;2025-12-28;19;393
28;2025-12-28;20;296
28;2025-12-28;21;238
28;2025-12-28;22;112
28;2025-12-28;23;13
28;2025-12-29;0;2
28;2025-12-29;1;0
28;2025-12-29;2;0
28;2025-12-29;3;0
28;2025-12-29;4;1
28;2025-12-29;5;67
28;2025-12-29;6;247
28;2025-12-29;7;758
28;2025-12-29;8;1165
28;2025-12-29;9;747
28;2025-12-29;10;560
28;2025-12-29;11;536
28;2025-12-29;12;706
28;2025-12-29;13;643
28;2025-12-29;14;632
28;2025-12-29;15;649
28;2025-12-29;16;852
28;2025-12-29;17;892
28;2025-12-29;18;781
28;2025-12-29;19;581
28;2025-12-29;20;378
28;2025-12-29;21;294
28;2025-12-29;22;114
28;2025-12-29;23;16
28;2025-12-30;0;2
28;2025-12-30;1;0
28;2025-12-30;2;0
28;2025-12-30;3;0
28;2025-12-30;4;1
28;2025-12-30;5;67
28;2025-12-30;6;247
28;2025-12-30;7;758
28;2025-12-30;8;1165
28;2025-12-30;9;747
28;2025-12-30;10;560
28;2025-12-30;11;536
28;2025-12-30;12;706
28;2025-12-30;13;643
28;2025-12-30;14;632
28;2025-12-30;15;649
28;2025-12-30;16;852
28;2025-12-30;17;892
28;2025-12-30;18;781
28;2025-12-30;19;581
28;2025-12-30;20;378
28;2025-12-30;21;294
28;2025-12-30;22;114
28;2025-12-30;23;16
28;2025-12-31;0;2
28;2025-12-31;1;0
28;2025-12-31;2;0
28;2025-12-31;3;0
28;2025-12-31;4;1
28;2025-12-31;5;34
28;2025-12-31;6;93
28;2025-12-31;7;204
28;2025-12-31;8;355
28;2025-12-31;9;400
28;2025-12-31;10;437
28;2025-12-31;11;441
28;2025-12-31;12;522
28;2025-12-31;13;527
28;2025-12-31;14;489
28;2025-12-31;15;529
28;2025-12-31;16;532
28;2025-12-31;17;511
28;2025-12-31;18;441
28;2025-12-31;19;184
28;2025-12-31;20;136
28;2025-12-31;21;123
28;2025-12-31;22;49
28;2025-12-31;23;6
50;2025-11-01;0;32
50;2025-11-01;1;1
50;2025-11-01;2;0
50;2025-11-01;3;0
50;2025-11-01;4;3
50;2025-11-01;5;60
50;2025-11-01;6;444
50;2025-11-01;7;1527
50;2025-11-01;8;2414
50;2025-11-01;9;1881
50;2025-11-01;10;1308
50;2025-11-01;11;1315
50;2025-11-01;12;1223
50;2025-11-01;13;1324
50;2025-11-01;14;1262
50;2025-11-01;15;1506
50;2025-11-01;16;1974
50;2025-11-01;17;1870
50;2025-11-01;18;1391
50;2025-11-01;19;1032
50;2025-11-01;20;747
50;2025-11-01;21;473
50;2025-11-01;22;235
50;2025-11-01;23;142
50;2025-11-02;0;2
50;2025-11-02;1;0
50;2025-11-02;2;0
50;2025-11-02;3;0
50;2025-11-02;4;0
50;2025-11-02;5;1
50;2025-11-02;6;3
50;2025-11-02;7;5
50;2025-11-02;8;11
50;2025-11-02;9;8
50;2025-11-02;10;22
50;2025-11-02;11;75
50;2025-11-02;12;58
50;2025-11-02;13;70
50;2025-11-02;14;119
50;2025-11-02;15;97
50;2025-11-02;16;114
50;2025-11-02;17;102
50;2025-11-02;18;60
50;2025-11-02;19;66
50;2025-11-02;20;48
50;2025-11-02;21;31
50;2025-11-02;22;36
50;2025-11-02;23;10
50;2025-11-03;0;2
50;2025-11-03;1;0
50;2025-11-03;2;0
50;2025-11-03;3;0
50;2025-11-03;4;0
50;2025-11-03;5;0
50;2025-11-03;6;3
50;2025-11-03;7;5
50;2025-11-03;8;11
50;2025-11-03;9;8
50;2025-11-03;10;21
50;2025-11-03;11;72
50;2025-11-03;12;56
50;2025-11-03;13;68
50;2025-11-03;14;115
50;2025-11-03;15;94
50;2025-11-03;16;110
50;2025-11-03;17;99
50;2025-11-03;18;58
50;2025-11-03;19;63
50;2025-11-03;20;46
50;2025-11-03;21;30
50;2025-11-03;22;35
50;2025-11-03;23;10
50;2025-11-04;0;2
50;2025-11-04;1;0
50;2025-11-04;2;0
50;2025-11-04;3;0
50;2025-11-04;4;0
50;2025-11-04;5;0
50;2025-11-04;6;3
50;2025-11-04;7;5
50;2025-11-04;8;11
50;2025-11-04;9;8
50;2025-11-04;10;21
50;2025-11-04;11;72
50;2025-11-04;12;56
50;2025-11-04;13;68
50;2025-11-04;14;115
50;2025-11-04;15;94
50;2025-11-04;16;110
50;2025-11-04;17;99
50;2025-11-04;18;58
50;2025-11-04;19;63
50;2025-11-04;20;46
50;2025-11-04;21;30
50;2025-11-04;22;35
50;2025-11-04;23;10
50;2025-11-05;0;31
50;2025-11-05;1;2
50;2025-11-05;2;0
50;2025-11-05;3;0
50;2025-11-05;4;3
50;2025-11-05;5;76
50;2025-11-05;6;538
50;2025-11-05;7;1713
50;2025-11-05;8;2856
50;2025-11-05;9;2207
50;2025-11-05;10;1760
50;2025-11-05;11;1551
50;2025-11-05;12;1492
50;2025-11-05;13;1553
50;2025-11-05;14;1457
50;2025-11-05;15;1703
50;2025-11-05;16;1701
50;2025-11-05;17;2476
50;2025-11-05;18;2484
50;2025-11-05;19;1487
50;2025-11-05;20;962
50;2025-11-05;21;656
50;2025-11-05;22;249
50;2025-11-05;23;152
50;2025-11-06;0;31
50;2025-11-06;1;2
50;2025-11-06;2;0
50;2025-11-06;3;0
50;2025-11-06;4;3
50;2025-11-06;5;76
50;2025-11-06;6;538
50;2025-11-06;7;1713
50;2025-11-06;8;2856
50;2025-11-06;9;2207
50;2025-11-06;10;1760
50;2025-11-06;11;1551
50;2025-11-06;12;1492
50;2025-11-06;13;1553
50;2025-11-06;14;1457
50;2025-11-06;15;1703
50;2025-11-06;16;1701
50;2025-11-06;17;2476
50;2025-11-06;18;2484
50;2025-11-06;19;1487
50;2025-11-06;20;962
50;2025-11-06;21;656
50;2025-11-06;22;249
50;2025-11-06;23;152
50;2025-11-07;0;37
50;2025-11-07;1;1
50;2025-11-07;2;0
50;2025-11-07;3;0
50;2025-11-07;4;4
50;2025-11-07;5;70
50;2025-11-07;6;521
50;2025-11-07;7;1796
50;2025-11-07;8;2841
50;2025-11-07;9;2212
50;2025-11-07;10;1539
50;2025-11-07;11;1547
50;2025-11-07;12;1438
50;2025-11-07;13;1558
50;2025-11-07;14;1485
50;2025-11-07;15;1772
50;2025-11-07;16;2322
50;2025-11-07;17;2200
50;2025-11-07;18;1636
50;2025-11-07;19;1215
50;2025-11-07;20;878
50;2025-11-07;21;557
50;2025-11-07;22;276
50;2025-11-07;23;166
50;2025-11-08;0;52
50;2025-11-08;1;6
50;2025-11-08;2;0
50;2025-11-08;3;2
50;2025-11-08;4;0
50;2025-11-08;5;9
50;2025-11-08;6;11
50;2025-11-08;7;17
50;2025-11-08;8;34
50;2025-11-08;9;66
50;2025-11-08;10;24
50;2025-11-08;11;42
50;2025-11-08;12;75
50;2025-11-08;13;50
50;2025-11-08;14;61
50;2025-11-08;15;90
50;2025-11-08;16;57
50;2025-11-08;17;56
50;2025-11-08;18;14
50;2025-11-08;19;12
50;2025-11-08;20;9
50;2025-11-08;21;9
50;2025-11-08;22;9
50;2025-11-08;23;3
50;2025-11-09;0;2
50;2025-11-09;1;0
50;2025-11-09;2;0
50;2025-11-09;3;0
50;2025-11-09;4;0
50;2025-11-09;5;1
50;2025-11-09;6;3
50;2025-11-09;7;5
50;2025-11-09;8;11
50;2025-11-09;9;8
50;2025-11-09;10;22
50;2025-11-09;11;75
50;2025-11-09;12;58
50;2025-11-09;13;70
50;2025-11-09;14;119
50;2025-11-09;15;97
50;2025-11-09;16;114
50;2025-11-09;17;102
50;2025-11-09;18;60
50;2025-11-09;19;66
50;2025-11-09;20;48
50;2025-11-09;21;31
50;2025-11-09;22;36
50;2025-11-09;23;10
50;2025-11-10;0;8
50;2025-11-10;1;3
50;2025-11-10;2;2
50;2025-11-10;3;0
50;2025-11-10;4;4
50;2025-11-10;5;68
50;2025-11-10;6;529
50;2025-11-10;7;1730
50;2025-11-10;8;2872
50;2025-11-10;9;2314
50;2025-11-10;10;1667
50;2025-11-10;11;1470
50;2025-11-10;12;1340
50;2025-11-10;13;1501
50;2025-11-10;14;1417
50;2025-11-10;15;1684
50;2025-11-10;16;1640
50;2025-11-10;17;2330
50;2025-11-10;18;2552
50;2025-11-10;19;1304
50;2025-11-10;20;884
50;2025-11-10;21;642
50;2025-11-10;22;227
50;2025-11-10;23;122
50;2025-11-11;0;31
50;2025-11-11;1;2
50;2025-11-11;2;0
50;2025-11-11;3;0
50;2025-11-11;4;3
50;2025-11-11;5;76
50;2025-11-11;6;538
50;2025-11-11;7;1713
50;2025-11-11;8;2856
50;2025-11-11;9;2207
50;2025-11-11;10;1760
50;2025-11-11;11;1551
50;2025-11-11;12;1492
50;2025-11-11;13;1553
50;2025-11-11;14;1457
50;2025-11-11;15;1703
50;2025-11-11;16;1701
50;2025-11-11;17;2476
50;2025-11-11;18;2484
50;2025-11-11;19;1487
50;2025-11-11;20;962
50;2025-11-11;21;656
50;2025-11-11;22;249
50;2025-11-11;23;152
50;2025-11-12;0;31
50;2025-11-12;1;2
50;2025-11-12;2;0
50;2025-11-12;3;0
50;2025-11-12;4;3
50;2025-11-12;5;76
50;2025-11-12;6;538
50;2025-11-12;7;1713
50;2025-11-12;8;2856
50;2025-11-12;9;2207
50;2025-11-12;10;1760
50;2025-11-12;11;1551
50;2025-11-12;12;1492
50;2025-11-12;13;1553
50;2025-11-12;14;1457
50;2025-11-12;15;1703
50;2025-11-12;16;1701
50;2025-11-12;17;2476
50;2025-11-12;18;2484
50;2025-11-12;19;1487
50;2025-11-12;20;962
50;2025-11-12;21;656
50;2025-11-12;22;249
50;2025-11-12;23;152
50;2025-11-13;0;31
50;2025-11-13;1;2
50;2025-11-13;2;0
50;2025-11-13;3;0
50;2025-11-13;4;3
50;2025-11-13;5;76
50;2025-11-13;6;538
50;2025-11-13;7;1713
50;2025-11-13;8;2856
50;2025-11-13;9;2207
50;2025-11-13;10;1760
50;2025-11-13;11;1551
50;2025-11-13;12;1492
50;2025-11-13;13;1553
50;2025-11-13;14;1457
50;2025-11-13;15;1703
50;2025-11-13;16;1701
50;2025-11-13;17;2476
50;2025-11-13;18;2484
50;2025-11-13;19;1487
50;2025-11-13;20;962
50;2025-11-13;21;656
50;2025-11-13;22;249
50;2025-11-13;23;152
50;2025-11-14;0;37
50;2025-11-14;1;1
50;2025-11-14;2;0
50;2025-11-14;3;0
50;2025-11-14;4;4
50;2025-11-14;5;70
50;2025-11-14;6;521
50;2025-11-14;7;1796
50;2025-11-14;8;2841
50;2025-11-14;9;2212
50;2025-11-14;10;1539
50;2025-11-14;11;1547
50;2025-11-14;12;1438
50;2025-11-14;13;1558
50;2025-11-14;14;1485
50;2025-11-14;15;1772
50;2025-11-14;16;2322
50;2025-11-14;17;2200
50;2025-11-14;18;1636
50;2025-11-14;19;1215
50;2025-11-14;20;878
50;2025-11-14;21;557
50;2025-11-14;22;276
50;2025-11-14;23;166
50;2025-11-15;0;50
50;2025-11-15;1;6
50;2025-11-15;2;0
50;2025-11-15;3;2
50;2025-11-15;4;0
50;2025-11-15;5;8
50;2025-11-15;6;10
50;2025-11-15;7;16
50;2025-11-15;8;32
50;2025-11-15;9;63
50;2025-11-15;10;23
50;2025-11-15;11;40
50;2025-11-15;12;71
50;2025-11-15;13;47
50;2025-11-15;14;58
50;2025-11-15;15;85
50;2025-11-15;16;54
50;2025-11-15;17;53
50;2025-11-15;18;13
50;2025-11-15;19;12
50;2025-11-15;20;8
50;2025-11-15;21;9
50;2025-11-15;22;9
50;2025-11-15;23;2
50;2025-11-16;0;2
50;2025-11-16;1;0
50;2025-11-16;2;0
50;2025-11-16;3;0
50;2025-11-16;4;0
50;2025-11-16;5;1
50;2025-11-16;6;3
50;2025-11-16;7;5
50;2025-11-16;8;11
50;2025-11-16;9;8
50;2025-11-16;10;22
50;2025-11-16;11;75
50;2025-11-16;12;58
50;2025-11-16;13;70
50;2025-11-16;14;119
50;2025-11-16;15;97
50;2025-11-16;16;114
50;2025-11-16;17;102
50;2025-11-16;18;60
50;2025-11-16;19;66
50;2025-11-16;20;48
50;2025-11-16;21;31
50;2025-11-16;22;36
50;2025-11-16;23;10
50;2025-11-17;0;8
50;2025-11-17;1;3
50;2025-11-17;2;2
50;2025-11-17;3;0
50;2025-11-17;4;4
50;2025-11-17;5;68
50;2025-11-17;6;529
50;2025-11-17;7;1730
50;2025-11-17;8;2872
50;2025-11-17;9;2314
50;2025-11-17;10;1667
50;2025-11-17;11;1470
50;2025-11-17;12;1340
50;2025-11-17;13;1501
50;2025-11-17;14;1417
50;2025-11-17;15;1684
50;2025-11-17;16;1640
50;2025-11-17;17;2330
50;2025-11-17;18;2552
50;2025-11-17;19;1304
50;2025-11-17;20;884
50;2025-11-17;21;642
50;2025-11-17;22;227
50;2025-11-17;23;122
50;2025-11-18;0;31
50;2025-11-18;1;2
50;2025-11-18;2;0
50;2025-11-18;3;0
50;2025-11-18;4;3
50;2025-11-18;5;76
50;2025-11-18;6;538
50;2025-11-18;7;1713
50;2025-11-18;8;2856
50;2025-11-18;9;2207
50;2025-11-18;10;1760
50;2025-11-18;11;1551
50;2025-11-18;12;1492
50;2025-11-18;13;1553
50;2025-11-18;14;1457
50;2025-11-18;15;1703
50;2025-11-18;16;1701
50;2025-11-18;17;2476
50;2025-11-18;18;2484
50;2025-11-18;19;1487
50;2025-11-18;20;962
50;2025-11-18;21;656
50;2025-11-18;22;249
50;2025-11-18;23;152
50;2025-11-19;0;31
50;2025-11-19;1;2
50;2025-11-19;2;0
50;2025-11-19;3;0
50;2025-11-19;4;3
50;2025-11-19;5;76
50;2025-11-19;6;538
50;2025-11-19;7;1713
50;2025-11-19;8;2856
50;2025-11-19;9;2207
50;2025-11-19;10;1760
50;2025-11-19;11;1551
50;2025-11-19;12;1492
50;2025-11-19;13;1553
50;2025-11-19;14;1457
50;2025-11-19;15;1703
50;2025-11-19;16;1701
50;2025-11-19;17;2476
50;2025-11-19;18;2484
50;2025-11-19;19;1487
50;2025-11-19;20;962
50;2025-11-19;21;656
50;2025-11-19;22;249
50;2025-11-19;23;152
50;2025-11-20;0;31
50;2025-11-20;1;2
50;2025-11-20;2;0
50;2025-11-20;3;0
50;2025-11-20;4;3
50;2025-11-20;5;76
50;2025-11-20;6;538
50;2025-11-20;7;1713
50;2025-11-20;8;2856
50;2025-11-20;9;2207
50;2025-11-20;10;1760
50;2025-11-20;11;1551
50;2025-11-20;12;1492
50;2025-11-20;13;1553
50;2025-11-20;14;1457
50;2025-11-20;15;1703
50;2025-11-20;16;1701
50;2025-11-20;17;2476
50;2025-11-20;18;2484
50;2025-11-20;19;1487
50;2025-11-20;20;962
50;2025-11-20;21;656
50;2025-11-20;22;249
50;2025-11-20;23;152
50;2025-11-21;0;37
50;2025-11-21;1;1
50;2025-11-21;2;0
50;2025-11-21;3;0
50;2025-11-21;4;4
50;2025-11-21;5;70
50;2025-11-21;6;521
50;2025-11-21;7;1796
50;2025-11-21;8;2841
50;2025-11-21;9;2212
50;2025-11-21;10;1539
50;2025-11-21;11;1547
50;2025-11-21;12;1438
50;2025-11-21;13;1558
50;2025-11-21;14;1485
50;2025-11-21;15;1772
50;2025-11-21;16;2322
50;2025-11-21;17;2200
50;2025-11-21;18;1636
50;2025-11-21;19;1215
50;2025-11-21;20;878
50;2025-11-21;21;557
50;2025-11-21;22;276
50;2025-11-21;23;166
50;2025-11-22;0;52
50;2025-11-22;1;6
50;2025-11-22;2;0
50;2025-11-22;3;2
50;2025-11-22;4;0
50;2025-11-22;5;9
50;2025-11-22;6;11
50;2025-11-22;7;17
50;2025-11-22;8;34
50;2025-11-22;9;66
50;2025-11-22;10;24
50;2025-11-22;11;42
50;2025-11-22;12;75
50;2025-11-22;13;50
50;2025-11-22;14;61
50;2025-11-22;15;90
50;2025-11-22;16;57
50;2025-11-22;17;56
50;2025-11-22;18;14
50;2025-11-22;19;12
50;2025-11-22;20;9
50;2025-11-22;21;9
50;2025-11-22;22;9
50;2025-11-22;23;3
50;2025-11-23;0;2
50;2025-11-23;1;0
50;2025-11-23;2;0
50;2025-11-23;3;0
50;2025-11-23;4;0
50;2025-11-23;5;1
50;2025-11-23;6;3
50;2025-11-23;7;5
50;2025-11-23;8;11
50;2025-11-23;9;8
50;2025-11-23;10;22
50;2025-11-23;11;75
50;2025-11-23;12;58
50;2025-11-23;13;70
50;2025-11-23;14;119
50;2025-11-23;15;97
50;2025-11-23;16;114
50;2025-11-23;17;102
50;2025-11-23;18;60
50;2025-11-23;19;66
50;2025-11-23;20;48
50;2025-11-23;21;31
50;2025-11-23;22;36
50;2025-11-23;23;10
50;2025-11-24;0;8
50;2025-11-24;1;3
50;2025-11-24;2;2
50;2025-11-24;3;0
50;2025-11-24;4;4
50;2025-11-24;5;68
50;2025-11-24;6;529
50;2025-11-24;7;1730
50;2025-11-24;8;2872
50;2025-11-24;9;2314
50;2025-11-24;10;1667
50;2025-11-24;11;1470
50;2025-11-24;12;1340
50;2025-11-24;13;1501
50;2025-11-24;14;1417
50;2025-11-24;15;1684
50;2025-11-24;16;1640
50;2025-11-24;17;2330
50;2025-11-24;18;2552
50;2025-11-24;19;1304
50;2025-11-24;20;884
50;2025-11-24;21;642
50;2025-11-24;22;227
50;2025-11-24;23;122
50;2025-11-25;0;31
50;2025-11-25;1;2
50;2025-11-25;2;0
50;2025-11-25;3;0
50;2025-11-25;4;3
50;2025-11-25;5;76
50;2025-11-25;6;538
50;2025-11-25;7;1713
50;2025-11-25;8;2856
50;2025-11-25;9;2207
50;2025-11-25;10;1760
50;2025-11-25;11;1551
50;2025-11-25;12;1492
50;2025-11-25;13;1553
50;2025-11-25;14;1457
50;2025-11-25;15;1703
50;2025-11-25;16;1701
50;2025-11-25;17;2476
50;2025-11-25;18;2484
50;2025-11-25;19;1487
50;2025-11-25;20;962
50;2025-11-25;21;656
50;2025-11-25;22;249
50;2025-11-25;23;152
50;2025-11-26;0;31
50;2025-11-26;1;2
50;2025-11-26;2;0
50;2025-11-26;3;0
50;2025-11-26;4;3
50;2025-11-26;5;76
50;2025-11-26;6;538
50;2025-11-26;7;1713
50;2025-11-26;8;2856
50;2025-11-26;9;2207
50;2025-11-26;10;1760
50;2025-11-26;11;1551
50;2025-11-26;12;1492
50;2025-11-26;13;1553
50;2025-11-26;14;1457
50;2025-11-26;15;1703
50;2025-11-26;16;1701
50;2025-11-26;17;2476
50;2025-11-26;18;2484
50;2025-11-26;19;1487
50;2025-11-26;20;962
50;2025-11-26;21;656
50;2025-11-26;22;249
50;2025-11-26;23;152
50;2025-11-27;0;31
50;2025-11-27;1;2
50;2025-11-27;2;0
50;2025-11-27;3;0
50;2025-11-27;4;3
50;2025-11-27;5;76
50;2025-11-27;6;538
50;2025-11-27;7;1713
50;2025-11-27;8;2856
50;2025-11-27;9;2207
50;2025-11-27;10;1760
50;2025-11-27;11;1551
50;2025-11-27;12;1492
50;2025-11-27;13;1553
50;2025-11-27;14;1457
50;2025-11-27;15;1703
50;2025-11-27;16;1701
50;2025-11-27;17;2476
50;2025-11-27;18;2484
50;2025-11-27;19;1487
50;2025-11-27;20;962
50;2025-11-27;21;656
50;2025-11-27;22;249
50;2025-11-27;23;152
50;2025-11-28;0;37
50;2025-11-28;1;1
50;2025-11-28;2;0
50;2025-11-28;3;0
50;2025-11-28;4;4
50;2025-11-28;5;70
50;2025-11-28;6;521
50;2025-11-28;7;1796
50;2025-11-28;8;2841
50;2025-11-28;9;2212
50;2025-11-28;10;1539
50;2025-11-28;11;1547
50;2025-11-28;12;1438
50;2025-11-28;13;1558
50;2025-11-28;14;1485
50;2025-11-28;15;1772
50;2025-11-28;16;2322
50;2025-11-28;17;2200
50;2025-11-28;18;1636
50;2025-11-28;19;1215
50;2025-11-28;20;878
50;2025-11-28;21;557
50;2025-11-28;22;276
50;2025-11-28;23;166
50;2025-11-29;0;52
50;2025-11-29;1;6
50;2025-11-29;2;0
50;2025-11-29;3;2
50;2025-11-29;4;0
50;2025-11-29;5;9
50;2025-11-29;6;11
50;2025-11-29;7;17
50;2025-11-29;8;34
50;2025-11-29;9;66
50;2025-11-29;10;24
50;2025-11-29;11;42
50;2025-11-29;12;75
50;2025-11-29;13;50
50;2025-11-29;14;61
50;2025-11-29;15;90
50;2025-11-29;16;57
50;2025-11-29;17;56
50;2025-11-29;18;14
50;2025-11-29;19;12
50;2025-11-29;20;9
50;2025-11-29;21;9
50;2025-11-29;22;9
50;2025-11-29;23;3
50;2025-11-30;0;2
50;2025-11-30;1;0
50;2025-11-30;2;0
50;2025-11-30;3;0
50;2025-11-30;4;0
50;2025-11-30;5;1
50;2025-11-30;6;3
50;2025-11-30;7;5
50;2025-11-30;8;11
50;2025-11-30;9;8
50;2025-11-30;10;22
50;2025-11-30;11;75
50;2025-11-30;12;58
50;2025-11-30;13;70
50;2025-11-30;14;119
50;2025-11-30;15;97
50;2025-11-30;16;114
50;2025-11-30;17;102
50;2025-11-30;18;60
50;2025-11-30;19;66
50;2025-11-30;20;48
50;2025-11-30;21;31
50;2025-11-30;22;36
50;2025-11-30;23;10
50;2025-12-01;0;8
50;2025-12-01;1;3
50;2025-12-01;2;2
50;2025-12-01;3;0
50;2025-12-01;4;4
50;2025-12-01;5;68
50;2025-12-01;6;529
50;2025-12-01;7;1730
50;2025-12-01;8;2872
50;2025-12-01;9;2314
50;2025-12-01;10;1667
50;2025-12-01;11;1470
50;2025-12-01;12;1340
50;2025-12-01;13;1501
50;2025-12-01;14;1417
50;2025-12-01;15;1684
50;2025-12-01;16;1640
50;2025-12-01;17;2330
50;2025-12-01;18;2552
50;2025-12-01;19;1304
50;2025-12-01;20;884
50;2025-12-01;21;642
50;2025-12-01;22;227
50;2025-12-01;23;122
50;2025-12-02;0;31
50;2025-12-02;1;2
50;2025-12-02;2;0
50;2025-12-02;3;0
50;2025-12-02;4;3
50;2025-12-02;5;76
50;2025-12-02;6;538
50;2025-12-02;7;1713
50;2025-12-02;8;2856
50;2025-12-02;9;2207
50;2025-12-02;10;1760
50;2025-12-02;11;1551
50;2025-12-02;12;1492
50;2025-12-02;13;1553
50;2025-12-02;14;1457
50;2025-12-02;15;1703
50;2025-12-02;16;1701
50;2025-12-02;17;2476
50;2025-12-02;18;2484
50;2025-12-02;19;1487
50;2025-12-02;20;962
50;2025-12-02;21;656
50;2025-12-02;22;249
50;2025-12-02;23;152
50;2025-12-03;0;31
50;2025-12-03;1;2
50;2025-12-03;2;0
50;2025-12-03;3;0
50;2025-12-03;4;3
50;2025-12-03;5;76
50;2025-12-03;6;538
50;2025-12-03;7;1713
50;2025-12-03;8;2856
50;2025-12-03;9;2207
50;2025-12-03;10;1760
50;2025-12-03;11;1551
50;2025-12-03;12;1492
50;2025-12-03;13;1553
50;2025-12-03;14;1457
50;2025-12-03;15;1703
50;2025-12-03;16;1701
50;2025-12-03;17;2476
50;2025-12-03;18;2484
50;2025-12-03;19;1487
50;2025-12-03;20;962
50;2025-12-03;21;656
50;2025-12-03;22;249
50;2025-12-03;23;152
50;2025-12-04;0;31
50;2025-12-04;1;2
50;2025-12-04;2;0
50;2025-12-04;3;0
50;2025-12-04;4;3
50;2025-12-04;5;76
50;2025-12-04;6;538
50;2025-12-04;7;1713
50;2025-12-04;8;2856
50;2025-12-04;9;2207
50;2025-12-04;10;1760
50;2025-12-04;11;1551
50;2025-12-04;12;1492
50;2025-12-04;13;1553
50;2025-12-04;14;1457
50;2025-12-04;15;1703
50;2025-12-04;16;1701
50;2025-12-04;17;2476
50;2025-12-04;18;2484
50;2025-12-04;19;1487
50;2025-12-04;20;962
50;2025-12-04;21;656
50;2025-12-04;22;249
50;2025-12-04;23;152
50;2025-12-05;0;37
50;2025-12-05;1;1
50;2025-12-05;2;0
50;2025-12-05;3;0
50;2025-12-05;4;4
50;2025-12-05;5;70
50;2025-12-05;6;521
50;2025-12-05;7;1796
50;2025-12-05;8;2841
50;2025-12-05;9;2212
50;2025-12-05;10;1539
50;2025-12-05;11;1547
50;2025-12-05;12;1438
50;2025-12-05;13;1558
50;2025-12-05;14;1485
50;2025-12-05;15;1772
50;2025-12-05;16;2322
50;2025-12-05;17;2200
50;2025-12-05;18;1636
50;2025-12-05;19;1215
50;2025-12-05;20;878
50;2025-12-05;21;557
50;2025-12-05;22;276
50;2025-12-05;23;166
50;2025-12-06;0;52
50;2025-12-06;1;6
50;2025-12-06;2;0
50;2025-12-06;3;2
50;2025-12-06;4;0
50;2025-12-06;5;9
50;2025-12-06;6;11
50;2025-12-06;7;17
50;2025-12-06;8;34
50;2025-12-06;9;66
50;2025-12-06;10;24
50;2025-12-06;11;42
50;2025-12-06;12;75
50;2025-12-06;13;50
50;2025-12-06;14;61
50;2025-12-06;15;90
50;2025-12-06;16;57
50;2025-12-06;17;56
50;2025-12-06;18;14
50;2025-12-06;19;12
50;2025-12-06;20;9
50;2025-12-06;21;9
50;2025-12-06;22;9
50;2025-12-06;23;3
50;2025-12-07;0;2
50;2025-12-07;1;0
50;2025-12-07;2;0
50;2025-12-07;3;0
50;2025-12-07;4;0
50;2025-12-07;5;1
50;2025-12-07;6;3
50;2025-12-07;7;5
50;2025-12-07;8;11
50;2025-12-07;9;8
50;2025-12-07;10;22
50;2025-12-07;11;75
50;2025-12-07;12;58
50;2025-12-07;13;70
50;2025-12-07;14;119
50;2025-12-07;15;97
50;2025-12-07;16;114
50;2025-12-07;17;102
50;2025-12-07;18;60
50;2025-12-07;19;66
50;2025-12-07;20;48
50;2025-12-07;21;31
50;2025-12-07;22;36
50;2025-12-07;23;10
50;2025-12-08;0;8
50;2025-12-08;1;3
50;2025-12-08;2;2
50;2025-12-08;3;0
50;2025-12-08;4;4
50;2025-12-08;5;68
50;2025-12-08;6;529
50;2025-12-08;7;1730
50;2025-12-08;8;2872
50;2025-12-08;9;2314
50;2025-12-08;10;1667
50;2025-12-08;11;1470
50;2025-12-08;12;1340
50;2025-12-08;13;1501
50;2025-12-08;14;1417
50;2025-12-08;15;1684
50;2025-12-08;16;1640
50;2025-12-08;17;2330
50;2025-12-08;18;2552
50;2025-12-08;19;1304
50;2025-12-08;20;884
50;2025-12-08;21;642
50;2025-12-08;22;227
50;2025-12-08;23;122
50;2025-12-09;0;31
50;2025-12-09;1;2
50;2025-12-09;2;0
50;2025-12-09;3;0
50;2025-12-09;4;3
50;2025-12-09;5;76
50;2025-12-09;6;538
50;2025-12-09;7;1713
50;2025-12-09;8;2856
50;2025-12-09;9;2207
50;2025-12-09;10;1760
50;2025-12-09;11;1551
50;2025-12-09;12;1492
50;2025-12-09;13;1553
50;2025-12-09;14;1457
50;2025-12-09;15;1703
50;2025-12-09;16;1701
50;2025-12-09;17;2476
50;2025-12-09;18;2484
50;2025-12-09;19;1487
50;2025-12-09;20;962
50;2025-12-09;21;656
50;2025-12-09;22;249
50;2025-12-09;23;152
50;2025-12-10;0;31
50;2025-12-10;1;2
50;2025-12-10;2;0
50;2025-12-10;3;0
50;2025-12-10;4;3
50;2025-12-10;5;76
50;2025-12-10;6;538
50;2025-12-10;7;1713
50;2025-12-10;8;2856
50;2025-12-10;9;2207
50;2025-12-10;10;1760
50;2025-12-10;11;1551
50;2025-12-10;12;1492
50;2025-12-10;13;1553
50;2025-12-10;14;1457
50;2025-12-10;15;1703
50;2025-12-10;16;1701
50;2025-12-10;17;2476
50;2025-12-10;18;2484
50;2025-12-10;19;1487
50;2025-12-10;20;962
50;2025-12-10;21;656
50;2025-12-10;22;249
50;2025-12-10;23;152
50;2025-12-11;0;31
50;2025-12-11;1;2
50;2025-12-11;2;0
50;2025-12-11;3;0
50;2025-12-11;4;3
50;2025-12-11;5;76
50;2025-12-11;6;538
50;2025-12-11;7;1713
50;2025-12-11;8;2856
50;2025-12-11;9;2207
50;2025-12-11;10;1760
50;2025-12-11;11;1551
50;2025-12-11;12;1492
50;2025-12-11;13;1553
50;2025-12-11;14;1457
50;2025-12-11;15;1703
50;2025-12-11;16;1701
50;2025-12-11;17;2476
50;2025-12-11;18;2484
50;2025-12-11;19;1487
50;2025-12-11;20;962
50;2025-12-11;21;656
50;2025-12-11;22;249
50;2025-12-11;23;152
50;2025-12-12;0;37
50;2025-12-12;1;1
50;2025-12-12;2;0
50;2025-12-12;3;0
50;2025-12-12;4;4
50;2025-12-12;5;70
50;2025-12-12;6;521
50;2025-12-12;7;1796
50;2025-12-12;8;2841
50;2025-12-12;9;2212
50;2025-12-12;10;1539
50;2025-12-12;11;1547
50;2025-12-12;12;1438
50;2025-12-12;13;1558
50;2025-12-12;14;1485
50;2025-12-12;15;1772
50;2025-12-12;16;2322
50;2025-12-12;17;2200
50;2025-12-12;18;1636
50;2025-12-12;19;1215
50;2025-12-12;20;878
50;2025-12-12;21;557
50;2025-12-12;22;276
50;2025-12-12;23;166
50;2025-12-13;0;52
50;2025-12-13;1;6
50;2025-12-13;2;0
50;2025-12-13;3;2
50;2025-12-13;4;0
50;2025-12-13;5;9
50;2025-12-13;6;11
50;2025-12-13;7;17
50;2025-12-13;8;34
50;2025-12-13;9;66
50;2025-12-13;10;24
50;2025-12-13;11;42
50;2025-12-13;12;75
50;2025-12-13;13;50
50;2025-12-13;14;61
50;2025-12-13;15;90
50;2025-12-13;16;57
50;2025-12-13;17;56
50;2025-12-13;18;14
50;2025-12-13;19;12
50;2025-12-13;20;9
50;2025-12-13;21;9
50;2025-12-13;22;9
50;2025-12-13;23;3
50;2025-12-14;0;2
50;2025-12-14;1;0
50;2025-12-14;2;0
50;2025-12-14;3;0
50;2025-12-14;4;0
50;2025-12-14;5;1
50;2025-12-14;6;3
50;2025-12-14;7;5
50;2025-12-14;8;11
50;2025-12-14;9;8
50;2025-12-14;10;22
50;2025-12-14;11;75
50;2025-12-14;12;58
50;2025-12-14;13;70
50;2025-12-14;14;119
50;2025-12-14;15;97
50;2025-12-14;16;114
50;2025-12-14;17;102
50;2025-12-14;18;60
50;2025-12-14;19;66
50;2025-12-14;20;48
50;2025-12-14;21;31
50;2025-12-14;22;36
50;2025-12-14;23;10
50;2025-12-15;0;8
50;2025-12-15;1;3
50;2025-12-15;2;2
50;2025-12-15;3;0
50;2025-12-15;4;4
50;2025-12-15;5;68
50;2025-12-15;6;529
50;2025-12-15;7;1730
50;2025-12-15;8;2872
50;2025-12-15;9;2314
50;2025-12-15;10;1667
50;2025-12-15;11;1470
50;2025-12-15;12;1340
50;2025-12-15;13;1501
50;2025-12-15;14;1417
50;2025-12-15;15;1684
50;2025-12-15;16;1640
50;2025-12-15;17;2330
50;2025-12-15;18;2552
50;2025-12-15;19;1304
50;2025-12-15;20;884
50;2025-12-15;21;642
50;2025-12-15;22;227
50;2025-12-15;23;122
50;2025-12-16;0;31
50;2025-12-16;1;2
50;2025-12-16;2;0
50;2025-12-16;3;0
50;2025-12-16;4;3
50;2025-12-16;5;76
50;2025-12-16;6;538
50;2025-12-16;7;1713
50;2025-12-16;8;2856
50;2025-12-16;9;2207
50;2025-12-16;10;1760
50;2025-12-16;11;1551
50;2025-12-16;12;1492
50;2025-12-16;13;1553
50;2025-12-16;14;1457
50;2025-12-16;15;1703
50;2025-12-16;16;1701
50;2025-12-16;17;2476
50;2025-12-16;18;2484
50;2025-12-16;19;1487
50;2025-12-16;20;962
50;2025-12-16;21;656
50;2025-12-16;22;249
50;2025-12-16;23;152
50;2025-12-17;0;31
50;2025-12-17;1;2
50;2025-12-17;2;0
50;2025-12-17;3;0
50;2025-12-17;4;3
50;2025-12-17;5;76
50;2025-12-17;6;538
50;2025-12-17;7;1713
50;2025-12-17;8;2856
50;2025-12-17;9;2207
50;2025-12-17;10;1760
50;2025-12-17;11;1551
50;2025-12-17;12;1492
50;2025-12-17;13;1553
50;2025-12-17;14;1457
50;2025-12-17;15;1703
50;2025-12-17;16;1701
50;2025-12-17;17;2476
50;2025-12-17;18;2484
50;2025-12-17;19;1487
50;2025-12-17;20;962
50;2025-12-17;21;656
50;2025-12-17;22;249
50;2025-12-17;23;152
50;2025-12-18;0;31
50;2025-12-18;1;2
50;2025-12-18;2;0
50;2025-12-18;3;0
50;2025-12-18;4;3
50;2025-12-18;5;76
50;2025-12-18;6;538
50;2025-12-18;7;1713
50;2025-12-18;8;2856
50;2025-12-18;9;2207
50;2025-12-18;10;1760
50;2025-12-18;11;1551
50;2025-12-18;12;1492
50;2025-12-18;13;1553
50;2025-12-18;14;1457
50;2025-12-18;15;1703
50;2025-12-18;16;1701
50;2025-12-18;17;2476
50;2025-12-18;18;2484
50;2025-12-18;19;1487
50;2025-12-18;20;962
50;2025-12-18;21;656
50;2025-12-18;22;249
50;2025-12-18;23;152
50;2025-12-19;0;37
50;2025-12-19;1;1
50;2025-12-19;2;0
50;2025-12-19;3;0
50;2025-12-19;4;4
50;2025-12-19;5;70
50;2025-12-19;6;521
50;2025-12-19;7;1796
50;2025-12-19;8;2841
50;2025-12-19;9;2212
50;2025-12-19;10;1539
50;2025-12-19;11;1547
50;2025-12-19;12;1438
50;2025-12-19;13;1558
50;2025-12-19;14;1485
50;2025-12-19;15;1772
50;2025-12-19;16;2322
50;2025-12-19;17;2200
50;2025-12-19;18;1636
50;2025-12-19;19;1215
50;2025-12-19;20;878
50;2025-12-19;21;557
50;2025-12-19;22;276
50;2025-12-19;23;166
50;2025-12-20;0;52
50;2025-12-20;1;6
50;2025-12-20;2;0
50;2025-12-20;3;2
50;2025-12-20;4;0
50;2025-12-20;5;9
50;2025-12-20;6;11
50;2025-12-20;7;17
50;2025-12-20;8;34
50;2025-12-20;9;66
50;2025-12-20;10;24
50;2025-12-20;11;42
50;2025-12-20;12;75
50;2025-12-20;13;50
50;2025-12-20;14;61
50;2025-12-20;15;90
50;2025-12-20;16;57
50;2025-12-20;17;56
50;2025-12-20;18;14
50;2025-12-20;19;12
50;2025-12-20;20;9
50;2025-12-20;21;9
50;2025-12-20;22;9
50;2025-12-20;23;3
50;2025-12-21;0;2
50;2025-12-21;1;0
50;2025-12-21;2;0
50;2025-12-21;3;0
50;2025-12-21;4;0
50;2025-12-21;5;1
50;2025-12-21;6;3
50;2025-12-21;7;5
50;2025-12-21;8;11
50;2025-12-21;9;8
50;2025-12-21;10;22
50;2025-12-21;11;75
50;2025-12-21;12;58
50;2025-12-21;13;70
50;2025-12-21;14;119
50;2025-12-21;15;97
50;2025-12-21;16;114
50;2025-12-21;17;102
50;2025-12-21;18;60
50;2025-12-21;19;66
50;2025-12-21;20;48
50;2025-12-21;21;31
50;2025-12-21;22;36
50;2025-12-21;23;10
50;2025-12-22;0;8
50;2025-12-22;1;3
50;2025-12-22;2;2
50;2025-12-22;3;0
50;2025-12-22;4;4
50;2025-12-22;5;68
50;2025-12-22;6;529
50;2025-12-22;7;1730
50;2025-12-22;8;2872
50;2025-12-22;9;2314
50;2025-12-22;10;1667
50;2025-12-22;11;1470
50;2025-12-22;12;1340
50;2025-12-22;13;1501
50;2025-12-22;14;1417
50;2025-12-22;15;1684
50;2025-12-22;16;1640
50;2025-12-22;17;2330
50;2025-12-22;18;2552
50;2025-12-22;19;1304
50;2025-12-22;20;884
50;2025-12-22;21;642
50;2025-12-22;22;227
50;2025-12-22;23;122
50;2025-12-23;0;31
50;2025-12-23;1;2
50;2025-12-23;2;0
50;2025-12-23;3;0
50;2025-12-23;4;3
50;2025-12-23;5;76
50;2025-12-23;6;538
50;2025-12-23;7;1713
50;2025-12-23;8;2856
50;2025-12-23;9;2207
50;2025-12-23;10;1760
50;2025-12-23;11;1551
50;2025-12-23;12;1492
50;2025-12-23;13;1553
50;2025-12-23;14;1457
50;2025-12-23;15;1703
50;2025-12-23;16;1701
50;2025-12-23;17;2476
50;2025-12-23;18;2484
50;2025-12-23;19;1487
50;2025-12-23;20;962
50;2025-12-23;21;656
50;2025-12-23;22;249
50;2025-12-23;23;152
50;2025-12-24;0;31
50;2025-12-24;1;2
50;2025-12-24;2;0
50;2025-12-24;3;0
50;2025-12-24;4;3
50;2025-12-24;5;76
50;2025-12-24;6;538
50;2025-12-24;7;1713
50;2025-12-24;8;2856
50;2025-12-24;9;2207
50;2025-12-24;10;1760
50;2025-12-24;11;1551
50;2025-12-24;12;1492
50;2025-12-24;13;1553
50;2025-12-24;14;1457
50;2025-12-24;15;1703
50;2025-12-24;16;1701
50;2025-12-24;17;2476
50;2025-12-24;18;2484
50;2025-12-24;19;1487
50;2025-12-24;20;962
50;2025-12-24;21;656
50;2025-12-24;22;249
50;2025-12-24;23;152
50;2025-12-25;0;31
50;2025-12-25;1;2
50;2025-12-25;2;0
50;2025-12-25;3;0
50;2025-12-25;4;3
50;2025-12-25;5;76
50;2025-12-25;6;538
50;2025-12-25;7;1713
50;2025-12-25;8;2856
50;2025-12-25;9;2207
50;2025-12-25;10;1760
50;2025-12-25;11;1551
50;2025-12-25;12;1492
50;2025-12-25;13;1553
50;2025-12-25;14;1457
50;2025-12-25;15;1703
50;2025-12-25;16;1701
50;2025-12-25;17;2476
50;2025-12-25;18;2484
50;2025-12-25;19;1487
50;2025-12-25;20;962
50;2025-12-25;21;656
50;2025-12-25;22;249
50;2025-12-25;23;152
50;2025-12-26;0;37
50;2025-12-26;1;1
50;2025-12-26;2;0
50;2025-12-26;3;0
50;2025-12-26;4;4
50;2025-12-26;5;70
50;2025-12-26;6;521
50;2025-12-26;7;1796
50;2025-12-26;8;2841
50;2025-12-26;9;2212
50;2025-12-26;10;1539
50;2025-12-26;11;1547
50;2025-12-26;12;1438
50;2025-12-26;13;1558
50;2025-12-26;14;1485
50;2025-12-26;15;1772
50;2025-12-26;16;2322
50;2025-12-26;17;2200
50;2025-12-26;18;1636
50;2025-12-26;19;1215
50;2025-12-26;20;878
50;2025-12-26;21;557
50;2025-12-26;22;276
50;2025-12-26;23;166
50;2025-12-27;0;52
50;2025-12-27;1;6
50;2025-12-27;2;0
50;2025-12-27;3;2
50;2025-12-27;4;0
50;2025-12-27;5;9
50;2025-12-27;6;11
50;2025-12-27;7;17
50;2025-12-27;8;34
50;2025-12-27;9;66
50;2025-12-27;10;24
50;2025-12-27;11;42
50;2025-12-27;12;75
50;2025-12-27;13;50
50;2025-12-27;14;61
50;2025-12-27;15;90
50;2025-12-27;16;57
50;2025-12-27;17;56
50;2025-12-27;18;14
50;2025-12-27;19;12
50;2025-12-27;20;9
50;2025-12-27;21;9
50;2025-12-27;22;9
50;2025-12-27;23;3
50;2025-12-28;0;2
50;2025-12-28;1;0
50;2025-12-28;2;0
50;2025-12-28;3;0
50;2025-12-28;4;0
50;2025-12-28;5;1
50;2025-12-28;6;3
50;2025-12-28;7;5
50;2025-12-28;8;11
50;2025-12-28;9;8
50;2025-12-28;10;22
50;2025-12-28;11;75
50;2025-12-28;12;58
50;2025-12-28;13;70
50;2025-12-28;14;119
50;2025-12-28;15;97
50;2025-12-28;16;114
50;2025-12-28;17;102
50;2025-12-28;18;60
50;2025-12-28;19;66
50;2025-12-28;20;48
50;2025-12-28;21;31
50;2025-12-28;22;36
50;2025-12-28;23;10
50;2025-12-29;0;32
50;2025-12-29;1;1
50;2025-12-29;2;0
50;2025-12-29;3;0
50;2025-12-29;4;3
50;2025-12-29;5;61
50;2025-12-29;6;449
50;2025-12-29;7;1544
50;2025-12-29;8;2443
50;2025-12-29;9;1903
50;2025-12-29;10;1324
50;2025-12-29;11;1330
50;2025-12-29;12;1237
50;2025-12-29;13;1339
50;2025-12-29;14;1277
50;2025-12-29;15;1524
50;2025-12-29;16;1997
50;2025-12-29;17;1892
50;2025-12-29;18;1408
50;2025-12-29;19;1044
50;2025-12-29;20;755
50;2025-12-29;21;478
50;2025-12-29;22;238
50;2025-12-29;23;143
50;2025-12-30;0;32
50;2025-12-30;1;1
50;2025-12-30;2;0
50;2025-12-30;3;0
50;2025-12-30;4;3
50;2025-12-30;5;61
50;2025-12-30;6;449
50;2025-12-30;7;1544
50;2025-12-30;8;2443
50;2025-12-30;9;1903
50;2025-12-30;10;1324
50;2025-12-30;11;1330
50;2025-12-30;12;1237
50;2025-12-30;13;1339
50;2025-12-30;14;1277
50;2025-12-30;15;1524
50;2025-12-30;16;1997
50;2025-12-30;17;1892
50;2025-12-30;18;1408
50;2025-12-30;19;1044
50;2025-12-30;20;755
50;2025-12-30;21;478
50;2025-12-30;22;238
50;2025-12-30;23;143
50;2025-12-31;0;45
50;2025-12-31;1;5
50;2025-12-31;2;0
50;2025-12-31;3;2
50;2025-12-31;4;0
50;2025-12-31;5;7
50;2025-12-31;6;9
50;2025-12-31;7;14
50;2025-12-31;8;29
50;2025-12-31;9;57
50;2025-12-31;10;20
50;2025-12-31;11;36
50;2025-12-31;12;64
50;2025-12-31;13;43
50;2025-12-31;14;52
50;2025-12-31;15;76
50;2025-12-31;16;49
50;2025-12-31;17;48
50;2025-12-31;18;12
50;2025-12-31;19;6
50;2025-12-31;20;4
50;2025-12-31;21;4
50;2025-12-31;22;4
50;2025-12-31;23;1
