route;date;hour;prediction
1;2025-11-01;0;3
1;2025-11-01;1;0
1;2025-11-01;2;0
1;2025-11-01;3;0
1;2025-11-01;4;6
1;2025-11-01;5;116
1;2025-11-01;6;409
1;2025-11-01;7;1289
1;2025-11-01;8;1565
1;2025-11-01;9;1218
1;2025-11-01;10;1084
1;2025-11-01;11;1156
1;2025-11-01;12;1152
1;2025-11-01;13;1194
1;2025-11-01;14;1122
1;2025-11-01;15;1265
1;2025-11-01;16;1363
1;2025-11-01;17;1557
1;2025-11-01;18;1259
1;2025-11-01;19;1052
1;2025-11-01;20;675
1;2025-11-01;21;411
1;2025-11-01;22;150
1;2025-11-01;23;34
1;2025-11-02;0;0
1;2025-11-02;1;0
1;2025-11-02;2;0
1;2025-11-02;3;0
1;2025-11-02;4;0
1;2025-11-02;5;21
1;2025-11-02;6;116
1;2025-11-02;7;265
1;2025-11-02;8;358
1;2025-11-02;9;621
1;2025-11-02;10;690
1;2025-11-02;11;730
1;2025-11-02;12;840
1;2025-11-02;13;872
1;2025-11-02;14;812
1;2025-11-02;15;725
1;2025-11-02;16;667
1;2025-11-02;17;585
1;2025-11-02;18;507
1;2025-11-02;19;441
1;2025-11-02;20;338
1;2025-11-02;21;276
1;2025-11-02;22;100
1;2025-11-02;23;27
1;2025-11-03;0;0
1;2025-11-03;1;0
1;2025-11-03;2;0
1;2025-11-03;3;0
1;2025-11-03;4;0
1;2025-11-03;5;20
1;2025-11-03;6;112
1;2025-11-03;7;256
1;2025-11-03;8;346
1;2025-11-03;9;600
1;2025-11-03;10;667
1;2025-11-03;11;705
1;2025-11-03;12;812
1;2025-11-03;13;843
1;2025-11-03;14;785
1;2025-11-03;15;701
1;2025-11-03;16;645
1;2025-11-03;17;566
1;2025-11-03;18;490
1;2025-11-03;19;426
1;2025-11-03;20;326
1;2025-11-03;21;267
1;2025-11-03;22;97
1;2025-11-03;23;26
1;2025-11-04;0;0
1;2025-11-04;1;0
1;2025-11-04;2;0
1;2025-11-04;3;0
1;2025-11-04;4;0
1;2025-11-04;5;20
1;2025-11-04;6;112
1;2025-11-04;7;256
1;2025-11-04;8;346
1;2025-11-04;9;600
1;2025-11-04;10;667
1;2025-11-04;11;705
1;2025-11-04;12;812
1;2025-11-04;13;843
1;2025-11-04;14;785
1;2025-11-04;15;701
1;2025-11-04;16;645
1;2025-11-04;17;566
1;2025-11-04;18;490
1;2025-11-04;19;426
1;2025-11-04;20;326
1;2025-11-04;21;267
1;2025-11-04;22;97
1;2025-11-04;23;26
1;2025-11-05;0;4
1;2025-11-05;1;0
1;2025-11-05;2;0
1;2025-11-05;3;0
1;2025-11-05;4;10
1;2025-11-05;5;113
1;2025-11-05;6;501
1;2025-11-05;7;1531
1;2025-11-05;8;1997
1;2025-11-05;9;1479
1;2025-11-05;10;1368
1;2025-11-05;11;1346
1;2025-11-05;12;1408
1;2025-11-05;13;1446
1;2025-11-05;14;1366
1;2025-11-05;15;1484
1;2025-11-05;16;1498
1;2025-11-05;17;1777
1;2025-11-05;18;1806
1;2025-11-05;19;1348
1;2025-11-05;20;883
1;2025-11-05;21;480
1;2025-11-05;22;174
1;2025-11-05;23;35
1;2025-11-06;0;4
1;2025-11-06;1;0
1;2025-11-06;2;0
1;2025-11-06;3;0
1;2025-11-06;4;10
1;2025-11-06;5;113
1;2025-11-06;6;501
1;2025-11-06;7;1531
1;2025-11-06;8;1997
1;2025-11-06;9;1479
1;2025-11-06;10;1368
1;2025-11-06;11;1346
1;2025-11-06;12;1408
1;2025-11-06;13;1446
1;2025-11-06;14;1366
1;2025-11-06;15;1484
1;2025-11-06;16;1498
1;2025-11-06;17;1777
1;2025-11-06;18;1806
1;2025-11-06;19;1348
1;2025-11-06;20;883
1;2025-11-06;21;480
1;2025-11-06;22;174
1;2025-11-06;23;35
1;2025-11-07;0;4
1;2025-11-07;1;0
1;2025-11-07;2;0
1;2025-11-07;3;0
1;2025-11-07;4;7
1;2025-11-07;5;137
1;2025-11-07;6;481
1;2025-11-07;7;1516
1;2025-11-07;8;1841
1;2025-11-07;9;1433
1;2025-11-07;10;1275
1;2025-11-07;11;1360
1;2025-11-07;12;1356
1;2025-11-07;13;1404
1;2025-11-07;14;1320
1;2025-11-07;15;1489
1;2025-11-07;16;1604
1;2025-11-07;17;1832
1;2025-11-07;18;1481
1;2025-11-07;19;1238
1;2025-11-07;20;794
1;2025-11-07;21;483
1;2025-11-07;22;177
1;2025-11-07;23;40
1;2025-11-08;0;4
1;2025-11-08;1;0
1;2025-11-08;2;0
1;2025-11-08;3;0
1;2025-11-08;4;1
1;2025-11-08;5;31
1;2025-11-08;6;152
1;2025-11-08;7;353
1;2025-11-08;8;489
1;2025-11-08;9;754
1;2025-11-08;10;925
1;2025-11-08;11;907
1;2025-11-08;12;1095
1;2025-11-08;13;1143
1;2025-11-08;14;1062
1;2025-11-08;15;921
1;2025-11-08;16;784
1;2025-11-08;17;736
1;2025-11-08;18;644
1;2025-11-08;19;555
1;2025-11-08;20;427
1;2025-11-08;21;299
1;2025-11-08;22;119
1;2025-11-08;23;25
1;2025-11-09;0;0
1;2025-11-09;1;0
1;2025-11-09;2;0
1;2025-11-09;3;0
1;2025-11-09;4;0
1;2025-11-09;5;21
1;2025-11-09;6;116
1;2025-11-09;7;265
1;2025-11-09;8;358
1;2025-11-09;9;621
1;2025-11-09;10;690
1;2025-11-09;11;730
1;2025-11-09;12;840
1;2025-11-09;13;872
1;2025-11-09;14;812
1;2025-11-09;15;725
1;2025-11-09;16;667
1;2025-11-09;17;585
1;2025-11-09;18;507
1;2025-11-09;19;441
1;2025-11-09;20;338
1;2025-11-09;21;276
1;2025-11-09;22;100
1;2025-11-09;23;27
1;2025-11-10;0;0
1;2025-11-10;1;0
1;2025-11-10;2;0
1;2025-11-10;3;0
1;2025-11-10;4;9
1;2025-11-10;5;134
1;2025-11-10;6;483
1;2025-11-10;7;1438
1;2025-11-10;8;1952
1;2025-11-10;9;1472
1;2025-11-10;10;1246
1;2025-11-10;11;1250
1;2025-11-10;12;1380
1;2025-11-10;13;1463
1;2025-11-10;14;1469
1;2025-11-10;15;1579
1;2025-11-10;16;1626
1;2025-11-10;17;1867
1;2025-11-10;18;2033
1;2025-11-10;19;1437
1;2025-11-10;20;901
1;2025-11-10;21;443
1;2025-11-10;22;176
1;2025-11-10;23;52
1;2025-11-11;0;4
1;2025-11-11;1;0
1;2025-11-11;2;0
1;2025-11-11;3;0
1;2025-11-11;4;10
1;2025-11-11;5;113
1;2025-11-11;6;501
1;2025-11-11;7;1531
1;2025-11-11;8;1997
1;2025-11-11;9;1479
1;2025-11-11;10;1368
1;2025-11-11;11;1346
1;2025-11-11;12;1408
1;2025-11-11;13;1446
1;2025-11-11;14;1366
1;2025-11-11;15;1484
1;2025-11-11;16;1498
1;2025-11-11;17;1777
1;2025-11-11;18;1806
1;2025-11-11;19;1348
1;2025-11-11;20;883
1;2025-11-11;21;480
1;2025-11-11;22;174
1;2025-11-11;23;35
1;2025-11-12;0;4
1;2025-11-12;1;0
1;2025-11-12;2;0
1;2025-11-12;3;0
1;2025-11-12;4;10
1;2025-11-12;5;113
1;2025-11-12;6;501
1;2025-11-12;7;1531
1;2025-11-12;8;1997
1;2025-11-12;9;1479
1;2025-11-12;10;1368
1;2025-11-12;11;1346
1;2025-11-12;12;1408
1;2025-11-12;13;1446
1;2025-11-12;14;1366
1;2025-11-12;15;1484
1;2025-11-12;16;1498
1;2025-11-12;17;1777
1;2025-11-12;18;1806
1;2025-11-12;19;1348
1;2025-11-12;20;883
1;2025-11-12;21;480
1;2025-11-12;22;174
1;2025-11-12;23;35
1;2025-11-13;0;4
1;2025-11-13;1;0
1;2025-11-13;2;0
1;2025-11-13;3;0
1;2025-11-13;4;10
1;2025-11-13;5;113
1;2025-11-13;6;501
1;2025-11-13;7;1531
1;2025-11-13;8;1997
1;2025-11-13;9;1479
1;2025-11-13;10;1368
1;2025-11-13;11;1346
1;2025-11-13;12;1408
1;2025-11-13;13;1446
1;2025-11-13;14;1366
1;2025-11-13;15;1484
1;2025-11-13;16;1498
1;2025-11-13;17;1777
1;2025-11-13;18;1806
1;2025-11-13;19;1348
1;2025-11-13;20;883
1;2025-11-13;21;480
1;2025-11-13;22;174
1;2025-11-13;23;35
1;2025-11-14;0;4
1;2025-11-14;1;0
1;2025-11-14;2;0
1;2025-11-14;3;0
1;2025-11-14;4;7
1;2025-11-14;5;137
1;2025-11-14;6;481
1;2025-11-14;7;1516
1;2025-11-14;8;1841
1;2025-11-14;9;1433
1;2025-11-14;10;1275
1;2025-11-14;11;1360
1;2025-11-14;12;1356
1;2025-11-14;13;1404
1;2025-11-14;14;1320
1;2025-11-14;15;1489
1;2025-11-14;16;1604
1;2025-11-14;17;1832
1;2025-11-14;18;1481
1;2025-11-14;19;1238
1;2025-11-14;20;794
1;2025-11-14;21;483
1;2025-11-14;22;177
1;2025-11-14;23;40
1;2025-11-15;0;4
1;2025-11-15;1;0
1;2025-11-15;2;0
1;2025-11-15;3;0
1;2025-11-15;4;0
1;2025-11-15;5;30
1;2025-11-15;6;145
1;2025-11-15;7;336
1;2025-11-15;8;464
1;2025-11-15;9;716
1;2025-11-15;10;877
1;2025-11-15;11;860
1;2025-11-15;12;1038
1;2025-11-15;13;1085
1;2025-11-15;14;1007
1;2025-11-15;15;873
1;2025-11-15;16;743
1;2025-11-15;17;698
1;2025-11-15;18;611
1;2025-11-15;19;527
1;2025-11-15;20;404
1;2025-11-15;21;284
1;2025-11-15;22;112
1;2025-11-15;23;24
1;2025-11-16;0;0
1;2025-11-16;1;0
1;2025-11-16;2;0
1;2025-11-16;3;0
1;2025-11-16;4;0
1;2025-11-16;5;21
1;2025-11-16;6;116
1;2025-11-16;7;265
1;2025-11-16;8;358
1;2025-11-16;9;621
1;2025-11-16;10;690
1;2025-11-16;11;730
1;2025-11-16;12;840
1;2025-11-16;13;872
1;2025-11-16;14;812
1;2025-11-16;15;725
1;2025-11-16;16;667
1;2025-11-16;17;585
1;2025-11-16;18;507
1;2025-11-16;19;441
1;2025-11-16;20;338
1;2025-11-16;21;276
1;2025-11-16;22;100
1;2025-11-16;23;27
1;2025-11-17;0;0
1;2025-11-17;1;0
1;2025-11-17;2;0
1;2025-11-17;3;0
1;2025-11-17;4;9
1;2025-11-17;5;134
1;2025-11-17;6;483
1;2025-11-17;7;1438
1;2025-11-17;8;1952
1;2025-11-17;9;1472
1;2025-11-17;10;1246
1;2025-11-17;11;1250
1;2025-11-17;12;1380
1;2025-11-17;13;1463
1;2025-11-17;14;1469
1;2025-11-17;15;1579
1;2025-11-17;16;1626
1;2025-11-17;17;1867
1;2025-11-17;18;2033
1;2025-11-17;19;1437
1;2025-11-17;20;901
1;2025-11-17;21;443
1;2025-11-17;22;176
1;2025-11-17;23;52
1;2025-11-18;0;4
1;2025-11-18;1;0
1;2025-11-18;2;0
1;2025-11-18;3;0
1;2025-11-18;4;10
1;2025-11-18;5;113
1;2025-11-18;6;501
1;2025-11-18;7;1531
1;2025-11-18;8;1997
1;2025-11-18;9;1479
1;2025-11-18;10;1368
1;2025-11-18;11;1346
1;2025-11-18;12;1408
1;2025-11-18;13;1446
1;2025-11-18;14;1366
1;2025-11-18;15;1484
1;2025-11-18;16;1498
1;2025-11-18;17;1777
1;2025-11-18;18;1806
1;2025-11-18;19;1348
1;2025-11-18;20;883
1;2025-11-18;21;480
1;2025-11-18;22;174
1;2025-11-18;23;35
1;2025-11-19;0;4
1;2025-11-19;1;0
1;2025-11-19;2;0
1;2025-11-19;3;0
1;2025-11-19;4;10
1;2025-11-19;5;113
1;2025-11-19;6;501
1;2025-11-19;7;1531
1;2025-11-19;8;1997
1;2025-11-19;9;1479
1;2025-11-19;10;1368
1;2025-11-19;11;1346
1;2025-11-19;12;1408
1;2025-11-19;13;1446
1;2025-11-19;14;1366
1;2025-11-19;15;1484
1;2025-11-19;16;1498
1;2025-11-19;17;1777
1;2025-11-19;18;1806
1;2025-11-19;19;1348
1;2025-11-19;20;883
1;2025-11-19;21;480
1;2025-11-19;22;174
1;2025-11-19;23;35
1;2025-11-20;0;4
1;2025-11-20;1;0
1;2025-11-20;2;0
1;2025-11-20;3;0
1;2025-11-20;4;10
1;2025-11-20;5;113
1;2025-11-20;6;501
1;2025-11-20;7;1531
1;2025-11-20;8;1997
1;2025-11-20;9;1479
1;2025-11-20;10;1368
1;2025-11-20;11;1346
1;2025-11-20;12;1408
1;2025-11-20;13;1446
1;2025-11-20;14;1366
1;2025-11-20;15;1484
1;2025-11-20;16;1498
1;2025-11-20;17;1777
1;2025-11-20;18;1806
1;2025-11-20;19;1348
1;2025-11-20;20;883
1;2025-11-20;21;480
1;2025-11-20;22;174
1;2025-11-20;23;35
1;2025-11-21;0;4
1;2025-11-21;1;0
1;2025-11-21;2;0
1;2025-11-21;3;0
1;2025-11-21;4;7
1;2025-11-21;5;137
1;2025-11-21;6;481
1;2025-11-21;7;1516
1;2025-11-21;8;1841
1;2025-11-21;9;1433
1;2025-11-21;10;1275
1;2025-11-21;11;1360
1;2025-11-21;12;1356
1;2025-11-21;13;1404
1;2025-11-21;14;1320
1;2025-11-21;15;1489
1;2025-11-21;16;1604
1;2025-11-21;17;1832
1;2025-11-21;18;1481
1;2025-11-21;19;1238
1;2025-11-21;20;794
1;2025-11-21;21;483
1;2025-11-21;22;177
1;2025-11-21;23;40
1;2025-11-22;0;4
1;2025-11-22;1;0
1;2025-11-22;2;0
1;2025-11-22;3;0
1;2025-11-22;4;1
1;2025-11-22;5;31
1;2025-11-22;6;152
1;2025-11-22;7;353
1;2025-11-22;8;489
1;2025-11-22;9;754
1;2025-11-22;10;925
1;2025-11-22;11;907
1;2025-11-22;12;1095
1;2025-11-22;13;1143
1;2025-11-22;14;1062
1;2025-11-22;15;921
1;2025-11-22;16;784
1;2025-11-22;17;736
1;2025-11-22;18;644
1;2025-11-22;19;555
1;2025-11-22;20;427
1;2025-11-22;21;299
1;2025-11-22;22;119
1;2025-11-22;23;25
1;2025-11-23;0;0
1;2025-11-23;1;0
1;2025-11-23;2;0
1;2025-11-23;3;0
1;2025-11-23;4;0
1;2025-11-23;5;21
1;2025-11-23;6;116
1;2025-11-23;7;265
1;2025-11-23;8;358
1;2025-11-23;9;621
1;2025-11-23;10;690
1;2025-11-23;11;730
1;2025-11-23;12;840
1;2025-11-23;13;872
1;2025-11-23;14;812
1;2025-11-23;15;725
1;2025-11-23;16;667
1;2025-11-23;17;585
1;2025-11-23;18;507
1;2025-11-23;19;441
1;2025-11-23;20;338
1;2025-11-23;21;276
1;2025-11-23;22;100
1;2025-11-23;23;27
1;2025-11-24;0;0
1;2025-11-24;1;0
1;2025-11-24;2;0
1;2025-11-24;3;0
1;2025-11-24;4;9
1;2025-11-24;5;134
1;2025-11-24;6;483
1;2025-11-24;7;1438
1;2025-11-24;8;1952
1;2025-11-24;9;1472
1;2025-11-24;10;1246
1;2025-11-24;11;1250
1;2025-11-24;12;1380
1;2025-11-24;13;1463
1;2025-11-24;14;1469
1;2025-11-24;15;1579
1;2025-11-24;16;1626
1;2025-11-24;17;1867
1;2025-11-24;18;2033
1;2025-11-24;19;1437
1;2025-11-24;20;901
1;2025-11-24;21;443
1;2025-11-24;22;176
1;2025-11-24;23;52
1;2025-11-25;0;4
1;2025-11-25;1;0
1;2025-11-25;2;0
1;2025-11-25;3;0
1;2025-11-25;4;10
1;2025-11-25;5;113
1;2025-11-25;6;501
1;2025-11-25;7;1531
1;2025-11-25;8;1997
1;2025-11-25;9;1479
1;2025-11-25;10;1368
1;2025-11-25;11;1346
1;2025-11-25;12;1408
1;2025-11-25;13;1446
1;2025-11-25;14;1366
1;2025-11-25;15;1484
1;2025-11-25;16;1498
1;2025-11-25;17;1777
1;2025-11-25;18;1806
1;2025-11-25;19;1348
1;2025-11-25;20;883
1;2025-11-25;21;480
1;2025-11-25;22;174
1;2025-11-25;23;35
1;2025-11-26;0;4
1;2025-11-26;1;0
1;2025-11-26;2;0
1;2025-11-26;3;0
1;2025-11-26;4;10
1;2025-11-26;5;113
1;2025-11-26;6;501
1;2025-11-26;7;1531
1;2025-11-26;8;1997
1;2025-11-26;9;1479
1;2025-11-26;10;1368
1;2025-11-26;11;1346
1;2025-11-26;12;1408
1;2025-11-26;13;1446
1;2025-11-26;14;1366
1;2025-11-26;15;1484
1;2025-11-26;16;1498
1;2025-11-26;17;1777
1;2025-11-26;18;1806
1;2025-11-26;19;1348
1;2025-11-26;20;883
1;2025-11-26;21;480
1;2025-11-26;22;174
1;2025-11-26;23;35
1;2025-11-27;0;4
1;2025-11-27;1;0
1;2025-11-27;2;0
1;2025-11-27;3;0
1;2025-11-27;4;10
1;2025-11-27;5;113
1;2025-11-27;6;501
1;2025-11-27;7;1531
1;2025-11-27;8;1997
1;2025-11-27;9;1479
1;2025-11-27;10;1368
1;2025-11-27;11;1346
1;2025-11-27;12;1408
1;2025-11-27;13;1446
1;2025-11-27;14;1366
1;2025-11-27;15;1484
1;2025-11-27;16;1498
1;2025-11-27;17;1777
1;2025-11-27;18;1806
1;2025-11-27;19;1348
1;2025-11-27;20;883
1;2025-11-27;21;480
1;2025-11-27;22;174
1;2025-11-27;23;35
1;2025-11-28;0;4
1;2025-11-28;1;0
1;2025-11-28;2;0
1;2025-11-28;3;0
1;2025-11-28;4;7
1;2025-11-28;5;137
1;2025-11-28;6;481
1;2025-11-28;7;1516
1;2025-11-28;8;1841
1;2025-11-28;9;1433
1;2025-11-28;10;1275
1;2025-11-28;11;1360
1;2025-11-28;12;1356
1;2025-11-28;13;1404
1;2025-11-28;14;1320
1;2025-11-28;15;1489
1;2025-11-28;16;1604
1;2025-11-28;17;1832
1;2025-11-28;18;1481
1;2025-11-28;19;1238
1;2025-11-28;20;794
1;2025-11-28;21;483
1;2025-11-28;22;177
1;2025-11-28;23;40
1;2025-11-29;0;4
1;2025-11-29;1;0
1;2025-11-29;2;0
1;2025-11-29;3;0
1;2025-11-29;4;1
1;2025-11-29;5;31
1;2025-11-29;6;152
1;2025-11-29;7;353
1;2025-11-29;8;489
1;2025-11-29;9;754
1;2025-11-29;10;925
1;2025-11-29;11;907
1;2025-11-29;12;1095
1;2025-11-29;13;1143
1;2025-11-29;14;1062
1;2025-11-29;15;921
1;2025-11-29;16;784
1;2025-11-29;17;736
1;2025-11-29;18;644
1;2025-11-29;19;555
1;2025-11-29;20;427
1;2025-11-29;21;299
1;2025-11-29;22;119
1;2025-11-29;23;25
1;2025-11-30;0;0
1;2025-11-30;1;0
1;2025-11-30;2;0
1;2025-11-30;3;0
1;2025-11-30;4;0
1;2025-11-30;5;21
1;2025-11-30;6;116
1;2025-11-30;7;265
1;2025-11-30;8;358
1;2025-11-30;9;621
1;2025-11-30;10;690
1;2025-11-30;11;730
1;2025-11-30;12;840
1;2025-11-30;13;872
1;2025-11-30;14;812
1;2025-11-30;15;725
1;2025-11-30;16;667
1;2025-11-30;17;585
1;2025-11-30;18;507
1;2025-11-30;19;441
1;2025-11-30;20;338
1;2025-11-30;21;276
1;2025-11-30;22;100
1;2025-11-30;23;27
1;2025-12-01;0;0
1;2025-12-01;1;0
1;2025-12-01;2;0
1;2025-12-01;3;0
1;2025-12-01;4;9
1;2025-12-01;5;134
1;2025-12-01;6;483
1;2025-12-01;7;1438
1;2025-12-01;8;1952
1;2025-12-01;9;1472
1;2025-12-01;10;1246
1;2025-12-01;11;1250
1;2025-12-01;12;1380
1;2025-12-01;13;1463
1;2025-12-01;14;1469
1;2025-12-01;15;1579
1;2025-12-01;16;1626
1;2025-12-01;17;1867
1;2025-12-01;18;2033
1;2025-12-01;19;1437
1;2025-12-01;20;901
1;2025-12-01;21;443
1;2025-12-01;22;176
1;2025-12-01;23;52
1;2025-12-02;0;4
1;2025-12-02;1;0
1;2025-12-02;2;0
1;2025-12-02;3;0
1;2025-12-02;4;10
1;2025-12-02;5;113
1;2025-12-02;6;501
1;2025-12-02;7;1531
1;2025-12-02;8;1997
1;2025-12-02;9;1479
1;2025-12-02;10;1368
1;2025-12-02;11;1346
1;2025-12-02;12;1408
1;2025-12-02;13;1446
1;2025-12-02;14;1366
1;2025-12-02;15;1484
1;2025-12-02;16;1498
1;2025-12-02;17;1777
1;2025-12-02;18;1806
1;2025-12-02;19;1348
1;2025-12-02;20;883
1;2025-12-02;21;480
1;2025-12-02;22;174
1;2025-12-02;23;35
1;2025-12-03;0;4
1;2025-12-03;1;0
1;2025-12-03;2;0
1;2025-12-03;3;0
1;2025-12-03;4;10
1;2025-12-03;5;113
1;2025-12-03;6;501
1;2025-12-03;7;1531
1;2025-12-03;8;1997
1;2025-12-03;9;1479
1;2025-12-03;10;1368
1;2025-12-03;11;1346
1;2025-12-03;12;1408
1;2025-12-03;13;1446
1;2025-12-03;14;1366
1;2025-12-03;15;1484
1;2025-12-03;16;1498
1;2025-12-03;17;1777
1;2025-12-03;18;1806
1;2025-12-03;19;1348
1;2025-12-03;20;883
1;2025-12-03;21;480
1;2025-12-03;22;174
1;2025-12-03;23;35
1;2025-12-04;0;4
1;2025-12-04;1;0
1;2025-12-04;2;0
1;2025-12-04;3;0
1;2025-12-04;4;10
1;2025-12-04;5;113
1;2025-12-04;6;501
1;2025-12-04;7;1531
1;2025-12-04;8;1997
1;2025-12-04;9;1479
1;2025-12-04;10;1368
1;2025-12-04;11;1346
1;2025-12-04;12;1408
1;2025-12-04;13;1446
1;2025-12-04;14;1366
1;2025-12-04;15;1484
1;2025-12-04;16;1498
1;2025-12-04;17;1777
1;2025-12-04;18;1806
1;2025-12-04;19;1348
1;2025-12-04;20;883
1;2025-12-04;21;480
1;2025-12-04;22;174
1;2025-12-04;23;35
1;2025-12-05;0;4
1;2025-12-05;1;0
1;2025-12-05;2;0
1;2025-12-05;3;0
1;2025-12-05;4;7
1;2025-12-05;5;137
1;2025-12-05;6;481
1;2025-12-05;7;1516
1;2025-12-05;8;1841
1;2025-12-05;9;1433
1;2025-12-05;10;1275
1;2025-12-05;11;1360
1;2025-12-05;12;1356
1;2025-12-05;13;1404
1;2025-12-05;14;1320
1;2025-12-05;15;1489
1;2025-12-05;16;1604
1;2025-12-05;17;1832
1;2025-12-05;18;1481
1;2025-12-05;19;1238
1;2025-12-05;20;794
1;2025-12-05;21;483
1;2025-12-05;22;177
1;2025-12-05;23;40
1;2025-12-06;0;4
1;2025-12-06;1;0
1;2025-12-06;2;0
1;2025-12-06;3;0
1;2025-12-06;4;1
1;2025-12-06;5;31
1;2025-12-06;6;152
1;2025-12-06;7;353
1;2025-12-06;8;489
1;2025-12-06;9;754
1;2025-12-06;10;925
1;2025-12-06;11;907
1;2025-12-06;12;1095
1;2025-12-06;13;1143
1;2025-12-06;14;1062
1;2025-12-06;15;921
1;2025-12-06;16;784
1;2025-12-06;17;736
1;2025-12-06;18;644
1;2025-12-06;19;555
1;2025-12-06;20;427
1;2025-12-06;21;299
1;2025-12-06;22;119
1;2025-12-06;23;25
1;2025-12-07;0;0
1;2025-12-07;1;0
1;2025-12-07;2;0
1;2025-12-07;3;0
1;2025-12-07;4;0
1;2025-12-07;5;21
1;2025-12-07;6;116
1;2025-12-07;7;265
1;2025-12-07;8;358
1;2025-12-07;9;621
1;2025-12-07;10;690
1;2025-12-07;11;730
1;2025-12-07;12;840
1;2025-12-07;13;872
1;2025-12-07;14;812
1;2025-12-07;15;725
1;2025-12-07;16;667
1;2025-12-07;17;585
1;2025-12-07;18;507
1;2025-12-07;19;441
1;2025-12-07;20;338
1;2025-12-07;21;276
1;2025-12-07;22;100
1;2025-12-07;23;27
1;2025-12-08;0;0
1;2025-12-08;1;0
1;2025-12-08;2;0
1;2025-12-08;3;0
1;2025-12-08;4;9
1;2025-12-08;5;134
1;2025-12-08;6;483
1;2025-12-08;7;1438
1;2025-12-08;8;1952
1;2025-12-08;9;1472
1;2025-12-08;10;1246
1;2025-12-08;11;1250
1;2025-12-08;12;1380
1;2025-12-08;13;1463
1;2025-12-08;14;1469
1;2025-12-08;15;1579
1;2025-12-08;16;1626
1;2025-12-08;17;1867
1;2025-12-08;18;2033
1;2025-12-08;19;1437
1;2025-12-08;20;901
1;2025-12-08;21;443
1;2025-12-08;22;176
1;2025-12-08;23;52
1;2025-12-09;0;4
1;2025-12-09;1;0
1;2025-12-09;2;0
1;2025-12-09;3;0
1;2025-12-09;4;10
1;2025-12-09;5;113
1;2025-12-09;6;501
1;2025-12-09;7;1531
1;2025-12-09;8;1997
1;2025-12-09;9;1479
1;2025-12-09;10;1368
1;2025-12-09;11;1346
1;2025-12-09;12;1408
1;2025-12-09;13;1446
1;2025-12-09;14;1366
1;2025-12-09;15;1484
1;2025-12-09;16;1498
1;2025-12-09;17;1777
1;2025-12-09;18;1806
1;2025-12-09;19;1348
1;2025-12-09;20;883
1;2025-12-09;21;480
1;2025-12-09;22;174
1;2025-12-09;23;35
1;2025-12-10;0;4
1;2025-12-10;1;0
1;2025-12-10;2;0
1;2025-12-10;3;0
1;2025-12-10;4;10
1;2025-12-10;5;113
1;2025-12-10;6;501
1;2025-12-10;7;1531
1;2025-12-10;8;1997
1;2025-12-10;9;1479
1;2025-12-10;10;1368
1;2025-12-10;11;1346
1;2025-12-10;12;1408
1;2025-12-10;13;1446
1;2025-12-10;14;1366
1;2025-12-10;15;1484
1;2025-12-10;16;1498
1;2025-12-10;17;1777
1;2025-12-10;18;1806
1;2025-12-10;19;1348
1;2025-12-10;20;883
1;2025-12-10;21;480
1;2025-12-10;22;174
1;2025-12-10;23;35
1;2025-12-11;0;4
1;2025-12-11;1;0
1;2025-12-11;2;0
1;2025-12-11;3;0
1;2025-12-11;4;10
1;2025-12-11;5;113
1;2025-12-11;6;501
1;2025-12-11;7;1531
1;2025-12-11;8;1997
1;2025-12-11;9;1479
1;2025-12-11;10;1368
1;2025-12-11;11;1346
1;2025-12-11;12;1408
1;2025-12-11;13;1446
1;2025-12-11;14;1366
1;2025-12-11;15;1484
1;2025-12-11;16;1498
1;2025-12-11;17;1777
1;2025-12-11;18;1806
1;2025-12-11;19;1348
1;2025-12-11;20;883
1;2025-12-11;21;480
1;2025-12-11;22;174
1;2025-12-11;23;35
1;2025-12-12;0;4
1;2025-12-12;1;0
1;2025-12-12;2;0
1;2025-12-12;3;0
1;2025-12-12;4;7
1;2025-12-12;5;137
1;2025-12-12;6;481
1;2025-12-12;7;1516
1;2025-12-12;8;1841
1;2025-12-12;9;1433
1;2025-12-12;10;1275
1;2025-12-12;11;1360
1;2025-12-12;12;1356
1;2025-12-12;13;1404
1;2025-12-12;14;1320
1;2025-12-12;15;1489
1;2025-12-12;16;1604
1;2025-12-12;17;1832
1;2025-12-12;18;1481
1;2025-12-12;19;1238
1;2025-12-12;20;794
1;2025-12-12;21;483
1;2025-12-12;22;177
1;2025-12-12;23;40
1;2025-12-13;0;4
1;2025-12-13;1;0
1;2025-12-13;2;0
1;2025-12-13;3;0
1;2025-12-13;4;1
1;2025-12-13;5;31
1;2025-12-13;6;152
1;2025-12-13;7;353
1;2025-12-13;8;489
1;2025-12-13;9;754
1;2025-12-13;10;925
1;2025-12-13;11;907
1;2025-12-13;12;1095
1;2025-12-13;13;1143
1;2025-12-13;14;1062
1;2025-12-13;15;921
1;2025-12-13;16;784
1;2025-12-13;17;736
1;2025-12-13;18;644
1;2025-12-13;19;555
1;2025-12-13;20;427
1;2025-12-13;21;299
1;2025-12-13;22;119
1;2025-12-13;23;25
1;2025-12-14;0;0
1;2025-12-14;1;0
1;2025-12-14;2;0
1;2025-12-14;3;0
1;2025-12-14;4;0
1;2025-12-14;5;21
1;2025-12-14;6;116
1;2025-12-14;7;265
1;2025-12-14;8;358
1;2025-12-14;9;621
1;2025-12-14;10;690
1;2025-12-14;11;730
1;2025-12-14;12;840
1;2025-12-14;13;872
1;2025-12-14;14;812
1;2025-12-14;15;725
1;2025-12-14;16;667
1;2025-12-14;17;585
1;2025-12-14;18;507
1;2025-12-14;19;441
1;2025-12-14;20;338
1;2025-12-14;21;276
1;2025-12-14;22;100
1;2025-12-14;23;27
1;2025-12-15;0;0
1;2025-12-15;1;0
1;2025-12-15;2;0
1;2025-12-15;3;0
1;2025-12-15;4;9
1;2025-12-15;5;134
1;2025-12-15;6;483
1;2025-12-15;7;1438
1;2025-12-15;8;1952
1;2025-12-15;9;1472
1;2025-12-15;10;1246
1;2025-12-15;11;1250
1;2025-12-15;12;1380
1;2025-12-15;13;1463
1;2025-12-15;14;1469
1;2025-12-15;15;1579
1;2025-12-15;16;1626
1;2025-12-15;17;1867
1;2025-12-15;18;2033
1;2025-12-15;19;1437
1;2025-12-15;20;901
1;2025-12-15;21;443
1;2025-12-15;22;176
1;2025-12-15;23;52
1;2025-12-16;0;4
1;2025-12-16;1;0
1;2025-12-16;2;0
1;2025-12-16;3;0
1;2025-12-16;4;10
1;2025-12-16;5;113
1;2025-12-16;6;501
1;2025-12-16;7;1531
1;2025-12-16;8;1997
1;2025-12-16;9;1479
1;2025-12-16;10;1368
1;2025-12-16;11;1346
1;2025-12-16;12;1408
1;2025-12-16;13;1446
1;2025-12-16;14;1366
1;2025-12-16;15;1484
1;2025-12-16;16;1498
1;2025-12-16;17;1777
1;2025-12-16;18;1806
1;2025-12-16;19;1348
1;2025-12-16;20;883
1;2025-12-16;21;480
1;2025-12-16;22;174
1;2025-12-16;23;35
1;2025-12-17;0;4
1;2025-12-17;1;0
1;2025-12-17;2;0
1;2025-12-17;3;0
1;2025-12-17;4;10
1;2025-12-17;5;113
1;2025-12-17;6;501
1;2025-12-17;7;1531
1;2025-12-17;8;1997
1;2025-12-17;9;1479
1;2025-12-17;10;1368
1;2025-12-17;11;1346
1;2025-12-17;12;1408
1;2025-12-17;13;1446
1;2025-12-17;14;1366
1;2025-12-17;15;1484
1;2025-12-17;16;1498
1;2025-12-17;17;1777
1;2025-12-17;18;1806
1;2025-12-17;19;1348
1;2025-12-17;20;883
1;2025-12-17;21;480
1;2025-12-17;22;174
1;2025-12-17;23;35
1;2025-12-18;0;4
1;2025-12-18;1;0
1;2025-12-18;2;0
1;2025-12-18;3;0
1;2025-12-18;4;10
1;2025-12-18;5;113
1;2025-12-18;6;501
1;2025-12-18;7;1531
1;2025-12-18;8;1997
1;2025-12-18;9;1479
1;2025-12-18;10;1368
1;2025-12-18;11;1346
1;2025-12-18;12;1408
1;2025-12-18;13;1446
1;2025-12-18;14;1366
1;2025-12-18;15;1484
1;2025-12-18;16;1498
1;2025-12-18;17;1777
1;2025-12-18;18;1806
1;2025-12-18;19;1348
1;2025-12-18;20;883
1;2025-12-18;21;480
1;2025-12-18;22;174
1;2025-12-18;23;35
1;2025-12-19;0;4
1;2025-12-19;1;0
1;2025-12-19;2;0
1;2025-12-19;3;0
1;2025-12-19;4;7
1;2025-12-19;5;137
1;2025-12-19;6;481
1;2025-12-19;7;1516
1;2025-12-19;8;1841
1;2025-12-19;9;1433
1;2025-12-19;10;1275
1;2025-12-19;11;1360
1;2025-12-19;12;1356
1;2025-12-19;13;1404
1;2025-12-19;14;1320
1;2025-12-19;15;1489
1;2025-12-19;16;1604
1;2025-12-19;17;1832
1;2025-12-19;18;1481
1;2025-12-19;19;1238
1;2025-12-19;20;794
1;2025-12-19;21;483
1;2025-12-19;22;177
1;2025-12-19;23;40
1;2025-12-20;0;4
1;2025-12-20;1;0
1;2025-12-20;2;0
1;2025-12-20;3;0
1;2025-12-20;4;1
1;2025-12-20;5;31
1;2025-12-20;6;152
1;2025-12-20;7;353
1;2025-12-20;8;489
1;2025-12-20;9;754
1;2025-12-20;10;925
1;2025-12-20;11;907
1;2025-12-20;12;1095
1;2025-12-20;13;1143
1;2025-12-20;14;1062
1;2025-12-20;15;921
1;2025-12-20;16;784
1;2025-12-20;17;736
1;2025-12-20;18;644
1;2025-12-20;19;555
1;2025-12-20;20;427
1;2025-12-20;21;299
1;2025-12-20;22;119
1;2025-12-20;23;25
1;2025-12-21;0;0
1;2025-12-21;1;0
1;2025-12-21;2;0
1;2025-12-21;3;0
1;2025-12-21;4;0
1;2025-12-21;5;21
1;2025-12-21;6;116
1;2025-12-21;7;265
1;2025-12-21;8;358
1;2025-12-21;9;621
1;2025-12-21;10;690
1;2025-12-21;11;730
1;2025-12-21;12;840
1;2025-12-21;13;872
1;2025-12-21;14;812
1;2025-12-21;15;725
1;2025-12-21;16;667
1;2025-12-21;17;585
1;2025-12-21;18;507
1;2025-12-21;19;441
1;2025-12-21;20;338
1;2025-12-21;21;276
1;2025-12-21;22;100
1;2025-12-21;23;27
1;2025-12-22;0;0
1;2025-12-22;1;0
1;2025-12-22;2;0
1;2025-12-22;3;0
1;2025-12-22;4;9
1;2025-12-22;5;134
1;2025-12-22;6;483
1;2025-12-22;7;1438
1;2025-12-22;8;1952
1;2025-12-22;9;1472
1;2025-12-22;10;1246
1;2025-12-22;11;1250
1;2025-12-22;12;1380
1;2025-12-22;13;1463
1;2025-12-22;14;1469
1;2025-12-22;15;1579
1;2025-12-22;16;1626
1;2025-12-22;17;1867
1;2025-12-22;18;2033
1;2025-12-22;19;1437
1;2025-12-22;20;901
1;2025-12-22;21;443
1;2025-12-22;22;176
1;2025-12-22;23;52
1;2025-12-23;0;4
1;2025-12-23;1;0
1;2025-12-23;2;0
1;2025-12-23;3;0
1;2025-12-23;4;10
1;2025-12-23;5;113
1;2025-12-23;6;501
1;2025-12-23;7;1531
1;2025-12-23;8;1997
1;2025-12-23;9;1479
1;2025-12-23;10;1368
1;2025-12-23;11;1346
1;2025-12-23;12;1408
1;2025-12-23;13;1446
1;2025-12-23;14;1366
1;2025-12-23;15;1484
1;2025-12-23;16;1498
1;2025-12-23;17;1777
1;2025-12-23;18;1806
1;2025-12-23;19;1348
1;2025-12-23;20;883
1;2025-12-23;21;480
1;2025-12-23;22;174
1;2025-12-23;23;35
1;2025-12-24;0;4
1;2025-12-24;1;0
1;2025-12-24;2;0
1;2025-12-24;3;0
1;2025-12-24;4;10
1;2025-12-24;5;113
1;2025-12-24;6;501
1;2025-12-24;7;1531
1;2025-12-24;8;1997
1;2025-12-24;9;1479
1;2025-12-24;10;1368
1;2025-12-24;11;1346
1;2025-12-24;12;1408
1;2025-12-24;13;1446
1;2025-12-24;14;1366
1;2025-12-24;15;1484
1;2025-12-24;16;1498
1;2025-12-24;17;1777
1;2025-12-24;18;1806
1;2025-12-24;19;1348
1;2025-12-24;20;883
1;2025-12-24;21;480
1;2025-12-24;22;174
1;2025-12-24;23;35
1;2025-12-25;0;4
1;2025-12-25;1;0
1;2025-12-25;2;0
1;2025-12-25;3;0
1;2025-12-25;4;10
1;2025-12-25;5;113
1;2025-12-25;6;501
1;2025-12-25;7;1531
1;2025-12-25;8;1997
1;2025-12-25;9;1479
1;2025-12-25;10;1368
1;2025-12-25;11;1346
1;2025-12-25;12;1408
1;2025-12-25;13;1446
1;2025-12-25;14;1366
1;2025-12-25;15;1484
1;2025-12-25;16;1498
1;2025-12-25;17;1777
1;2025-12-25;18;1806
1;2025-12-25;19;1348
1;2025-12-25;20;883
1;2025-12-25;21;480
1;2025-12-25;22;174
1;2025-12-25;23;35
1;2025-12-26;0;4
1;2025-12-26;1;0
1;2025-12-26;2;0
1;2025-12-26;3;0
1;2025-12-26;4;7
1;2025-12-26;5;137
1;2025-12-26;6;481
1;2025-12-26;7;1516
1;2025-12-26;8;1841
1;2025-12-26;9;1433
1;2025-12-26;10;1275
1;2025-12-26;11;1360
1;2025-12-26;12;1356
1;2025-12-26;13;1404
1;2025-12-26;14;1320
1;2025-12-26;15;1489
1;2025-12-26;16;1604
1;2025-12-26;17;1832
1;2025-12-26;18;1481
1;2025-12-26;19;1238
1;2025-12-26;20;794
1;2025-12-26;21;483
1;2025-12-26;22;177
1;2025-12-26;23;40
1;2025-12-27;0;4
1;2025-12-27;1;0
1;2025-12-27;2;0
1;2025-12-27;3;0
1;2025-12-27;4;1
1;2025-12-27;5;31
1;2025-12-27;6;152
1;2025-12-27;7;353
1;2025-12-27;8;489
1;2025-12-27;9;754
1;2025-12-27;10;925
1;2025-12-27;11;907
1;2025-12-27;12;1095
1;2025-12-27;13;1143
1;2025-12-27;14;1062
1;2025-12-27;15;921
1;2025-12-27;16;784
1;2025-12-27;17;736
1;2025-12-27;18;644
1;2025-12-27;19;555
1;2025-12-27;20;427
1;2025-12-27;21;299
1;2025-12-27;22;119
1;2025-12-27;23;25
1;2025-12-28;0;0
1;2025-12-28;1;0
1;2025-12-28;2;0
1;2025-12-28;3;0
1;2025-12-28;4;0
1;2025-12-28;5;21
1;2025-12-28;6;116
1;2025-12-28;7;265
1;2025-12-28;8;358
1;2025-12-28;9;621
1;2025-12-28;10;690
1;2025-12-28;11;730
1;2025-12-28;12;840
1;2025-12-28;13;872
1;2025-12-28;14;812
1;2025-12-28;15;725
1;2025-12-28;16;667
1;2025-12-28;17;585
1;2025-12-28;18;507
1;2025-12-28;19;441
1;2025-12-28;20;338
1;2025-12-28;21;276
1;2025-12-28;22;100
1;2025-12-28;23;27
1;2025-12-29;0;3
1;2025-12-29;1;0
1;2025-12-29;2;0
1;2025-12-29;3;0
1;2025-12-29;4;6
1;2025-12-29;5;118
1;2025-12-29;6;414
1;2025-12-29;7;1304
1;2025-12-29;8;1583
1;2025-12-29;9;1232
1;2025-12-29;10;1096
1;2025-12-29;11;1170
1;2025-12-29;12;1166
1;2025-12-29;13;1208
1;2025-12-29;14;1135
1;2025-12-29;15;1280
1;2025-12-29;16;1379
1;2025-12-29;17;1576
1;2025-12-29;18;1274
1;2025-12-29;19;1065
1;2025-12-29;20;683
1;2025-12-29;21;416
1;2025-12-29;22;152
1;2025-12-29;23;35
1;2025-12-30;0;3
1;2025-12-30;1;0
1;2025-12-30;2;0
1;2025-12-30;3;0
1;2025-12-30;4;6
1;2025-12-30;5;118
1;2025-12-30;6;414
1;2025-12-30;7;1304
1;2025-12-30;8;1583
1;2025-12-30;9;1232
1;2025-12-30;10;1096
1;2025-12-30;11;1170
1;2025-12-30;12;1166
1;2025-12-30;13;1208
1;2025-12-30;14;1135
1;2025-12-30;15;1280
1;2025-12-30;16;1379
1;2025-12-30;17;1576
1;2025-12-30;18;1274
1;2025-12-30;19;1065
1;2025-12-30;20;683
1;2025-12-30;21;416
1;2025-12-30;22;152
1;2025-12-30;23;35
1;2025-12-31;0;3
1;2025-12-31;1;0
1;2025-12-31;2;0
1;2025-12-31;3;0
1;2025-12-31;4;0
1;2025-12-31;5;27
1;2025-12-31;6;130
1;2025-12-31;7;301
1;2025-12-31;8;416
1;2025-12-31;9;642
1;2025-12-31;10;786
1;2025-12-31;11;771
1;2025-12-31;12;931
1;2025-12-31;13;972
1;2025-12-31;14;903
1;2025-12-31;15;783
1;2025-12-31;16;666
1;2025-12-31;17;626
1;2025-12-31;18;547
1;2025-12-31;19;259
1;2025-12-31;20;199
1;2025-12-31;21;140
1;2025-12-31;22;55
1;2025-12-31;23;12
5;2025-11-01;0;0
5;2025-11-01;1;0
5;2025-11-01;2;0
5;2025-11-01;3;0
5;2025-11-01;4;0
5;2025-11-01;5;0
5;2025-11-01;6;0
5;2025-11-01;7;0
5;2025-11-01;8;0
5;2025-11-01;9;0
5;2025-11-01;10;0
5;2025-11-01;11;0
5;2025-11-01;12;0
5;2025-11-01;13;0
5;2025-11-01;14;0
5;2025-11-01;15;0
5;2025-11-01;16;0
5;2025-11-01;17;0
5;2025-11-01;18;0
5;2025-11-01;19;0
5;2025-11-01;20;0
5;2025-11-01;21;0
5;2025-11-01;22;0
5;2025-11-01;23;0
5;2025-11-02;0;0
5;2025-11-02;1;0
5;2025-11-02;2;0
5;2025-11-02;3;0
5;2025-11-02;4;0
5;2025-11-02;5;0
5;2025-11-02;6;0
5;2025-11-02;7;0
5;2025-11-02;8;0
5;2025-11-02;9;0
5;2025-11-02;10;0
5;2025-11-02;11;0
5;2025-11-02;12;0
5;2025-11-02;13;0
5;2025-11-02;14;0
5;2025-11-02;15;0
5;2025-11-02;16;0
5;2025-11-02;17;0
5;2025-11-02;18;0
5;2025-11-02;19;0
5;2025-11-02;20;0
5;2025-11-02;21;0
5;2025-11-02;22;0
5;2025-11-02;23;0
5;2025-11-03;0;0
5;2025-11-03;1;0
5;2025-11-03;2;0
5;2025-11-03;3;0
5;2025-11-03;4;0
5;2025-11-03;5;0
5;2025-11-03;6;0
5;2025-11-03;7;0
5;2025-11-03;8;0
5;2025-11-03;9;0
5;2025-11-03;10;0
5;2025-11-03;11;0
5;2025-11-03;12;0
5;2025-11-03;13;0
5;2025-11-03;14;0
5;2025-11-03;15;0
5;2025-11-03;16;0
5;2025-11-03;17;0
5;2025-11-03;18;0
5;2025-11-03;19;0
5;2025-11-03;20;0
5;2025-11-03;21;0
5;2025-11-03;22;0
5;2025-11-03;23;0
5;2025-11-04;0;0
5;2025-11-04;1;0
5;2025-11-04;2;0
5;2025-11-04;3;0
5;2025-11-04;4;0
5;2025-11-04;5;0
5;2025-11-04;6;0
5;2025-11-04;7;0
5;2025-11-04;8;0
5;2025-11-04;9;0
5;2025-11-04;10;0
5;2025-11-04;11;0
5;2025-11-04;12;0
5;2025-11-04;13;0
5;2025-11-04;14;0
5;2025-11-04;15;0
5;2025-11-04;16;0
5;2025-11-04;17;0
5;2025-11-04;18;0
5;2025-11-04;19;0
5;2025-11-04;20;0
5;2025-11-04;21;0
5;2025-11-04;22;0
5;2025-11-04;23;0
5;2025-11-05;0;0
5;2025-11-05;1;0
5;2025-11-05;2;0
5;2025-11-05;3;0
5;2025-11-05;4;0
5;2025-11-05;5;0
5;2025-11-05;6;0
5;2025-11-05;7;0
5;2025-11-05;8;0
5;2025-11-05;9;0
5;2025-11-05;10;0
5;2025-11-05;11;0
5;2025-11-05;12;0
5;2025-11-05;13;0
5;2025-11-05;14;0
5;2025-11-05;15;0
5;2025-11-05;16;0
5;2025-11-05;17;0
5;2025-11-05;18;0
5;2025-11-05;19;0
5;2025-11-05;20;0
5;2025-11-05;21;0
5;2025-11-05;22;0
5;2025-11-05;23;0
5;2025-11-06;0;0
5;2025-11-06;1;0
5;2025-11-06;2;0
5;2025-11-06;3;0
5;2025-11-06;4;0
5;2025-11-06;5;0
5;2025-11-06;6;0
5;2025-11-06;7;0
5;2025-11-06;8;0
5;2025-11-06;9;0
5;2025-11-06;10;0
5;2025-11-06;11;0
5;2025-11-06;12;0
5;2025-11-06;13;0
5;2025-11-06;14;0
5;2025-11-06;15;0
5;2025-11-06;16;0
5;2025-11-06;17;0
5;2025-11-06;18;0
5;2025-11-06;19;0
5;2025-11-06;20;0
5;2025-11-06;21;0
5;2025-11-06;22;0
5;2025-11-06;23;0
5;2025-11-07;0;0
5;2025-11-07;1;0
5;2025-11-07;2;0
5;2025-11-07;3;0
5;2025-11-07;4;0
5;2025-11-07;5;0
5;2025-11-07;6;0
5;2025-11-07;7;0
5;2025-11-07;8;0
5;2025-11-07;9;0
5;2025-11-07;10;0
5;2025-11-07;11;0
5;2025-11-07;12;0
5;2025-11-07;13;0
5;2025-11-07;14;0
5;2025-11-07;15;0
5;2025-11-07;16;0
5;2025-11-07;17;0
5;2025-11-07;18;0
5;2025-11-07;19;0
5;2025-11-07;20;0
5;2025-11-07;21;0
5;2025-11-07;22;0
5;2025-11-07;23;0
5;2025-11-08;0;0
5;2025-11-08;1;0
5;2025-11-08;2;0
5;2025-11-08;3;0
5;2025-11-08;4;0
5;2025-11-08;5;0
5;2025-11-08;6;0
5;2025-11-08;7;0
5;2025-11-08;8;0
5;2025-11-08;9;0
5;2025-11-08;10;0
5;2025-11-08;11;0
5;2025-11-08;12;0
5;2025-11-08;13;0
5;2025-11-08;14;0
5;2025-11-08;15;0
5;2025-11-08;16;0
5;2025-11-08;17;0
5;2025-11-08;18;0
5;2025-11-08;19;0
5;2025-11-08;20;0
5;2025-11-08;21;0
5;2025-11-08;22;0
5;2025-11-08;23;0
5;2025-11-09;0;0
5;2025-11-09;1;0
5;2025-11-09;2;0
5;2025-11-09;3;0
5;2025-11-09;4;0
5;2025-11-09;5;0
5;2025-11-09;6;0
5;2025-11-09;7;0
5;2025-11-09;8;0
5;2025-11-09;9;0
5;2025-11-09;10;0
5;2025-11-09;11;0
5;2025-11-09;12;0
5;2025-11-09;13;0
5;2025-11-09;14;0
5;2025-11-09;15;0
5;2025-11-09;16;0
5;2025-11-09;17;0
5;2025-11-09;18;0
5;2025-11-09;19;0
5;2025-11-09;20;0
5;2025-11-09;21;0
5;2025-11-09;22;0
5;2025-11-09;23;0
5;2025-11-10;0;0
5;2025-11-10;1;0
5;2025-11-10;2;0
5;2025-11-10;3;0
5;2025-11-10;4;0
5;2025-11-10;5;0
5;2025-11-10;6;0
5;2025-11-10;7;0
5;2025-11-10;8;0
5;2025-11-10;9;0
5;2025-11-10;10;0
5;2025-11-10;11;0
5;2025-11-10;12;0
5;2025-11-10;13;0
5;2025-11-10;14;0
5;2025-11-10;15;0
5;2025-11-10;16;0
5;2025-11-10;17;0
5;2025-11-10;18;0
5;2025-11-10;19;0
5;2025-11-10;20;0
5;2025-11-10;21;0
5;2025-11-10;22;0
5;2025-11-10;23;0
5;2025-11-11;0;0
5;2025-11-11;1;0
5;2025-11-11;2;0
5;2025-11-11;3;0
5;2025-11-11;4;0
5;2025-11-11;5;0
5;2025-11-11;6;0
5;2025-11-11;7;0
5;2025-11-11;8;0
5;2025-11-11;9;0
5;2025-11-11;10;0
5;2025-11-11;11;0
5;2025-11-11;12;0
5;2025-11-11;13;0
5;2025-11-11;14;0
5;2025-11-11;15;0
5;2025-11-11;16;0
5;2025-11-11;17;0
5;2025-11-11;18;0
5;2025-11-11;19;0
5;2025-11-11;20;0
5;2025-11-11;21;0
5;2025-11-11;22;0
5;2025-11-11;23;0
5;2025-11-12;0;0
5;2025-11-12;1;0
5;2025-11-12;2;0
5;2025-11-12;3;0
5;2025-11-12;4;0
5;2025-11-12;5;0
5;2025-11-12;6;0
5;2025-11-12;7;0
5;2025-11-12;8;0
5;2025-11-12;9;0
5;2025-11-12;10;0
5;2025-11-12;11;0
5;2025-11-12;12;0
5;2025-11-12;13;0
5;2025-11-12;14;0
5;2025-11-12;15;0
5;2025-11-12;16;0
5;2025-11-12;17;0
5;2025-11-12;18;0
5;2025-11-12;19;0
5;2025-11-12;20;0
5;2025-11-12;21;0
5;2025-11-12;22;0
5;2025-11-12;23;0
5;2025-11-13;0;0
5;2025-11-13;1;0
5;2025-11-13;2;0
5;2025-11-13;3;0
5;2025-11-13;4;0
5;2025-11-13;5;0
5;2025-11-13;6;0
5;2025-11-13;7;0
5;2025-11-13;8;0
5;2025-11-13;9;0
5;2025-11-13;10;0
5;2025-11-13;11;0
5;2025-11-13;12;0
5;2025-11-13;13;0
5;2025-11-13;14;0
5;2025-11-13;15;0
5;2025-11-13;16;0
5;2025-11-13;17;0
5;2025-11-13;18;0
5;2025-11-13;19;0
5;2025-11-13;20;0
5;2025-11-13;21;0
5;2025-11-13;22;0
5;2025-11-13;23;0
5;2025-11-14;0;0
5;2025-11-14;1;0
5;2025-11-14;2;0
5;2025-11-14;3;0
5;2025-11-14;4;0
5;2025-11-14;5;0
5;2025-11-14;6;0
5;2025-11-14;7;0
5;2025-11-14;8;0
5;2025-11-14;9;0
5;2025-11-14;10;0
5;2025-11-14;11;0
5;2025-11-14;12;0
5;2025-11-14;13;0
5;2025-11-14;14;0
5;2025-11-14;15;0
5;2025-11-14;16;0
5;2025-11-14;17;0
5;2025-11-14;18;0
5;2025-11-14;19;0
5;2025-11-14;20;0
5;2025-11-14;21;0
5;2025-11-14;22;0
5;2025-11-14;23;0
5;2025-11-15;0;0
5;2025-11-15;1;0
5;2025-11-15;2;0
5;2025-11-15;3;0
5;2025-11-15;4;0
5;2025-11-15;5;0
5;2025-11-15;6;0
5;2025-11-15;7;0
5;2025-11-15;8;0
5;2025-11-15;9;0
5;2025-11-15;10;0
5;2025-11-15;11;0
5;2025-11-15;12;0
5;2025-11-15;13;0
5;2025-11-15;14;0
5;2025-11-15;15;0
5;2025-11-15;16;0
5;2025-11-15;17;0
5;2025-11-15;18;0
5;2025-11-15;19;0
5;2025-11-15;20;0
5;2025-11-15;21;0
5;2025-11-15;22;0
5;2025-11-15;23;0
5;2025-11-16;0;0
5;2025-11-16;1;0
5;2025-11-16;2;0
5;2025-11-16;3;0
5;2025-11-16;4;0
5;2025-11-16;5;0
5;2025-11-16;6;0
5;2025-11-16;7;0
5;2025-11-16;8;0
5;2025-11-16;9;0
5;2025-11-16;10;0
5;2025-11-16;11;0
5;2025-11-16;12;0
5;2025-11-16;13;0
5;2025-11-16;14;0
5;2025-11-16;15;0
5;2025-11-16;16;0
5;2025-11-16;17;0
5;2025-11-16;18;0
5;2025-11-16;19;0
5;2025-11-16;20;0
5;2025-11-16;21;0
5;2025-11-16;22;0
5;2025-11-16;23;0
5;2025-11-17;0;0
5;2025-11-17;1;0
5;2025-11-17;2;0
5;2025-11-17;3;0
5;2025-11-17;4;0
5;2025-11-17;5;0
5;2025-11-17;6;0
5;2025-11-17;7;0
5;2025-11-17;8;0
5;2025-11-17;9;0
5;2025-11-17;10;0
5;2025-11-17;11;0
5;2025-11-17;12;0
5;2025-11-17;13;0
5;2025-11-17;14;0
5;2025-11-17;15;0
5;2025-11-17;16;0
5;2025-11-17;17;0
5;2025-11-17;18;0
5;2025-11-17;19;0
5;2025-11-17;20;0
5;2025-11-17;21;0
5;2025-11-17;22;0
5;2025-11-17;23;0
5;2025-11-18;0;0
5;2025-11-18;1;0
5;2025-11-18;2;0
5;2025-11-18;3;0
5;2025-11-18;4;0
5;2025-11-18;5;0
5;2025-11-18;6;0
5;2025-11-18;7;0
5;2025-11-18;8;0
5;2025-11-18;9;0
5;2025-11-18;10;0
5;2025-11-18;11;0
5;2025-11-18;12;0
5;2025-11-18;13;0
5;2025-11-18;14;0
5;2025-11-18;15;0
5;2025-11-18;16;0
5;2025-11-18;17;0
5;2025-11-18;18;0
5;2025-11-18;19;0
5;2025-11-18;20;0
5;2025-11-18;21;0
5;2025-11-18;22;0
5;2025-11-18;23;0
5;2025-11-19;0;0
5;2025-11-19;1;0
5;2025-11-19;2;0
5;2025-11-19;3;0
5;2025-11-19;4;0
5;2025-11-19;5;0
5;2025-11-19;6;0
5;2025-11-19;7;0
5;2025-11-19;8;0
5;2025-11-19;9;0
5;2025-11-19;10;0
5;2025-11-19;11;0
5;2025-11-19;12;0
5;2025-11-19;13;0
5;2025-11-19;14;0
5;2025-11-19;15;0
5;2025-11-19;16;0
5;2025-11-19;17;0
5;2025-11-19;18;0
5;2025-11-19;19;0
5;2025-11-19;20;0
5;2025-11-19;21;0
5;2025-11-19;22;0
5;2025-11-19;23;0
5;2025-11-20;0;0
5;2025-11-20;1;0
5;2025-11-20;2;0
5;2025-11-20;3;0
5;2025-11-20;4;0
5;2025-11-20;5;0
5;2025-11-20;6;0
5;2025-11-20;7;0
5;2025-11-20;8;0
5;2025-11-20;9;0
5;2025-11-20;10;0
5;2025-11-20;11;0
5;2025-11-20;12;0
5;2025-11-20;13;0
5;2025-11-20;14;0
5;2025-11-20;15;0
5;2025-11-20;16;0
5;2025-11-20;17;0
5;2025-11-20;18;0
5;2025-11-20;19;0
5;2025-11-20;20;0
5;2025-11-20;21;0
5;2025-11-20;22;0
5;2025-11-20;23;0
5;2025-11-21;0;0
5;2025-11-21;1;0
5;2025-11-21;2;0
5;2025-11-21;3;0
5;2025-11-21;4;0
5;2025-11-21;5;0
5;2025-11-21;6;0
5;2025-11-21;7;0
5;2025-11-21;8;0
5;2025-11-21;9;0
5;2025-11-21;10;0
5;2025-11-21;11;0
5;2025-11-21;12;0
5;2025-11-21;13;0
5;2025-11-21;14;0
5;2025-11-21;15;0
5;2025-11-21;16;0
5;2025-11-21;17;0
5;2025-11-21;18;0
5;2025-11-21;19;0
5;2025-11-21;20;0
5;2025-11-21;21;0
5;2025-11-21;22;0
5;2025-11-21;23;0
5;2025-11-22;0;0
5;2025-11-22;1;0
5;2025-11-22;2;0
5;2025-11-22;3;0
5;2025-11-22;4;0
5;2025-11-22;5;0
5;2025-11-22;6;0
5;2025-11-22;7;0
5;2025-11-22;8;0
5;2025-11-22;9;0
5;2025-11-22;10;0
5;2025-11-22;11;0
5;2025-11-22;12;0
5;2025-11-22;13;0
5;2025-11-22;14;0
5;2025-11-22;15;0
5;2025-11-22;16;0
5;2025-11-22;17;0
5;2025-11-22;18;0
5;2025-11-22;19;0
5;2025-11-22;20;0
5;2025-11-22;21;0
5;2025-11-22;22;0
5;2025-11-22;23;0
5;2025-11-23;0;0
5;2025-11-23;1;0
5;2025-11-23;2;0
5;2025-11-23;3;0
5;2025-11-23;4;0
5;2025-11-23;5;0
5;2025-11-23;6;0
5;2025-11-23;7;0
5;2025-11-23;8;0
5;2025-11-23;9;0
5;2025-11-23;10;0
5;2025-11-23;11;0
5;2025-11-23;12;0
5;2025-11-23;13;0
5;2025-11-23;14;0
5;2025-11-23;15;0
5;2025-11-23;16;0
5;2025-11-23;17;0
5;2025-11-23;18;0
5;2025-11-23;19;0
5;2025-11-23;20;0
5;2025-11-23;21;0
5;2025-11-23;22;0
5;2025-11-23;23;0
5;2025-11-24;0;0
5;2025-11-24;1;0
5;2025-11-24;2;0
5;2025-11-24;3;0
5;2025-11-24;4;0
5;2025-11-24;5;0
5;2025-11-24;6;0
5;2025-11-24;7;0
5;2025-11-24;8;0
5;2025-11-24;9;0
5;2025-11-24;10;0
5;2025-11-24;11;0
5;2025-11-24;12;0
5;2025-11-24;13;0
5;2025-11-24;14;0
5;2025-11-24;15;0
5;2025-11-24;16;0
5;2025-11-24;17;0
5;2025-11-24;18;0
5;2025-11-24;19;0
5;2025-11-24;20;0
5;2025-11-24;21;0
5;2025-11-24;22;0
5;2025-11-24;23;0
5;2025-11-25;0;0
5;2025-11-25;1;0
5;2025-11-25;2;0
5;2025-11-25;3;0
5;2025-11-25;4;0
5;2025-11-25;5;0
5;2025-11-25;6;0
5;2025-11-25;7;0
5;2025-11-25;8;0
5;2025-11-25;9;0
5;2025-11-25;10;0
5;2025-11-25;11;0
5;2025-11-25;12;0
5;2025-11-25;13;0
5;2025-11-25;14;0
5;2025-11-25;15;0
5;2025-11-25;16;0
5;2025-11-25;17;0
5;2025-11-25;18;0
5;2025-11-25;19;0
5;2025-11-25;20;0
5;2025-11-25;21;0
5;2025-11-25;22;0
5;2025-11-25;23;0
5;2025-11-26;0;0
5;2025-11-26;1;0
5;2025-11-26;2;0
5;2025-11-26;3;0
5;2025-11-26;4;0
5;2025-11-26;5;0
5;2025-11-26;6;0
5;2025-11-26;7;0
5;2025-11-26;8;0
5;2025-11-26;9;0
5;2025-11-26;10;0
5;2025-11-26;11;0
5;2025-11-26;12;0
5;2025-11-26;13;0
5;2025-11-26;14;0
5;2025-11-26;15;0
5;2025-11-26;16;0
5;2025-11-26;17;0
5;2025-11-26;18;0
5;2025-11-26;19;0
5;2025-11-26;20;0
5;2025-11-26;21;0
5;2025-11-26;22;0
5;2025-11-26;23;0
5;2025-11-27;0;0
5;2025-11-27;1;0
5;2025-11-27;2;0
5;2025-11-27;3;0
5;2025-11-27;4;0
5;2025-11-27;5;0
5;2025-11-27;6;0
5;2025-11-27;7;0
5;2025-11-27;8;0
5;2025-11-27;9;0
5;2025-11-27;10;0
5;2025-11-27;11;0
5;2025-11-27;12;0
5;2025-11-27;13;0
5;2025-11-27;14;0
5;2025-11-27;15;0
5;2025-11-27;16;0
5;2025-11-27;17;0
5;2025-11-27;18;0
5;2025-11-27;19;0
5;2025-11-27;20;0
5;2025-11-27;21;0
5;2025-11-27;22;0
5;2025-11-27;23;0
5;2025-11-28;0;0
5;2025-11-28;1;0
5;2025-11-28;2;0
5;2025-11-28;3;0
5;2025-11-28;4;0
5;2025-11-28;5;0
5;2025-11-28;6;0
5;2025-11-28;7;0
5;2025-11-28;8;0
5;2025-11-28;9;0
5;2025-11-28;10;0
5;2025-11-28;11;0
5;2025-11-28;12;0
5;2025-11-28;13;0
5;2025-11-28;14;0
5;2025-11-28;15;0
5;2025-11-28;16;0
5;2025-11-28;17;0
5;2025-11-28;18;0
5;2025-11-28;19;0
5;2025-11-28;20;0
5;2025-11-28;21;0
5;2025-11-28;22;0
5;2025-11-28;23;0
5;2025-11-29;0;0
5;2025-11-29;1;0
5;2025-11-29;2;0
5;2025-11-29;3;0
5;2025-11-29;4;0
5;2025-11-29;5;0
5;2025-11-29;6;0
5;2025-11-29;7;0
5;2025-11-29;8;0
5;2025-11-29;9;0
5;2025-11-29;10;0
5;2025-11-29;11;0
5;2025-11-29;12;0
5;2025-11-29;13;0
5;2025-11-29;14;0
5;2025-11-29;15;0
5;2025-11-29;16;0
5;2025-11-29;17;0
5;2025-11-29;18;0
5;2025-11-29;19;0
5;2025-11-29;20;0
5;2025-11-29;21;0
5;2025-11-29;22;0
5;2025-11-29;23;0
5;2025-11-30;0;0
5;2025-11-30;1;0
5;2025-11-30;2;0
5;2025-11-30;3;0
5;2025-11-30;4;0
5;2025-11-30;5;0
5;2025-11-30;6;0
5;2025-11-30;7;0
5;2025-11-30;8;0
5;2025-11-30;9;0
5;2025-11-30;10;0
5;2025-11-30;11;0
5;2025-11-30;12;0
5;2025-11-30;13;0
5;2025-11-30;14;0
5;2025-11-30;15;0
5;2025-11-30;16;0
5;2025-11-30;17;0
5;2025-11-30;18;0
5;2025-11-30;19;0
5;2025-11-30;20;0
5;2025-11-30;21;0
5;2025-11-30;22;0
5;2025-11-30;23;0
5;2025-12-01;0;0
5;2025-12-01;1;0
5;2025-12-01;2;0
5;2025-12-01;3;0
5;2025-12-01;4;0
5;2025-12-01;5;0
5;2025-12-01;6;0
5;2025-12-01;7;0
5;2025-12-01;8;0
5;2025-12-01;9;0
5;2025-12-01;10;0
5;2025-12-01;11;0
5;2025-12-01;12;0
5;2025-12-01;13;0
5;2025-12-01;14;0
5;2025-12-01;15;0
5;2025-12-01;16;0
5;2025-12-01;17;0
5;2025-12-01;18;0
5;2025-12-01;19;0
5;2025-12-01;20;0
5;2025-12-01;21;0
5;2025-12-01;22;0
5;2025-12-01;23;0
5;2025-12-02;0;0
5;2025-12-02;1;0
5;2025-12-02;2;0
5;2025-12-02;3;0
5;2025-12-02;4;0
5;2025-12-02;5;0
5;2025-12-02;6;0
5;2025-12-02;7;0
5;2025-12-02;8;0
5;2025-12-02;9;0
5;2025-12-02;10;0
5;2025-12-02;11;0
5;2025-12-02;12;0
5;2025-12-02;13;0
5;2025-12-02;14;0
5;2025-12-02;15;0
5;2025-12-02;16;0
5;2025-12-02;17;0
5;2025-12-02;18;0
5;2025-12-02;19;0
5;2025-12-02;20;0
5;2025-12-02;21;0
5;2025-12-02;22;0
5;2025-12-02;23;0
5;2025-12-03;0;0
5;2025-12-03;1;0
5;2025-12-03;2;0
5;2025-12-03;3;0
5;2025-12-03;4;0
5;2025-12-03;5;0
5;2025-12-03;6;0
5;2025-12-03;7;0
5;2025-12-03;8;0
5;2025-12-03;9;0
5;2025-12-03;10;0
5;2025-12-03;11;0
5;2025-12-03;12;0
5;2025-12-03;13;0
5;2025-12-03;14;0
5;2025-12-03;15;0
5;2025-12-03;16;0
5;2025-12-03;17;0
5;2025-12-03;18;0
5;2025-12-03;19;0
5;2025-12-03;20;0
5;2025-12-03;21;0
5;2025-12-03;22;0
5;2025-12-03;23;0
5;2025-12-04;0;0
5;2025-12-04;1;0
5;2025-12-04;2;0
5;2025-12-04;3;0
5;2025-12-04;4;0
5;2025-12-04;5;0
5;2025-12-04;6;0
5;2025-12-04;7;0
5;2025-12-04;8;0
5;2025-12-04;9;0
5;2025-12-04;10;0
5;2025-12-04;11;0
5;2025-12-04;12;0
5;2025-12-04;13;0
5;2025-12-04;14;0
5;2025-12-04;15;0
5;2025-12-04;16;0
5;2025-12-04;17;0
5;2025-12-04;18;0
5;2025-12-04;19;0
5;2025-12-04;20;0
5;2025-12-04;21;0
5;2025-12-04;22;0
5;2025-12-04;23;0
5;2025-12-05;0;0
5;2025-12-05;1;0
5;2025-12-05;2;0
5;2025-12-05;3;0
5;2025-12-05;4;0
5;2025-12-05;5;0
5;2025-12-05;6;0
5;2025-12-05;7;0
5;2025-12-05;8;0
5;2025-12-05;9;0
5;2025-12-05;10;0
5;2025-12-05;11;0
5;2025-12-05;12;0
5;2025-12-05;13;0
5;2025-12-05;14;0
5;2025-12-05;15;0
5;2025-12-05;16;0
5;2025-12-05;17;0
5;2025-12-05;18;0
5;2025-12-05;19;0
5;2025-12-05;20;0
5;2025-12-05;21;0
5;2025-12-05;22;0
5;2025-12-05;23;0
5;2025-12-06;0;0
5;2025-12-06;1;0
5;2025-12-06;2;0
5;2025-12-06;3;0
5;2025-12-06;4;0
5;2025-12-06;5;0
5;2025-12-06;6;0
5;2025-12-06;7;0
5;2025-12-06;8;0
5;2025-12-06;9;0
5;2025-12-06;10;0
5;2025-12-06;11;0
5;2025-12-06;12;0
5;2025-12-06;13;0
5;2025-12-06;14;0
5;2025-12-06;15;0
5;2025-12-06;16;0
5;2025-12-06;17;0
5;2025-12-06;18;0
5;2025-12-06;19;0
5;2025-12-06;20;0
5;2025-12-06;21;0
5;2025-12-06;22;0
5;2025-12-06;23;0
5;2025-12-07;0;0
5;2025-12-07;1;0
5;2025-12-07;2;0
5;2025-12-07;3;0
5;2025-12-07;4;0
5;2025-12-07;5;0
5;2025-12-07;6;0
5;2025-12-07;7;0
5;2025-12-07;8;0
5;2025-12-07;9;0
5;2025-12-07;10;0
5;2025-12-07;11;0
5;2025-12-07;12;0
5;2025-12-07;13;0
5;2025-12-07;14;0
5;2025-12-07;15;0
5;2025-12-07;16;0
5;2025-12-07;17;0
5;2025-12-07;18;0
5;2025-12-07;19;0
5;2025-12-07;20;0
5;2025-12-07;21;0
5;2025-12-07;22;0
5;2025-12-07;23;0
5;2025-12-08;0;0
5;2025-12-08;1;0
5;2025-12-08;2;0
5;2025-12-08;3;0
5;2025-12-08;4;0
5;2025-12-08;5;0
5;2025-12-08;6;0
5;2025-12-08;7;0
5;2025-12-08;8;0
5;2025-12-08;9;0
5;2025-12-08;10;0
5;2025-12-08;11;0
5;2025-12-08;12;0
5;2025-12-08;13;0
5;2025-12-08;14;0
5;2025-12-08;15;0
5;2025-12-08;16;0
5;2025-12-08;17;0
5;2025-12-08;18;0
5;2025-12-08;19;0
5;2025-12-08;20;0
5;2025-12-08;21;0
5;2025-12-08;22;0
5;2025-12-08;23;0
5;2025-12-09;0;0
5;2025-12-09;1;0
5;2025-12-09;2;0
5;2025-12-09;3;0
5;2025-12-09;4;0
5;2025-12-09;5;0
5;2025-12-09;6;0
5;2025-12-09;7;0
5;2025-12-09;8;0
5;2025-12-09;9;0
5;2025-12-09;10;0
5;2025-12-09;11;0
5;2025-12-09;12;0
5;2025-12-09;13;0
5;2025-12-09;14;0
5;2025-12-09;15;0
5;2025-12-09;16;0
5;2025-12-09;17;0
5;2025-12-09;18;0
5;2025-12-09;19;0
5;2025-12-09;20;0
5;2025-12-09;21;0
5;2025-12-09;22;0
5;2025-12-09;23;0
5;2025-12-10;0;0
5;2025-12-10;1;0
5;2025-12-10;2;0
5;2025-12-10;3;0
5;2025-12-10;4;0
5;2025-12-10;5;0
5;2025-12-10;6;0
5;2025-12-10;7;0
5;2025-12-10;8;0
5;2025-12-10;9;0
5;2025-12-10;10;0
5;2025-12-10;11;0
5;2025-12-10;12;0
5;2025-12-10;13;0
5;2025-12-10;14;0
5;2025-12-10;15;0
5;2025-12-10;16;0
5;2025-12-10;17;0
5;2025-12-10;18;0
5;2025-12-10;19;0
5;2025-12-10;20;0
5;2025-12-10;21;0
5;2025-12-10;22;0
5;2025-12-10;23;0
5;2025-12-11;0;0
5;2025-12-11;1;0
5;2025-12-11;2;0
5;2025-12-11;3;0
5;2025-12-11;4;0
5;2025-12-11;5;0
5;2025-12-11;6;0
5;2025-12-11;7;0
5;2025-12-11;8;0
5;2025-12-11;9;0
5;2025-12-11;10;0
5;2025-12-11;11;0
5;2025-12-11;12;0
5;2025-12-11;13;0
5;2025-12-11;14;0
5;2025-12-11;15;0
5;2025-12-11;16;0
5;2025-12-11;17;0
5;2025-12-11;18;0
5;2025-12-11;19;0
5;2025-12-11;20;0
5;2025-12-11;21;0
5;2025-12-11;22;0
5;2025-12-11;23;0
5;2025-12-12;0;0
5;2025-12-12;1;0
5;2025-12-12;2;0
5;2025-12-12;3;0
5;2025-12-12;4;0
5;2025-12-12;5;0
5;2025-12-12;6;0
5;2025-12-12;7;0
5;2025-12-12;8;0
5;2025-12-12;9;0
5;2025-12-12;10;0
5;2025-12-12;11;0
5;2025-12-12;12;0
5;2025-12-12;13;0
5;2025-12-12;14;0
5;2025-12-12;15;0
5;2025-12-12;16;0
5;2025-12-12;17;0
5;2025-12-12;18;0
5;2025-12-12;19;0
5;2025-12-12;20;0
5;2025-12-12;21;0
5;2025-12-12;22;0
5;2025-12-12;23;0
5;2025-12-13;0;0
5;2025-12-13;1;0
5;2025-12-13;2;0
5;2025-12-13;3;0
5;2025-12-13;4;0
5;2025-12-13;5;0
5;2025-12-13;6;0
5;2025-12-13;7;0
5;2025-12-13;8;0
5;2025-12-13;9;0
5;2025-12-13;10;0
5;2025-12-13;11;0
5;2025-12-13;12;0
5;2025-12-13;13;0
5;2025-12-13;14;0
5;2025-12-13;15;0
5;2025-12-13;16;0
5;2025-12-13;17;0
5;2025-12-13;18;0
5;2025-12-13;19;0
5;2025-12-13;20;0
5;2025-12-13;21;0
5;2025-12-13;22;0
5;2025-12-13;23;0
5;2025-12-14;0;0
5;2025-12-14;1;0
5;2025-12-14;2;0
5;2025-12-14;3;0
5;2025-12-14;4;0
5;2025-12-14;5;0
5;2025-12-14;6;0
5;2025-12-14;7;0
5;2025-12-14;8;0
5;2025-12-14;9;0
5;2025-12-14;10;0
5;2025-12-14;11;0
5;2025-12-14;12;0
5;2025-12-14;13;0
5;2025-12-14;14;0
5;2025-12-14;15;0
5;2025-12-14;16;0
5;2025-12-14;17;0
5;2025-12-14;18;0
5;2025-12-14;19;0
5;2025-12-14;20;0
5;2025-12-14;21;0
5;2025-12-14;22;0
5;2025-12-14;23;0
5;2025-12-15;0;0
5;2025-12-15;1;0
5;2025-12-15;2;0
5;2025-12-15;3;0
5;2025-12-15;4;0
5;2025-12-15;5;0
5;2025-12-15;6;0
5;2025-12-15;7;0
5;2025-12-15;8;0
5;2025-12-15;9;0
5;2025-12-15;10;0
5;2025-12-15;11;0
5;2025-12-15;12;0
5;2025-12-15;13;0
5;2025-12-15;14;0
5;2025-12-15;15;0
5;2025-12-15;16;0
5;2025-12-15;17;0
5;2025-12-15;18;0
5;2025-12-15;19;0
5;2025-12-15;20;0
5;2025-12-15;21;0
5;2025-12-15;22;0
5;2025-12-15;23;0
5;2025-12-16;0;0
5;2025-12-16;1;0
5;2025-12-16;2;0
5;2025-12-16;3;0
5;2025-12-16;4;0
5;2025-12-16;5;0
5;2025-12-16;6;0
5;2025-12-16;7;0
5;2025-12-16;8;0
5;2025-12-16;9;0
5;2025-12-16;10;0
5;2025-12-16;11;0
5;2025-12-16;12;0
5;2025-12-16;13;0
5;2025-12-16;14;0
5;2025-12-16;15;0
5;2025-12-16;16;0
5;2025-12-16;17;0
5;2025-12-16;18;0
5;2025-12-16;19;0
5;2025-12-16;20;0
5;2025-12-16;21;0
5;2025-12-16;22;0
5;2025-12-16;23;0
5;2025-12-17;0;0
5;2025-12-17;1;0
5;2025-12-17;2;0
5;2025-12-17;3;0
5;2025-12-17;4;0
5;2025-12-17;5;0
5;2025-12-17;6;0
5;2025-12-17;7;0
5;2025-12-17;8;0
5;2025-12-17;9;0
5;2025-12-17;10;0
5;2025-12-17;11;0
5;2025-12-17;12;0
5;2025-12-17;13;0
5;2025-12-17;14;0
5;2025-12-17;15;0
5;2025-12-17;16;0
5;2025-12-17;17;0
5;2025-12-17;18;0
5;2025-12-17;19;0
5;2025-12-17;20;0
5;2025-12-17;21;0
5;2025-12-17;22;0
5;2025-12-17;23;0
5;2025-12-18;0;0
5;2025-12-18;1;0
5;2025-12-18;2;0
5;2025-12-18;3;0
5;2025-12-18;4;0
5;2025-12-18;5;0
5;2025-12-18;6;0
5;2025-12-18;7;0
5;2025-12-18;8;0
5;2025-12-18;9;0
5;2025-12-18;10;0
5;2025-12-18;11;0
5;2025-12-18;12;0
5;2025-12-18;13;0
5;2025-12-18;14;0
5;2025-12-18;15;0
5;2025-12-18;16;0
5;2025-12-18;17;0
5;2025-12-18;18;0
5;2025-12-18;19;0
5;2025-12-18;20;0
5;2025-12-18;21;0
5;2025-12-18;22;0
5;2025-12-18;23;0
5;2025-12-19;0;0
5;2025-12-19;1;0
5;2025-12-19;2;0
5;2025-12-19;3;0
5;2025-12-19;4;0
5;2025-12-19;5;0
5;2025-12-19;6;0
5;2025-12-19;7;0
5;2025-12-19;8;0
5;2025-12-19;9;0
5;2025-12-19;10;0
5;2025-12-19;11;0
5;2025-12-19;12;0
5;2025-12-19;13;0
5;2025-12-19;14;0
5;2025-12-19;15;0
5;2025-12-19;16;0
5;2025-12-19;17;0
5;2025-12-19;18;0
5;2025-12-19;19;0
5;2025-12-19;20;0
5;2025-12-19;21;0
5;2025-12-19;22;0
5;2025-12-19;23;0
5;2025-12-20;0;0
5;2025-12-20;1;0
5;2025-12-20;2;0
5;2025-12-20;3;0
5;2025-12-20;4;0
5;2025-12-20;5;0
5;2025-12-20;6;0
5;2025-12-20;7;0
5;2025-12-20;8;0
5;2025-12-20;9;0
5;2025-12-20;10;0
5;2025-12-20;11;0
5;2025-12-20;12;0
5;2025-12-20;13;0
5;2025-12-20;14;0
5;2025-12-20;15;0
5;2025-12-20;16;0
5;2025-12-20;17;0
5;2025-12-20;18;0
5;2025-12-20;19;0
5;2025-12-20;20;0
5;2025-12-20;21;0
5;2025-12-20;22;0
5;2025-12-20;23;0
5;2025-12-21;0;0
5;2025-12-21;1;0
5;2025-12-21;2;0
5;2025-12-21;3;0
5;2025-12-21;4;0
5;2025-12-21;5;0
5;2025-12-21;6;0
5;2025-12-21;7;0
5;2025-12-21;8;0
5;2025-12-21;9;0
5;2025-12-21;10;0
5;2025-12-21;11;0
5;2025-12-21;12;0
5;2025-12-21;13;0
5;2025-12-21;14;0
5;2025-12-21;15;0
5;2025-12-21;16;0
5;2025-12-21;17;0
5;2025-12-21;18;0
5;2025-12-21;19;0
5;2025-12-21;20;0
5;2025-12-21;21;0
5;2025-12-21;22;0
5;2025-12-21;23;0
5;2025-12-22;0;0
5;2025-12-22;1;0
5;2025-12-22;2;0
5;2025-12-22;3;0
5;2025-12-22;4;0
5;2025-12-22;5;0
5;2025-12-22;6;0
5;2025-12-22;7;0
5;2025-12-22;8;0
5;2025-12-22;9;0
5;2025-12-22;10;0
5;2025-12-22;11;0
5;2025-12-22;12;0
5;2025-12-22;13;0
5;2025-12-22;14;0
5;2025-12-22;15;0
5;2025-12-22;16;0
5;2025-12-22;17;0
5;2025-12-22;18;0
5;2025-12-22;19;0
5;2025-12-22;20;0
5;2025-12-22;21;0
5;2025-12-22;22;0
5;2025-12-22;23;0
5;2025-12-23;0;0
5;2025-12-23;1;0
5;2025-12-23;2;0
5;2025-12-23;3;0
5;2025-12-23;4;0
5;2025-12-23;5;0
5;2025-12-23;6;0
5;2025-12-23;7;0
5;2025-12-23;8;0
5;2025-12-23;9;0
5;2025-12-23;10;0
5;2025-12-23;11;0
5;2025-12-23;12;0
5;2025-12-23;13;0
5;2025-12-23;14;0
5;2025-12-23;15;0
5;2025-12-23;16;0
5;2025-12-23;17;0
5;2025-12-23;18;0
5;2025-12-23;19;0
5;2025-12-23;20;0
5;2025-12-23;21;0
5;2025-12-23;22;0
5;2025-12-23;23;0
5;2025-12-24;0;0
5;2025-12-24;1;0
5;2025-12-24;2;0
5;2025-12-24;3;0
5;2025-12-24;4;0
5;2025-12-24;5;0
5;2025-12-24;6;0
5;2025-12-24;7;0
5;2025-12-24;8;0
5;2025-12-24;9;0
5;2025-12-24;10;0
5;2025-12-24;11;0
5;2025-12-24;12;0
5;2025-12-24;13;0
5;2025-12-24;14;0
5;2025-12-24;15;0
5;2025-12-24;16;0
5;2025-12-24;17;0
5;2025-12-24;18;0
5;2025-12-24;19;0
5;2025-12-24;20;0
5;2025-12-24;21;0
5;2025-12-24;22;0
5;2025-12-24;23;0
5;2025-12-25;0;0
5;2025-12-25;1;0
5;2025-12-25;2;0
5;2025-12-25;3;0
5;2025-12-25;4;0
5;2025-12-25;5;0
5;2025-12-25;6;0
5;2025-12-25;7;0
5;2025-12-25;8;0
5;2025-12-25;9;0
5;2025-12-25;10;0
5;2025-12-25;11;0
5;2025-12-25;12;0
5;2025-12-25;13;0
5;2025-12-25;14;0
5;2025-12-25;15;0
5;2025-12-25;16;0
5;2025-12-25;17;0
5;2025-12-25;18;0
5;2025-12-25;19;0
5;2025-12-25;20;0
5;2025-12-25;21;0
5;2025-12-25;22;0
5;2025-12-25;23;0
5;2025-12-26;0;0
5;2025-12-26;1;0
5;2025-12-26;2;0
5;2025-12-26;3;0
5;2025-12-26;4;0
5;2025-12-26;5;0
5;2025-12-26;6;0
5;2025-12-26;7;0
5;2025-12-26;8;0
5;2025-12-26;9;0
5;2025-12-26;10;0
5;2025-12-26;11;0
5;2025-12-26;12;0
5;2025-12-26;13;0
5;2025-12-26;14;0
5;2025-12-26;15;0
5;2025-12-26;16;0
5;2025-12-26;17;0
5;2025-12-26;18;0
5;2025-12-26;19;0
5;2025-12-26;20;0
5;2025-12-26;21;0
5;2025-12-26;22;0
5;2025-12-26;23;0
5;2025-12-27;0;0
5;2025-12-27;1;0
5;2025-12-27;2;0
5;2025-12-27;3;0
5;2025-12-27;4;0
5;2025-12-27;5;0
5;2025-12-27;6;0
5;2025-12-27;7;0
5;2025-12-27;8;0
5;2025-12-27;9;0
5;2025-12-27;10;0
5;2025-12-27;11;0
5;2025-12-27;12;0
5;2025-12-27;13;0
5;2025-12-27;14;0
5;2025-12-27;15;0
5;2025-12-27;16;0
5;2025-12-27;17;0
5;2025-12-27;18;0
5;2025-12-27;19;0
5;2025-12-27;20;0
5;2025-12-27;21;0
5;2025-12-27;22;0
5;2025-12-27;23;0
5;2025-12-28;0;0
5;2025-12-28;1;0
5;2025-12-28;2;0
5;2025-12-28;3;0
5;2025-12-28;4;0
5;2025-12-28;5;0
5;2025-12-28;6;0
5;2025-12-28;7;0
5;2025-12-28;8;0
5;2025-12-28;9;0
5;2025-12-28;10;0
5;2025-12-28;11;0
5;2025-12-28;12;0
5;2025-12-28;13;0
5;2025-12-28;14;0
5;2025-12-28;15;0
5;2025-12-28;16;0
5;2025-12-28;17;0
5;2025-12-28;18;0
5;2025-12-28;19;0
5;2025-12-28;20;0
5;2025-12-28;21;0
5;2025-12-28;22;0
5;2025-12-28;23;0
5;2025-12-29;0;0
5;2025-12-29;1;0
5;2025-12-29;2;0
5;2025-12-29;3;0
5;2025-12-29;4;0
5;2025-12-29;5;0
5;2025-12-29;6;0
5;2025-12-29;7;0
5;2025-12-29;8;0
5;2025-12-29;9;0
5;2025-12-29;10;0
5;2025-12-29;11;0
5;2025-12-29;12;0
5;2025-12-29;13;0
5;2025-12-29;14;0
5;2025-12-29;15;0
5;2025-12-29;16;0
5;2025-12-29;17;0
5;2025-12-29;18;0
5;2025-12-29;19;0
5;2025-12-29;20;0
5;2025-12-29;21;0
5;2025-12-29;22;0
5;2025-12-29;23;0
5;2025-12-30;0;0
5;2025-12-30;1;0
5;2025-12-30;2;0
5;2025-12-30;3;0
5;2025-12-30;4;0
5;2025-12-30;5;0
5;2025-12-30;6;0
5;2025-12-30;7;0
5;2025-12-30;8;0
5;2025-12-30;9;0
5;2025-12-30;10;0
5;2025-12-30;11;0
5;2025-12-30;12;0
5;2025-12-30;13;0
5;2025-12-30;14;0
5;2025-12-30;15;0
5;2025-12-30;16;0
5;2025-12-30;17;0
5;2025-12-30;18;0
5;2025-12-30;19;0
5;2025-12-30;20;0
5;2025-12-30;21;0
5;2025-12-30;22;0
5;2025-12-30;23;0
5;2025-12-31;0;0
5;2025-12-31;1;0
5;2025-12-31;2;0
5;2025-12-31;3;0
5;2025-12-31;4;0
5;2025-12-31;5;0
5;2025-12-31;6;0
5;2025-12-31;7;0
5;2025-12-31;8;0
5;2025-12-31;9;0
5;2025-12-31;10;0
5;2025-12-31;11;0
5;2025-12-31;12;0
5;2025-12-31;13;0
5;2025-12-31;14;0
5;2025-12-31;15;0
5;2025-12-31;16;0
5;2025-12-31;17;0
5;2025-12-31;18;0
5;2025-12-31;19;0
5;2025-12-31;20;0
5;2025-12-31;21;0
5;2025-12-31;22;0
5;2025-12-31;23;0
7;2025-11-01;0;64
7;2025-11-01;1;12
7;2025-11-01;2;0
7;2025-11-01;3;0
7;2025-11-01;4;1
7;2025-11-01;5;145
7;2025-11-01;6;494
7;2025-11-01;7;1238
7;2025-11-01;8;1877
7;2025-11-01;9;1394
7;2025-11-01;10;1428
7;2025-11-01;11;1309
7;2025-11-01;12;1380
7;2025-11-01;13;1396
7;2025-11-01;14;1440
7;2025-11-01;15;1562
7;2025-11-01;16;1742
7;2025-11-01;17;1923
7;2025-11-01;18;1656
7;2025-11-01;19;1128
7;2025-11-01;20;814
7;2025-11-01;21;491
7;2025-11-01;22;270
7;2025-11-01;23;205
7;2025-11-02;0;101
7;2025-11-02;1;24
7;2025-11-02;2;0
7;2025-11-02;3;0
7;2025-11-02;4;1
7;2025-11-02;5;30
7;2025-11-02;6;127
7;2025-11-02;7;170
7;2025-11-02;8;384
7;2025-11-02;9;509
7;2025-11-02;10;394
7;2025-11-02;11;585
7;2025-11-02;12;633
7;2025-11-02;13;629
7;2025-11-02;14;656
7;2025-11-02;15;712
7;2025-11-02;16;613
7;2025-11-02;17;624
7;2025-11-02;18;646
7;2025-11-02;19;479
7;2025-11-02;20;396
7;2025-11-02;21;290
7;2025-11-02;22;149
7;2025-11-02;23;120
7;2025-11-03;0;98
7;2025-11-03;1;23
7;2025-11-03;2;0
7;2025-11-03;3;0
7;2025-11-03;4;1
7;2025-11-03;5;29
7;2025-11-03;6;123
7;2025-11-03;7;165
7;2025-11-03;8;371
7;2025-11-03;9;492
7;2025-11-03;10;381
7;2025-11-03;11;566
7;2025-11-03;12;612
7;2025-11-03;13;608
7;2025-11-03;14;635
7;2025-11-03;15;688
7;2025-11-03;16;592
7;2025-11-03;17;603
7;2025-11-03;18;626
7;2025-11-03;19;463
7;2025-11-03;20;383
7;2025-11-03;21;280
7;2025-11-03;22;145
7;2025-11-03;23;116
7;2025-11-04;0;98
7;2025-11-04;1;23
7;2025-11-04;2;0
7;2025-11-04;3;0
7;2025-11-04;4;1
7;2025-11-04;5;29
7;2025-11-04;6;123
7;2025-11-04;7;165
7;2025-11-04;8;371
7;2025-11-04;9;492
7;2025-11-04;10;381
7;2025-11-04;11;566
7;2025-11-04;12;612
7;2025-11-04;13;608
7;2025-11-04;14;635
7;2025-11-04;15;688
7;2025-11-04;16;592
7;2025-11-04;17;603
7;2025-11-04;18;626
7;2025-11-04;19;463
7;2025-11-04;20;383
7;2025-11-04;21;280
7;2025-11-04;22;145
7;2025-11-04;23;116
7;2025-11-05;0;57
7;2025-11-05;1;13
7;2025-11-05;2;0
7;2025-11-05;3;0
7;2025-11-05;4;2
7;2025-11-05;5;184
7;2025-11-05;6;586
7;2025-11-05;7;1601
7;2025-11-05;8;2461
7;2025-11-05;9;1860
7;2025-11-05;10;1669
7;2025-11-05;11;1555
7;2025-11-05;12;1738
7;2025-11-05;13;1567
7;2025-11-05;14;1673
7;2025-11-05;15;1770
7;2025-11-05;16;1843
7;2025-11-05;17;2358
7;2025-11-05;18;2593
7;2025-11-05;19;1697
7;2025-11-05;20;1064
7;2025-11-05;21;633
7;2025-11-05;22;301
7;2025-11-05;23;202
7;2025-11-06;0;57
7;2025-11-06;1;13
7;2025-11-06;2;0
7;2025-11-06;3;0
7;2025-11-06;4;2
7;2025-11-06;5;184
7;2025-11-06;6;586
7;2025-11-06;7;1601
7;2025-11-06;8;2461
7;2025-11-06;9;1860
7;2025-11-06;10;1669
7;2025-11-06;11;1555
7;2025-11-06;12;1738
7;2025-11-06;13;1567
7;2025-11-06;14;1673
7;2025-11-06;15;1770
7;2025-11-06;16;1843
7;2025-11-06;17;2358
7;2025-11-06;18;2593
7;2025-11-06;19;1697
7;2025-11-06;20;1064
7;2025-11-06;21;633
7;2025-11-06;22;301
7;2025-11-06;23;202
7;2025-11-07;0;75
7;2025-11-07;1;15
7;2025-11-07;2;1
7;2025-11-07;3;0
7;2025-11-07;4;2
7;2025-11-07;5;170
7;2025-11-07;6;581
7;2025-11-07;7;1457
7;2025-11-07;8;2209
7;2025-11-07;9;1639
7;2025-11-07;10;1680
7;2025-11-07;11;1540
7;2025-11-07;12;1624
7;2025-11-07;13;1642
7;2025-11-07;14;1694
7;2025-11-07;15;1837
7;2025-11-07;16;2050
7;2025-11-07;17;2262
7;2025-11-07;18;1948
7;2025-11-07;19;1327
7;2025-11-07;20;957
7;2025-11-07;21;577
7;2025-11-07;22;318
7;2025-11-07;23;242
7;2025-11-08;0;121
7;2025-11-08;1;27
7;2025-11-08;2;0
7;2025-11-08;3;0
7;2025-11-08;4;1
7;2025-11-08;5;50
7;2025-11-08;6;266
7;2025-11-08;7;296
7;2025-11-08;8;706
7;2025-11-08;9;569
7;2025-11-08;10;633
7;2025-11-08;11;671
7;2025-11-08;12;934
7;2025-11-08;13;878
7;2025-11-08;14;840
7;2025-11-08;15;824
7;2025-11-08;16;823
7;2025-11-08;17;810
7;2025-11-08;18;760
7;2025-11-08;19;602
7;2025-11-08;20;534
7;2025-11-08;21;373
7;2025-11-08;22;210
7;2025-11-08;23;170
7;2025-11-09;0;101
7;2025-11-09;1;24
7;2025-11-09;2;0
7;2025-11-09;3;0
7;2025-11-09;4;1
7;2025-11-09;5;30
7;2025-11-09;6;127
7;2025-11-09;7;170
7;2025-11-09;8;384
7;2025-11-09;9;509
7;2025-11-09;10;394
7;2025-11-09;11;585
7;2025-11-09;12;633
7;2025-11-09;13;629
7;2025-11-09;14;656
7;2025-11-09;15;712
7;2025-11-09;16;613
7;2025-11-09;17;624
7;2025-11-09;18;646
7;2025-11-09;19;479
7;2025-11-09;20;396
7;2025-11-09;21;290
7;2025-11-09;22;149
7;2025-11-09;23;120
7;2025-11-10;0;58
7;2025-11-10;1;10
7;2025-11-10;2;0
7;2025-11-10;3;0
7;2025-11-10;4;1
7;2025-11-10;5;183
7;2025-11-10;6;565
7;2025-11-10;7;1583
7;2025-11-10;8;2566
7;2025-11-10;9;1771
7;2025-11-10;10;1596
7;2025-11-10;11;1515
7;2025-11-10;12;1506
7;2025-11-10;13;1528
7;2025-11-10;14;1560
7;2025-11-10;15;1715
7;2025-11-10;16;1755
7;2025-11-10;17;2448
7;2025-11-10;18;2530
7;2025-11-10;19;1710
7;2025-11-10;20;1040
7;2025-11-10;21;588
7;2025-11-10;22;285
7;2025-11-10;23;148
7;2025-11-11;0;57
7;2025-11-11;1;13
7;2025-11-11;2;0
7;2025-11-11;3;0
7;2025-11-11;4;2
7;2025-11-11;5;184
7;2025-11-11;6;586
7;2025-11-11;7;1601
7;2025-11-11;8;2461
7;2025-11-11;9;1860
7;2025-11-11;10;1669
7;2025-11-11;11;1555
7;2025-11-11;12;1738
7;2025-11-11;13;1567
7;2025-11-11;14;1673
7;2025-11-11;15;1770
7;2025-11-11;16;1843
7;2025-11-11;17;2358
7;2025-11-11;18;2593
7;2025-11-11;19;1697
7;2025-11-11;20;1064
7;2025-11-11;21;633
7;2025-11-11;22;301
7;2025-11-11;23;202
7;2025-11-12;0;57
7;2025-11-12;1;13
7;2025-11-12;2;0
7;2025-11-12;3;0
7;2025-11-12;4;2
7;2025-11-12;5;184
7;2025-11-12;6;586
7;2025-11-12;7;1601
7;2025-11-12;8;2461
7;2025-11-12;9;1860
7;2025-11-12;10;1669
7;2025-11-12;11;1555
7;2025-11-12;12;1738
7;2025-11-12;13;1567
7;2025-11-12;14;1673
7;2025-11-12;15;1770
7;2025-11-12;16;1843
7;2025-11-12;17;2358
7;2025-11-12;18;2593
7;2025-11-12;19;1697
7;2025-11-12;20;1064
7;2025-11-12;21;633
7;2025-11-12;22;301
7;2025-11-12;23;202
7;2025-11-13;0;57
7;2025-11-13;1;13
7;2025-11-13;2;0
7;2025-11-13;3;0
7;2025-11-13;4;2
7;2025-11-13;5;184
7;2025-11-13;6;586
7;2025-11-13;7;1601
7;2025-11-13;8;2461
7;2025-11-13;9;1860
7;2025-11-13;10;1669
7;2025-11-13;11;1555
7;2025-11-13;12;1738
7;2025-11-13;13;1567
7;2025-11-13;14;1673
7;2025-11-13;15;1770
7;2025-11-13;16;1843
7;2025-11-13;17;2358
7;2025-11-13;18;2593
7;2025-11-13;19;1697
7;2025-11-13;20;1064
7;2025-11-13;21;633
7;2025-11-13;22;301
7;2025-11-13;23;202
7;2025-11-14;0;75
7;2025-11-14;1;15
7;2025-11-14;2;1
7;2025-11-14;3;0
7;2025-11-14;4;2
7;2025-11-14;5;170
7;2025-11-14;6;581
7;2025-11-14;7;1457
7;2025-11-14;8;2209
7;2025-11-14;9;1639
7;2025-11-14;10;1680
7;2025-11-14;11;1540
7;2025-11-14;12;1624
7;2025-11-14;13;1642
7;2025-11-14;14;1694
7;2025-11-14;15;1837
7;2025-11-14;16;2050
7;2025-11-14;17;2262
7;2025-11-14;18;1948
7;2025-11-14;19;1327
7;2025-11-14;20;957
7;2025-11-14;21;577
7;2025-11-14;22;318
7;2025-11-14;23;242
7;2025-11-15;0;115
7;2025-11-15;1;26
7;2025-11-15;2;0
7;2025-11-15;3;0
7;2025-11-15;4;1
7;2025-11-15;5;47
7;2025-11-15;6;252
7;2025-11-15;7;281
7;2025-11-15;8;670
7;2025-11-15;9;540
7;2025-11-15;10;600
7;2025-11-15;11;637
7;2025-11-15;12;886
7;2025-11-15;13;833
7;2025-11-15;14;796
7;2025-11-15;15;781
7;2025-11-15;16;780
7;2025-11-15;17;768
7;2025-11-15;18;722
7;2025-11-15;19;571
7;2025-11-15;20;506
7;2025-11-15;21;353
7;2025-11-15;22;199
7;2025-11-15;23;161
7;2025-11-16;0;101
7;2025-11-16;1;24
7;2025-11-16;2;0
7;2025-11-16;3;0
7;2025-11-16;4;1
7;2025-11-16;5;30
7;2025-11-16;6;127
7;2025-11-16;7;170
7;2025-11-16;8;384
7;2025-11-16;9;509
7;2025-11-16;10;394
7;2025-11-16;11;585
7;2025-11-16;12;633
7;2025-11-16;13;629
7;2025-11-16;14;656
7;2025-11-16;15;712
7;2025-11-16;16;613
7;2025-11-16;17;624
7;2025-11-16;18;646
7;2025-11-16;19;479
7;2025-11-16;20;396
7;2025-11-16;21;290
7;2025-11-16;22;149
7;2025-11-16;23;120
7;2025-11-17;0;58
7;2025-11-17;1;10
7;2025-11-17;2;0
7;2025-11-17;3;0
7;2025-11-17;4;1
7;2025-11-17;5;183
7;2025-11-17;6;565
7;2025-11-17;7;1583
7;2025-11-17;8;2566
7;2025-11-17;9;1771
7;2025-11-17;10;1596
7;2025-11-17;11;1515
7;2025-11-17;12;1506
7;2025-11-17;13;1528
7;2025-11-17;14;1560
7;2025-11-17;15;1715
7;2025-11-17;16;1755
7;2025-11-17;17;2448
7;2025-11-17;18;2530
7;2025-11-17;19;1710
7;2025-11-17;20;1040
7;2025-11-17;21;588
7;2025-11-17;22;285
7;2025-11-17;23;148
7;2025-11-18;0;57
7;2025-11-18;1;13
7;2025-11-18;2;0
7;2025-11-18;3;0
7;2025-11-18;4;2
7;2025-11-18;5;184
7;2025-11-18;6;586
7;2025-11-18;7;1601
7;2025-11-18;8;2461
7;2025-11-18;9;1860
7;2025-11-18;10;1669
7;2025-11-18;11;1555
7;2025-11-18;12;1738
7;2025-11-18;13;1567
7;2025-11-18;14;1673
7;2025-11-18;15;1770
7;2025-11-18;16;1843
7;2025-11-18;17;2358
7;2025-11-18;18;2593
7;2025-11-18;19;1697
7;2025-11-18;20;1064
7;2025-11-18;21;633
7;2025-11-18;22;301
7;2025-11-18;23;202
7;2025-11-19;0;57
7;2025-11-19;1;13
7;2025-11-19;2;0
7;2025-11-19;3;0
7;2025-11-19;4;2
7;2025-11-19;5;184
7;2025-11-19;6;586
7;2025-11-19;7;1601
7;2025-11-19;8;2461
7;2025-11-19;9;1860
7;2025-11-19;10;1669
7;2025-11-19;11;1555
7;2025-11-19;12;1738
7;2025-11-19;13;1567
7;2025-11-19;14;1673
7;2025-11-19;15;1770
7;2025-11-19;16;1843
7;2025-11-19;17;2358
7;2025-11-19;18;2593
7;2025-11-19;19;1697
7;2025-11-19;20;1064
7;2025-11-19;21;633
7;2025-11-19;22;301
7;2025-11-19;23;202
7;2025-11-20;0;57
7;2025-11-20;1;13
7;2025-11-20;2;0
7;2025-11-20;3;0
7;2025-11-20;4;2
7;2025-11-20;5;184
7;2025-11-20;6;586
7;2025-11-20;7;1601
7;2025-11-20;8;2461
7;2025-11-20;9;1860
7;2025-11-20;10;1669
7;2025-11-20;11;1555
7;2025-11-20;12;1738
7;2025-11-20;13;1567
7;2025-11-20;14;1673
7;2025-11-20;15;1770
7;2025-11-20;16;1843
7;2025-11-20;17;2358
7;2025-11-20;18;2593
7;2025-11-20;19;1697
7;2025-11-20;20;1064
7;2025-11-20;21;633
7;2025-11-20;22;301
7;2025-11-20;23;202
7;2025-11-21;0;75
7;2025-11-21;1;15
7;2025-11-21;2;1
7;2025-11-21;3;0
7;2025-11-21;4;2
7;2025-11-21;5;170
7;2025-11-21;6;581
7;2025-11-21;7;1457
7;2025-11-21;8;2209
7;2025-11-21;9;1639
7;2025-11-21;10;1680
7;2025-11-21;11;1540
7;2025-11-21;12;1624
7;2025-11-21;13;1642
7;2025-11-21;14;1694
7;2025-11-21;15;1837
7;2025-11-21;16;2050
7;2025-11-21;17;2262
7;2025-11-21;18;1948
7;2025-11-21;19;1327
7;2025-11-21;20;957
7;2025-11-21;21;577
7;2025-11-21;22;318
7;2025-11-21;23;242
7;2025-11-22;0;121
7;2025-11-22;1;27
7;2025-11-22;2;0
7;2025-11-22;3;0
7;2025-11-22;4;1
7;2025-11-22;5;50
7;2025-11-22;6;266
7;2025-11-22;7;296
7;2025-11-22;8;706
7;2025-11-22;9;569
7;2025-11-22;10;633
7;2025-11-22;11;671
7;2025-11-22;12;934
7;2025-11-22;13;878
7;2025-11-22;14;840
7;2025-11-22;15;824
7;2025-11-22;16;823
7;2025-11-22;17;810
7;2025-11-22;18;760
7;2025-11-22;19;602
7;2025-11-22;20;534
7;2025-11-22;21;373
7;2025-11-22;22;210
7;2025-11-22;23;170
7;2025-11-23;0;101
7;2025-11-23;1;24
7;2025-11-23;2;0
7;2025-11-23;3;0
7;2025-11-23;4;1
7;2025-11-23;5;30
7;2025-11-23;6;127
7;2025-11-23;7;170
7;2025-11-23;8;384
7;2025-11-23;9;509
7;2025-11-23;10;394
7;2025-11-23;11;585
7;2025-11-23;12;633
7;2025-11-23;13;629
7;2025-11-23;14;656
7;2025-11-23;15;712
7;2025-11-23;16;613
7;2025-11-23;17;624
7;2025-11-23;18;646
7;2025-11-23;19;479
7;2025-11-23;20;396
7;2025-11-23;21;290
7;2025-11-23;22;149
7;2025-11-23;23;120
7;2025-11-24;0;58
7;2025-11-24;1;10
7;2025-11-24;2;0
7;2025-11-24;3;0
7;2025-11-24;4;1
7;2025-11-24;5;183
7;2025-11-24;6;565
7;2025-11-24;7;1583
7;2025-11-24;8;2566
7;2025-11-24;9;1771
7;2025-11-24;10;1596
7;2025-11-24;11;1515
7;2025-11-24;12;1506
7;2025-11-24;13;1528
7;2025-11-24;14;1560
7;2025-11-24;15;1715
7;2025-11-24;16;1755
7;2025-11-24;17;2448
7;2025-11-24;18;2530
7;2025-11-24;19;1710
7;2025-11-24;20;1040
7;2025-11-24;21;588
7;2025-11-24;22;285
7;2025-11-24;23;148
7;2025-11-25;0;57
7;2025-11-25;1;13
7;2025-11-25;2;0
7;2025-11-25;3;0
7;2025-11-25;4;2
7;2025-11-25;5;184
7;2025-11-25;6;586
7;2025-11-25;7;1601
7;2025-11-25;8;2461
7;2025-11-25;9;1860
7;2025-11-25;10;1669
7;2025-11-25;11;1555
7;2025-11-25;12;1738
7;2025-11-25;13;1567
7;2025-11-25;14;1673
7;2025-11-25;15;1770
7;2025-11-25;16;1843
7;2025-11-25;17;2358
7;2025-11-25;18;2593
7;2025-11-25;19;1697
7;2025-11-25;20;1064
7;2025-11-25;21;633
7;2025-11-25;22;301
7;2025-11-25;23;202
7;2025-11-26;0;57
7;2025-11-26;1;13
7;2025-11-26;2;0
7;2025-11-26;3;0
7;2025-11-26;4;2
7;2025-11-26;5;184
7;2025-11-26;6;586
7;2025-11-26;7;1601
7;2025-11-26;8;2461
7;2025-11-26;9;1860
7;2025-11-26;10;1669
7;2025-11-26;11;1555
7;2025-11-26;12;1738
7;2025-11-26;13;1567
7;2025-11-26;14;1673
7;2025-11-26;15;1770
7;2025-11-26;16;1843
7;2025-11-26;17;2358
7;2025-11-26;18;2593
7;2025-11-26;19;1697
7;2025-11-26;20;1064
7;2025-11-26;21;633
7;2025-11-26;22;301
7;2025-11-26;23;202
7;2025-11-27;0;57
7;2025-11-27;1;13
7;2025-11-27;2;0
7;2025-11-27;3;0
7;2025-11-27;4;2
7;2025-11-27;5;184
7;2025-11-27;6;586
7;2025-11-27;7;1601
7;2025-11-27;8;2461
7;2025-11-27;9;1860
7;2025-11-27;10;1669
7;2025-11-27;11;1555
7;2025-11-27;12;1738
7;2025-11-27;13;1567
7;2025-11-27;14;1673
7;2025-11-27;15;1770
7;2025-11-27;16;1843
7;2025-11-27;17;2358
7;2025-11-27;18;2593
7;2025-11-27;19;1697
7;2025-11-27;20;1064
7;2025-11-27;21;633
7;2025-11-27;22;301
7;2025-11-27;23;202
7;2025-11-28;0;75
7;2025-11-28;1;15
7;2025-11-28;2;1
7;2025-11-28;3;0
7;2025-11-28;4;2
7;2025-11-28;5;170
7;2025-11-28;6;581
7;2025-11-28;7;1457
7;2025-11-28;8;2209
7;2025-11-28;9;1639
7;2025-11-28;10;1680
7;2025-11-28;11;1540
7;2025-11-28;12;1624
7;2025-11-28;13;1642
7;2025-11-28;14;1694
7;2025-11-28;15;1837
7;2025-11-28;16;2050
7;2025-11-28;17;2262
7;2025-11-28;18;1948
7;2025-11-28;19;1327
7;2025-11-28;20;957
7;2025-11-28;21;577
7;2025-11-28;22;318
7;2025-11-28;23;242
7;2025-11-29;0;121
7;2025-11-29;1;27
7;2025-11-29;2;0
7;2025-11-29;3;0
7;2025-11-29;4;1
7;2025-11-29;5;50
7;2025-11-29;6;266
7;2025-11-29;7;296
7;2025-11-29;8;706
7;2025-11-29;9;569
7;2025-11-29;10;633
7;2025-11-29;11;671
7;2025-11-29;12;934
7;2025-11-29;13;878
7;2025-11-29;14;840
7;2025-11-29;15;824
7;2025-11-29;16;823
7;2025-11-29;17;810
7;2025-11-29;18;760
7;2025-11-29;19;602
7;2025-11-29;20;534
7;2025-11-29;21;373
7;2025-11-29;22;210
7;2025-11-29;23;170
7;2025-11-30;0;101
7;2025-11-30;1;24
7;2025-11-30;2;0
7;2025-11-30;3;0
7;2025-11-30;4;1
7;2025-11-30;5;30
7;2025-11-30;6;127
7;2025-11-30;7;170
7;2025-11-30;8;384
7;2025-11-30;9;509
7;2025-11-30;10;394
7;2025-11-30;11;585
7;2025-11-30;12;633
7;2025-11-30;13;629
7;2025-11-30;14;656
7;2025-11-30;15;712
7;2025-11-30;16;613
7;2025-11-30;17;624
7;2025-11-30;18;646
7;2025-11-30;19;479
7;2025-11-30;20;396
7;2025-11-30;21;290
7;2025-11-30;22;149
7;2025-11-30;23;120
7;2025-12-01;0;58
7;2025-12-01;1;10
7;2025-12-01;2;0
7;2025-12-01;3;0
7;2025-12-01;4;1
7;2025-12-01;5;183
7;2025-12-01;6;565
7;2025-12-01;7;1583
7;2025-12-01;8;2566
7;2025-12-01;9;1771
7;2025-12-01;10;1596
7;2025-12-01;11;1515
7;2025-12-01;12;1506
7;2025-12-01;13;1528
7;2025-12-01;14;1560
7;2025-12-01;15;1715
7;2025-12-01;16;1755
7;2025-12-01;17;2448
7;2025-12-01;18;2530
7;2025-12-01;19;1710
7;2025-12-01;20;1040
7;2025-12-01;21;588
7;2025-12-01;22;285
7;2025-12-01;23;148
7;2025-12-02;0;57
7;2025-12-02;1;13
7;2025-12-02;2;0
7;2025-12-02;3;0
7;2025-12-02;4;2
7;2025-12-02;5;184
7;2025-12-02;6;586
7;2025-12-02;7;1601
7;2025-12-02;8;2461
7;2025-12-02;9;1860
7;2025-12-02;10;1669
7;2025-12-02;11;1555
7;2025-12-02;12;1738
7;2025-12-02;13;1567
7;2025-12-02;14;1673
7;2025-12-02;15;1770
7;2025-12-02;16;1843
7;2025-12-02;17;2358
7;2025-12-02;18;2593
7;2025-12-02;19;1697
7;2025-12-02;20;1064
7;2025-12-02;21;633
7;2025-12-02;22;301
7;2025-12-02;23;202
7;2025-12-03;0;57
7;2025-12-03;1;13
7;2025-12-03;2;0
7;2025-12-03;3;0
7;2025-12-03;4;2
7;2025-12-03;5;184
7;2025-12-03;6;586
7;2025-12-03;7;1601
7;2025-12-03;8;2461
7;2025-12-03;9;1860
7;2025-12-03;10;1669
7;2025-12-03;11;1555
7;2025-12-03;12;1738
7;2025-12-03;13;1567
7;2025-12-03;14;1673
7;2025-12-03;15;1770
7;2025-12-03;16;1843
7;2025-12-03;17;2358
7;2025-12-03;18;2593
7;2025-12-03;19;1697
7;2025-12-03;20;1064
7;2025-12-03;21;633
7;2025-12-03;22;301
7;2025-12-03;23;202
7;2025-12-04;0;57
7;2025-12-04;1;13
7;2025-12-04;2;0
7;2025-12-04;3;0
7;2025-12-04;4;2
7;2025-12-04;5;184
7;2025-12-04;6;586
7;2025-12-04;7;1601
7;2025-12-04;8;2461
7;2025-12-04;9;1860
7;2025-12-04;10;1669
7;2025-12-04;11;1555
7;2025-12-04;12;1738
7;2025-12-04;13;1567
7;2025-12-04;14;1673
7;2025-12-04;15;1770
7;2025-12-04;16;1843
7;2025-12-04;17;2358
7;2025-12-04;18;2593
7;2025-12-04;19;1697
7;2025-12-04;20;1064
7;2025-12-04;21;633
7;2025-12-04;22;301
7;2025-12-04;23;202
7;2025-12-05;0;75
7;2025-12-05;1;15
7;2025-12-05;2;1
7;2025-12-05;3;0
7;2025-12-05;4;2
7;2025-12-05;5;170
7;2025-12-05;6;581
7;2025-12-05;7;1457
7;2025-12-05;8;2209
7;2025-12-05;9;1639
7;2025-12-05;10;1680
7;2025-12-05;11;1540
7;2025-12-05;12;1624
7;2025-12-05;13;1642
7;2025-12-05;14;1694
7;2025-12-05;15;1837
7;2025-12-05;16;2050
7;2025-12-05;17;2262
7;2025-12-05;18;1948
7;2025-12-05;19;1327
7;2025-12-05;20;957
7;2025-12-05;21;577
7;2025-12-05;22;318
7;2025-12-05;23;242
7;2025-12-06;0;121
7;2025-12-06;1;27
7;2025-12-06;2;0
7;2025-12-06;3;0
7;2025-12-06;4;1
7;2025-12-06;5;50
7;2025-12-06;6;266
7;2025-12-06;7;296
7;2025-12-06;8;706
7;2025-12-06;9;569
7;2025-12-06;10;633
7;2025-12-06;11;671
7;2025-12-06;12;934
7;2025-12-06;13;878
7;2025-12-06;14;840
7;2025-12-06;15;824
7;2025-12-06;16;823
7;2025-12-06;17;810
7;2025-12-06;18;760
7;2025-12-06;19;602
7;2025-12-06;20;534
7;2025-12-06;21;373
7;2025-12-06;22;210
7;2025-12-06;23;170
7;2025-12-07;0;101
7;2025-12-07;1;24
7;2025-12-07;2;0
7;2025-12-07;3;0
7;2025-12-07;4;1
7;2025-12-07;5;30
7;2025-12-07;6;127
7;2025-12-07;7;170
7;2025-12-07;8;384
7;2025-12-07;9;509
7;2025-12-07;10;394
7;2025-12-07;11;585
7;2025-12-07;12;633
7;2025-12-07;13;629
7;2025-12-07;14;656
7;2025-12-07;15;712
7;2025-12-07;16;613
7;2025-12-07;17;624
7;2025-12-07;18;646
7;2025-12-07;19;479
7;2025-12-07;20;396
7;2025-12-07;21;290
7;2025-12-07;22;149
7;2025-12-07;23;120
7;2025-12-08;0;58
7;2025-12-08;1;10
7;2025-12-08;2;0
7;2025-12-08;3;0
7;2025-12-08;4;1
7;2025-12-08;5;183
7;2025-12-08;6;565
7;2025-12-08;7;1583
7;2025-12-08;8;2566
7;2025-12-08;9;1771
7;2025-12-08;10;1596
7;2025-12-08;11;1515
7;2025-12-08;12;1506
7;2025-12-08;13;1528
7;2025-12-08;14;1560
7;2025-12-08;15;1715
7;2025-12-08;16;1755
7;2025-12-08;17;2448
7;2025-12-08;18;2530
7;2025-12-08;19;1710
7;2025-12-08;20;1040
7;2025-12-08;21;588
7;2025-12-08;22;285
7;2025-12-08;23;148
7;2025-12-09;0;57
7;2025-12-09;1;13
7;2025-12-09;2;0
7;2025-12-09;3;0
7;2025-12-09;4;2
7;2025-12-09;5;184
7;2025-12-09;6;586
7;2025-12-09;7;1601
7;2025-12-09;8;2461
7;2025-12-09;9;1860
7;2025-12-09;10;1669
7;2025-12-09;11;1555
7;2025-12-09;12;1738
7;2025-12-09;13;1567
7;2025-12-09;14;1673
7;2025-12-09;15;1770
7;2025-12-09;16;1843
7;2025-12-09;17;2358
7;2025-12-09;18;2593
7;2025-12-09;19;1697
7;2025-12-09;20;1064
7;2025-12-09;21;633
7;2025-12-09;22;301
7;2025-12-09;23;202
7;2025-12-10;0;57
7;2025-12-10;1;13
7;2025-12-10;2;0
7;2025-12-10;3;0
7;2025-12-10;4;2
7;2025-12-10;5;184
7;2025-12-10;6;586
7;2025-12-10;7;1601
7;2025-12-10;8;2461
7;2025-12-10;9;1860
7;2025-12-10;10;1669
7;2025-12-10;11;1555
7;2025-12-10;12;1738
7;2025-12-10;13;1567
7;2025-12-10;14;1673
7;2025-12-10;15;1770
7;2025-12-10;16;1843
7;2025-12-10;17;2358
7;2025-12-10;18;2593
7;2025-12-10;19;1697
7;2025-12-10;20;1064
7;2025-12-10;21;633
7;2025-12-10;22;301
7;2025-12-10;23;202
7;2025-12-11;0;57
7;2025-12-11;1;13
7;2025-12-11;2;0
7;2025-12-11;3;0
7;2025-12-11;4;2
7;2025-12-11;5;184
7;2025-12-11;6;586
7;2025-12-11;7;1601
7;2025-12-11;8;2461
7;2025-12-11;9;1860
7;2025-12-11;10;1669
7;2025-12-11;11;1555
7;2025-12-11;12;1738
7;2025-12-11;13;1567
7;2025-12-11;14;1673
7;2025-12-11;15;1770
7;2025-12-11;16;1843
7;2025-12-11;17;2358
7;2025-12-11;18;2593
7;2025-12-11;19;1697
7;2025-12-11;20;1064
7;2025-12-11;21;633
7;2025-12-11;22;301
7;2025-12-11;23;202
7;2025-12-12;0;75
7;2025-12-12;1;15
7;2025-12-12;2;1
7;2025-12-12;3;0
7;2025-12-12;4;2
7;2025-12-12;5;170
7;2025-12-12;6;581
7;2025-12-12;7;1457
7;2025-12-12;8;2209
7;2025-12-12;9;1639
7;2025-12-12;10;1680
7;2025-12-12;11;1540
7;2025-12-12;12;1624
7;2025-12-12;13;1642
7;2025-12-12;14;1694
7;2025-12-12;15;1837
7;2025-12-12;16;2050
7;2025-12-12;17;2262
7;2025-12-12;18;1948
7;2025-12-12;19;1327
7;2025-12-12;20;957
7;2025-12-12;21;577
7;2025-12-12;22;318
7;2025-12-12;23;242
7;2025-12-13;0;121
7;2025-12-13;1;27
7;2025-12-13;2;0
7;2025-12-13;3;0
7;2025-12-13;4;1
7;2025-12-13;5;50
7;2025-12-13;6;266
7;2025-12-13;7;296
7;2025-12-13;8;706
7;2025-12-13;9;569
7;2025-12-13;10;633
7;2025-12-13;11;671
7;2025-12-13;12;934
7;2025-12-13;13;878
7;2025-12-13;14;840
7;2025-12-13;15;824
7;2025-12-13;16;823
7;2025-12-13;17;810
7;2025-12-13;18;760
7;2025-12-13;19;602
7;2025-12-13;20;534
7;2025-12-13;21;373
7;2025-12-13;22;210
7;2025-12-13;23;170
7;2025-12-14;0;101
7;2025-12-14;1;24
7;2025-12-14;2;0
7;2025-12-14;3;0
7;2025-12-14;4;1
7;2025-12-14;5;30
7;2025-12-14;6;127
7;2025-12-14;7;170
7;2025-12-14;8;384
7;2025-12-14;9;509
7;2025-12-14;10;394
7;2025-12-14;11;585
7;2025-12-14;12;633
7;2025-12-14;13;629
7;2025-12-14;14;656
7;2025-12-14;15;712
7;2025-12-14;16;613
7;2025-12-14;17;624
7;2025-12-14;18;646
7;2025-12-14;19;479
7;2025-12-14;20;396
7;2025-12-14;21;290
7;2025-12-14;22;149
7;2025-12-14;23;120
7;2025-12-15;0;58
7;2025-12-15;1;10
7;2025-12-15;2;0
7;2025-12-15;3;0
7;2025-12-15;4;1
7;2025-12-15;5;183
7;2025-12-15;6;565
7;2025-12-15;7;1583
7;2025-12-15;8;2566
7;2025-12-15;9;1771
7;2025-12-15;10;1596
7;2025-12-15;11;1515
7;2025-12-15;12;1506
7;2025-12-15;13;1528
7;2025-12-15;14;1560
7;2025-12-15;15;1715
7;2025-12-15;16;1755
7;2025-12-15;17;2448
7;2025-12-15;18;2530
7;2025-12-15;19;1710
7;2025-12-15;20;1040
7;2025-12-15;21;588
7;2025-12-15;22;285
7;2025-12-15;23;148
7;2025-12-16;0;57
7;2025-12-16;1;13
7;2025-12-16;2;0
7;2025-12-16;3;0
7;2025-12-16;4;2
7;2025-12-16;5;184
7;2025-12-16;6;586
7;2025-12-16;7;1601
7;2025-12-16;8;2461
7;2025-12-16;9;1860
7;2025-12-16;10;1669
7;2025-12-16;11;1555
7;2025-12-16;12;1738
7;2025-12-16;13;1567
7;2025-12-16;14;1673
7;2025-12-16;15;1770
7;2025-12-16;16;1843
7;2025-12-16;17;2358
7;2025-12-16;18;2593
7;2025-12-16;19;1697
7;2025-12-16;20;1064
7;2025-12-16;21;633
7;2025-12-16;22;301
7;2025-12-16;23;202
7;2025-12-17;0;57
7;2025-12-17;1;13
7;2025-12-17;2;0
7;2025-12-17;3;0
7;2025-12-17;4;2
7;2025-12-17;5;184
7;2025-12-17;6;586
7;2025-12-17;7;1601
7;2025-12-17;8;2461
7;2025-12-17;9;1860
7;2025-12-17;10;1669
7;2025-12-17;11;1555
7;2025-12-17;12;1738
7;2025-12-17;13;1567
7;2025-12-17;14;1673
7;2025-12-17;15;1770
7;2025-12-17;16;1843
7;2025-12-17;17;2358
7;2025-12-17;18;2593
7;2025-12-17;19;1697
7;2025-12-17;20;1064
7;2025-12-17;21;633
7;2025-12-17;22;301
7;2025-12-17;23;202
7;2025-12-18;0;57
7;2025-12-18;1;13
7;2025-12-18;2;0
7;2025-12-18;3;0
7;2025-12-18;4;2
7;2025-12-18;5;184
7;2025-12-18;6;586
7;2025-12-18;7;1601
7;2025-12-18;8;2461
7;2025-12-18;9;1860
7;2025-12-18;10;1669
7;2025-12-18;11;1555
7;2025-12-18;12;1738
7;2025-12-18;13;1567
7;2025-12-18;14;1673
7;2025-12-18;15;1770
7;2025-12-18;16;1843
7;2025-12-18;17;2358
7;2025-12-18;18;2593
7;2025-12-18;19;1697
7;2025-12-18;20;1064
7;2025-12-18;21;633
7;2025-12-18;22;301
7;2025-12-18;23;202
7;2025-12-19;0;75
7;2025-12-19;1;15
7;2025-12-19;2;1
7;2025-12-19;3;0
7;2025-12-19;4;2
7;2025-12-19;5;170
7;2025-12-19;6;581
7;2025-12-19;7;1457
7;2025-12-19;8;2209
7;2025-12-19;9;1639
7;2025-12-19;10;1680
7;2025-12-19;11;1540
7;2025-12-19;12;1624
7;2025-12-19;13;1642
7;2025-12-19;14;1694
7;2025-12-19;15;1837
7;2025-12-19;16;2050
7;2025-12-19;17;2262
7;2025-12-19;18;1948
7;2025-12-19;19;1327
7;2025-12-19;20;957
7;2025-12-19;21;577
7;2025-12-19;22;318
7;2025-12-19;23;242
7;2025-12-20;0;121
7;2025-12-20;1;27
7;2025-12-20;2;0
7;2025-12-20;3;0
7;2025-12-20;4;1
7;2025-12-20;5;50
7;2025-12-20;6;266
7;2025-12-20;7;296
7;2025-12-20;8;706
7;2025-12-20;9;569
7;2025-12-20;10;633
7;2025-12-20;11;671
7;2025-12-20;12;934
7;2025-12-20;13;878
7;2025-12-20;14;840
7;2025-12-20;15;824
7;2025-12-20;16;823
7;2025-12-20;17;810
7;2025-12-20;18;760
7;2025-12-20;19;602
7;2025-12-20;20;534
7;2025-12-20;21;373
7;2025-12-20;22;210
7;2025-12-20;23;170
7;2025-12-21;0;101
7;2025-12-21;1;24
7;2025-12-21;2;0
7;2025-12-21;3;0
7;2025-12-21;4;1
7;2025-12-21;5;30
7;2025-12-21;6;127
7;2025-12-21;7;170
7;2025-12-21;8;384
7;2025-12-21;9;509
7;2025-12-21;10;394
7;2025-12-21;11;585
7;2025-12-21;12;633
7;2025-12-21;13;629
7;2025-12-21;14;656
7;2025-12-21;15;712
7;2025-12-21;16;613
7;2025-12-21;17;624
7;2025-12-21;18;646
7;2025-12-21;19;479
7;2025-12-21;20;396
7;2025-12-21;21;290
7;2025-12-21;22;149
7;2025-12-21;23;120
7;2025-12-22;0;58
7;2025-12-22;1;10
7;2025-12-22;2;0
7;2025-12-22;3;0
7;2025-12-22;4;1
7;2025-12-22;5;183
7;2025-12-22;6;565
7;2025-12-22;7;1583
7;2025-12-22;8;2566
7;2025-12-22;9;1771
7;2025-12-22;10;1596
7;2025-12-22;11;1515
7;2025-12-22;12;1506
7;2025-12-22;13;1528
7;2025-12-22;14;1560
7;2025-12-22;15;1715
7;2025-12-22;16;1755
7;2025-12-22;17;2448
7;2025-12-22;18;2530
7;2025-12-22;19;1710
7;2025-12-22;20;1040
7;2025-12-22;21;588
7;2025-12-22;22;285
7;2025-12-22;23;148
7;2025-12-23;0;57
7;2025-12-23;1;13
7;2025-12-23;2;0
7;2025-12-23;3;0
7;2025-12-23;4;2
7;2025-12-23;5;184
7;2025-12-23;6;586
7;2025-12-23;7;1601
7;2025-12-23;8;2461
7;2025-12-23;9;1860
7;2025-12-23;10;1669
7;2025-12-23;11;1555
7;2025-12-23;12;1738
7;2025-12-23;13;1567
7;2025-12-23;14;1673
7;2025-12-23;15;1770
7;2025-12-23;16;1843
7;2025-12-23;17;2358
7;2025-12-23;18;2593
7;2025-12-23;19;1697
7;2025-12-23;20;1064
7;2025-12-23;21;633
7;2025-12-23;22;301
7;2025-12-23;23;202
7;2025-12-24;0;57
7;2025-12-24;1;13
7;2025-12-24;2;0
7;2025-12-24;3;0
7;2025-12-24;4;2
7;2025-12-24;5;184
7;2025-12-24;6;586
7;2025-12-24;7;1601
7;2025-12-24;8;2461
7;2025-12-24;9;1860
7;2025-12-24;10;1669
7;2025-12-24;11;1555
7;2025-12-24;12;1738
7;2025-12-24;13;1567
7;2025-12-24;14;1673
7;2025-12-24;15;1770
7;2025-12-24;16;1843
7;2025-12-24;17;2358
7;2025-12-24;18;2593
7;2025-12-24;19;1697
7;2025-12-24;20;1064
7;2025-12-24;21;633
7;2025-12-24;22;301
7;2025-12-24;23;202
7;2025-12-25;0;57
7;2025-12-25;1;13
7;2025-12-25;2;0
7;2025-12-25;3;0
7;2025-12-25;4;2
7;2025-12-25;5;184
7;2025-12-25;6;586
7;2025-12-25;7;1601
7;2025-12-25;8;2461
7;2025-12-25;9;1860
7;2025-12-25;10;1669
7;2025-12-25;11;1555
7;2025-12-25;12;1738
7;2025-12-25;13;1567
7;2025-12-25;14;1673
7;2025-12-25;15;1770
7;2025-12-25;16;1843
7;2025-12-25;17;2358
7;2025-12-25;18;2593
7;2025-12-25;19;1697
7;2025-12-25;20;1064
7;2025-12-25;21;633
7;2025-12-25;22;301
7;2025-12-25;23;202
7;2025-12-26;0;75
7;2025-12-26;1;15
7;2025-12-26;2;1
7;2025-12-26;3;0
7;2025-12-26;4;2
7;2025-12-26;5;170
7;2025-12-26;6;581
7;2025-12-26;7;1457
7;2025-12-26;8;2209
7;2025-12-26;9;1639
7;2025-12-26;10;1680
7;2025-12-26;11;1540
7;2025-12-26;12;1624
7;2025-12-26;13;1642
7;2025-12-26;14;1694
7;2025-12-26;15;1837
7;2025-12-26;16;2050
7;2025-12-26;17;2262
7;2025-12-26;18;1948
7;2025-12-26;19;1327
7;2025-12-26;20;957
7;2025-12-26;21;577
7;2025-12-26;22;318
7;2025-12-26;23;242
7;2025-12-27;0;121
7;2025-12-27;1;27
7;2025-12-27;2;0
7;2025-12-27;3;0
7;2025-12-27;4;1
7;2025-12-27;5;50
7;2025-12-27;6;266
7;2025-12-27;7;296
7;2025-12-27;8;706
7;2025-12-27;9;569
7;2025-12-27;10;633
7;2025-12-27;11;671
7;2025-12-27;12;934
7;2025-12-27;13;878
7;2025-12-27;14;840
7;2025-12-27;15;824
7;2025-12-27;16;823
7;2025-12-27;17;810
7;2025-12-27;18;760
7;2025-12-27;19;602
7;2025-12-27;20;534
7;2025-12-27;21;373
7;2025-12-27;22;210
7;2025-12-27;23;170
7;2025-12-28;0;101
7;2025-12-28;1;24
7;2025-12-28;2;0
7;2025-12-28;3;0
7;2025-12-28;4;1
7;2025-12-28;5;30
7;2025-12-28;6;127
7;2025-12-28;7;170
7;2025-12-28;8;384
7;2025-12-28;9;509
7;2025-12-28;10;394
7;2025-12-28;11;585
7;2025-12-28;12;633
7;2025-12-28;13;629
7;2025-12-28;14;656
7;2025-12-28;15;712
7;2025-12-28;16;613
7;2025-12-28;17;624
7;2025-12-28;18;646
7;2025-12-28;19;479
7;2025-12-28;20;396
7;2025-12-28;21;290
7;2025-12-28;22;149
7;2025-12-28;23;120
7;2025-12-29;0;64
7;2025-12-29;1;12
7;2025-12-29;2;0
7;2025-12-29;3;0
7;2025-12-29;4;2
7;2025-12-29;5;147
7;2025-12-29;6;500
7;2025-12-29;7;1253
7;2025-12-29;8;1899
7;2025-12-29;9;1410
7;2025-12-29;10;1444
7;2025-12-29;11;1325
7;2025-12-29;12;1396
7;2025-12-29;13;1413
7;2025-12-29;14;1457
7;2025-12-29;15;1580
7;2025-12-29;16;1763
7;2025-12-29;17;1945
7;2025-12-29;18;1676
7;2025-12-29;19;1141
7;2025-12-29;20;824
7;2025-12-29;21;497
7;2025-12-29;22;273
7;2025-12-29;23;207
7;2025-12-30;0;64
7;2025-12-30;1;12
7;2025-12-30;2;0
7;2025-12-30;3;0
7;2025-12-30;4;2
7;2025-12-30;5;147
7;2025-12-30;6;500
7;2025-12-30;7;1253
7;2025-12-30;8;1899
7;2025-12-30;9;1410
7;2025-12-30;10;1444
7;2025-12-30;11;1325
7;2025-12-30;12;1396
7;2025-12-30;13;1413
7;2025-12-30;14;1457
7;2025-12-30;15;1580
7;2025-12-30;16;1763
7;2025-12-30;17;1945
7;2025-12-30;18;1676
7;2025-12-30;19;1141
7;2025-12-30;20;824
7;2025-12-30;21;497
7;2025-12-30;22;273
7;2025-12-30;23;207
7;2025-12-31;0;103
7;2025-12-31;1;23
7;2025-12-31;2;0
7;2025-12-31;3;0
7;2025-12-31;4;1
7;2025-12-31;5;42
7;2025-12-31;6;227
7;2025-12-31;7;251
7;2025-12-31;8;600
7;2025-12-31;9;484
7;2025-12-31;10;538
7;2025-12-31;11;570
7;2025-12-31;12;794
7;2025-12-31;13;746
7;2025-12-31;14;713
7;2025-12-31;15;700
7;2025-12-31;16;699
7;2025-12-31;17;689
7;2025-12-31;18;646
7;2025-12-31;19;281
7;2025-12-31;20;249
7;2025-12-31;21;174
7;2025-12-31;22;98
7;2025-12-31;23;80
11;2025-11-01;0;58
11;2025-11-01;1;2
11;2025-11-01;2;0
11;2025-11-01;3;0
11;2025-11-01;4;0
11;2025-11-01;5;215
11;2025-11-01;6;1090
11;2025-11-01;7;2035
11;2025-11-01;8;2760
11;2025-11-01;9;1865
11;2025-11-01;10;1548
11;2025-11-01;11;1463
11;2025-11-01;12;1591
11;2025-11-01;13;1562
11;2025-11-01;14;1738
11;2025-11-01;15;1726
11;2025-11-01;16;1916
11;2025-11-01;17;2426
11;2025-11-01;18;2028
11;2025-11-01;19;1519
11;2025-11-01;20;1104
11;2025-11-01;21;689
11;2025-11-01;22;311
11;2025-11-01;23;280
11;2025-11-02;0;113
11;2025-11-02;1;16
11;2025-11-02;2;0
11;2025-11-02;3;0
11;2025-11-02;4;0
11;2025-11-02;5;107
11;2025-11-02;6;494
11;2025-11-02;7;489
11;2025-11-02;8;686
11;2025-11-02;9;934
11;2025-11-02;10;1033
11;2025-11-02;11;1516
11;2025-11-02;12;1590
11;2025-11-02;13;1536
11;2025-11-02;14;1643
11;2025-11-02;15;1613
11;2025-11-02;16;1520
11;2025-11-02;17;1691
11;2025-11-02;18;1243
11;2025-11-02;19;992
11;2025-11-02;20;765
11;2025-11-02;21;586
11;2025-11-02;22;343
11;2025-11-02;23;239
11;2025-11-03;0;109
11;2025-11-03;1;15
11;2025-11-03;2;0
11;2025-11-03;3;0
11;2025-11-03;4;0
11;2025-11-03;5;103
11;2025-11-03;6;477
11;2025-11-03;7;472
11;2025-11-03;8;663
11;2025-11-03;9;903
11;2025-11-03;10;999
11;2025-11-03;11;1465
11;2025-11-03;12;1537
11;2025-11-03;13;1485
11;2025-11-03;14;1589
11;2025-11-03;15;1559
11;2025-11-03;16;1470
11;2025-11-03;17;1634
11;2025-11-03;18;1203
11;2025-11-03;19;959
11;2025-11-03;20;741
11;2025-11-03;21;566
11;2025-11-03;22;332
11;2025-11-03;23;231
11;2025-11-04;0;109
11;2025-11-04;1;15
11;2025-11-04;2;0
11;2025-11-04;3;0
11;2025-11-04;4;0
11;2025-11-04;5;103
11;2025-11-04;6;477
11;2025-11-04;7;472
11;2025-11-04;8;663
11;2025-11-04;9;903
11;2025-11-04;10;999
11;2025-11-04;11;1465
11;2025-11-04;12;1537
11;2025-11-04;13;1485
11;2025-11-04;14;1589
11;2025-11-04;15;1559
11;2025-11-04;16;1470
11;2025-11-04;17;1634
11;2025-11-04;18;1203
11;2025-11-04;19;959
11;2025-11-04;20;741
11;2025-11-04;21;566
11;2025-11-04;22;332
11;2025-11-04;23;231
11;2025-11-05;0;55
11;2025-11-05;1;0
11;2025-11-05;2;0
11;2025-11-05;3;0
11;2025-11-05;4;0
11;2025-11-05;5;239
11;2025-11-05;6;1265
11;2025-11-05;7;2438
11;2025-11-05;8;3151
11;2025-11-05;9;2413
11;2025-11-05;10;1999
11;2025-11-05;11;1880
11;2025-11-05;12;1935
11;2025-11-05;13;2056
11;2025-11-05;14;2012
11;2025-11-05;15;1890
11;2025-11-05;16;2133
11;2025-11-05;17;2717
11;2025-11-05;18;3005
11;2025-11-05;19;2213
11;2025-11-05;20;1411
11;2025-11-05;21;778
11;2025-11-05;22;376
11;2025-11-05;23;233
11;2025-11-06;0;55
11;2025-11-06;1;0
11;2025-11-06;2;0
11;2025-11-06;3;0
11;2025-11-06;4;0
11;2025-11-06;5;239
11;2025-11-06;6;1265
11;2025-11-06;7;2438
11;2025-11-06;8;3151
11;2025-11-06;9;2413
11;2025-11-06;10;1999
11;2025-11-06;11;1880
11;2025-11-06;12;1935
11;2025-11-06;13;2056
11;2025-11-06;14;2012
11;2025-11-06;15;1890
11;2025-11-06;16;2133
11;2025-11-06;17;2717
11;2025-11-06;18;3005
11;2025-11-06;19;2213
11;2025-11-06;20;1411
11;2025-11-06;21;778
11;2025-11-06;22;376
11;2025-11-06;23;233
11;2025-11-07;0;68
11;2025-11-07;1;3
11;2025-11-07;2;0
11;2025-11-07;3;0
11;2025-11-07;4;0
11;2025-11-07;5;252
11;2025-11-07;6;1283
11;2025-11-07;7;2394
11;2025-11-07;8;3247
11;2025-11-07;9;2195
11;2025-11-07;10;1822
11;2025-11-07;11;1722
11;2025-11-07;12;1871
11;2025-11-07;13;1838
11;2025-11-07;14;2045
11;2025-11-07;15;2030
11;2025-11-07;16;2253
11;2025-11-07;17;2855
11;2025-11-07;18;2385
11;2025-11-07;19;1787
11;2025-11-07;20;1299
11;2025-11-07;21;810
11;2025-11-07;22;366
11;2025-11-07;23;330
11;2025-11-08;0;106
11;2025-11-08;1;1
11;2025-11-08;2;0
11;2025-11-08;3;0
11;2025-11-08;4;0
11;2025-11-08;5;166
11;2025-11-08;6;830
11;2025-11-08;7;753
11;2025-11-08;8;1035
11;2025-11-08;9;1158
11;2025-11-08;10;1383
11;2025-11-08;11;1704
11;2025-11-08;12;1943
11;2025-11-08;13;1808
11;2025-11-08;14;2048
11;2025-11-08;15;1896
11;2025-11-08;16;1777
11;2025-11-08;17;1882
11;2025-11-08;18;1494
11;2025-11-08;19;1454
11;2025-11-08;20;972
11;2025-11-08;21;705
11;2025-11-08;22;412
11;2025-11-08;23;275
11;2025-11-09;0;113
11;2025-11-09;1;16
11;2025-11-09;2;0
11;2025-11-09;3;0
11;2025-11-09;4;0
11;2025-11-09;5;107
11;2025-11-09;6;494
11;2025-11-09;7;489
11;2025-11-09;8;686
11;2025-11-09;9;934
11;2025-11-09;10;1033
11;2025-11-09;11;1516
11;2025-11-09;12;1590
11;2025-11-09;13;1536
11;2025-11-09;14;1643
11;2025-11-09;15;1613
11;2025-11-09;16;1520
11;2025-11-09;17;1691
11;2025-11-09;18;1243
11;2025-11-09;19;992
11;2025-11-09;20;765
11;2025-11-09;21;586
11;2025-11-09;22;343
11;2025-11-09;23;239
11;2025-11-10;0;71
11;2025-11-10;1;13
11;2025-11-10;2;0
11;2025-11-10;3;0
11;2025-11-10;4;1
11;2025-11-10;5;231
11;2025-11-10;6;1312
11;2025-11-10;7;2324
11;2025-11-10;8;3111
11;2025-11-10;9;2306
11;2025-11-10;10;1852
11;2025-11-10;11;1839
11;2025-11-10;12;1768
11;2025-11-10;13;1825
11;2025-11-10;14;1954
11;2025-11-10;15;2031
11;2025-11-10;16;2163
11;2025-11-10;17;2713
11;2025-11-10;18;2871
11;2025-11-10;19;2106
11;2025-11-10;20;1141
11;2025-11-10;21;748
11;2025-11-10;22;315
11;2025-11-10;23;198
11;2025-11-11;0;55
11;2025-11-11;1;0
11;2025-11-11;2;0
11;2025-11-11;3;0
11;2025-11-11;4;0
11;2025-11-11;5;239
11;2025-11-11;6;1265
11;2025-11-11;7;2438
11;2025-11-11;8;3151
11;2025-11-11;9;2413
11;2025-11-11;10;1999
11;2025-11-11;11;1880
11;2025-11-11;12;1935
11;2025-11-11;13;2056
11;2025-11-11;14;2012
11;2025-11-11;15;1890
11;2025-11-11;16;2133
11;2025-11-11;17;2717
11;2025-11-11;18;3005
11;2025-11-11;19;2213
11;2025-11-11;20;1411
11;2025-11-11;21;778
11;2025-11-11;22;376
11;2025-11-11;23;233
11;2025-11-12;0;55
11;2025-11-12;1;0
11;2025-11-12;2;0
11;2025-11-12;3;0
11;2025-11-12;4;0
11;2025-11-12;5;239
11;2025-11-12;6;1265
11;2025-11-12;7;2438
11;2025-11-12;8;3151
11;2025-11-12;9;2413
11;2025-11-12;10;1999
11;2025-11-12;11;1880
11;2025-11-12;12;1935
11;2025-11-12;13;2056
11;2025-11-12;14;2012
11;2025-11-12;15;1890
11;2025-11-12;16;2133
11;2025-11-12;17;2717
11;2025-11-12;18;3005
11;2025-11-12;19;2213
11;2025-11-12;20;1411
11;2025-11-12;21;778
11;2025-11-12;22;376
11;2025-11-12;23;233
11;2025-11-13;0;55
11;2025-11-13;1;0
11;2025-11-13;2;0
11;2025-11-13;3;0
11;2025-11-13;4;0
11;2025-11-13;5;239
11;2025-11-13;6;1265
11;2025-11-13;7;2438
11;2025-11-13;8;3151
11;2025-11-13;9;2413
11;2025-11-13;10;1999
11;2025-11-13;11;1880
11;2025-11-13;12;1935
11;2025-11-13;13;2056
11;2025-11-13;14;2012
11;2025-11-13;15;1890
11;2025-11-13;16;2133
11;2025-11-13;17;2717
11;2025-11-13;18;3005
11;2025-11-13;19;2213
11;2025-11-13;20;1411
11;2025-11-13;21;778
11;2025-11-13;22;376
11;2025-11-13;23;233
11;2025-11-14;0;68
11;2025-11-14;1;3
11;2025-11-14;2;0
11;2025-11-14;3;0
11;2025-11-14;4;0
11;2025-11-14;5;252
11;2025-11-14;6;1283
11;2025-11-14;7;2394
11;2025-11-14;8;3247
11;2025-11-14;9;2195
11;2025-11-14;10;1822
11;2025-11-14;11;1722
11;2025-11-14;12;1871
11;2025-11-14;13;1838
11;2025-11-14;14;2045
11;2025-11-14;15;2030
11;2025-11-14;16;2253
11;2025-11-14;17;2855
11;2025-11-14;18;2385
11;2025-11-14;19;1787
11;2025-11-14;20;1299
11;2025-11-14;21;810
11;2025-11-14;22;366
11;2025-11-14;23;330
11;2025-11-15;0;101
11;2025-11-15;1;1
11;2025-11-15;2;0
11;2025-11-15;3;0
11;2025-11-15;4;0
11;2025-11-15;5;157
11;2025-11-15;6;787
11;2025-11-15;7;715
11;2025-11-15;8;981
11;2025-11-15;9;1099
11;2025-11-15;10;1312
11;2025-11-15;11;1616
11;2025-11-15;12;1842
11;2025-11-15;13;1714
11;2025-11-15;14;1942
11;2025-11-15;15;1798
11;2025-11-15;16;1686
11;2025-11-15;17;1785
11;2025-11-15;18;1417
11;2025-11-15;19;1379
11;2025-11-15;20;922
11;2025-11-15;21;668
11;2025-11-15;22;390
11;2025-11-15;23;261
11;2025-11-16;0;113
11;2025-11-16;1;16
11;2025-11-16;2;0
11;2025-11-16;3;0
11;2025-11-16;4;0
11;2025-11-16;5;107
11;2025-11-16;6;494
11;2025-11-16;7;489
11;2025-11-16;8;686
11;2025-11-16;9;934
11;2025-11-16;10;1033
11;2025-11-16;11;1516
11;2025-11-16;12;1590
11;2025-11-16;13;1536
11;2025-11-16;14;1643
11;2025-11-16;15;1613
11;2025-11-16;16;1520
11;2025-11-16;17;1691
11;2025-11-16;18;1243
11;2025-11-16;19;992
11;2025-11-16;20;765
11;2025-11-16;21;586
11;2025-11-16;22;343
11;2025-11-16;23;239
11;2025-11-17;0;71
11;2025-11-17;1;13
11;2025-11-17;2;0
11;2025-11-17;3;0
11;2025-11-17;4;1
11;2025-11-17;5;231
11;2025-11-17;6;1312
11;2025-11-17;7;2324
11;2025-11-17;8;3111
11;2025-11-17;9;2306
11;2025-11-17;10;1852
11;2025-11-17;11;1839
11;2025-11-17;12;1768
11;2025-11-17;13;1825
11;2025-11-17;14;1954
11;2025-11-17;15;2031
11;2025-11-17;16;2163
11;2025-11-17;17;2713
11;2025-11-17;18;2871
11;2025-11-17;19;2106
11;2025-11-17;20;1141
11;2025-11-17;21;748
11;2025-11-17;22;315
11;2025-11-17;23;198
11;2025-11-18;0;55
11;2025-11-18;1;0
11;2025-11-18;2;0
11;2025-11-18;3;0
11;2025-11-18;4;0
11;2025-11-18;5;239
11;2025-11-18;6;1265
11;2025-11-18;7;2438
11;2025-11-18;8;3151
11;2025-11-18;9;2413
11;2025-11-18;10;1999
11;2025-11-18;11;1880
11;2025-11-18;12;1935
11;2025-11-18;13;2056
11;2025-11-18;14;2012
11;2025-11-18;15;1890
11;2025-11-18;16;2133
11;2025-11-18;17;2717
11;2025-11-18;18;3005
11;2025-11-18;19;2213
11;2025-11-18;20;1411
11;2025-11-18;21;778
11;2025-11-18;22;376
11;2025-11-18;23;233
11;2025-11-19;0;55
11;2025-11-19;1;0
11;2025-11-19;2;0
11;2025-11-19;3;0
11;2025-11-19;4;0
11;2025-11-19;5;239
11;2025-11-19;6;1265
11;2025-11-19;7;2438
11;2025-11-19;8;3151
11;2025-11-19;9;2413
11;2025-11-19;10;1999
11;2025-11-19;11;1880
11;2025-11-19;12;1935
11;2025-11-19;13;2056
11;2025-11-19;14;2012
11;2025-11-19;15;1890
11;2025-11-19;16;2133
11;2025-11-19;17;2717
11;2025-11-19;18;3005
11;2025-11-19;19;2213
11;2025-11-19;20;1411
11;2025-11-19;21;778
11;2025-11-19;22;376
11;2025-11-19;23;233
11;2025-11-20;0;55
11;2025-11-20;1;0
11;2025-11-20;2;0
11;2025-11-20;3;0
11;2025-11-20;4;0
11;2025-11-20;5;239
11;2025-11-20;6;1265
11;2025-11-20;7;2438
11;2025-11-20;8;3151
11;2025-11-20;9;2413
11;2025-11-20;10;1999
11;2025-11-20;11;1880
11;2025-11-20;12;1935
11;2025-11-20;13;2056
11;2025-11-20;14;2012
11;2025-11-20;15;1890
11;2025-11-20;16;2133
11;2025-11-20;17;2717
11;2025-11-20;18;3005
11;2025-11-20;19;2213
11;2025-11-20;20;1411
11;2025-11-20;21;778
11;2025-11-20;22;376
11;2025-11-20;23;233
11;2025-11-21;0;68
11;2025-11-21;1;3
11;2025-11-21;2;0
11;2025-11-21;3;0
11;2025-11-21;4;0
11;2025-11-21;5;252
11;2025-11-21;6;1283
11;2025-11-21;7;2394
11;2025-11-21;8;3247
11;2025-11-21;9;2195
11;2025-11-21;10;1822
11;2025-11-21;11;1722
11;2025-11-21;12;1871
11;2025-11-21;13;1838
11;2025-11-21;14;2045
11;2025-11-21;15;2030
11;2025-11-21;16;2253
11;2025-11-21;17;2855
11;2025-11-21;18;2385
11;2025-11-21;19;1787
11;2025-11-21;20;1299
11;2025-11-21;21;810
11;2025-11-21;22;366
11;2025-11-21;23;330
11;2025-11-22;0;106
11;2025-11-22;1;1
11;2025-11-22;2;0
11;2025-11-22;3;0
11;2025-11-22;4;0
11;2025-11-22;5;166
11;2025-11-22;6;830
11;2025-11-22;7;753
11;2025-11-22;8;1035
11;2025-11-22;9;1158
11;2025-11-22;10;1383
11;2025-11-22;11;1704
11;2025-11-22;12;1943
11;2025-11-22;13;1808
11;2025-11-22;14;2048
11;2025-11-22;15;1896
11;2025-11-22;16;1777
11;2025-11-22;17;1882
11;2025-11-22;18;1494
11;2025-11-22;19;1454
11;2025-11-22;20;972
11;2025-11-22;21;705
11;2025-11-22;22;412
11;2025-11-22;23;275
11;2025-11-23;0;113
11;2025-11-23;1;16
11;2025-11-23;2;0
11;2025-11-23;3;0
11;2025-11-23;4;0
11;2025-11-23;5;107
11;2025-11-23;6;494
11;2025-11-23;7;489
11;2025-11-23;8;686
11;2025-11-23;9;934
11;2025-11-23;10;1033
11;2025-11-23;11;1516
11;2025-11-23;12;1590
11;2025-11-23;13;1536
11;2025-11-23;14;1643
11;2025-11-23;15;1613
11;2025-11-23;16;1520
11;2025-11-23;17;1691
11;2025-11-23;18;1243
11;2025-11-23;19;992
11;2025-11-23;20;765
11;2025-11-23;21;586
11;2025-11-23;22;343
11;2025-11-23;23;239
11;2025-11-24;0;71
11;2025-11-24;1;13
11;2025-11-24;2;0
11;2025-11-24;3;0
11;2025-11-24;4;1
11;2025-11-24;5;231
11;2025-11-24;6;1312
11;2025-11-24;7;2324
11;2025-11-24;8;3111
11;2025-11-24;9;2306
11;2025-11-24;10;1852
11;2025-11-24;11;1839
11;2025-11-24;12;1768
11;2025-11-24;13;1825
11;2025-11-24;14;1954
11;2025-11-24;15;2031
11;2025-11-24;16;2163
11;2025-11-24;17;2713
11;2025-11-24;18;2871
11;2025-11-24;19;2106
11;2025-11-24;20;1141
11;2025-11-24;21;748
11;2025-11-24;22;315
11;2025-11-24;23;198
11;2025-11-25;0;55
11;2025-11-25;1;0
11;2025-11-25;2;0
11;2025-11-25;3;0
11;2025-11-25;4;0
11;2025-11-25;5;239
11;2025-11-25;6;1265
11;2025-11-25;7;2438
11;2025-11-25;8;3151
11;2025-11-25;9;2413
11;2025-11-25;10;1999
11;2025-11-25;11;1880
11;2025-11-25;12;1935
11;2025-11-25;13;2056
11;2025-11-25;14;2012
11;2025-11-25;15;1890
11;2025-11-25;16;2133
11;2025-11-25;17;2717
11;2025-11-25;18;3005
11;2025-11-25;19;2213
11;2025-11-25;20;1411
11;2025-11-25;21;778
11;2025-11-25;22;376
11;2025-11-25;23;233
11;2025-11-26;0;55
11;2025-11-26;1;0
11;2025-11-26;2;0
11;2025-11-26;3;0
11;2025-11-26;4;0
11;2025-11-26;5;239
11;2025-11-26;6;1265
11;2025-11-26;7;2438
11;2025-11-26;8;3151
11;2025-11-26;9;2413
11;2025-11-26;10;1999
11;2025-11-26;11;1880
11;2025-11-26;12;1935
11;2025-11-26;13;2056
11;2025-11-26;14;2012
11;2025-11-26;15;1890
11;2025-11-26;16;2133
11;2025-11-26;17;2717
11;2025-11-26;18;3005
11;2025-11-26;19;2213
11;2025-11-26;20;1411
11;2025-11-26;21;778
11;2025-11-26;22;376
11;2025-11-26;23;233
11;2025-11-27;0;55
11;2025-11-27;1;0
11;2025-11-27;2;0
11;2025-11-27;3;0
11;2025-11-27;4;0
11;2025-11-27;5;239
11;2025-11-27;6;1265
11;2025-11-27;7;2438
11;2025-11-27;8;3151
11;2025-11-27;9;2413
11;2025-11-27;10;1999
11;2025-11-27;11;1880
11;2025-11-27;12;1935
11;2025-11-27;13;2056
11;2025-11-27;14;2012
11;2025-11-27;15;1890
11;2025-11-27;16;2133
11;2025-11-27;17;2717
11;2025-11-27;18;3005
11;2025-11-27;19;2213
11;2025-11-27;20;1411
11;2025-11-27;21;778
11;2025-11-27;22;376
11;2025-11-27;23;233
11;2025-11-28;0;68
11;2025-11-28;1;3
11;2025-11-28;2;0
11;2025-11-28;3;0
11;2025-11-28;4;0
11;2025-11-28;5;252
11;2025-11-28;6;1283
11;2025-11-28;7;2394
11;2025-11-28;8;3247
11;2025-11-28;9;2195
11;2025-11-28;10;1822
11;2025-11-28;11;1722
11;2025-11-28;12;1871
11;2025-11-28;13;1838
11;2025-11-28;14;2045
11;2025-11-28;15;2030
11;2025-11-28;16;2253
11;2025-11-28;17;2855
11;2025-11-28;18;2385
11;2025-11-28;19;1787
11;2025-11-28;20;1299
11;2025-11-28;21;810
11;2025-11-28;22;366
11;2025-11-28;23;330
11;2025-11-29;0;106
11;2025-11-29;1;1
11;2025-11-29;2;0
11;2025-11-29;3;0
11;2025-11-29;4;0
11;2025-11-29;5;166
11;2025-11-29;6;830
11;2025-11-29;7;753
11;2025-11-29;8;1035
11;2025-11-29;9;1158
11;2025-11-29;10;1383
11;2025-11-29;11;1704
11;2025-11-29;12;1943
11;2025-11-29;13;1808
11;2025-11-29;14;2048
11;2025-11-29;15;1896
11;2025-11-29;16;1777
11;2025-11-29;17;1882
11;2025-11-29;18;1494
11;2025-11-29;19;1454
11;2025-11-29;20;972
11;2025-11-29;21;705
11;2025-11-29;22;412
11;2025-11-29;23;275
11;2025-11-30;0;113
11;2025-11-30;1;16
11;2025-11-30;2;0
11;2025-11-30;3;0
11;2025-11-30;4;0
11;2025-11-30;5;107
11;2025-11-30;6;494
11;2025-11-30;7;489
11;2025-11-30;8;686
11;2025-11-30;9;934
11;2025-11-30;10;1033
11;2025-11-30;11;1516
11;2025-11-30;12;1590
11;2025-11-30;13;1536
11;2025-11-30;14;1643
11;2025-11-30;15;1613
11;2025-11-30;16;1520
11;2025-11-30;17;1691
11;2025-11-30;18;1243
11;2025-11-30;19;992
11;2025-11-30;20;765
11;2025-11-30;21;586
11;2025-11-30;22;343
11;2025-11-30;23;239
11;2025-12-01;0;71
11;2025-12-01;1;13
11;2025-12-01;2;0
11;2025-12-01;3;0
11;2025-12-01;4;1
11;2025-12-01;5;231
11;2025-12-01;6;1312
11;2025-12-01;7;2324
11;2025-12-01;8;3111
11;2025-12-01;9;2306
11;2025-12-01;10;1852
11;2025-12-01;11;1839
11;2025-12-01;12;1768
11;2025-12-01;13;1825
11;2025-12-01;14;1954
11;2025-12-01;15;2031
11;2025-12-01;16;2163
11;2025-12-01;17;2713
11;2025-12-01;18;2871
11;2025-12-01;19;2106
11;2025-12-01;20;1141
11;2025-12-01;21;748
11;2025-12-01;22;315
11;2025-12-01;23;198
11;2025-12-02;0;55
11;2025-12-02;1;0
11;2025-12-02;2;0
11;2025-12-02;3;0
11;2025-12-02;4;0
11;2025-12-02;5;239
11;2025-12-02;6;1265
11;2025-12-02;7;2438
11;2025-12-02;8;3151
11;2025-12-02;9;2413
11;2025-12-02;10;1999
11;2025-12-02;11;1880
11;2025-12-02;12;1935
11;2025-12-02;13;2056
11;2025-12-02;14;2012
11;2025-12-02;15;1890
11;2025-12-02;16;2133
11;2025-12-02;17;2717
11;2025-12-02;18;3005
11;2025-12-02;19;2213
11;2025-12-02;20;1411
11;2025-12-02;21;778
11;2025-12-02;22;376
11;2025-12-02;23;233
11;2025-12-03;0;55
11;2025-12-03;1;0
11;2025-12-03;2;0
11;2025-12-03;3;0
11;2025-12-03;4;0
11;2025-12-03;5;239
11;2025-12-03;6;1265
11;2025-12-03;7;2438
11;2025-12-03;8;3151
11;2025-12-03;9;2413
11;2025-12-03;10;1999
11;2025-12-03;11;1880
11;2025-12-03;12;1935
11;2025-12-03;13;2056
11;2025-12-03;14;2012
11;2025-12-03;15;1890
11;2025-12-03;16;2133
11;2025-12-03;17;2717
11;2025-12-03;18;3005
11;2025-12-03;19;2213
11;2025-12-03;20;1411
11;2025-12-03;21;778
11;2025-12-03;22;376
11;2025-12-03;23;233
11;2025-12-04;0;55
11;2025-12-04;1;0
11;2025-12-04;2;0
11;2025-12-04;3;0
11;2025-12-04;4;0
11;2025-12-04;5;239
11;2025-12-04;6;1265
11;2025-12-04;7;2438
11;2025-12-04;8;3151
11;2025-12-04;9;2413
11;2025-12-04;10;1999
11;2025-12-04;11;1880
11;2025-12-04;12;1935
11;2025-12-04;13;2056
11;2025-12-04;14;2012
11;2025-12-04;15;1890
11;2025-12-04;16;2133
11;2025-12-04;17;2717
11;2025-12-04;18;3005
11;2025-12-04;19;2213
11;2025-12-04;20;1411
11;2025-12-04;21;778
11;2025-12-04;22;376
11;2025-12-04;23;233
11;2025-12-05;0;68
11;2025-12-05;1;3
11;2025-12-05;2;0
11;2025-12-05;3;0
11;2025-12-05;4;0
11;2025-12-05;5;252
11;2025-12-05;6;1283
11;2025-12-05;7;2394
11;2025-12-05;8;3247
11;2025-12-05;9;2195
11;2025-12-05;10;1822
11;2025-12-05;11;1722
11;2025-12-05;12;1871
11;2025-12-05;13;1838
11;2025-12-05;14;2045
11;2025-12-05;15;2030
11;2025-12-05;16;2253
11;2025-12-05;17;2855
11;2025-12-05;18;2385
11;2025-12-05;19;1787
11;2025-12-05;20;1299
11;2025-12-05;21;810
11;2025-12-05;22;366
11;2025-12-05;23;330
11;2025-12-06;0;106
11;2025-12-06;1;1
11;2025-12-06;2;0
11;2025-12-06;3;0
11;2025-12-06;4;0
11;2025-12-06;5;166
11;2025-12-06;6;830
11;2025-12-06;7;753
11;2025-12-06;8;1035
11;2025-12-06;9;1158
11;2025-12-06;10;1383
11;2025-12-06;11;1704
11;2025-12-06;12;1943
11;2025-12-06;13;1808
11;2025-12-06;14;2048
11;2025-12-06;15;1896
11;2025-12-06;16;1777
11;2025-12-06;17;1882
11;2025-12-06;18;1494
11;2025-12-06;19;1454
11;2025-12-06;20;972
11;2025-12-06;21;705
11;2025-12-06;22;412
11;2025-12-06;23;275
11;2025-12-07;0;113
11;2025-12-07;1;16
11;2025-12-07;2;0
11;2025-12-07;3;0
11;2025-12-07;4;0
11;2025-12-07;5;107
11;2025-12-07;6;494
11;2025-12-07;7;489
11;2025-12-07;8;686
11;2025-12-07;9;934
11;2025-12-07;10;1033
11;2025-12-07;11;1516
11;2025-12-07;12;1590
11;2025-12-07;13;1536
11;2025-12-07;14;1643
11;2025-12-07;15;1613
11;2025-12-07;16;1520
11;2025-12-07;17;1691
11;2025-12-07;18;1243
11;2025-12-07;19;992
11;2025-12-07;20;765
11;2025-12-07;21;586
11;2025-12-07;22;343
11;2025-12-07;23;239
11;2025-12-08;0;71
11;2025-12-08;1;13
11;2025-12-08;2;0
11;2025-12-08;3;0
11;2025-12-08;4;1
11;2025-12-08;5;231
11;2025-12-08;6;1312
11;2025-12-08;7;2324
11;2025-12-08;8;3111
11;2025-12-08;9;2306
11;2025-12-08;10;1852
11;2025-12-08;11;1839
11;2025-12-08;12;1768
11;2025-12-08;13;1825
11;2025-12-08;14;1954
11;2025-12-08;15;2031
11;2025-12-08;16;2163
11;2025-12-08;17;2713
11;2025-12-08;18;2871
11;2025-12-08;19;2106
11;2025-12-08;20;1141
11;2025-12-08;21;748
11;2025-12-08;22;315
11;2025-12-08;23;198
11;2025-12-09;0;55
11;2025-12-09;1;0
11;2025-12-09;2;0
11;2025-12-09;3;0
11;2025-12-09;4;0
11;2025-12-09;5;239
11;2025-12-09;6;1265
11;2025-12-09;7;2438
11;2025-12-09;8;3151
11;2025-12-09;9;2413
11;2025-12-09;10;1999
11;2025-12-09;11;1880
11;2025-12-09;12;1935
11;2025-12-09;13;2056
11;2025-12-09;14;2012
11;2025-12-09;15;1890
11;2025-12-09;16;2133
11;2025-12-09;17;2717
11;2025-12-09;18;3005
11;2025-12-09;19;2213
11;2025-12-09;20;1411
11;2025-12-09;21;778
11;2025-12-09;22;376
11;2025-12-09;23;233
11;2025-12-10;0;55
11;2025-12-10;1;0
11;2025-12-10;2;0
11;2025-12-10;3;0
11;2025-12-10;4;0
11;2025-12-10;5;239
11;2025-12-10;6;1265
11;2025-12-10;7;2438
11;2025-12-10;8;3151
11;2025-12-10;9;2413
11;2025-12-10;10;1999
11;2025-12-10;11;1880
11;2025-12-10;12;1935
11;2025-12-10;13;2056
11;2025-12-10;14;2012
11;2025-12-10;15;1890
11;2025-12-10;16;2133
11;2025-12-10;17;2717
11;2025-12-10;18;3005
11;2025-12-10;19;2213
11;2025-12-10;20;1411
11;2025-12-10;21;778
11;2025-12-10;22;376
11;2025-12-10;23;233
11;2025-12-11;0;55
11;2025-12-11;1;0
11;2025-12-11;2;0
11;2025-12-11;3;0
11;2025-12-11;4;0
11;2025-12-11;5;239
11;2025-12-11;6;1265
11;2025-12-11;7;2438
11;2025-12-11;8;3151
11;2025-12-11;9;2413
11;2025-12-11;10;1999
11;2025-12-11;11;1880
11;2025-12-11;12;1935
11;2025-12-11;13;2056
11;2025-12-11;14;2012
11;2025-12-11;15;1890
11;2025-12-11;16;2133
11;2025-12-11;17;2717
11;2025-12-11;18;3005
11;2025-12-11;19;2213
11;2025-12-11;20;1411
11;2025-12-11;21;778
11;2025-12-11;22;376
11;2025-12-11;23;233
11;2025-12-12;0;68
11;2025-12-12;1;3
11;2025-12-12;2;0
11;2025-12-12;3;0
11;2025-12-12;4;0
11;2025-12-12;5;252
11;2025-12-12;6;1283
11;2025-12-12;7;2394
11;2025-12-12;8;3247
11;2025-12-12;9;2195
11;2025-12-12;10;1822
11;2025-12-12;11;1722
11;2025-12-12;12;1871
11;2025-12-12;13;1838
11;2025-12-12;14;2045
11;2025-12-12;15;2030
11;2025-12-12;16;2253
11;2025-12-12;17;2855
11;2025-12-12;18;2385
11;2025-12-12;19;1787
11;2025-12-12;20;1299
11;2025-12-12;21;810
11;2025-12-12;22;366
11;2025-12-12;23;330
11;2025-12-13;0;106
11;2025-12-13;1;1
11;2025-12-13;2;0
11;2025-12-13;3;0
11;2025-12-13;4;0
11;2025-12-13;5;166
11;2025-12-13;6;830
11;2025-12-13;7;753
11;2025-12-13;8;1035
11;2025-12-13;9;1158
11;2025-12-13;10;1383
11;2025-12-13;11;1704
11;2025-12-13;12;1943
11;2025-12-13;13;1808
11;2025-12-13;14;2048
11;2025-12-13;15;1896
11;2025-12-13;16;1777
11;2025-12-13;17;1882
11;2025-12-13;18;1494
11;2025-12-13;19;1454
11;2025-12-13;20;972
11;2025-12-13;21;705
11;2025-12-13;22;412
11;2025-12-13;23;275
11;2025-12-14;0;113
11;2025-12-14;1;16
11;2025-12-14;2;0
11;2025-12-14;3;0
11;2025-12-14;4;0
11;2025-12-14;5;107
11;2025-12-14;6;494
11;2025-12-14;7;489
11;2025-12-14;8;686
11;2025-12-14;9;934
11;2025-12-14;10;1033
11;2025-12-14;11;1516
11;2025-12-14;12;1590
11;2025-12-14;13;1536
11;2025-12-14;14;1643
11;2025-12-14;15;1613
11;2025-12-14;16;1520
11;2025-12-14;17;1691
11;2025-12-14;18;1243
11;2025-12-14;19;992
11;2025-12-14;20;765
11;2025-12-14;21;586
11;2025-12-14;22;343
11;2025-12-14;23;239
11;2025-12-15;0;71
11;2025-12-15;1;13
11;2025-12-15;2;0
11;2025-12-15;3;0
11;2025-12-15;4;1
11;2025-12-15;5;231
11;2025-12-15;6;1312
11;2025-12-15;7;2324
11;2025-12-15;8;3111
11;2025-12-15;9;2306
11;2025-12-15;10;1852
11;2025-12-15;11;1839
11;2025-12-15;12;1768
11;2025-12-15;13;1825
11;2025-12-15;14;1954
11;2025-12-15;15;2031
11;2025-12-15;16;2163
11;2025-12-15;17;2713
11;2025-12-15;18;2871
11;2025-12-15;19;2106
11;2025-12-15;20;1141
11;2025-12-15;21;748
11;2025-12-15;22;315
11;2025-12-15;23;198
11;2025-12-16;0;55
11;2025-12-16;1;0
11;2025-12-16;2;0
11;2025-12-16;3;0
11;2025-12-16;4;0
11;2025-12-16;5;239
11;2025-12-16;6;1265
11;2025-12-16;7;2438
11;2025-12-16;8;3151
11;2025-12-16;9;2413
11;2025-12-16;10;1999
11;2025-12-16;11;1880
11;2025-12-16;12;1935
11;2025-12-16;13;2056
11;2025-12-16;14;2012
11;2025-12-16;15;1890
11;2025-12-16;16;2133
11;2025-12-16;17;2717
11;2025-12-16;18;3005
11;2025-12-16;19;2213
11;2025-12-16;20;1411
11;2025-12-16;21;778
11;2025-12-16;22;376
11;2025-12-16;23;233
11;2025-12-17;0;55
11;2025-12-17;1;0
11;2025-12-17;2;0
11;2025-12-17;3;0
11;2025-12-17;4;0
11;2025-12-17;5;239
11;2025-12-17;6;1265
11;2025-12-17;7;2438
11;2025-12-17;8;3151
11;2025-12-17;9;2413
11;2025-12-17;10;1999
11;2025-12-17;11;1880
11;2025-12-17;12;1935
11;2025-12-17;13;2056
11;2025-12-17;14;2012
11;2025-12-17;15;1890
11;2025-12-17;16;2133
11;2025-12-17;17;2717
11;2025-12-17;18;3005
11;2025-12-17;19;2213
11;2025-12-17;20;1411
11;2025-12-17;21;778
11;2025-12-17;22;376
11;2025-12-17;23;233
11;2025-12-18;0;55
11;2025-12-18;1;0
11;2025-12-18;2;0
11;2025-12-18;3;0
11;2025-12-18;4;0
11;2025-12-18;5;239
11;2025-12-18;6;1265
11;2025-12-18;7;2438
11;2025-12-18;8;3151
11;2025-12-18;9;2413
11;2025-12-18;10;1999
11;2025-12-18;11;1880
11;2025-12-18;12;1935
11;2025-12-18;13;2056
11;2025-12-18;14;2012
11;2025-12-18;15;1890
11;2025-12-18;16;2133
11;2025-12-18;17;2717
11;2025-12-18;18;3005
11;2025-12-18;19;2213
11;2025-12-18;20;1411
11;2025-12-18;21;778
11;2025-12-18;22;376
11;2025-12-18;23;233
11;2025-12-19;0;68
11;2025-12-19;1;3
11;2025-12-19;2;0
11;2025-12-19;3;0
11;2025-12-19;4;0
11;2025-12-19;5;252
11;2025-12-19;6;1283
11;2025-12-19;7;2394
11;2025-12-19;8;3247
11;2025-12-19;9;2195
11;2025-12-19;10;1822
11;2025-12-19;11;1722
11;2025-12-19;12;1871
11;2025-12-19;13;1838
11;2025-12-19;14;2045
11;2025-12-19;15;2030
11;2025-12-19;16;2253
11;2025-12-19;17;2855
11;2025-12-19;18;2385
11;2025-12-19;19;1787
11;2025-12-19;20;1299
11;2025-12-19;21;810
11;2025-12-19;22;366
11;2025-12-19;23;330
11;2025-12-20;0;106
11;2025-12-20;1;1
11;2025-12-20;2;0
11;2025-12-20;3;0
11;2025-12-20;4;0
11;2025-12-20;5;166
11;2025-12-20;6;830
11;2025-12-20;7;753
11;2025-12-20;8;1035
11;2025-12-20;9;1158
11;2025-12-20;10;1383
11;2025-12-20;11;1704
11;2025-12-20;12;1943
11;2025-12-20;13;1808
11;2025-12-20;14;2048
11;2025-12-20;15;1896
11;2025-12-20;16;1777
11;2025-12-20;17;1882
11;2025-12-20;18;1494
11;2025-12-20;19;1454
11;2025-12-20;20;972
11;2025-12-20;21;705
11;2025-12-20;22;412
11;2025-12-20;23;275
11;2025-12-21;0;113
11;2025-12-21;1;16
11;2025-12-21;2;0
11;2025-12-21;3;0
11;2025-12-21;4;0
11;2025-12-21;5;107
11;2025-12-21;6;494
11;2025-12-21;7;489
11;2025-12-21;8;686
11;2025-12-21;9;934
11;2025-12-21;10;1033
11;2025-12-21;11;1516
11;2025-12-21;12;1590
11;2025-12-21;13;1536
11;2025-12-21;14;1643
11;2025-12-21;15;1613
11;2025-12-21;16;1520
11;2025-12-21;17;1691
11;2025-12-21;18;1243
11;2025-12-21;19;992
11;2025-12-21;20;765
11;2025-12-21;21;586
11;2025-12-21;22;343
11;2025-12-21;23;239
11;2025-12-22;0;71
11;2025-12-22;1;13
11;2025-12-22;2;0
11;2025-12-22;3;0
11;2025-12-22;4;1
11;2025-12-22;5;231
11;2025-12-22;6;1312
11;2025-12-22;7;2324
11;2025-12-22;8;3111
11;2025-12-22;9;2306
11;2025-12-22;10;1852
11;2025-12-22;11;1839
11;2025-12-22;12;1768
11;2025-12-22;13;1825
11;2025-12-22;14;1954
11;2025-12-22;15;2031
11;2025-12-22;16;2163
11;2025-12-22;17;2713
11;2025-12-22;18;2871
11;2025-12-22;19;2106
11;2025-12-22;20;1141
11;2025-12-22;21;748
11;2025-12-22;22;315
11;2025-12-22;23;198
11;2025-12-23;0;55
11;2025-12-23;1;0
11;2025-12-23;2;0
11;2025-12-23;3;0
11;2025-12-23;4;0
11;2025-12-23;5;239
11;2025-12-23;6;1265
11;2025-12-23;7;2438
11;2025-12-23;8;3151
11;2025-12-23;9;2413
11;2025-12-23;10;1999
11;2025-12-23;11;1880
11;2025-12-23;12;1935
11;2025-12-23;13;2056
11;2025-12-23;14;2012
11;2025-12-23;15;1890
11;2025-12-23;16;2133
11;2025-12-23;17;2717
11;2025-12-23;18;3005
11;2025-12-23;19;2213
11;2025-12-23;20;1411
11;2025-12-23;21;778
11;2025-12-23;22;376
11;2025-12-23;23;233
11;2025-12-24;0;55
11;2025-12-24;1;0
11;2025-12-24;2;0
11;2025-12-24;3;0
11;2025-12-24;4;0
11;2025-12-24;5;239
11;2025-12-24;6;1265
11;2025-12-24;7;2438
11;2025-12-24;8;3151
11;2025-12-24;9;2413
11;2025-12-24;10;1999
11;2025-12-24;11;1880
11;2025-12-24;12;1935
11;2025-12-24;13;2056
11;2025-12-24;14;2012
11;2025-12-24;15;1890
11;2025-12-24;16;2133
11;2025-12-24;17;2717
11;2025-12-24;18;3005
11;2025-12-24;19;2213
11;2025-12-24;20;1411
11;2025-12-24;21;778
11;2025-12-24;22;376
11;2025-12-24;23;233
11;2025-12-25;0;55
11;2025-12-25;1;0
11;2025-12-25;2;0
11;2025-12-25;3;0
11;2025-12-25;4;0
11;2025-12-25;5;239
11;2025-12-25;6;1265
11;2025-12-25;7;2438
11;2025-12-25;8;3151
11;2025-12-25;9;2413
11;2025-12-25;10;1999
11;2025-12-25;11;1880
11;2025-12-25;12;1935
11;2025-12-25;13;2056
11;2025-12-25;14;2012
11;2025-12-25;15;1890
11;2025-12-25;16;2133
11;2025-12-25;17;2717
11;2025-12-25;18;3005
11;2025-12-25;19;2213
11;2025-12-25;20;1411
11;2025-12-25;21;778
11;2025-12-25;22;376
11;2025-12-25;23;233
11;2025-12-26;0;68
11;2025-12-26;1;3
11;2025-12-26;2;0
11;2025-12-26;3;0
11;2025-12-26;4;0
11;2025-12-26;5;252
11;2025-12-26;6;1283
11;2025-12-26;7;2394
11;2025-12-26;8;3247
11;2025-12-26;9;2195
11;2025-12-26;10;1822
11;2025-12-26;11;1722
11;2025-12-26;12;1871
11;2025-12-26;13;1838
11;2025-12-26;14;2045
11;2025-12-26;15;2030
11;2025-12-26;16;2253
11;2025-12-26;17;2855
11;2025-12-26;18;2385
11;2025-12-26;19;1787
11;2025-12-26;20;1299
11;2025-12-26;21;810
11;2025-12-26;22;366
11;2025-12-26;23;330
11;2025-12-27;0;106
11;2025-12-27;1;1
11;2025-12-27;2;0
11;2025-12-27;3;0
11;2025-12-27;4;0
11;2025-12-27;5;166
11;2025-12-27;6;830
11;2025-12-27;7;753
11;2025-12-27;8;1035
11;2025-12-27;9;1158
11;2025-12-27;10;1383
11;2025-12-27;11;1704
11;2025-12-27;12;1943
11;2025-12-27;13;1808
11;2025-12-27;14;2048
11;2025-12-27;15;1896
11;2025-12-27;16;1777
11;2025-12-27;17;1882
11;2025-12-27;18;1494
11;2025-12-27;19;1454
11;2025-12-27;20;972
11;2025-12-27;21;705
11;2025-12-27;22;412
11;2025-12-27;23;275
11;2025-12-28;0;113
11;2025-12-28;1;16
11;2025-12-28;2;0
11;2025-12-28;3;0
11;2025-12-28;4;0
11;2025-12-28;5;107
11;2025-12-28;6;494
11;2025-12-28;7;489
11;2025-12-28;8;686
11;2025-12-28;9;934
11;2025-12-28;10;1033
11;2025-12-28;11;1516
11;2025-12-28;12;1590
11;2025-12-28;13;1536
11;2025-12-28;14;1643
11;2025-12-28;15;1613
11;2025-12-28;16;1520
11;2025-12-28;17;1691
11;2025-12-28;18;1243
11;2025-12-28;19;992
11;2025-12-28;20;765
11;2025-12-28;21;586
11;2025-12-28;22;343
11;2025-12-28;23;239
11;2025-12-29;0;58
11;2025-12-29;1;2
11;2025-12-29;2;0
11;2025-12-29;3;0
11;2025-12-29;4;0
11;2025-12-29;5;217
11;2025-12-29;6;1103
11;2025-12-29;7;2059
11;2025-12-29;8;2793
11;2025-12-29;9;1888
11;2025-12-29;10;1566
11;2025-12-29;11;1481
11;2025-12-29;12;1610
11;2025-12-29;13;1581
11;2025-12-29;14;1759
11;2025-12-29;15;1746
11;2025-12-29;16;1937
11;2025-12-29;17;2455
11;2025-12-29;18;2051
11;2025-12-29;19;1536
11;2025-12-29;20;1117
11;2025-12-29;21;697
11;2025-12-29;22;315
11;2025-12-29;23;283
11;2025-12-30;0;58
11;2025-12-30;1;2
11;2025-12-30;2;0
11;2025-12-30;3;0
11;2025-12-30;4;0
11;2025-12-30;5;217
11;2025-12-30;6;1103
11;2025-12-30;7;2059
11;2025-12-30;8;2793
11;2025-12-30;9;1888
11;2025-12-30;10;1566
11;2025-12-30;11;1481
11;2025-12-30;12;1610
11;2025-12-30;13;1581
11;2025-12-30;14;1759
11;2025-12-30;15;1746
11;2025-12-30;16;1937
11;2025-12-30;17;2455
11;2025-12-30;18;2051
11;2025-12-30;19;1536
11;2025-12-30;20;1117
11;2025-12-30;21;697
11;2025-12-30;22;315
11;2025-12-30;23;283
11;2025-12-31;0;90
11;2025-12-31;1;1
11;2025-12-31;2;0
11;2025-12-31;3;0
11;2025-12-31;4;0
11;2025-12-31;5;142
11;2025-12-31;6;706
11;2025-12-31;7;641
11;2025-12-31;8;879
11;2025-12-31;9;985
11;2025-12-31;10;1176
11;2025-12-31;11;1448
11;2025-12-31;12;1651
11;2025-12-31;13;1536
11;2025-12-31;14;1741
11;2025-12-31;15;1612
11;2025-12-31;16;1511
11;2025-12-31;17;1600
11;2025-12-31;18;1270
11;2025-12-31;19;680
11;2025-12-31;20;454
11;2025-12-31;21;330
11;2025-12-31;22;192
11;2025-12-31;23;129
12;2025-11-01;0;48
12;2025-11-01;1;1
12;2025-11-01;2;0
12;2025-11-01;3;0
12;2025-11-01;4;4
12;2025-11-01;5;278
12;2025-11-01;6;1207
12;2025-11-01;7;2315
12;2025-11-01;8;2857
12;2025-11-01;9;2144
12;2025-11-01;10;1613
12;2025-11-01;11;1602
12;2025-11-01;12;1637
12;2025-11-01;13;1855
12;2025-11-01;14;1678
12;2025-11-01;15;1884
12;2025-11-01;16;2475
12;2025-11-01;17;2473
12;2025-11-01;18;2170
12;2025-11-01;19;1789
12;2025-11-01;20;1171
12;2025-11-01;21;851
12;2025-11-01;22;427
12;2025-11-01;23;283
12;2025-11-02;0;83
12;2025-11-02;1;4
12;2025-11-02;2;0
12;2025-11-02;3;0
12;2025-11-02;4;3
12;2025-11-02;5;133
12;2025-11-02;6;524
12;2025-11-02;7;712
12;2025-11-02;8;727
12;2025-11-02;9;912
12;2025-11-02;10;1151
12;2025-11-02;11;1255
12;2025-11-02;12;1333
12;2025-11-02;13;1563
12;2025-11-02;14;1464
12;2025-11-02;15;1496
12;2025-11-02;16;1498
12;2025-11-02;17;1550
12;2025-11-02;18;1345
12;2025-11-02;19;1002
12;2025-11-02;20;780
12;2025-11-02;21;598
12;2025-11-02;22;390
12;2025-11-02;23;197
12;2025-11-03;0;80
12;2025-11-03;1;3
12;2025-11-03;2;0
12;2025-11-03;3;0
12;2025-11-03;4;3
12;2025-11-03;5;128
12;2025-11-03;6;507
12;2025-11-03;7;688
12;2025-11-03;8;703
12;2025-11-03;9;881
12;2025-11-03;10;1114
12;2025-11-03;11;1214
12;2025-11-03;12;1289
12;2025-11-03;13;1512
12;2025-11-03;14;1416
12;2025-11-03;15;1446
12;2025-11-03;16;1448
12;2025-11-03;17;1499
12;2025-11-03;18;1301
12;2025-11-03;19;969
12;2025-11-03;20;754
12;2025-11-03;21;578
12;2025-11-03;22;377
12;2025-11-03;23;190
12;2025-11-04;0;80
12;2025-11-04;1;3
12;2025-11-04;2;0
12;2025-11-04;3;0
12;2025-11-04;4;3
12;2025-11-04;5;128
12;2025-11-04;6;507
12;2025-11-04;7;688
12;2025-11-04;8;703
12;2025-11-04;9;881
12;2025-11-04;10;1114
12;2025-11-04;11;1214
12;2025-11-04;12;1289
12;2025-11-04;13;1512
12;2025-11-04;14;1416
12;2025-11-04;15;1446
12;2025-11-04;16;1448
12;2025-11-04;17;1499
12;2025-11-04;18;1301
12;2025-11-04;19;969
12;2025-11-04;20;754
12;2025-11-04;21;578
12;2025-11-04;22;377
12;2025-11-04;23;190
12;2025-11-05;0;54
12;2025-11-05;1;1
12;2025-11-05;2;0
12;2025-11-05;3;0
12;2025-11-05;4;7
12;2025-11-05;5;320
12;2025-11-05;6;1438
12;2025-11-05;7;2744
12;2025-11-05;8;3685
12;2025-11-05;9;2624
12;2025-11-05;10;2144
12;2025-11-05;11;2045
12;2025-11-05;12;2069
12;2025-11-05;13;2107
12;2025-11-05;14;1971
12;2025-11-05;15;2213
12;2025-11-05;16;2700
12;2025-11-05;17;3058
12;2025-11-05;18;3195
12;2025-11-05;19;2381
12;2025-11-05;20;1560
12;2025-11-05;21;972
12;2025-11-05;22;493
12;2025-11-05;23;260
12;2025-11-06;0;54
12;2025-11-06;1;1
12;2025-11-06;2;0
12;2025-11-06;3;0
12;2025-11-06;4;7
12;2025-11-06;5;320
12;2025-11-06;6;1438
12;2025-11-06;7;2744
12;2025-11-06;8;3685
12;2025-11-06;9;2624
12;2025-11-06;10;2144
12;2025-11-06;11;2045
12;2025-11-06;12;2069
12;2025-11-06;13;2107
12;2025-11-06;14;1971
12;2025-11-06;15;2213
12;2025-11-06;16;2700
12;2025-11-06;17;3058
12;2025-11-06;18;3195
12;2025-11-06;19;2381
12;2025-11-06;20;1560
12;2025-11-06;21;972
12;2025-11-06;22;493
12;2025-11-06;23;260
12;2025-11-07;0;55
12;2025-11-07;1;1
12;2025-11-07;2;0
12;2025-11-07;3;0
12;2025-11-07;4;5
12;2025-11-07;5;328
12;2025-11-07;6;1420
12;2025-11-07;7;2722
12;2025-11-07;8;3361
12;2025-11-07;9;2523
12;2025-11-07;10;1897
12;2025-11-07;11;1885
12;2025-11-07;12;1927
12;2025-11-07;13;2182
12;2025-11-07;14;1974
12;2025-11-07;15;2217
12;2025-11-07;16;2912
12;2025-11-07;17;2909
12;2025-11-07;18;2553
12;2025-11-07;19;2105
12;2025-11-07;20;1377
12;2025-11-07;21;1002
12;2025-11-07;22;502
12;2025-11-07;23;333
12;2025-11-08;0;68
12;2025-11-08;1;2
12;2025-11-08;2;0
12;2025-11-08;3;0
12;2025-11-08;4;2
12;2025-11-08;5;225
12;2025-11-08;6;798
12;2025-11-08;7;907
12;2025-11-08;8;1057
12;2025-11-08;9;1259
12;2025-11-08;10;1497
12;2025-11-08;11;1518
12;2025-11-08;12;1558
12;2025-11-08;13;1768
12;2025-11-08;14;1597
12;2025-11-08;15;1569
12;2025-11-08;16;1690
12;2025-11-08;17;1619
12;2025-11-08;18;1608
12;2025-11-08;19;1351
12;2025-11-08;20;949
12;2025-11-08;21;770
12;2025-11-08;22;392
12;2025-11-08;23;294
12;2025-11-09;0;83
12;2025-11-09;1;4
12;2025-11-09;2;0
12;2025-11-09;3;0
12;2025-11-09;4;3
12;2025-11-09;5;133
12;2025-11-09;6;524
12;2025-11-09;7;712
12;2025-11-09;8;727
12;2025-11-09;9;912
12;2025-11-09;10;1151
12;2025-11-09;11;1255
12;2025-11-09;12;1333
12;2025-11-09;13;1563
12;2025-11-09;14;1464
12;2025-11-09;15;1496
12;2025-11-09;16;1498
12;2025-11-09;17;1550
12;2025-11-09;18;1345
12;2025-11-09;19;1002
12;2025-11-09;20;780
12;2025-11-09;21;598
12;2025-11-09;22;390
12;2025-11-09;23;197
12;2025-11-10;0;52
12;2025-11-10;1;3
12;2025-11-10;2;0
12;2025-11-10;3;0
12;2025-11-10;4;7
12;2025-11-10;5;304
12;2025-11-10;6;1432
12;2025-11-10;7;2649
12;2025-11-10;8;3535
12;2025-11-10;9;2461
12;2025-11-10;10;1946
12;2025-11-10;11;1864
12;2025-11-10;12;2042
12;2025-11-10;13;1972
12;2025-11-10;14;1958
12;2025-11-10;15;2152
12;2025-11-10;16;2677
12;2025-11-10;17;2969
12;2025-11-10;18;3125
12;2025-11-10;19;2312
12;2025-11-10;20;1613
12;2025-11-10;21;954
12;2025-11-10;22;460
12;2025-11-10;23;233
12;2025-11-11;0;54
12;2025-11-11;1;1
12;2025-11-11;2;0
12;2025-11-11;3;0
12;2025-11-11;4;7
12;2025-11-11;5;320
12;2025-11-11;6;1438
12;2025-11-11;7;2744
12;2025-11-11;8;3685
12;2025-11-11;9;2624
12;2025-11-11;10;2144
12;2025-11-11;11;2045
12;2025-11-11;12;2069
12;2025-11-11;13;2107
12;2025-11-11;14;1971
12;2025-11-11;15;2213
12;2025-11-11;16;2700
12;2025-11-11;17;3058
12;2025-11-11;18;3195
12;2025-11-11;19;2381
12;2025-11-11;20;1560
12;2025-11-11;21;972
12;2025-11-11;22;493
12;2025-11-11;23;260
12;2025-11-12;0;54
12;2025-11-12;1;1
12;2025-11-12;2;0
12;2025-11-12;3;0
12;2025-11-12;4;7
12;2025-11-12;5;320
12;2025-11-12;6;1438
12;2025-11-12;7;2744
12;2025-11-12;8;3685
12;2025-11-12;9;2624
12;2025-11-12;10;2144
12;2025-11-12;11;2045
12;2025-11-12;12;2069
12;2025-11-12;13;2107
12;2025-11-12;14;1971
12;2025-11-12;15;2213
12;2025-11-12;16;2700
12;2025-11-12;17;3058
12;2025-11-12;18;3195
12;2025-11-12;19;2381
12;2025-11-12;20;1560
12;2025-11-12;21;972
12;2025-11-12;22;493
12;2025-11-12;23;260
12;2025-11-13;0;54
12;2025-11-13;1;1
12;2025-11-13;2;0
12;2025-11-13;3;0
12;2025-11-13;4;7
12;2025-11-13;5;320
12;2025-11-13;6;1438
12;2025-11-13;7;2744
12;2025-11-13;8;3685
12;2025-11-13;9;2624
12;2025-11-13;10;2144
12;2025-11-13;11;2045
12;2025-11-13;12;2069
12;2025-11-13;13;2107
12;2025-11-13;14;1971
12;2025-11-13;15;2213
12;2025-11-13;16;2700
12;2025-11-13;17;3058
12;2025-11-13;18;3195
12;2025-11-13;19;2381
12;2025-11-13;20;1560
12;2025-11-13;21;972
12;2025-11-13;22;493
12;2025-11-13;23;260
12;2025-11-14;0;55
12;2025-11-14;1;1
12;2025-11-14;2;0
12;2025-11-14;3;0
12;2025-11-14;4;5
12;2025-11-14;5;328
12;2025-11-14;6;1420
12;2025-11-14;7;2722
12;2025-11-14;8;3361
12;2025-11-14;9;2523
12;2025-11-14;10;1897
12;2025-11-14;11;1885
12;2025-11-14;12;1927
12;2025-11-14;13;2182
12;2025-11-14;14;1974
12;2025-11-14;15;2217
12;2025-11-14;16;2912
12;2025-11-14;17;2909
12;2025-11-14;18;2553
12;2025-11-14;19;2105
12;2025-11-14;20;1377
12;2025-11-14;21;1002
12;2025-11-14;22;502
12;2025-11-14;23;333
12;2025-11-15;0;64
12;2025-11-15;1;2
12;2025-11-15;2;0
12;2025-11-15;3;0
12;2025-11-15;4;1
12;2025-11-15;5;213
12;2025-11-15;6;756
12;2025-11-15;7;860
12;2025-11-15;8;1003
12;2025-11-15;9;1194
12;2025-11-15;10;1419
12;2025-11-15;11;1439
12;2025-11-15;12;1477
12;2025-11-15;13;1677
12;2025-11-15;14;1515
12;2025-11-15;15;1488
12;2025-11-15;16;1602
12;2025-11-15;17;1534
12;2025-11-15;18;1525
12;2025-11-15;19;1282
12;2025-11-15;20;900
12;2025-11-15;21;731
12;2025-11-15;22;372
12;2025-11-15;23;279
12;2025-11-16;0;83
12;2025-11-16;1;4
12;2025-11-16;2;0
12;2025-11-16;3;0
12;2025-11-16;4;3
12;2025-11-16;5;133
12;2025-11-16;6;524
12;2025-11-16;7;712
12;2025-11-16;8;727
12;2025-11-16;9;912
12;2025-11-16;10;1151
12;2025-11-16;11;1255
12;2025-11-16;12;1333
12;2025-11-16;13;1563
12;2025-11-16;14;1464
12;2025-11-16;15;1496
12;2025-11-16;16;1498
12;2025-11-16;17;1550
12;2025-11-16;18;1345
12;2025-11-16;19;1002
12;2025-11-16;20;780
12;2025-11-16;21;598
12;2025-11-16;22;390
12;2025-11-16;23;197
12;2025-11-17;0;52
12;2025-11-17;1;3
12;2025-11-17;2;0
12;2025-11-17;3;0
12;2025-11-17;4;7
12;2025-11-17;5;304
12;2025-11-17;6;1432
12;2025-11-17;7;2649
12;2025-11-17;8;3535
12;2025-11-17;9;2461
12;2025-11-17;10;1946
12;2025-11-17;11;1864
12;2025-11-17;12;2042
12;2025-11-17;13;1972
12;2025-11-17;14;1958
12;2025-11-17;15;2152
12;2025-11-17;16;2677
12;2025-11-17;17;2969
12;2025-11-17;18;3125
12;2025-11-17;19;2312
12;2025-11-17;20;1613
12;2025-11-17;21;954
12;2025-11-17;22;460
12;2025-11-17;23;233
12;2025-11-18;0;54
12;2025-11-18;1;1
12;2025-11-18;2;0
12;2025-11-18;3;0
12;2025-11-18;4;7
12;2025-11-18;5;320
12;2025-11-18;6;1438
12;2025-11-18;7;2744
12;2025-11-18;8;3685
12;2025-11-18;9;2624
12;2025-11-18;10;2144
12;2025-11-18;11;2045
12;2025-11-18;12;2069
12;2025-11-18;13;2107
12;2025-11-18;14;1971
12;2025-11-18;15;2213
12;2025-11-18;16;2700
12;2025-11-18;17;3058
12;2025-11-18;18;3195
12;2025-11-18;19;2381
12;2025-11-18;20;1560
12;2025-11-18;21;972
12;2025-11-18;22;493
12;2025-11-18;23;260
12;2025-11-19;0;54
12;2025-11-19;1;1
12;2025-11-19;2;0
12;2025-11-19;3;0
12;2025-11-19;4;7
12;2025-11-19;5;320
12;2025-11-19;6;1438
12;2025-11-19;7;2744
12;2025-11-19;8;3685
12;2025-11-19;9;2624
12;2025-11-19;10;2144
12;2025-11-19;11;2045
12;2025-11-19;12;2069
12;2025-11-19;13;2107
12;2025-11-19;14;1971
12;2025-11-19;15;2213
12;2025-11-19;16;2700
12;2025-11-19;17;3058
12;2025-11-19;18;3195
12;2025-11-19;19;2381
12;2025-11-19;20;1560
12;2025-11-19;21;972
12;2025-11-19;22;493
12;2025-11-19;23;260
12;2025-11-20;0;54
12;2025-11-20;1;1
12;2025-11-20;2;0
12;2025-11-20;3;0
12;2025-11-20;4;7
12;2025-11-20;5;320
12;2025-11-20;6;1438
12;2025-11-20;7;2744
12;2025-11-20;8;3685
12;2025-11-20;9;2624
12;2025-11-20;10;2144
12;2025-11-20;11;2045
12;2025-11-20;12;2069
12;2025-11-20;13;2107
12;2025-11-20;14;1971
12;2025-11-20;15;2213
12;2025-11-20;16;2700
12;2025-11-20;17;3058
12;2025-11-20;18;3195
12;2025-11-20;19;2381
12;2025-11-20;20;1560
12;2025-11-20;21;972
12;2025-11-20;22;493
12;2025-11-20;23;260
12;2025-11-21;0;55
12;2025-11-21;1;1
12;2025-11-21;2;0
12;2025-11-21;3;0
12;2025-11-21;4;5
12;2025-11-21;5;328
12;2025-11-21;6;1420
12;2025-11-21;7;2722
12;2025-11-21;8;3361
12;2025-11-21;9;2523
12;2025-11-21;10;1897
12;2025-11-21;11;1885
12;2025-11-21;12;1927
12;2025-11-21;13;2182
12;2025-11-21;14;1974
12;2025-11-21;15;2217
12;2025-11-21;16;2912
12;2025-11-21;17;2909
12;2025-11-21;18;2553
12;2025-11-21;19;2105
12;2025-11-21;20;1377
12;2025-11-21;21;1002
12;2025-11-21;22;502
12;2025-11-21;23;333
12;2025-11-22;0;68
12;2025-11-22;1;2
12;2025-11-22;2;0
12;2025-11-22;3;0
12;2025-11-22;4;2
12;2025-11-22;5;225
12;2025-11-22;6;798
12;2025-11-22;7;907
12;2025-11-22;8;1057
12;2025-11-22;9;1259
12;2025-11-22;10;1497
12;2025-11-22;11;1518
12;2025-11-22;12;1558
12;2025-11-22;13;1768
12;2025-11-22;14;1597
12;2025-11-22;15;1569
12;2025-11-22;16;1690
12;2025-11-22;17;1619
12;2025-11-22;18;1608
12;2025-11-22;19;1351
12;2025-11-22;20;949
12;2025-11-22;21;770
12;2025-11-22;22;392
12;2025-11-22;23;294
12;2025-11-23;0;83
12;2025-11-23;1;4
12;2025-11-23;2;0
12;2025-11-23;3;0
12;2025-11-23;4;3
12;2025-11-23;5;133
12;2025-11-23;6;524
12;2025-11-23;7;712
12;2025-11-23;8;727
12;2025-11-23;9;912
12;2025-11-23;10;1151
12;2025-11-23;11;1255
12;2025-11-23;12;1333
12;2025-11-23;13;1563
12;2025-11-23;14;1464
12;2025-11-23;15;1496
12;2025-11-23;16;1498
12;2025-11-23;17;1550
12;2025-11-23;18;1345
12;2025-11-23;19;1002
12;2025-11-23;20;780
12;2025-11-23;21;598
12;2025-11-23;22;390
12;2025-11-23;23;197
12;2025-11-24;0;52
12;2025-11-24;1;3
12;2025-11-24;2;0
12;2025-11-24;3;0
12;2025-11-24;4;7
12;2025-11-24;5;304
12;2025-11-24;6;1432
12;2025-11-24;7;2649
12;2025-11-24;8;3535
12;2025-11-24;9;2461
12;2025-11-24;10;1946
12;2025-11-24;11;1864
12;2025-11-24;12;2042
12;2025-11-24;13;1972
12;2025-11-24;14;1958
12;2025-11-24;15;2152
12;2025-11-24;16;2677
12;2025-11-24;17;2969
12;2025-11-24;18;3125
12;2025-11-24;19;2312
12;2025-11-24;20;1613
12;2025-11-24;21;954
12;2025-11-24;22;460
12;2025-11-24;23;233
12;2025-11-25;0;54
12;2025-11-25;1;1
12;2025-11-25;2;0
12;2025-11-25;3;0
12;2025-11-25;4;7
12;2025-11-25;5;320
12;2025-11-25;6;1438
12;2025-11-25;7;2744
12;2025-11-25;8;3685
12;2025-11-25;9;2624
12;2025-11-25;10;2144
12;2025-11-25;11;2045
12;2025-11-25;12;2069
12;2025-11-25;13;2107
12;2025-11-25;14;1971
12;2025-11-25;15;2213
12;2025-11-25;16;2700
12;2025-11-25;17;3058
12;2025-11-25;18;3195
12;2025-11-25;19;2381
12;2025-11-25;20;1560
12;2025-11-25;21;972
12;2025-11-25;22;493
12;2025-11-25;23;260
12;2025-11-26;0;54
12;2025-11-26;1;1
12;2025-11-26;2;0
12;2025-11-26;3;0
12;2025-11-26;4;7
12;2025-11-26;5;320
12;2025-11-26;6;1438
12;2025-11-26;7;2744
12;2025-11-26;8;3685
12;2025-11-26;9;2624
12;2025-11-26;10;2144
12;2025-11-26;11;2045
12;2025-11-26;12;2069
12;2025-11-26;13;2107
12;2025-11-26;14;1971
12;2025-11-26;15;2213
12;2025-11-26;16;2700
12;2025-11-26;17;3058
12;2025-11-26;18;3195
12;2025-11-26;19;2381
12;2025-11-26;20;1560
12;2025-11-26;21;972
12;2025-11-26;22;493
12;2025-11-26;23;260
12;2025-11-27;0;54
12;2025-11-27;1;1
12;2025-11-27;2;0
12;2025-11-27;3;0
12;2025-11-27;4;7
12;2025-11-27;5;320
12;2025-11-27;6;1438
12;2025-11-27;7;2744
12;2025-11-27;8;3685
12;2025-11-27;9;2624
12;2025-11-27;10;2144
12;2025-11-27;11;2045
12;2025-11-27;12;2069
12;2025-11-27;13;2107
12;2025-11-27;14;1971
12;2025-11-27;15;2213
12;2025-11-27;16;2700
12;2025-11-27;17;3058
12;2025-11-27;18;3195
12;2025-11-27;19;2381
12;2025-11-27;20;1560
12;2025-11-27;21;972
12;2025-11-27;22;493
12;2025-11-27;23;260
12;2025-11-28;0;55
12;2025-11-28;1;1
12;2025-11-28;2;0
12;2025-11-28;3;0
12;2025-11-28;4;5
12;2025-11-28;5;328
12;2025-11-28;6;1420
12;2025-11-28;7;2722
12;2025-11-28;8;3361
12;2025-11-28;9;2523
12;2025-11-28;10;1897
12;2025-11-28;11;1885
12;2025-11-28;12;1927
12;2025-11-28;13;2182
12;2025-11-28;14;1974
12;2025-11-28;15;2217
12;2025-11-28;16;2912
12;2025-11-28;17;2909
12;2025-11-28;18;2553
12;2025-11-28;19;2105
12;2025-11-28;20;1377
12;2025-11-28;21;1002
12;2025-11-28;22;502
12;2025-11-28;23;333
12;2025-11-29;0;68
12;2025-11-29;1;2
12;2025-11-29;2;0
12;2025-11-29;3;0
12;2025-11-29;4;2
12;2025-11-29;5;225
12;2025-11-29;6;798
12;2025-11-29;7;907
12;2025-11-29;8;1057
12;2025-11-29;9;1259
12;2025-11-29;10;1497
12;2025-11-29;11;1518
12;2025-11-29;12;1558
12;2025-11-29;13;1768
12;2025-11-29;14;1597
12;2025-11-29;15;1569
12;2025-11-29;16;1690
12;2025-11-29;17;1619
12;2025-11-29;18;1608
12;2025-11-29;19;1351
12;2025-11-29;20;949
12;2025-11-29;21;770
12;2025-11-29;22;392
12;2025-11-29;23;294
12;2025-11-30;0;83
12;2025-11-30;1;4
12;2025-11-30;2;0
12;2025-11-30;3;0
12;2025-11-30;4;3
12;2025-11-30;5;133
12;2025-11-30;6;524
12;2025-11-30;7;712
12;2025-11-30;8;727
12;2025-11-30;9;912
12;2025-11-30;10;1151
12;2025-11-30;11;1255
12;2025-11-30;12;1333
12;2025-11-30;13;1563
12;2025-11-30;14;1464
12;2025-11-30;15;1496
12;2025-11-30;16;1498
12;2025-11-30;17;1550
12;2025-11-30;18;1345
12;2025-11-30;19;1002
12;2025-11-30;20;780
12;2025-11-30;21;598
12;2025-11-30;22;390
12;2025-11-30;23;197
12;2025-12-01;0;52
12;2025-12-01;1;3
12;2025-12-01;2;0
12;2025-12-01;3;0
12;2025-12-01;4;7
12;2025-12-01;5;304
12;2025-12-01;6;1432
12;2025-12-01;7;2649
12;2025-12-01;8;3535
12;2025-12-01;9;2461
12;2025-12-01;10;1946
12;2025-12-01;11;1864
12;2025-12-01;12;2042
12;2025-12-01;13;1972
12;2025-12-01;14;1958
12;2025-12-01;15;2152
12;2025-12-01;16;2677
12;2025-12-01;17;2969
12;2025-12-01;18;3125
12;2025-12-01;19;2312
12;2025-12-01;20;1613
12;2025-12-01;21;954
12;2025-12-01;22;460
12;2025-12-01;23;233
12;2025-12-02;0;54
12;2025-12-02;1;1
12;2025-12-02;2;0
12;2025-12-02;3;0
12;2025-12-02;4;7
12;2025-12-02;5;320
12;2025-12-02;6;1438
12;2025-12-02;7;2744
12;2025-12-02;8;3685
12;2025-12-02;9;2624
12;2025-12-02;10;2144
12;2025-12-02;11;2045
12;2025-12-02;12;2069
12;2025-12-02;13;2107
12;2025-12-02;14;1971
12;2025-12-02;15;2213
12;2025-12-02;16;2700
12;2025-12-02;17;3058
12;2025-12-02;18;3195
12;2025-12-02;19;2381
12;2025-12-02;20;1560
12;2025-12-02;21;972
12;2025-12-02;22;493
12;2025-12-02;23;260
12;2025-12-03;0;54
12;2025-12-03;1;1
12;2025-12-03;2;0
12;2025-12-03;3;0
12;2025-12-03;4;7
12;2025-12-03;5;320
12;2025-12-03;6;1438
12;2025-12-03;7;2744
12;2025-12-03;8;3685
12;2025-12-03;9;2624
12;2025-12-03;10;2144
12;2025-12-03;11;2045
12;2025-12-03;12;2069
12;2025-12-03;13;2107
12;2025-12-03;14;1971
12;2025-12-03;15;2213
12;2025-12-03;16;2700
12;2025-12-03;17;3058
12;2025-12-03;18;3195
12;2025-12-03;19;2381
12;2025-12-03;20;1560
12;2025-12-03;21;972
12;2025-12-03;22;493
12;2025-12-03;23;260
12;2025-12-04;0;54
12;2025-12-04;1;1
12;2025-12-04;2;0
12;2025-12-04;3;0
12;2025-12-04;4;7
12;2025-12-04;5;320
12;2025-12-04;6;1438
12;2025-12-04;7;2744
12;2025-12-04;8;3685
12;2025-12-04;9;2624
12;2025-12-04;10;2144
12;2025-12-04;11;2045
12;2025-12-04;12;2069
12;2025-12-04;13;2107
12;2025-12-04;14;1971
12;2025-12-04;15;2213
12;2025-12-04;16;2700
12;2025-12-04;17;3058
12;2025-12-04;18;3195
12;2025-12-04;19;2381
12;2025-12-04;20;1560
12;2025-12-04;21;972
12;2025-12-04;22;493
12;2025-12-04;23;260
12;2025-12-05;0;55
12;2025-12-05;1;1
12;2025-12-05;2;0
12;2025-12-05;3;0
12;2025-12-05;4;5
12;2025-12-05;5;328
12;2025-12-05;6;1420
12;2025-12-05;7;2722
12;2025-12-05;8;3361
12;2025-12-05;9;2523
12;2025-12-05;10;1897
12;2025-12-05;11;1885
12;2025-12-05;12;1927
12;2025-12-05;13;2182
12;2025-12-05;14;1974
12;2025-12-05;15;2217
12;2025-12-05;16;2912
12;2025-12-05;17;2909
12;2025-12-05;18;2553
12;2025-12-05;19;2105
12;2025-12-05;20;1377
12;2025-12-05;21;1002
12;2025-12-05;22;502
12;2025-12-05;23;333
12;2025-12-06;0;68
12;2025-12-06;1;2
12;2025-12-06;2;0
12;2025-12-06;3;0
12;2025-12-06;4;2
12;2025-12-06;5;225
12;2025-12-06;6;798
12;2025-12-06;7;907
12;2025-12-06;8;1057
12;2025-12-06;9;1259
12;2025-12-06;10;1497
12;2025-12-06;11;1518
12;2025-12-06;12;1558
12;2025-12-06;13;1768
12;2025-12-06;14;1597
12;2025-12-06;15;1569
12;2025-12-06;16;1690
12;2025-12-06;17;1619
12;2025-12-06;18;1608
12;2025-12-06;19;1351
12;2025-12-06;20;949
12;2025-12-06;21;770
12;2025-12-06;22;392
12;2025-12-06;23;294
12;2025-12-07;0;83
12;2025-12-07;1;4
12;2025-12-07;2;0
12;2025-12-07;3;0
12;2025-12-07;4;3
12;2025-12-07;5;133
12;2025-12-07;6;524
12;2025-12-07;7;712
12;2025-12-07;8;727
12;2025-12-07;9;912
12;2025-12-07;10;1151
12;2025-12-07;11;1255
12;2025-12-07;12;1333
12;2025-12-07;13;1563
12;2025-12-07;14;1464
12;2025-12-07;15;1496
12;2025-12-07;16;1498
12;2025-12-07;17;1550
12;2025-12-07;18;1345
12;2025-12-07;19;1002
12;2025-12-07;20;780
12;2025-12-07;21;598
12;2025-12-07;22;390
12;2025-12-07;23;197
12;2025-12-08;0;52
12;2025-12-08;1;3
12;2025-12-08;2;0
12;2025-12-08;3;0
12;2025-12-08;4;7
12;2025-12-08;5;304
12;2025-12-08;6;1432
12;2025-12-08;7;2649
12;2025-12-08;8;3535
12;2025-12-08;9;2461
12;2025-12-08;10;1946
12;2025-12-08;11;1864
12;2025-12-08;12;2042
12;2025-12-08;13;1972
12;2025-12-08;14;1958
12;2025-12-08;15;2152
12;2025-12-08;16;2677
12;2025-12-08;17;2969
12;2025-12-08;18;3125
12;2025-12-08;19;2312
12;2025-12-08;20;1613
12;2025-12-08;21;954
12;2025-12-08;22;460
12;2025-12-08;23;233
12;2025-12-09;0;54
12;2025-12-09;1;1
12;2025-12-09;2;0
12;2025-12-09;3;0
12;2025-12-09;4;7
12;2025-12-09;5;320
12;2025-12-09;6;1438
12;2025-12-09;7;2744
12;2025-12-09;8;3685
12;2025-12-09;9;2624
12;2025-12-09;10;2144
12;2025-12-09;11;2045
12;2025-12-09;12;2069
12;2025-12-09;13;2107
12;2025-12-09;14;1971
12;2025-12-09;15;2213
12;2025-12-09;16;2700
12;2025-12-09;17;3058
12;2025-12-09;18;3195
12;2025-12-09;19;2381
12;2025-12-09;20;1560
12;2025-12-09;21;972
12;2025-12-09;22;493
12;2025-12-09;23;260
12;2025-12-10;0;54
12;2025-12-10;1;1
12;2025-12-10;2;0
12;2025-12-10;3;0
12;2025-12-10;4;7
12;2025-12-10;5;320
12;2025-12-10;6;1438
12;2025-12-10;7;2744
12;2025-12-10;8;3685
12;2025-12-10;9;2624
12;2025-12-10;10;2144
12;2025-12-10;11;2045
12;2025-12-10;12;2069
12;2025-12-10;13;2107
12;2025-12-10;14;1971
12;2025-12-10;15;2213
12;2025-12-10;16;2700
12;2025-12-10;17;3058
12;2025-12-10;18;3195
12;2025-12-10;19;2381
12;2025-12-10;20;1560
12;2025-12-10;21;972
12;2025-12-10;22;493
12;2025-12-10;23;260
12;2025-12-11;0;54
12;2025-12-11;1;1
12;2025-12-11;2;0
12;2025-12-11;3;0
12;2025-12-11;4;7
12;2025-12-11;5;320
12;2025-12-11;6;1438
12;2025-12-11;7;2744
12;2025-12-11;8;3685
12;2025-12-11;9;2624
12;2025-12-11;10;2144
12;2025-12-11;11;2045
12;2025-12-11;12;2069
12;2025-12-11;13;2107
12;2025-12-11;14;1971
12;2025-12-11;15;2213
12;2025-12-11;16;2700
12;2025-12-11;17;3058
12;2025-12-11;18;3195
12;2025-12-11;19;2381
12;2025-12-11;20;1560
12;2025-12-11;21;972
12;2025-12-11;22;493
12;2025-12-11;23;260
12;2025-12-12;0;55
12;2025-12-12;1;1
12;2025-12-12;2;0
12;2025-12-12;3;0
12;2025-12-12;4;5
12;2025-12-12;5;328
12;2025-12-12;6;1420
12;2025-12-12;7;2722
12;2025-12-12;8;3361
12;2025-12-12;9;2523
12;2025-12-12;10;1897
12;2025-12-12;11;1885
12;2025-12-12;12;1927
12;2025-12-12;13;2182
12;2025-12-12;14;1974
12;2025-12-12;15;2217
12;2025-12-12;16;2912
12;2025-12-12;17;2909
12;2025-12-12;18;2553
12;2025-12-12;19;2105
12;2025-12-12;20;1377
12;2025-12-12;21;1002
12;2025-12-12;22;502
12;2025-12-12;23;333
12;2025-12-13;0;68
12;2025-12-13;1;2
12;2025-12-13;2;0
12;2025-12-13;3;0
12;2025-12-13;4;2
12;2025-12-13;5;225
12;2025-12-13;6;798
12;2025-12-13;7;907
12;2025-12-13;8;1057
12;2025-12-13;9;1259
12;2025-12-13;10;1497
12;2025-12-13;11;1518
12;2025-12-13;12;1558
12;2025-12-13;13;1768
12;2025-12-13;14;1597
12;2025-12-13;15;1569
12;2025-12-13;16;1690
12;2025-12-13;17;1619
12;2025-12-13;18;1608
12;2025-12-13;19;1351
12;2025-12-13;20;949
12;2025-12-13;21;770
12;2025-12-13;22;392
12;2025-12-13;23;294
12;2025-12-14;0;83
12;2025-12-14;1;4
12;2025-12-14;2;0
12;2025-12-14;3;0
12;2025-12-14;4;3
12;2025-12-14;5;133
12;2025-12-14;6;524
12;2025-12-14;7;712
12;2025-12-14;8;727
12;2025-12-14;9;912
12;2025-12-14;10;1151
12;2025-12-14;11;1255
12;2025-12-14;12;1333
12;2025-12-14;13;1563
12;2025-12-14;14;1464
12;2025-12-14;15;1496
12;2025-12-14;16;1498
12;2025-12-14;17;1550
12;2025-12-14;18;1345
12;2025-12-14;19;1002
12;2025-12-14;20;780
12;2025-12-14;21;598
12;2025-12-14;22;390
12;2025-12-14;23;197
12;2025-12-15;0;52
12;2025-12-15;1;3
12;2025-12-15;2;0
12;2025-12-15;3;0
12;2025-12-15;4;7
12;2025-12-15;5;304
12;2025-12-15;6;1432
12;2025-12-15;7;2649
12;2025-12-15;8;3535
12;2025-12-15;9;2461
12;2025-12-15;10;1946
12;2025-12-15;11;1864
12;2025-12-15;12;2042
12;2025-12-15;13;1972
12;2025-12-15;14;1958
12;2025-12-15;15;2152
12;2025-12-15;16;2677
12;2025-12-15;17;2969
12;2025-12-15;18;3125
12;2025-12-15;19;2312
12;2025-12-15;20;1613
12;2025-12-15;21;954
12;2025-12-15;22;460
12;2025-12-15;23;233
12;2025-12-16;0;54
12;2025-12-16;1;1
12;2025-12-16;2;0
12;2025-12-16;3;0
12;2025-12-16;4;7
12;2025-12-16;5;320
12;2025-12-16;6;1438
12;2025-12-16;7;2744
12;2025-12-16;8;3685
12;2025-12-16;9;2624
12;2025-12-16;10;2144
12;2025-12-16;11;2045
12;2025-12-16;12;2069
12;2025-12-16;13;2107
12;2025-12-16;14;1971
12;2025-12-16;15;2213
12;2025-12-16;16;2700
12;2025-12-16;17;3058
12;2025-12-16;18;3195
12;2025-12-16;19;2381
12;2025-12-16;20;1560
12;2025-12-16;21;972
12;2025-12-16;22;493
12;2025-12-16;23;260
12;2025-12-17;0;54
12;2025-12-17;1;1
12;2025-12-17;2;0
12;2025-12-17;3;0
12;2025-12-17;4;7
12;2025-12-17;5;320
12;2025-12-17;6;1438
12;2025-12-17;7;2744
12;2025-12-17;8;3685
12;2025-12-17;9;2624
12;2025-12-17;10;2144
12;2025-12-17;11;2045
12;2025-12-17;12;2069
12;2025-12-17;13;2107
12;2025-12-17;14;1971
12;2025-12-17;15;2213
12;2025-12-17;16;2700
12;2025-12-17;17;3058
12;2025-12-17;18;3195
12;2025-12-17;19;2381
12;2025-12-17;20;1560
12;2025-12-17;21;972
12;2025-12-17;22;493
12;2025-12-17;23;260
12;2025-12-18;0;54
12;2025-12-18;1;1
12;2025-12-18;2;0
12;2025-12-18;3;0
12;2025-12-18;4;7
12;2025-12-18;5;320
12;2025-12-18;6;1438
12;2025-12-18;7;2744
12;2025-12-18;8;3685
12;2025-12-18;9;2624
12;2025-12-18;10;2144
12;2025-12-18;11;2045
12;2025-12-18;12;2069
12;2025-12-18;13;2107
12;2025-12-18;14;1971
12;2025-12-18;15;2213
12;2025-12-18;16;2700
12;2025-12-18;17;3058
12;2025-12-18;18;3195
12;2025-12-18;19;2381
12;2025-12-18;20;1560
12;2025-12-18;21;972
12;2025-12-18;22;493
12;2025-12-18;23;260
12;2025-12-19;0;55
12;2025-12-19;1;1
12;2025-12-19;2;0
12;2025-12-19;3;0
12;2025-12-19;4;5
12;2025-12-19;5;328
12;2025-12-19;6;1420
12;2025-12-19;7;2722
12;2025-12-19;8;3361
12;2025-12-19;9;2523
12;2025-12-19;10;1897
12;2025-12-19;11;1885
12;2025-12-19;12;1927
12;2025-12-19;13;2182
12;2025-12-19;14;1974
12;2025-12-19;15;2217
12;2025-12-19;16;2912
12;2025-12-19;17;2909
12;2025-12-19;18;2553
12;2025-12-19;19;2105
12;2025-12-19;20;1377
12;2025-12-19;21;1002
12;2025-12-19;22;502
12;2025-12-19;23;333
12;2025-12-20;0;68
12;2025-12-20;1;2
12;2025-12-20;2;0
12;2025-12-20;3;0
12;2025-12-20;4;2
12;2025-12-20;5;225
12;2025-12-20;6;798
12;2025-12-20;7;907
12;2025-12-20;8;1057
12;2025-12-20;9;1259
12;2025-12-20;10;1497
12;2025-12-20;11;1518
12;2025-12-20;12;1558
12;2025-12-20;13;1768
12;2025-12-20;14;1597
12;2025-12-20;15;1569
12;2025-12-20;16;1690
12;2025-12-20;17;1619
12;2025-12-20;18;1608
12;2025-12-20;19;1351
12;2025-12-20;20;949
12;2025-12-20;21;770
12;2025-12-20;22;392
12;2025-12-20;23;294
12;2025-12-21;0;83
12;2025-12-21;1;4
12;2025-12-21;2;0
12;2025-12-21;3;0
12;2025-12-21;4;3
12;2025-12-21;5;133
12;2025-12-21;6;524
12;2025-12-21;7;712
12;2025-12-21;8;727
12;2025-12-21;9;912
12;2025-12-21;10;1151
12;2025-12-21;11;1255
12;2025-12-21;12;1333
12;2025-12-21;13;1563
12;2025-12-21;14;1464
12;2025-12-21;15;1496
12;2025-12-21;16;1498
12;2025-12-21;17;1550
12;2025-12-21;18;1345
12;2025-12-21;19;1002
12;2025-12-21;20;780
12;2025-12-21;21;598
12;2025-12-21;22;390
12;2025-12-21;23;197
12;2025-12-22;0;52
12;2025-12-22;1;3
12;2025-12-22;2;0
12;2025-12-22;3;0
12;2025-12-22;4;7
12;2025-12-22;5;304
12;2025-12-22;6;1432
12;2025-12-22;7;2649
12;2025-12-22;8;3535
12;2025-12-22;9;2461
12;2025-12-22;10;1946
12;2025-12-22;11;1864
12;2025-12-22;12;2042
12;2025-12-22;13;1972
12;2025-12-22;14;1958
12;2025-12-22;15;2152
12;2025-12-22;16;2677
12;2025-12-22;17;2969
12;2025-12-22;18;3125
12;2025-12-22;19;2312
12;2025-12-22;20;1613
12;2025-12-22;21;954
12;2025-12-22;22;460
12;2025-12-22;23;233
12;2025-12-23;0;54
12;2025-12-23;1;1
12;2025-12-23;2;0
12;2025-12-23;3;0
12;2025-12-23;4;7
12;2025-12-23;5;320
12;2025-12-23;6;1438
12;2025-12-23;7;2744
12;2025-12-23;8;3685
12;2025-12-23;9;2624
12;2025-12-23;10;2144
12;2025-12-23;11;2045
12;2025-12-23;12;2069
12;2025-12-23;13;2107
12;2025-12-23;14;1971
12;2025-12-23;15;2213
12;2025-12-23;16;2700
12;2025-12-23;17;3058
12;2025-12-23;18;3195
12;2025-12-23;19;2381
12;2025-12-23;20;1560
12;2025-12-23;21;972
12;2025-12-23;22;493
12;2025-12-23;23;260
12;2025-12-24;0;54
12;2025-12-24;1;1
12;2025-12-24;2;0
12;2025-12-24;3;0
12;2025-12-24;4;7
12;2025-12-24;5;320
12;2025-12-24;6;1438
12;2025-12-24;7;2744
12;2025-12-24;8;3685
12;2025-12-24;9;2624
12;2025-12-24;10;2144
12;2025-12-24;11;2045
12;2025-12-24;12;2069
12;2025-12-24;13;2107
12;2025-12-24;14;1971
12;2025-12-24;15;2213
12;2025-12-24;16;2700
12;2025-12-24;17;3058
12;2025-12-24;18;3195
12;2025-12-24;19;2381
12;2025-12-24;20;1560
12;2025-12-24;21;972
12;2025-12-24;22;493
12;2025-12-24;23;260
12;2025-12-25;0;54
12;2025-12-25;1;1
12;2025-12-25;2;0
12;2025-12-25;3;0
12;2025-12-25;4;7
12;2025-12-25;5;320
12;2025-12-25;6;1438
12;2025-12-25;7;2744
12;2025-12-25;8;3685
12;2025-12-25;9;2624
12;2025-12-25;10;2144
12;2025-12-25;11;2045
12;2025-12-25;12;2069
12;2025-12-25;13;2107
12;2025-12-25;14;1971
12;2025-12-25;15;2213
12;2025-12-25;16;2700
12;2025-12-25;17;3058
12;2025-12-25;18;3195
12;2025-12-25;19;2381
12;2025-12-25;20;1560
12;2025-12-25;21;972
12;2025-12-25;22;493
12;2025-12-25;23;260
12;2025-12-26;0;55
12;2025-12-26;1;1
12;2025-12-26;2;0
12;2025-12-26;3;0
12;2025-12-26;4;5
12;2025-12-26;5;328
12;2025-12-26;6;1420
12;2025-12-26;7;2722
12;2025-12-26;8;3361
12;2025-12-26;9;2523
12;2025-12-26;10;1897
12;2025-12-26;11;1885
12;2025-12-26;12;1927
12;2025-12-26;13;2182
12;2025-12-26;14;1974
12;2025-12-26;15;2217
12;2025-12-26;16;2912
12;2025-12-26;17;2909
12;2025-12-26;18;2553
12;2025-12-26;19;2105
12;2025-12-26;20;1377
12;2025-12-26;21;1002
12;2025-12-26;22;502
12;2025-12-26;23;333
12;2025-12-27;0;68
12;2025-12-27;1;2
12;2025-12-27;2;0
12;2025-12-27;3;0
12;2025-12-27;4;2
12;2025-12-27;5;225
12;2025-12-27;6;798
12;2025-12-27;7;907
12;2025-12-27;8;1057
12;2025-12-27;9;1259
12;2025-12-27;10;1497
12;2025-12-27;11;1518
12;2025-12-27;12;1558
12;2025-12-27;13;1768
12;2025-12-27;14;1597
12;2025-12-27;15;1569
12;2025-12-27;16;1690
12;2025-12-27;17;1619
12;2025-12-27;18;1608
12;2025-12-27;19;1351
12;2025-12-27;20;949
12;2025-12-27;21;770
12;2025-12-27;22;392
12;2025-12-27;23;294
12;2025-12-28;0;83
12;2025-12-28;1;4
12;2025-12-28;2;0
12;2025-12-28;3;0
12;2025-12-28;4;3
12;2025-12-28;5;133
12;2025-12-28;6;524
12;2025-12-28;7;712
12;2025-12-28;8;727
12;2025-12-28;9;912
12;2025-12-28;10;1151
12;2025-12-28;11;1255
12;2025-12-28;12;1333
12;2025-12-28;13;1563
12;2025-12-28;14;1464
12;2025-12-28;15;1496
12;2025-12-28;16;1498
12;2025-12-28;17;1550
12;2025-12-28;18;1345
12;2025-12-28;19;1002
12;2025-12-28;20;780
12;2025-12-28;21;598
12;2025-12-28;22;390
12;2025-12-28;23;197
12;2025-12-29;0;48
12;2025-12-29;1;1
12;2025-12-29;2;0
12;2025-12-29;3;0
12;2025-12-29;4;4
12;2025-12-29;5;282
12;2025-12-29;6;1222
12;2025-12-29;7;2341
12;2025-12-29;8;2891
12;2025-12-29;9;2169
12;2025-12-29;10;1632
12;2025-12-29;11;1621
12;2025-12-29;12;1656
12;2025-12-29;13;1877
12;2025-12-29;14;1698
12;2025-12-29;15;1907
12;2025-12-29;16;2504
12;2025-12-29;17;2502
12;2025-12-29;18;2196
12;2025-12-29;19;1810
12;2025-12-29;20;1185
12;2025-12-29;21;861
12;2025-12-29;22;432
12;2025-12-29;23;286
12;2025-12-30;0;48
12;2025-12-30;1;1
12;2025-12-30;2;0
12;2025-12-30;3;0
12;2025-12-30;4;4
12;2025-12-30;5;282
12;2025-12-30;6;1222
12;2025-12-30;7;2341
12;2025-12-30;8;2891
12;2025-12-30;9;2169
12;2025-12-30;10;1632
12;2025-12-30;11;1621
12;2025-12-30;12;1656
12;2025-12-30;13;1877
12;2025-12-30;14;1698
12;2025-12-30;15;1907
12;2025-12-30;16;2504
12;2025-12-30;17;2502
12;2025-12-30;18;2196
12;2025-12-30;19;1810
12;2025-12-30;20;1185
12;2025-12-30;21;861
12;2025-12-30;22;432
12;2025-12-30;23;286
12;2025-12-31;0;57
12;2025-12-31;1;2
12;2025-12-31;2;0
12;2025-12-31;3;0
12;2025-12-31;4;1
12;2025-12-31;5;191
12;2025-12-31;6;678
12;2025-12-31;7;771
12;2025-12-31;8;899
12;2025-12-31;9;1070
12;2025-12-31;10;1272
12;2025-12-31;11;1290
12;2025-12-31;12;1325
12;2025-12-31;13;1503
12;2025-12-31;14;1357
12;2025-12-31;15;1334
12;2025-12-31;16;1436
12;2025-12-31;17;1375
12;2025-12-31;18;1367
12;2025-12-31;19;632
12;2025-12-31;20;444
12;2025-12-31;21;360
12;2025-12-31;22;183
12;2025-12-31;23;138
17;2025-11-01;0;122
17;2025-11-01;1;15
17;2025-11-01;2;0
17;2025-11-01;3;0
17;2025-11-01;4;21
17;2025-11-01;5;265
17;2025-11-01;6;1302
17;2025-11-01;7;3528
17;2025-11-01;8;4471
17;2025-11-01;9;3230
17;2025-11-01;10;2558
17;2025-11-01;11;2603
17;2025-11-01;12;2572
17;2025-11-01;13;2648
17;2025-11-01;14;2707
17;2025-11-01;15;2941
17;2025-11-01;16;3556
17;2025-11-01;17;4044
17;2025-11-01;18;3670
17;2025-11-01;19;2715
17;2025-11-01;20;2000
17;2025-11-01;21;1345
17;2025-11-01;22;648
17;2025-11-01;23;403
17;2025-11-02;0;186
17;2025-11-02;1;24
17;2025-11-02;2;0
17;2025-11-02;3;0
17;2025-11-02;4;3
17;2025-11-02;5;106
17;2025-11-02;6;437
17;2025-11-02;7;848
17;2025-11-02;8;1236
17;2025-11-02;9;1692
17;2025-11-02;10;1997
17;2025-11-02;11;2568
17;2025-11-02;12;2914
17;2025-11-02;13;3163
17;2025-11-02;14;3299
17;2025-11-02;15;3229
17;2025-11-02;16;3140
17;2025-11-02;17;2981
17;2025-11-02;18;2570
17;2025-11-02;19;2057
17;2025-11-02;20;1517
17;2025-11-02;21;1121
17;2025-11-02;22;686
17;2025-11-02;23;315
17;2025-11-03;0;179
17;2025-11-03;1;23
17;2025-11-03;2;0
17;2025-11-03;3;0
17;2025-11-03;4;3
17;2025-11-03;5;103
17;2025-11-03;6;423
17;2025-11-03;7;821
17;2025-11-03;8;1195
17;2025-11-03;9;1636
17;2025-11-03;10;1931
17;2025-11-03;11;2483
17;2025-11-03;12;2818
17;2025-11-03;13;3059
17;2025-11-03;14;3189
17;2025-11-03;15;3122
17;2025-11-03;16;3036
17;2025-11-03;17;2883
17;2025-11-03;18;2485
17;2025-11-03;19;1989
17;2025-11-03;20;1466
17;2025-11-03;21;1083
17;2025-11-03;22;663
17;2025-11-03;23;305
17;2025-11-04;0;179
17;2025-11-04;1;23
17;2025-11-04;2;0
17;2025-11-04;3;0
17;2025-11-04;4;3
17;2025-11-04;5;103
17;2025-11-04;6;423
17;2025-11-04;7;821
17;2025-11-04;8;1195
17;2025-11-04;9;1636
17;2025-11-04;10;1931
17;2025-11-04;11;2483
17;2025-11-04;12;2818
17;2025-11-04;13;3059
17;2025-11-04;14;3189
17;2025-11-04;15;3122
17;2025-11-04;16;3036
17;2025-11-04;17;2883
17;2025-11-04;18;2485
17;2025-11-04;19;1989
17;2025-11-04;20;1466
17;2025-11-04;21;1083
17;2025-11-04;22;663
17;2025-11-04;23;305
17;2025-11-05;0;119
17;2025-11-05;1;11
17;2025-11-05;2;0
17;2025-11-05;3;0
17;2025-11-05;4;25
17;2025-11-05;5;313
17;2025-11-05;6;1523
17;2025-11-05;7;4206
17;2025-11-05;8;5367
17;2025-11-05;9;3854
17;2025-11-05;10;3063
17;2025-11-05;11;3028
17;2025-11-05;12;3040
17;2025-11-05;13;3091
17;2025-11-05;14;3218
17;2025-11-05;15;3268
17;2025-11-05;16;3638
17;2025-11-05;17;4519
17;2025-11-05;18;4771
17;2025-11-05;19;3315
17;2025-11-05;20;2331
17;2025-11-05;21;1444
17;2025-11-05;22;690
17;2025-11-05;23;375
17;2025-11-06;0;119
17;2025-11-06;1;11
17;2025-11-06;2;0
17;2025-11-06;3;0
17;2025-11-06;4;25
17;2025-11-06;5;313
17;2025-11-06;6;1523
17;2025-11-06;7;4206
17;2025-11-06;8;5367
17;2025-11-06;9;3854
17;2025-11-06;10;3063
17;2025-11-06;11;3028
17;2025-11-06;12;3040
17;2025-11-06;13;3091
17;2025-11-06;14;3218
17;2025-11-06;15;3268
17;2025-11-06;16;3638
17;2025-11-06;17;4519
17;2025-11-06;18;4771
17;2025-11-06;19;3315
17;2025-11-06;20;2331
17;2025-11-06;21;1444
17;2025-11-06;22;690
17;2025-11-06;23;375
17;2025-11-07;0;144
17;2025-11-07;1;18
17;2025-11-07;2;0
17;2025-11-07;3;0
17;2025-11-07;4;25
17;2025-11-07;5;312
17;2025-11-07;6;1532
17;2025-11-07;7;4151
17;2025-11-07;8;5260
17;2025-11-07;9;3801
17;2025-11-07;10;3010
17;2025-11-07;11;3062
17;2025-11-07;12;3025
17;2025-11-07;13;3116
17;2025-11-07;14;3185
17;2025-11-07;15;3460
17;2025-11-07;16;4184
17;2025-11-07;17;4758
17;2025-11-07;18;4317
17;2025-11-07;19;3194
17;2025-11-07;20;2353
17;2025-11-07;21;1583
17;2025-11-07;22;762
17;2025-11-07;23;474
17;2025-11-08;0;201
17;2025-11-08;1;28
17;2025-11-08;2;0
17;2025-11-08;3;0
17;2025-11-08;4;5
17;2025-11-08;5;136
17;2025-11-08;6;578
17;2025-11-08;7;1261
17;2025-11-08;8;1788
17;2025-11-08;9;2275
17;2025-11-08;10;2543
17;2025-11-08;11;3031
17;2025-11-08;12;3357
17;2025-11-08;13;3621
17;2025-11-08;14;3636
17;2025-11-08;15;3629
17;2025-11-08;16;3645
17;2025-11-08;17;3357
17;2025-11-08;18;2972
17;2025-11-08;19;2349
17;2025-11-08;20;1849
17;2025-11-08;21;1327
17;2025-11-08;22;799
17;2025-11-08;23;448
17;2025-11-09;0;186
17;2025-11-09;1;24
17;2025-11-09;2;0
17;2025-11-09;3;0
17;2025-11-09;4;3
17;2025-11-09;5;106
17;2025-11-09;6;437
17;2025-11-09;7;848
17;2025-11-09;8;1236
17;2025-11-09;9;1692
17;2025-11-09;10;1997
17;2025-11-09;11;2568
17;2025-11-09;12;2914
17;2025-11-09;13;3163
17;2025-11-09;14;3299
17;2025-11-09;15;3229
17;2025-11-09;16;3140
17;2025-11-09;17;2981
17;2025-11-09;18;2570
17;2025-11-09;19;2057
17;2025-11-09;20;1517
17;2025-11-09;21;1121
17;2025-11-09;22;686
17;2025-11-09;23;315
17;2025-11-10;0;120
17;2025-11-10;1;14
17;2025-11-10;2;0
17;2025-11-10;3;0
17;2025-11-10;4;27
17;2025-11-10;5;292
17;2025-11-10;6;1512
17;2025-11-10;7;4065
17;2025-11-10;8;5345
17;2025-11-10;9;3784
17;2025-11-10;10;2872
17;2025-11-10;11;2814
17;2025-11-10;12;2861
17;2025-11-10;13;2979
17;2025-11-10;14;2996
17;2025-11-10;15;3088
17;2025-11-10;16;3589
17;2025-11-10;17;4216
17;2025-11-10;18;4501
17;2025-11-10;19;2728
17;2025-11-10;20;2021
17;2025-11-10;21;1332
17;2025-11-10;22;625
17;2025-11-10;23;307
17;2025-11-11;0;119
17;2025-11-11;1;11
17;2025-11-11;2;0
17;2025-11-11;3;0
17;2025-11-11;4;25
17;2025-11-11;5;313
17;2025-11-11;6;1523
17;2025-11-11;7;4206
17;2025-11-11;8;5367
17;2025-11-11;9;3854
17;2025-11-11;10;3063
17;2025-11-11;11;3028
17;2025-11-11;12;3040
17;2025-11-11;13;3091
17;2025-11-11;14;3218
17;2025-11-11;15;3268
17;2025-11-11;16;3638
17;2025-11-11;17;4519
17;2025-11-11;18;4771
17;2025-11-11;19;3315
17;2025-11-11;20;2331
17;2025-11-11;21;1444
17;2025-11-11;22;690
17;2025-11-11;23;375
17;2025-11-12;0;119
17;2025-11-12;1;11
17;2025-11-12;2;0
17;2025-11-12;3;0
17;2025-11-12;4;25
17;2025-11-12;5;313
17;2025-11-12;6;1523
17;2025-11-12;7;4206
17;2025-11-12;8;5367
17;2025-11-12;9;3854
17;2025-11-12;10;3063
17;2025-11-12;11;3028
17;2025-11-12;12;3040
17;2025-11-12;13;3091
17;2025-11-12;14;3218
17;2025-11-12;15;3268
17;2025-11-12;16;3638
17;2025-11-12;17;4519
17;2025-11-12;18;4771
17;2025-11-12;19;3315
17;2025-11-12;20;2331
17;2025-11-12;21;1444
17;2025-11-12;22;690
17;2025-11-12;23;375
17;2025-11-13;0;119
17;2025-11-13;1;11
17;2025-11-13;2;0
17;2025-11-13;3;0
17;2025-11-13;4;25
17;2025-11-13;5;313
17;2025-11-13;6;1523
17;2025-11-13;7;4206
17;2025-11-13;8;5367
17;2025-11-13;9;3854
17;2025-11-13;10;3063
17;2025-11-13;11;3028
17;2025-11-13;12;3040
17;2025-11-13;13;3091
17;2025-11-13;14;3218
17;2025-11-13;15;3268
17;2025-11-13;16;3638
17;2025-11-13;17;4519
17;2025-11-13;18;4771
17;2025-11-13;19;3315
17;2025-11-13;20;2331
17;2025-11-13;21;1444
17;2025-11-13;22;690
17;2025-11-13;23;375
17;2025-11-14;0;144
17;2025-11-14;1;18
17;2025-11-14;2;0
17;2025-11-14;3;0
17;2025-11-14;4;25
17;2025-11-14;5;312
17;2025-11-14;6;1532
17;2025-11-14;7;4151
17;2025-11-14;8;5260
17;2025-11-14;9;3801
17;2025-11-14;10;3010
17;2025-11-14;11;3062
17;2025-11-14;12;3025
17;2025-11-14;13;3116
17;2025-11-14;14;3185
17;2025-11-14;15;3460
17;2025-11-14;16;4184
17;2025-11-14;17;4758
17;2025-11-14;18;4317
17;2025-11-14;19;3194
17;2025-11-14;20;2353
17;2025-11-14;21;1583
17;2025-11-14;22;762
17;2025-11-14;23;474
17;2025-11-15;0;191
17;2025-11-15;1;27
17;2025-11-15;2;0
17;2025-11-15;3;0
17;2025-11-15;4;5
17;2025-11-15;5;129
17;2025-11-15;6;548
17;2025-11-15;7;1196
17;2025-11-15;8;1696
17;2025-11-15;9;2157
17;2025-11-15;10;2412
17;2025-11-15;11;2874
17;2025-11-15;12;3184
17;2025-11-15;13;3434
17;2025-11-15;14;3448
17;2025-11-15;15;3441
17;2025-11-15;16;3457
17;2025-11-15;17;3184
17;2025-11-15;18;2819
17;2025-11-15;19;2228
17;2025-11-15;20;1754
17;2025-11-15;21;1258
17;2025-11-15;22;757
17;2025-11-15;23;425
17;2025-11-16;0;186
17;2025-11-16;1;24
17;2025-11-16;2;0
17;2025-11-16;3;0
17;2025-11-16;4;3
17;2025-11-16;5;106
17;2025-11-16;6;437
17;2025-11-16;7;848
17;2025-11-16;8;1236
17;2025-11-16;9;1692
17;2025-11-16;10;1997
17;2025-11-16;11;2568
17;2025-11-16;12;2914
17;2025-11-16;13;3163
17;2025-11-16;14;3299
17;2025-11-16;15;3229
17;2025-11-16;16;3140
17;2025-11-16;17;2981
17;2025-11-16;18;2570
17;2025-11-16;19;2057
17;2025-11-16;20;1517
17;2025-11-16;21;1121
17;2025-11-16;22;686
17;2025-11-16;23;315
17;2025-11-17;0;120
17;2025-11-17;1;14
17;2025-11-17;2;0
17;2025-11-17;3;0
17;2025-11-17;4;27
17;2025-11-17;5;292
17;2025-11-17;6;1512
17;2025-11-17;7;4065
17;2025-11-17;8;5345
17;2025-11-17;9;3784
17;2025-11-17;10;2872
17;2025-11-17;11;2814
17;2025-11-17;12;2861
17;2025-11-17;13;2979
17;2025-11-17;14;2996
17;2025-11-17;15;3088
17;2025-11-17;16;3589
17;2025-11-17;17;4216
17;2025-11-17;18;4501
17;2025-11-17;19;2728
17;2025-11-17;20;2021
17;2025-11-17;21;1332
17;2025-11-17;22;625
17;2025-11-17;23;307
17;2025-11-18;0;119
17;2025-11-18;1;11
17;2025-11-18;2;0
17;2025-11-18;3;0
17;2025-11-18;4;25
17;2025-11-18;5;313
17;2025-11-18;6;1523
17;2025-11-18;7;4206
17;2025-11-18;8;5367
17;2025-11-18;9;3854
17;2025-11-18;10;3063
17;2025-11-18;11;3028
17;2025-11-18;12;3040
17;2025-11-18;13;3091
17;2025-11-18;14;3218
17;2025-11-18;15;3268
17;2025-11-18;16;3638
17;2025-11-18;17;4519
17;2025-11-18;18;4771
17;2025-11-18;19;3315
17;2025-11-18;20;2331
17;2025-11-18;21;1444
17;2025-11-18;22;690
17;2025-11-18;23;375
17;2025-11-19;0;119
17;2025-11-19;1;11
17;2025-11-19;2;0
17;2025-11-19;3;0
17;2025-11-19;4;25
17;2025-11-19;5;313
17;2025-11-19;6;1523
17;2025-11-19;7;4206
17;2025-11-19;8;5367
17;2025-11-19;9;3854
17;2025-11-19;10;3063
17;2025-11-19;11;3028
17;2025-11-19;12;3040
17;2025-11-19;13;3091
17;2025-11-19;14;3218
17;2025-11-19;15;3268
17;2025-11-19;16;3638
17;2025-11-19;17;4519
17;2025-11-19;18;4771
17;2025-11-19;19;3315
17;2025-11-19;20;2331
17;2025-11-19;21;1444
17;2025-11-19;22;690
17;2025-11-19;23;375
17;2025-11-20;0;119
17;2025-11-20;1;11
17;2025-11-20;2;0
17;2025-11-20;3;0
17;2025-11-20;4;25
17;2025-11-20;5;313
17;2025-11-20;6;1523
17;2025-11-20;7;4206
17;2025-11-20;8;5367
17;2025-11-20;9;3854
17;2025-11-20;10;3063
17;2025-11-20;11;3028
17;2025-11-20;12;3040
17;2025-11-20;13;3091
17;2025-11-20;14;3218
17;2025-11-20;15;3268
17;2025-11-20;16;3638
17;2025-11-20;17;4519
17;2025-11-20;18;4771
17;2025-11-20;19;3315
17;2025-11-20;20;2331
17;2025-11-20;21;1444
17;2025-11-20;22;690
17;2025-11-20;23;375
17;2025-11-21;0;144
17;2025-11-21;1;18
17;2025-11-21;2;0
17;2025-11-21;3;0
17;2025-11-21;4;25
17;2025-11-21;5;312
17;2025-11-21;6;1532
17;2025-11-21;7;4151
17;2025-11-21;8;5260
17;2025-11-21;9;3801
17;2025-11-21;10;3010
17;2025-11-21;11;3062
17;2025-11-21;12;3025
17;2025-11-21;13;3116
17;2025-11-21;14;3185
17;2025-11-21;15;3460
17;2025-11-21;16;4184
17;2025-11-21;17;4758
17;2025-11-21;18;4317
17;2025-11-21;19;3194
17;2025-11-21;20;2353
17;2025-11-21;21;1583
17;2025-11-21;22;762
17;2025-11-21;23;474
17;2025-11-22;0;201
17;2025-11-22;1;28
17;2025-11-22;2;0
17;2025-11-22;3;0
17;2025-11-22;4;5
17;2025-11-22;5;136
17;2025-11-22;6;578
17;2025-11-22;7;1261
17;2025-11-22;8;1788
17;2025-11-22;9;2275
17;2025-11-22;10;2543
17;2025-11-22;11;3031
17;2025-11-22;12;3357
17;2025-11-22;13;3621
17;2025-11-22;14;3636
17;2025-11-22;15;3629
17;2025-11-22;16;3645
17;2025-11-22;17;3357
17;2025-11-22;18;2972
17;2025-11-22;19;2349
17;2025-11-22;20;1849
17;2025-11-22;21;1327
17;2025-11-22;22;799
17;2025-11-22;23;448
17;2025-11-23;0;186
17;2025-11-23;1;24
17;2025-11-23;2;0
17;2025-11-23;3;0
17;2025-11-23;4;3
17;2025-11-23;5;106
17;2025-11-23;6;437
17;2025-11-23;7;848
17;2025-11-23;8;1236
17;2025-11-23;9;1692
17;2025-11-23;10;1997
17;2025-11-23;11;2568
17;2025-11-23;12;2914
17;2025-11-23;13;3163
17;2025-11-23;14;3299
17;2025-11-23;15;3229
17;2025-11-23;16;3140
17;2025-11-23;17;2981
17;2025-11-23;18;2570
17;2025-11-23;19;2057
17;2025-11-23;20;1517
17;2025-11-23;21;1121
17;2025-11-23;22;686
17;2025-11-23;23;315
17;2025-11-24;0;120
17;2025-11-24;1;14
17;2025-11-24;2;0
17;2025-11-24;3;0
17;2025-11-24;4;27
17;2025-11-24;5;292
17;2025-11-24;6;1512
17;2025-11-24;7;4065
17;2025-11-24;8;5345
17;2025-11-24;9;3784
17;2025-11-24;10;2872
17;2025-11-24;11;2814
17;2025-11-24;12;2861
17;2025-11-24;13;2979
17;2025-11-24;14;2996
17;2025-11-24;15;3088
17;2025-11-24;16;3589
17;2025-11-24;17;4216
17;2025-11-24;18;4501
17;2025-11-24;19;2728
17;2025-11-24;20;2021
17;2025-11-24;21;1332
17;2025-11-24;22;625
17;2025-11-24;23;307
17;2025-11-25;0;119
17;2025-11-25;1;11
17;2025-11-25;2;0
17;2025-11-25;3;0
17;2025-11-25;4;25
17;2025-11-25;5;313
17;2025-11-25;6;1523
17;2025-11-25;7;4206
17;2025-11-25;8;5367
17;2025-11-25;9;3854
17;2025-11-25;10;3063
17;2025-11-25;11;3028
17;2025-11-25;12;3040
17;2025-11-25;13;3091
17;2025-11-25;14;3218
17;2025-11-25;15;3268
17;2025-11-25;16;3638
17;2025-11-25;17;4519
17;2025-11-25;18;4771
17;2025-11-25;19;3315
17;2025-11-25;20;2331
17;2025-11-25;21;1444
17;2025-11-25;22;690
17;2025-11-25;23;375
17;2025-11-26;0;119
17;2025-11-26;1;11
17;2025-11-26;2;0
17;2025-11-26;3;0
17;2025-11-26;4;25
17;2025-11-26;5;313
17;2025-11-26;6;1523
17;2025-11-26;7;4206
17;2025-11-26;8;5367
17;2025-11-26;9;3854
17;2025-11-26;10;3063
17;2025-11-26;11;3028
17;2025-11-26;12;3040
17;2025-11-26;13;3091
17;2025-11-26;14;3218
17;2025-11-26;15;3268
17;2025-11-26;16;3638
17;2025-11-26;17;4519
17;2025-11-26;18;4771
17;2025-11-26;19;3315
17;2025-11-26;20;2331
17;2025-11-26;21;1444
17;2025-11-26;22;690
17;2025-11-26;23;375
17;2025-11-27;0;119
17;2025-11-27;1;11
17;2025-11-27;2;0
17;2025-11-27;3;0
17;2025-11-27;4;25
17;2025-11-27;5;313
17;2025-11-27;6;1523
17;2025-11-27;7;4206
17;2025-11-27;8;5367
17;2025-11-27;9;3854
17;2025-11-27;10;3063
17;2025-11-27;11;3028
17;2025-11-27;12;3040
17;2025-11-27;13;3091
17;2025-11-27;14;3218
17;2025-11-27;15;3268
17;2025-11-27;16;3638
17;2025-11-27;17;4519
17;2025-11-27;18;4771
17;2025-11-27;19;3315
17;2025-11-27;20;2331
17;2025-11-27;21;1444
17;2025-11-27;22;690
17;2025-11-27;23;375
17;2025-11-28;0;144
17;2025-11-28;1;18
17;2025-11-28;2;0
17;2025-11-28;3;0
17;2025-11-28;4;25
17;2025-11-28;5;312
17;2025-11-28;6;1532
17;2025-11-28;7;4151
17;2025-11-28;8;5260
17;2025-11-28;9;3801
17;2025-11-28;10;3010
17;2025-11-28;11;3062
17;2025-11-28;12;3025
17;2025-11-28;13;3116
17;2025-11-28;14;3185
17;2025-11-28;15;3460
17;2025-11-28;16;4184
17;2025-11-28;17;4758
17;2025-11-28;18;4317
17;2025-11-28;19;3194
17;2025-11-28;20;2353
17;2025-11-28;21;1583
17;2025-11-28;22;762
17;2025-11-28;23;474
17;2025-11-29;0;201
17;2025-11-29;1;28
17;2025-11-29;2;0
17;2025-11-29;3;0
17;2025-11-29;4;5
17;2025-11-29;5;136
17;2025-11-29;6;578
17;2025-11-29;7;1261
17;2025-11-29;8;1788
17;2025-11-29;9;2275
17;2025-11-29;10;2543
17;2025-11-29;11;3031
17;2025-11-29;12;3357
17;2025-11-29;13;3621
17;2025-11-29;14;3636
17;2025-11-29;15;3629
17;2025-11-29;16;3645
17;2025-11-29;17;3357
17;2025-11-29;18;2972
17;2025-11-29;19;2349
17;2025-11-29;20;1849
17;2025-11-29;21;1327
17;2025-11-29;22;799
17;2025-11-29;23;448
17;2025-11-30;0;186
17;2025-11-30;1;24
17;2025-11-30;2;0
17;2025-11-30;3;0
17;2025-11-30;4;3
17;2025-11-30;5;106
17;2025-11-30;6;437
17;2025-11-30;7;848
17;2025-11-30;8;1236
17;2025-11-30;9;1692
17;2025-11-30;10;1997
17;2025-11-30;11;2568
17;2025-11-30;12;2914
17;2025-11-30;13;3163
17;2025-11-30;14;3299
17;2025-11-30;15;3229
17;2025-11-30;16;3140
17;2025-11-30;17;2981
17;2025-11-30;18;2570
17;2025-11-30;19;2057
17;2025-11-30;20;1517
17;2025-11-30;21;1121
17;2025-11-30;22;686
17;2025-11-30;23;315
17;2025-12-01;0;120
17;2025-12-01;1;14
17;2025-12-01;2;0
17;2025-12-01;3;0
17;2025-12-01;4;27
17;2025-12-01;5;292
17;2025-12-01;6;1512
17;2025-12-01;7;4065
17;2025-12-01;8;5345
17;2025-12-01;9;3784
17;2025-12-01;10;2872
17;2025-12-01;11;2814
17;2025-12-01;12;2861
17;2025-12-01;13;2979
17;2025-12-01;14;2996
17;2025-12-01;15;3088
17;2025-12-01;16;3589
17;2025-12-01;17;4216
17;2025-12-01;18;4501
17;2025-12-01;19;2728
17;2025-12-01;20;2021
17;2025-12-01;21;1332
17;2025-12-01;22;625
17;2025-12-01;23;307
17;2025-12-02;0;119
17;2025-12-02;1;11
17;2025-12-02;2;0
17;2025-12-02;3;0
17;2025-12-02;4;25
17;2025-12-02;5;313
17;2025-12-02;6;1523
17;2025-12-02;7;4206
17;2025-12-02;8;5367
17;2025-12-02;9;3854
17;2025-12-02;10;3063
17;2025-12-02;11;3028
17;2025-12-02;12;3040
17;2025-12-02;13;3091
17;2025-12-02;14;3218
17;2025-12-02;15;3268
17;2025-12-02;16;3638
17;2025-12-02;17;4519
17;2025-12-02;18;4771
17;2025-12-02;19;3315
17;2025-12-02;20;2331
17;2025-12-02;21;1444
17;2025-12-02;22;690
17;2025-12-02;23;375
17;2025-12-03;0;119
17;2025-12-03;1;11
17;2025-12-03;2;0
17;2025-12-03;3;0
17;2025-12-03;4;25
17;2025-12-03;5;313
17;2025-12-03;6;1523
17;2025-12-03;7;4206
17;2025-12-03;8;5367
17;2025-12-03;9;3854
17;2025-12-03;10;3063
17;2025-12-03;11;3028
17;2025-12-03;12;3040
17;2025-12-03;13;3091
17;2025-12-03;14;3218
17;2025-12-03;15;3268
17;2025-12-03;16;3638
17;2025-12-03;17;4519
17;2025-12-03;18;4771
17;2025-12-03;19;3315
17;2025-12-03;20;2331
17;2025-12-03;21;1444
17;2025-12-03;22;690
17;2025-12-03;23;375
17;2025-12-04;0;119
17;2025-12-04;1;11
17;2025-12-04;2;0
17;2025-12-04;3;0
17;2025-12-04;4;25
17;2025-12-04;5;313
17;2025-12-04;6;1523
17;2025-12-04;7;4206
17;2025-12-04;8;5367
17;2025-12-04;9;3854
17;2025-12-04;10;3063
17;2025-12-04;11;3028
17;2025-12-04;12;3040
17;2025-12-04;13;3091
17;2025-12-04;14;3218
17;2025-12-04;15;3268
17;2025-12-04;16;3638
17;2025-12-04;17;4519
17;2025-12-04;18;4771
17;2025-12-04;19;3315
17;2025-12-04;20;2331
17;2025-12-04;21;1444
17;2025-12-04;22;690
17;2025-12-04;23;375
17;2025-12-05;0;144
17;2025-12-05;1;18
17;2025-12-05;2;0
17;2025-12-05;3;0
17;2025-12-05;4;25
17;2025-12-05;5;312
17;2025-12-05;6;1532
17;2025-12-05;7;4151
17;2025-12-05;8;5260
17;2025-12-05;9;3801
17;2025-12-05;10;3010
17;2025-12-05;11;3062
17;2025-12-05;12;3025
17;2025-12-05;13;3116
17;2025-12-05;14;3185
17;2025-12-05;15;3460
17;2025-12-05;16;4184
17;2025-12-05;17;4758
17;2025-12-05;18;4317
17;2025-12-05;19;3194
17;2025-12-05;20;2353
17;2025-12-05;21;1583
17;2025-12-05;22;762
17;2025-12-05;23;474
17;2025-12-06;0;201
17;2025-12-06;1;28
17;2025-12-06;2;0
17;2025-12-06;3;0
17;2025-12-06;4;5
17;2025-12-06;5;136
17;2025-12-06;6;578
17;2025-12-06;7;1261
17;2025-12-06;8;1788
17;2025-12-06;9;2275
17;2025-12-06;10;2543
17;2025-12-06;11;3031
17;2025-12-06;12;3357
17;2025-12-06;13;3621
17;2025-12-06;14;3636
17;2025-12-06;15;3629
17;2025-12-06;16;3645
17;2025-12-06;17;3357
17;2025-12-06;18;2972
17;2025-12-06;19;2349
17;2025-12-06;20;1849
17;2025-12-06;21;1327
17;2025-12-06;22;799
17;2025-12-06;23;448
17;2025-12-07;0;186
17;2025-12-07;1;24
17;2025-12-07;2;0
17;2025-12-07;3;0
17;2025-12-07;4;3
17;2025-12-07;5;106
17;2025-12-07;6;437
17;2025-12-07;7;848
17;2025-12-07;8;1236
17;2025-12-07;9;1692
17;2025-12-07;10;1997
17;2025-12-07;11;2568
17;2025-12-07;12;2914
17;2025-12-07;13;3163
17;2025-12-07;14;3299
17;2025-12-07;15;3229
17;2025-12-07;16;3140
17;2025-12-07;17;2981
17;2025-12-07;18;2570
17;2025-12-07;19;2057
17;2025-12-07;20;1517
17;2025-12-07;21;1121
17;2025-12-07;22;686
17;2025-12-07;23;315
17;2025-12-08;0;120
17;2025-12-08;1;14
17;2025-12-08;2;0
17;2025-12-08;3;0
17;2025-12-08;4;27
17;2025-12-08;5;292
17;2025-12-08;6;1512
17;2025-12-08;7;4065
17;2025-12-08;8;5345
17;2025-12-08;9;3784
17;2025-12-08;10;2872
17;2025-12-08;11;2814
17;2025-12-08;12;2861
17;2025-12-08;13;2979
17;2025-12-08;14;2996
17;2025-12-08;15;3088
17;2025-12-08;16;3589
17;2025-12-08;17;4216
17;2025-12-08;18;4501
17;2025-12-08;19;2728
17;2025-12-08;20;2021
17;2025-12-08;21;1332
17;2025-12-08;22;625
17;2025-12-08;23;307
17;2025-12-09;0;119
17;2025-12-09;1;11
17;2025-12-09;2;0
17;2025-12-09;3;0
17;2025-12-09;4;25
17;2025-12-09;5;313
17;2025-12-09;6;1523
17;2025-12-09;7;4206
17;2025-12-09;8;5367
17;2025-12-09;9;3854
17;2025-12-09;10;3063
17;2025-12-09;11;3028
17;2025-12-09;12;3040
17;2025-12-09;13;3091
17;2025-12-09;14;3218
17;2025-12-09;15;3268
17;2025-12-09;16;3638
17;2025-12-09;17;4519
17;2025-12-09;18;4771
17;2025-12-09;19;3315
17;2025-12-09;20;2331
17;2025-12-09;21;1444
17;2025-12-09;22;690
17;2025-12-09;23;375
17;2025-12-10;0;119
17;2025-12-10;1;11
17;2025-12-10;2;0
17;2025-12-10;3;0
17;2025-12-10;4;25
17;2025-12-10;5;313
17;2025-12-10;6;1523
17;2025-12-10;7;4206
17;2025-12-10;8;5367
17;2025-12-10;9;3854
17;2025-12-10;10;3063
17;2025-12-10;11;3028
17;2025-12-10;12;3040
17;2025-12-10;13;3091
17;2025-12-10;14;3218
17;2025-12-10;15;3268
17;2025-12-10;16;3638
17;2025-12-10;17;4519
17;2025-12-10;18;4771
17;2025-12-10;19;3315
17;2025-12-10;20;2331
17;2025-12-10;21;1444
17;2025-12-10;22;690
17;2025-12-10;23;375
17;2025-12-11;0;119
17;2025-12-11;1;11
17;2025-12-11;2;0
17;2025-12-11;3;0
17;2025-12-11;4;25
17;2025-12-11;5;313
17;2025-12-11;6;1523
17;2025-12-11;7;4206
17;2025-12-11;8;5367
17;2025-12-11;9;3854
17;2025-12-11;10;3063
17;2025-12-11;11;3028
17;2025-12-11;12;3040
17;2025-12-11;13;3091
17;2025-12-11;14;3218
17;2025-12-11;15;3268
17;2025-12-11;16;3638
17;2025-12-11;17;4519
17;2025-12-11;18;4771
17;2025-12-11;19;3315
17;2025-12-11;20;2331
17;2025-12-11;21;1444
17;2025-12-11;22;690
17;2025-12-11;23;375
17;2025-12-12;0;144
17;2025-12-12;1;18
17;2025-12-12;2;0
17;2025-12-12;3;0
17;2025-12-12;4;25
17;2025-12-12;5;312
17;2025-12-12;6;1532
17;2025-12-12;7;4151
17;2025-12-12;8;5260
17;2025-12-12;9;3801
17;2025-12-12;10;3010
17;2025-12-12;11;3062
17;2025-12-12;12;3025
17;2025-12-12;13;3116
17;2025-12-12;14;3185
17;2025-12-12;15;3460
17;2025-12-12;16;4184
17;2025-12-12;17;4758
17;2025-12-12;18;4317
17;2025-12-12;19;3194
17;2025-12-12;20;2353
17;2025-12-12;21;1583
17;2025-12-12;22;762
17;2025-12-12;23;474
17;2025-12-13;0;201
17;2025-12-13;1;28
17;2025-12-13;2;0
17;2025-12-13;3;0
17;2025-12-13;4;5
17;2025-12-13;5;136
17;2025-12-13;6;578
17;2025-12-13;7;1261
17;2025-12-13;8;1788
17;2025-12-13;9;2275
17;2025-12-13;10;2543
17;2025-12-13;11;3031
17;2025-12-13;12;3357
17;2025-12-13;13;3621
17;2025-12-13;14;3636
17;2025-12-13;15;3629
17;2025-12-13;16;3645
17;2025-12-13;17;3357
17;2025-12-13;18;2972
17;2025-12-13;19;2349
17;2025-12-13;20;1849
17;2025-12-13;21;1327
17;2025-12-13;22;799
17;2025-12-13;23;448
17;2025-12-14;0;186
17;2025-12-14;1;24
17;2025-12-14;2;0
17;2025-12-14;3;0
17;2025-12-14;4;3
17;2025-12-14;5;106
17;2025-12-14;6;437
17;2025-12-14;7;848
17;2025-12-14;8;1236
17;2025-12-14;9;1692
17;2025-12-14;10;1997
17;2025-12-14;11;2568
17;2025-12-14;12;2914
17;2025-12-14;13;3163
17;2025-12-14;14;3299
17;2025-12-14;15;3229
17;2025-12-14;16;3140
17;2025-12-14;17;2981
17;2025-12-14;18;2570
17;2025-12-14;19;2057
17;2025-12-14;20;1517
17;2025-12-14;21;1121
17;2025-12-14;22;686
17;2025-12-14;23;315
17;2025-12-15;0;120
17;2025-12-15;1;14
17;2025-12-15;2;0
17;2025-12-15;3;0
17;2025-12-15;4;27
17;2025-12-15;5;292
17;2025-12-15;6;1512
17;2025-12-15;7;4065
17;2025-12-15;8;5345
17;2025-12-15;9;3784
17;2025-12-15;10;2872
17;2025-12-15;11;2814
17;2025-12-15;12;2861
17;2025-12-15;13;2979
17;2025-12-15;14;2996
17;2025-12-15;15;3088
17;2025-12-15;16;3589
17;2025-12-15;17;4216
17;2025-12-15;18;4501
17;2025-12-15;19;2728
17;2025-12-15;20;2021
17;2025-12-15;21;1332
17;2025-12-15;22;625
17;2025-12-15;23;307
17;2025-12-16;0;119
17;2025-12-16;1;11
17;2025-12-16;2;0
17;2025-12-16;3;0
17;2025-12-16;4;25
17;2025-12-16;5;313
17;2025-12-16;6;1523
17;2025-12-16;7;4206
17;2025-12-16;8;5367
17;2025-12-16;9;3854
17;2025-12-16;10;3063
17;2025-12-16;11;3028
17;2025-12-16;12;3040
17;2025-12-16;13;3091
17;2025-12-16;14;3218
17;2025-12-16;15;3268
17;2025-12-16;16;3638
17;2025-12-16;17;4519
17;2025-12-16;18;4771
17;2025-12-16;19;3315
17;2025-12-16;20;2331
17;2025-12-16;21;1444
17;2025-12-16;22;690
17;2025-12-16;23;375
17;2025-12-17;0;119
17;2025-12-17;1;11
17;2025-12-17;2;0
17;2025-12-17;3;0
17;2025-12-17;4;25
17;2025-12-17;5;313
17;2025-12-17;6;1523
17;2025-12-17;7;4206
17;2025-12-17;8;5367
17;2025-12-17;9;3854
17;2025-12-17;10;3063
17;2025-12-17;11;3028
17;2025-12-17;12;3040
17;2025-12-17;13;3091
17;2025-12-17;14;3218
17;2025-12-17;15;3268
17;2025-12-17;16;3638
17;2025-12-17;17;4519
17;2025-12-17;18;4771
17;2025-12-17;19;3315
17;2025-12-17;20;2331
17;2025-12-17;21;1444
17;2025-12-17;22;690
17;2025-12-17;23;375
17;2025-12-18;0;119
17;2025-12-18;1;11
17;2025-12-18;2;0
17;2025-12-18;3;0
17;2025-12-18;4;25
17;2025-12-18;5;313
17;2025-12-18;6;1523
17;2025-12-18;7;4206
17;2025-12-18;8;5367
17;2025-12-18;9;3854
17;2025-12-18;10;3063
17;2025-12-18;11;3028
17;2025-12-18;12;3040
17;2025-12-18;13;3091
17;2025-12-18;14;3218
17;2025-12-18;15;3268
17;2025-12-18;16;3638
17;2025-12-18;17;4519
17;2025-12-18;18;4771
17;2025-12-18;19;3315
17;2025-12-18;20;2331
17;2025-12-18;21;1444
17;2025-12-18;22;690
17;2025-12-18;23;375
17;2025-12-19;0;144
17;2025-12-19;1;18
17;2025-12-19;2;0
17;2025-12-19;3;0
17;2025-12-19;4;25
17;2025-12-19;5;312
17;2025-12-19;6;1532
17;2025-12-19;7;4151
17;2025-12-19;8;5260
17;2025-12-19;9;3801
17;2025-12-19;10;3010
17;2025-12-19;11;3062
17;2025-12-19;12;3025
17;2025-12-19;13;3116
17;2025-12-19;14;3185
17;2025-12-19;15;3460
17;2025-12-19;16;4184
17;2025-12-19;17;4758
17;2025-12-19;18;4317
17;2025-12-19;19;3194
17;2025-12-19;20;2353
17;2025-12-19;21;1583
17;2025-12-19;22;762
17;2025-12-19;23;474
17;2025-12-20;0;201
17;2025-12-20;1;28
17;2025-12-20;2;0
17;2025-12-20;3;0
17;2025-12-20;4;5
17;2025-12-20;5;136
17;2025-12-20;6;578
17;2025-12-20;7;1261
17;2025-12-20;8;1788
17;2025-12-20;9;2275
17;2025-12-20;10;2543
17;2025-12-20;11;3031
17;2025-12-20;12;3357
17;2025-12-20;13;3621
17;2025-12-20;14;3636
17;2025-12-20;15;3629
17;2025-12-20;16;3645
17;2025-12-20;17;3357
17;2025-12-20;18;2972
17;2025-12-20;19;2349
17;2025-12-20;20;1849
17;2025-12-20;21;1327
17;2025-12-20;22;799
17;2025-12-20;23;448
17;2025-12-21;0;186
17;2025-12-21;1;24
17;2025-12-21;2;0
17;2025-12-21;3;0
17;2025-12-21;4;3
17;2025-12-21;5;106
17;2025-12-21;6;437
17;2025-12-21;7;848
17;2025-12-21;8;1236
17;2025-12-21;9;1692
17;2025-12-21;10;1997
17;2025-12-21;11;2568
17;2025-12-21;12;2914
17;2025-12-21;13;3163
17;2025-12-21;14;3299
17;2025-12-21;15;3229
17;2025-12-21;16;3140
17;2025-12-21;17;2981
17;2025-12-21;18;2570
17;2025-12-21;19;2057
17;2025-12-21;20;1517
17;2025-12-21;21;1121
17;2025-12-21;22;686
17;2025-12-21;23;315
17;2025-12-22;0;120
17;2025-12-22;1;14
17;2025-12-22;2;0
17;2025-12-22;3;0
17;2025-12-22;4;27
17;2025-12-22;5;292
17;2025-12-22;6;1512
17;2025-12-22;7;4065
17;2025-12-22;8;5345
17;2025-12-22;9;3784
17;2025-12-22;10;2872
17;2025-12-22;11;2814
17;2025-12-22;12;2861
17;2025-12-22;13;2979
17;2025-12-22;14;2996
17;2025-12-22;15;3088
17;2025-12-22;16;3589
17;2025-12-22;17;4216
17;2025-12-22;18;4501
17;2025-12-22;19;2728
17;2025-12-22;20;2021
17;2025-12-22;21;1332
17;2025-12-22;22;625
17;2025-12-22;23;307
17;2025-12-23;0;119
17;2025-12-23;1;11
17;2025-12-23;2;0
17;2025-12-23;3;0
17;2025-12-23;4;25
17;2025-12-23;5;313
17;2025-12-23;6;1523
17;2025-12-23;7;4206
17;2025-12-23;8;5367
17;2025-12-23;9;3854
17;2025-12-23;10;3063
17;2025-12-23;11;3028
17;2025-12-23;12;3040
17;2025-12-23;13;3091
17;2025-12-23;14;3218
17;2025-12-23;15;3268
17;2025-12-23;16;3638
17;2025-12-23;17;4519
17;2025-12-23;18;4771
17;2025-12-23;19;3315
17;2025-12-23;20;2331
17;2025-12-23;21;1444
17;2025-12-23;22;690
17;2025-12-23;23;375
17;2025-12-24;0;119
17;2025-12-24;1;11
17;2025-12-24;2;0
17;2025-12-24;3;0
17;2025-12-24;4;25
17;2025-12-24;5;313
17;2025-12-24;6;1523
17;2025-12-24;7;4206
17;2025-12-24;8;5367
17;2025-12-24;9;3854
17;2025-12-24;10;3063
17;2025-12-24;11;3028
17;2025-12-24;12;3040
17;2025-12-24;13;3091
17;2025-12-24;14;3218
17;2025-12-24;15;3268
17;2025-12-24;16;3638
17;2025-12-24;17;4519
17;2025-12-24;18;4771
17;2025-12-24;19;3315
17;2025-12-24;20;2331
17;2025-12-24;21;1444
17;2025-12-24;22;690
17;2025-12-24;23;375
17;2025-12-25;0;119
17;2025-12-25;1;11
17;2025-12-25;2;0
17;2025-12-25;3;0
17;2025-12-25;4;25
17;2025-12-25;5;313
17;2025-12-25;6;1523
17;2025-12-25;7;4206
17;2025-12-25;8;5367
17;2025-12-25;9;3854
17;2025-12-25;10;3063
17;2025-12-25;11;3028
17;2025-12-25;12;3040
17;2025-12-25;13;3091
17;2025-12-25;14;3218
17;2025-12-25;15;3268
17;2025-12-25;16;3638
17;2025-12-25;17;4519
17;2025-12-25;18;4771
17;2025-12-25;19;3315
17;2025-12-25;20;2331
17;2025-12-25;21;1444
17;2025-12-25;22;690
17;2025-12-25;23;375
17;2025-12-26;0;144
17;2025-12-26;1;18
17;2025-12-26;2;0
17;2025-12-26;3;0
17;2025-12-26;4;25
17;2025-12-26;5;312
17;2025-12-26;6;1532
17;2025-12-26;7;4151
17;2025-12-26;8;5260
17;2025-12-26;9;3801
17;2025-12-26;10;3010
17;2025-12-26;11;3062
17;2025-12-26;12;3025
17;2025-12-26;13;3116
17;2025-12-26;14;3185
17;2025-12-26;15;3460
17;2025-12-26;16;4184
17;2025-12-26;17;4758
17;2025-12-26;18;4317
17;2025-12-26;19;3194
17;2025-12-26;20;2353
17;2025-12-26;21;1583
17;2025-12-26;22;762
17;2025-12-26;23;474
17;2025-12-27;0;201
17;2025-12-27;1;28
17;2025-12-27;2;0
17;2025-12-27;3;0
17;2025-12-27;4;5
17;2025-12-27;5;136
17;2025-12-27;6;578
17;2025-12-27;7;1261
17;2025-12-27;8;1788
17;2025-12-27;9;2275
17;2025-12-27;10;2543
17;2025-12-27;11;3031
17;2025-12-27;12;3357
17;2025-12-27;13;3621
17;2025-12-27;14;3636
17;2025-12-27;15;3629
17;2025-12-27;16;3645
17;2025-12-27;17;3357
17;2025-12-27;18;2972
17;2025-12-27;19;2349
17;2025-12-27;20;1849
17;2025-12-27;21;1327
17;2025-12-27;22;799
17;2025-12-27;23;448
17;2025-12-28;0;186
17;2025-12-28;1;24
17;2025-12-28;2;0
17;2025-12-28;3;0
17;2025-12-28;4;3
17;2025-12-28;5;106
17;2025-12-28;6;437
17;2025-12-28;7;848
17;2025-12-28;8;1236
17;2025-12-28;9;1692
17;2025-12-28;10;1997
17;2025-12-28;11;2568
17;2025-12-28;12;2914
17;2025-12-28;13;3163
17;2025-12-28;14;3299
17;2025-12-28;15;3229
17;2025-12-28;16;3140
17;2025-12-28;17;2981
17;2025-12-28;18;2570
17;2025-12-28;19;2057
17;2025-12-28;20;1517
17;2025-12-28;21;1121
17;2025-12-28;22;686
17;2025-12-28;23;315
17;2025-12-29;0;124
17;2025-12-29;1;15
17;2025-12-29;2;0
17;2025-12-29;3;0
17;2025-12-29;4;21
17;2025-12-29;5;268
17;2025-12-29;6;1317
17;2025-12-29;7;3570
17;2025-12-29;8;4523
17;2025-12-29;9;3268
17;2025-12-29;10;2588
17;2025-12-29;11;2633
17;2025-12-29;12;2602
17;2025-12-29;13;2680
17;2025-12-29;14;2738
17;2025-12-29;15;2976
17;2025-12-29;16;3599
17;2025-12-29;17;4092
17;2025-12-29;18;3712
17;2025-12-29;19;2747
17;2025-12-29;20;2024
17;2025-12-29;21;1361
17;2025-12-29;22;655
17;2025-12-29;23;408
17;2025-12-30;0;124
17;2025-12-30;1;15
17;2025-12-30;2;0
17;2025-12-30;3;0
17;2025-12-30;4;21
17;2025-12-30;5;268
17;2025-12-30;6;1317
17;2025-12-30;7;3570
17;2025-12-30;8;4523
17;2025-12-30;9;3268
17;2025-12-30;10;2588
17;2025-12-30;11;2633
17;2025-12-30;12;2602
17;2025-12-30;13;2680
17;2025-12-30;14;2738
17;2025-12-30;15;2976
17;2025-12-30;16;3599
17;2025-12-30;17;4092
17;2025-12-30;18;3712
17;2025-12-30;19;2747
17;2025-12-30;20;2024
17;2025-12-30;21;1361
17;2025-12-30;22;655
17;2025-12-30;23;408
17;2025-12-31;0;171
17;2025-12-31;1;24
17;2025-12-31;2;0
17;2025-12-31;3;0
17;2025-12-31;4;5
17;2025-12-31;5;115
17;2025-12-31;6;492
17;2025-12-31;7;1072
17;2025-12-31;8;1520
17;2025-12-31;9;1933
17;2025-12-31;10;2161
17;2025-12-31;11;2576
17;2025-12-31;12;2854
17;2025-12-31;13;3078
17;2025-12-31;14;3091
17;2025-12-31;15;3085
17;2025-12-31;16;3099
17;2025-12-31;17;2854
17;2025-12-31;18;2526
17;2025-12-31;19;1098
17;2025-12-31;20;864
17;2025-12-31;21;621
17;2025-12-31;22;373
17;2025-12-31;23;210
25;2025-11-01;0;0
25;2025-11-01;1;0
25;2025-11-01;2;0
25;2025-11-01;3;0
25;2025-11-01;4;0
25;2025-11-01;5;14
25;2025-11-01;6;240
25;2025-11-01;7;492
25;2025-11-01;8;756
25;2025-11-01;9;384
25;2025-11-01;10;351
25;2025-11-01;11;389
25;2025-11-01;12;371
25;2025-11-01;13;491
25;2025-11-01;14;407
25;2025-11-01;15;564
25;2025-11-01;16;720
25;2025-11-01;17;691
25;2025-11-01;18;609
25;2025-11-01;19;560
25;2025-11-01;20;299
25;2025-11-01;21;194
25;2025-11-01;22;95
25;2025-11-01;23;13
25;2025-11-02;0;16
25;2025-11-02;1;1
25;2025-11-02;2;0
25;2025-11-02;3;0
25;2025-11-02;4;0
25;2025-11-02;5;11
25;2025-11-02;6;113
25;2025-11-02;7;105
25;2025-11-02;8;199
25;2025-11-02;9;224
25;2025-11-02;10;228
25;2025-11-02;11;327
25;2025-11-02;12;391
25;2025-11-02;13;516
25;2025-11-02;14;609
25;2025-11-02;15;696
25;2025-11-02;16;592
25;2025-11-02;17;590
25;2025-11-02;18;452
25;2025-11-02;19;303
25;2025-11-02;20;241
25;2025-11-02;21;149
25;2025-11-02;22;95
25;2025-11-02;23;36
25;2025-11-03;0;16
25;2025-11-03;1;0
25;2025-11-03;2;0
25;2025-11-03;3;0
25;2025-11-03;4;0
25;2025-11-03;5;10
25;2025-11-03;6;109
25;2025-11-03;7;102
25;2025-11-03;8;192
25;2025-11-03;9;217
25;2025-11-03;10;221
25;2025-11-03;11;316
25;2025-11-03;12;378
25;2025-11-03;13;499
25;2025-11-03;14;588
25;2025-11-03;15;673
25;2025-11-03;16;573
25;2025-11-03;17;570
25;2025-11-03;18;437
25;2025-11-03;19;293
25;2025-11-03;20;233
25;2025-11-03;21;145
25;2025-11-03;22;92
25;2025-11-03;23;35
25;2025-11-04;0;16
25;2025-11-04;1;0
25;2025-11-04;2;0
25;2025-11-04;3;0
25;2025-11-04;4;0
25;2025-11-04;5;10
25;2025-11-04;6;109
25;2025-11-04;7;102
25;2025-11-04;8;192
25;2025-11-04;9;217
25;2025-11-04;10;221
25;2025-11-04;11;316
25;2025-11-04;12;378
25;2025-11-04;13;499
25;2025-11-04;14;588
25;2025-11-04;15;673
25;2025-11-04;16;573
25;2025-11-04;17;570
25;2025-11-04;18;437
25;2025-11-04;19;293
25;2025-11-04;20;233
25;2025-11-04;21;145
25;2025-11-04;22;92
25;2025-11-04;23;35
25;2025-11-05;0;1
25;2025-11-05;1;0
25;2025-11-05;2;0
25;2025-11-05;3;0
25;2025-11-05;4;0
25;2025-11-05;5;21
25;2025-11-05;6;275
25;2025-11-05;7;541
25;2025-11-05;8;913
25;2025-11-05;9;467
25;2025-11-05;10;388
25;2025-11-05;11;453
25;2025-11-05;12;444
25;2025-11-05;13;537
25;2025-11-05;14;484
25;2025-11-05;15;617
25;2025-11-05;16;700
25;2025-11-05;17;796
25;2025-11-05;18;793
25;2025-11-05;19;626
25;2025-11-05;20;334
25;2025-11-05;21;229
25;2025-11-05;22;92
25;2025-11-05;23;6
25;2025-11-06;0;1
25;2025-11-06;1;0
25;2025-11-06;2;0
25;2025-11-06;3;0
25;2025-11-06;4;0
25;2025-11-06;5;21
25;2025-11-06;6;275
25;2025-11-06;7;541
25;2025-11-06;8;913
25;2025-11-06;9;467
25;2025-11-06;10;388
25;2025-11-06;11;453
25;2025-11-06;12;444
25;2025-11-06;13;537
25;2025-11-06;14;484
25;2025-11-06;15;617
25;2025-11-06;16;700
25;2025-11-06;17;796
25;2025-11-06;18;793
25;2025-11-06;19;626
25;2025-11-06;20;334
25;2025-11-06;21;229
25;2025-11-06;22;92
25;2025-11-06;23;6
25;2025-11-07;0;0
25;2025-11-07;1;0
25;2025-11-07;2;0
25;2025-11-07;3;0
25;2025-11-07;4;0
25;2025-11-07;5;17
25;2025-11-07;6;282
25;2025-11-07;7;579
25;2025-11-07;8;890
25;2025-11-07;9;452
25;2025-11-07;10;414
25;2025-11-07;11;457
25;2025-11-07;12;437
25;2025-11-07;13;577
25;2025-11-07;14;479
25;2025-11-07;15;664
25;2025-11-07;16;846
25;2025-11-07;17;814
25;2025-11-07;18;717
25;2025-11-07;19;659
25;2025-11-07;20;352
25;2025-11-07;21;229
25;2025-11-07;22;112
25;2025-11-07;23;15
25;2025-11-08;0;6
25;2025-11-08;1;0
25;2025-11-08;2;0
25;2025-11-08;3;0
25;2025-11-08;4;0
25;2025-11-08;5;22
25;2025-11-08;6;141
25;2025-11-08;7;138
25;2025-11-08;8;319
25;2025-11-08;9;287
25;2025-11-08;10;296
25;2025-11-08;11;393
25;2025-11-08;12;414
25;2025-11-08;13;684
25;2025-11-08;14;691
25;2025-11-08;15;811
25;2025-11-08;16;760
25;2025-11-08;17;608
25;2025-11-08;18;534
25;2025-11-08;19;461
25;2025-11-08;20;261
25;2025-11-08;21;200
25;2025-11-08;22;116
25;2025-11-08;23;44
25;2025-11-09;0;16
25;2025-11-09;1;1
25;2025-11-09;2;0
25;2025-11-09;3;0
25;2025-11-09;4;0
25;2025-11-09;5;11
25;2025-11-09;6;113
25;2025-11-09;7;105
25;2025-11-09;8;199
25;2025-11-09;9;224
25;2025-11-09;10;228
25;2025-11-09;11;327
25;2025-11-09;12;391
25;2025-11-09;13;516
25;2025-11-09;14;609
25;2025-11-09;15;696
25;2025-11-09;16;592
25;2025-11-09;17;590
25;2025-11-09;18;452
25;2025-11-09;19;303
25;2025-11-09;20;241
25;2025-11-09;21;149
25;2025-11-09;22;95
25;2025-11-09;23;36
25;2025-11-10;0;8
25;2025-11-10;1;0
25;2025-11-10;2;0
25;2025-11-10;3;0
25;2025-11-10;4;0
25;2025-11-10;5;22
25;2025-11-10;6;260
25;2025-11-10;7;549
25;2025-11-10;8;988
25;2025-11-10;9;551
25;2025-11-10;10;347
25;2025-11-10;11;432
25;2025-11-10;12;425
25;2025-11-10;13;579
25;2025-11-10;14;483
25;2025-11-10;15;492
25;2025-11-10;16;708
25;2025-11-10;17;773
25;2025-11-10;18;753
25;2025-11-10;19;575
25;2025-11-10;20;299
25;2025-11-10;21;193
25;2025-11-10;22;81
25;2025-11-10;23;11
25;2025-11-11;0;1
25;2025-11-11;1;0
25;2025-11-11;2;0
25;2025-11-11;3;0
25;2025-11-11;4;0
25;2025-11-11;5;21
25;2025-11-11;6;275
25;2025-11-11;7;541
25;2025-11-11;8;913
25;2025-11-11;9;467
25;2025-11-11;10;388
25;2025-11-11;11;453
25;2025-11-11;12;444
25;2025-11-11;13;537
25;2025-11-11;14;484
25;2025-11-11;15;617
25;2025-11-11;16;700
25;2025-11-11;17;796
25;2025-11-11;18;793
25;2025-11-11;19;626
25;2025-11-11;20;334
25;2025-11-11;21;229
25;2025-11-11;22;92
25;2025-11-11;23;6
25;2025-11-12;0;1
25;2025-11-12;1;0
25;2025-11-12;2;0
25;2025-11-12;3;0
25;2025-11-12;4;0
25;2025-11-12;5;21
25;2025-11-12;6;275
25;2025-11-12;7;541
25;2025-11-12;8;913
25;2025-11-12;9;467
25;2025-11-12;10;388
25;2025-11-12;11;453
25;2025-11-12;12;444
25;2025-11-12;13;537
25;2025-11-12;14;484
25;2025-11-12;15;617
25;2025-11-12;16;700
25;2025-11-12;17;796
25;2025-11-12;18;793
25;2025-11-12;19;626
25;2025-11-12;20;334
25;2025-11-12;21;229
25;2025-11-12;22;92
25;2025-11-12;23;6
25;2025-11-13;0;1
25;2025-11-13;1;0
25;2025-11-13;2;0
25;2025-11-13;3;0
25;2025-11-13;4;0
25;2025-11-13;5;21
25;2025-11-13;6;275
25;2025-11-13;7;541
25;2025-11-13;8;913
25;2025-11-13;9;467
25;2025-11-13;10;388
25;2025-11-13;11;453
25;2025-11-13;12;444
25;2025-11-13;13;537
25;2025-11-13;14;484
25;2025-11-13;15;617
25;2025-11-13;16;700
25;2025-11-13;17;796
25;2025-11-13;18;793
25;2025-11-13;19;626
25;2025-11-13;20;334
25;2025-11-13;21;229
25;2025-11-13;22;92
25;2025-11-13;23;6
25;2025-11-14;0;0
25;2025-11-14;1;0
25;2025-11-14;2;0
25;2025-11-14;3;0
25;2025-11-14;4;0
25;2025-11-14;5;17
25;2025-11-14;6;282
25;2025-11-14;7;579
25;2025-11-14;8;890
25;2025-11-14;9;452
25;2025-11-14;10;414
25;2025-11-14;11;457
25;2025-11-14;12;437
25;2025-11-14;13;577
25;2025-11-14;14;479
25;2025-11-14;15;664
25;2025-11-14;16;846
25;2025-11-14;17;814
25;2025-11-14;18;717
25;2025-11-14;19;659
25;2025-11-14;20;352
25;2025-11-14;21;229
25;2025-11-14;22;112
25;2025-11-14;23;15
25;2025-11-15;0;6
25;2025-11-15;1;0
25;2025-11-15;2;0
25;2025-11-15;3;0
25;2025-11-15;4;0
25;2025-11-15;5;21
25;2025-11-15;6;134
25;2025-11-15;7;131
25;2025-11-15;8;303
25;2025-11-15;9;272
25;2025-11-15;10;280
25;2025-11-15;11;372
25;2025-11-15;12;392
25;2025-11-15;13;648
25;2025-11-15;14;655
25;2025-11-15;15;769
25;2025-11-15;16;722
25;2025-11-15;17;577
25;2025-11-15;18;507
25;2025-11-15;19;438
25;2025-11-15;20;248
25;2025-11-15;21;190
25;2025-11-15;22;110
25;2025-11-15;23;42
25;2025-11-16;0;16
25;2025-11-16;1;1
25;2025-11-16;2;0
25;2025-11-16;3;0
25;2025-11-16;4;0
25;2025-11-16;5;11
25;2025-11-16;6;113
25;2025-11-16;7;105
25;2025-11-16;8;199
25;2025-11-16;9;224
25;2025-11-16;10;228
25;2025-11-16;11;327
25;2025-11-16;12;391
25;2025-11-16;13;516
25;2025-11-16;14;609
25;2025-11-16;15;696
25;2025-11-16;16;592
25;2025-11-16;17;590
25;2025-11-16;18;452
25;2025-11-16;19;303
25;2025-11-16;20;241
25;2025-11-16;21;149
25;2025-11-16;22;95
25;2025-11-16;23;36
25;2025-11-17;0;8
25;2025-11-17;1;0
25;2025-11-17;2;0
25;2025-11-17;3;0
25;2025-11-17;4;0
25;2025-11-17;5;22
25;2025-11-17;6;260
25;2025-11-17;7;549
25;2025-11-17;8;988
25;2025-11-17;9;551
25;2025-11-17;10;347
25;2025-11-17;11;432
25;2025-11-17;12;425
25;2025-11-17;13;579
25;2025-11-17;14;483
25;2025-11-17;15;492
25;2025-11-17;16;708
25;2025-11-17;17;773
25;2025-11-17;18;753
25;2025-11-17;19;575
25;2025-11-17;20;299
25;2025-11-17;21;193
25;2025-11-17;22;81
25;2025-11-17;23;11
25;2025-11-18;0;1
25;2025-11-18;1;0
25;2025-11-18;2;0
25;2025-11-18;3;0
25;2025-11-18;4;0
25;2025-11-18;5;21
25;2025-11-18;6;275
25;2025-11-18;7;541
25;2025-11-18;8;913
25;2025-11-18;9;467
25;2025-11-18;10;388
25;2025-11-18;11;453
25;2025-11-18;12;444
25;2025-11-18;13;537
25;2025-11-18;14;484
25;2025-11-18;15;617
25;2025-11-18;16;700
25;2025-11-18;17;796
25;2025-11-18;18;793
25;2025-11-18;19;626
25;2025-11-18;20;334
25;2025-11-18;21;229
25;2025-11-18;22;92
25;2025-11-18;23;6
25;2025-11-19;0;1
25;2025-11-19;1;0
25;2025-11-19;2;0
25;2025-11-19;3;0
25;2025-11-19;4;0
25;2025-11-19;5;21
25;2025-11-19;6;275
25;2025-11-19;7;541
25;2025-11-19;8;913
25;2025-11-19;9;467
25;2025-11-19;10;388
25;2025-11-19;11;453
25;2025-11-19;12;444
25;2025-11-19;13;537
25;2025-11-19;14;484
25;2025-11-19;15;617
25;2025-11-19;16;700
25;2025-11-19;17;796
25;2025-11-19;18;793
25;2025-11-19;19;626
25;2025-11-19;20;334
25;2025-11-19;21;229
25;2025-11-19;22;92
25;2025-11-19;23;6
25;2025-11-20;0;1
25;2025-11-20;1;0
25;2025-11-20;2;0
25;2025-11-20;3;0
25;2025-11-20;4;0
25;2025-11-20;5;21
25;2025-11-20;6;275
25;2025-11-20;7;541
25;2025-11-20;8;913
25;2025-11-20;9;467
25;2025-11-20;10;388
25;2025-11-20;11;453
25;2025-11-20;12;444
25;2025-11-20;13;537
25;2025-11-20;14;484
25;2025-11-20;15;617
25;2025-11-20;16;700
25;2025-11-20;17;796
25;2025-11-20;18;793
25;2025-11-20;19;626
25;2025-11-20;20;334
25;2025-11-20;21;229
25;2025-11-20;22;92
25;2025-11-20;23;6
25;2025-11-21;0;0
25;2025-11-21;1;0
25;2025-11-21;2;0
25;2025-11-21;3;0
25;2025-11-21;4;0
25;2025-11-21;5;17
25;2025-11-21;6;282
25;2025-11-21;7;579
25;2025-11-21;8;890
25;2025-11-21;9;452
25;2025-11-21;10;414
25;2025-11-21;11;457
25;2025-11-21;12;437
25;2025-11-21;13;577
25;2025-11-21;14;479
25;2025-11-21;15;664
25;2025-11-21;16;846
25;2025-11-21;17;814
25;2025-11-21;18;717
25;2025-11-21;19;659
25;2025-11-21;20;352
25;2025-11-21;21;229
25;2025-11-21;22;112
25;2025-11-21;23;15
25;2025-11-22;0;6
25;2025-11-22;1;0
25;2025-11-22;2;0
25;2025-11-22;3;0
25;2025-11-22;4;0
25;2025-11-22;5;22
25;2025-11-22;6;141
25;2025-11-22;7;138
25;2025-11-22;8;319
25;2025-11-22;9;287
25;2025-11-22;10;296
25;2025-11-22;11;393
25;2025-11-22;12;414
25;2025-11-22;13;684
25;2025-11-22;14;691
25;2025-11-22;15;811
25;2025-11-22;16;760
25;2025-11-22;17;608
25;2025-11-22;18;534
25;2025-11-22;19;461
25;2025-11-22;20;261
25;2025-11-22;21;200
25;2025-11-22;22;116
25;2025-11-22;23;44
25;2025-11-23;0;16
25;2025-11-23;1;1
25;2025-11-23;2;0
25;2025-11-23;3;0
25;2025-11-23;4;0
25;2025-11-23;5;11
25;2025-11-23;6;113
25;2025-11-23;7;105
25;2025-11-23;8;199
25;2025-11-23;9;224
25;2025-11-23;10;228
25;2025-11-23;11;327
25;2025-11-23;12;391
25;2025-11-23;13;516
25;2025-11-23;14;609
25;2025-11-23;15;696
25;2025-11-23;16;592
25;2025-11-23;17;590
25;2025-11-23;18;452
25;2025-11-23;19;303
25;2025-11-23;20;241
25;2025-11-23;21;149
25;2025-11-23;22;95
25;2025-11-23;23;36
25;2025-11-24;0;8
25;2025-11-24;1;0
25;2025-11-24;2;0
25;2025-11-24;3;0
25;2025-11-24;4;0
25;2025-11-24;5;22
25;2025-11-24;6;260
25;2025-11-24;7;549
25;2025-11-24;8;988
25;2025-11-24;9;551
25;2025-11-24;10;347
25;2025-11-24;11;432
25;2025-11-24;12;425
25;2025-11-24;13;579
25;2025-11-24;14;483
25;2025-11-24;15;492
25;2025-11-24;16;708
25;2025-11-24;17;773
25;2025-11-24;18;753
25;2025-11-24;19;575
25;2025-11-24;20;299
25;2025-11-24;21;193
25;2025-11-24;22;81
25;2025-11-24;23;11
25;2025-11-25;0;1
25;2025-11-25;1;0
25;2025-11-25;2;0
25;2025-11-25;3;0
25;2025-11-25;4;0
25;2025-11-25;5;21
25;2025-11-25;6;275
25;2025-11-25;7;541
25;2025-11-25;8;913
25;2025-11-25;9;467
25;2025-11-25;10;388
25;2025-11-25;11;453
25;2025-11-25;12;444
25;2025-11-25;13;537
25;2025-11-25;14;484
25;2025-11-25;15;617
25;2025-11-25;16;700
25;2025-11-25;17;796
25;2025-11-25;18;793
25;2025-11-25;19;626
25;2025-11-25;20;334
25;2025-11-25;21;229
25;2025-11-25;22;92
25;2025-11-25;23;6
25;2025-11-26;0;1
25;2025-11-26;1;0
25;2025-11-26;2;0
25;2025-11-26;3;0
25;2025-11-26;4;0
25;2025-11-26;5;21
25;2025-11-26;6;275
25;2025-11-26;7;541
25;2025-11-26;8;913
25;2025-11-26;9;467
25;2025-11-26;10;388
25;2025-11-26;11;453
25;2025-11-26;12;444
25;2025-11-26;13;537
25;2025-11-26;14;484
25;2025-11-26;15;617
25;2025-11-26;16;700
25;2025-11-26;17;796
25;2025-11-26;18;793
25;2025-11-26;19;626
25;2025-11-26;20;334
25;2025-11-26;21;229
25;2025-11-26;22;92
25;2025-11-26;23;6
25;2025-11-27;0;1
25;2025-11-27;1;0
25;2025-11-27;2;0
25;2025-11-27;3;0
25;2025-11-27;4;0
25;2025-11-27;5;21
25;2025-11-27;6;275
25;2025-11-27;7;541
25;2025-11-27;8;913
25;2025-11-27;9;467
25;2025-11-27;10;388
25;2025-11-27;11;453
25;2025-11-27;12;444
25;2025-11-27;13;537
25;2025-11-27;14;484
25;2025-11-27;15;617
25;2025-11-27;16;700
25;2025-11-27;17;796
25;2025-11-27;18;793
25;2025-11-27;19;626
25;2025-11-27;20;334
25;2025-11-27;21;229
25;2025-11-27;22;92
25;2025-11-27;23;6
25;2025-11-28;0;0
25;2025-11-28;1;0
25;2025-11-28;2;0
25;2025-11-28;3;0
25;2025-11-28;4;0
25;2025-11-28;5;17
25;2025-11-28;6;282
25;2025-11-28;7;579
25;2025-11-28;8;890
25;2025-11-28;9;452
25;2025-11-28;10;414
25;2025-11-28;11;457
25;2025-11-28;12;437
25;2025-11-28;13;577
25;2025-11-28;14;479
25;2025-11-28;15;664
25;2025-11-28;16;846
25;2025-11-28;17;814
25;2025-11-28;18;717
25;2025-11-28;19;659
25;2025-11-28;20;352
25;2025-11-28;21;229
25;2025-11-28;22;112
25;2025-11-28;23;15
25;2025-11-29;0;6
25;2025-11-29;1;0
25;2025-11-29;2;0
25;2025-11-29;3;0
25;2025-11-29;4;0
25;2025-11-29;5;22
25;2025-11-29;6;141
25;2025-11-29;7;138
25;2025-11-29;8;319
25;2025-11-29;9;287
25;2025-11-29;10;296
25;2025-11-29;11;393
25;2025-11-29;12;414
25;2025-11-29;13;684
25;2025-11-29;14;691
25;2025-11-29;15;811
25;2025-11-29;16;760
25;2025-11-29;17;608
25;2025-11-29;18;534
25;2025-11-29;19;461
25;2025-11-29;20;261
25;2025-11-29;21;200
25;2025-11-29;22;116
25;2025-11-29;23;44
25;2025-11-30;0;16
25;2025-11-30;1;1
25;2025-11-30;2;0
25;2025-11-30;3;0
25;2025-11-30;4;0
25;2025-11-30;5;11
25;2025-11-30;6;113
25;2025-11-30;7;105
25;2025-11-30;8;199
25;2025-11-30;9;224
25;2025-11-30;10;228
25;2025-11-30;11;327
25;2025-11-30;12;391
25;2025-11-30;13;516
25;2025-11-30;14;609
25;2025-11-30;15;696
25;2025-11-30;16;592
25;2025-11-30;17;590
25;2025-11-30;18;452
25;2025-11-30;19;303
25;2025-11-30;20;241
25;2025-11-30;21;149
25;2025-11-30;22;95
25;2025-11-30;23;36
25;2025-12-01;0;8
25;2025-12-01;1;0
25;2025-12-01;2;0
25;2025-12-01;3;0
25;2025-12-01;4;0
25;2025-12-01;5;22
25;2025-12-01;6;260
25;2025-12-01;7;549
25;2025-12-01;8;988
25;2025-12-01;9;551
25;2025-12-01;10;347
25;2025-12-01;11;432
25;2025-12-01;12;425
25;2025-12-01;13;579
25;2025-12-01;14;483
25;2025-12-01;15;492
25;2025-12-01;16;708
25;2025-12-01;17;773
25;2025-12-01;18;753
25;2025-12-01;19;575
25;2025-12-01;20;299
25;2025-12-01;21;193
25;2025-12-01;22;81
25;2025-12-01;23;11
25;2025-12-02;0;1
25;2025-12-02;1;0
25;2025-12-02;2;0
25;2025-12-02;3;0
25;2025-12-02;4;0
25;2025-12-02;5;21
25;2025-12-02;6;275
25;2025-12-02;7;541
25;2025-12-02;8;913
25;2025-12-02;9;467
25;2025-12-02;10;388
25;2025-12-02;11;453
25;2025-12-02;12;444
25;2025-12-02;13;537
25;2025-12-02;14;484
25;2025-12-02;15;617
25;2025-12-02;16;700
25;2025-12-02;17;796
25;2025-12-02;18;793
25;2025-12-02;19;626
25;2025-12-02;20;334
25;2025-12-02;21;229
25;2025-12-02;22;92
25;2025-12-02;23;6
25;2025-12-03;0;1
25;2025-12-03;1;0
25;2025-12-03;2;0
25;2025-12-03;3;0
25;2025-12-03;4;0
25;2025-12-03;5;21
25;2025-12-03;6;275
25;2025-12-03;7;541
25;2025-12-03;8;913
25;2025-12-03;9;467
25;2025-12-03;10;388
25;2025-12-03;11;453
25;2025-12-03;12;444
25;2025-12-03;13;537
25;2025-12-03;14;484
25;2025-12-03;15;617
25;2025-12-03;16;700
25;2025-12-03;17;796
25;2025-12-03;18;793
25;2025-12-03;19;626
25;2025-12-03;20;334
25;2025-12-03;21;229
25;2025-12-03;22;92
25;2025-12-03;23;6
25;2025-12-04;0;1
25;2025-12-04;1;0
25;2025-12-04;2;0
25;2025-12-04;3;0
25;2025-12-04;4;0
25;2025-12-04;5;21
25;2025-12-04;6;275
25;2025-12-04;7;541
25;2025-12-04;8;913
25;2025-12-04;9;467
25;2025-12-04;10;388
25;2025-12-04;11;453
25;2025-12-04;12;444
25;2025-12-04;13;537
25;2025-12-04;14;484
25;2025-12-04;15;617
25;2025-12-04;16;700
25;2025-12-04;17;796
25;2025-12-04;18;793
25;2025-12-04;19;626
25;2025-12-04;20;334
25;2025-12-04;21;229
25;2025-12-04;22;92
25;2025-12-04;23;6
25;2025-12-05;0;0
25;2025-12-05;1;0
25;2025-12-05;2;0
25;2025-12-05;3;0
25;2025-12-05;4;0
25;2025-12-05;5;17
25;2025-12-05;6;282
25;2025-12-05;7;579
25;2025-12-05;8;890
25;2025-12-05;9;452
25;2025-12-05;10;414
25;2025-12-05;11;457
25;2025-12-05;12;437
25;2025-12-05;13;577
25;2025-12-05;14;479
25;2025-12-05;15;664
25;2025-12-05;16;846
25;2025-12-05;17;814
25;2025-12-05;18;717
25;2025-12-05;19;659
25;2025-12-05;20;352
25;2025-12-05;21;229
25;2025-12-05;22;112
25;2025-12-05;23;15
25;2025-12-06;0;6
25;2025-12-06;1;0
25;2025-12-06;2;0
25;2025-12-06;3;0
25;2025-12-06;4;0
25;2025-12-06;5;22
25;2025-12-06;6;141
25;2025-12-06;7;138
25;2025-12-06;8;319
25;2025-12-06;9;287
25;2025-12-06;10;296
25;2025-12-06;11;393
25;2025-12-06;12;414
25;2025-12-06;13;684
25;2025-12-06;14;691
25;2025-12-06;15;811
25;2025-12-06;16;760
25;2025-12-06;17;608
25;2025-12-06;18;534
25;2025-12-06;19;461
25;2025-12-06;20;261
25;2025-12-06;21;200
25;2025-12-06;22;116
25;2025-12-06;23;44
25;2025-12-07;0;16
25;2025-12-07;1;1
25;2025-12-07;2;0
25;2025-12-07;3;0
25;2025-12-07;4;0
25;2025-12-07;5;11
25;2025-12-07;6;113
25;2025-12-07;7;105
25;2025-12-07;8;199
25;2025-12-07;9;224
25;2025-12-07;10;228
25;2025-12-07;11;327
25;2025-12-07;12;391
25;2025-12-07;13;516
25;2025-12-07;14;609
25;2025-12-07;15;696
25;2025-12-07;16;592
25;2025-12-07;17;590
25;2025-12-07;18;452
25;2025-12-07;19;303
25;2025-12-07;20;241
25;2025-12-07;21;149
25;2025-12-07;22;95
25;2025-12-07;23;36
25;2025-12-08;0;8
25;2025-12-08;1;0
25;2025-12-08;2;0
25;2025-12-08;3;0
25;2025-12-08;4;0
25;2025-12-08;5;22
25;2025-12-08;6;260
25;2025-12-08;7;549
25;2025-12-08;8;988
25;2025-12-08;9;551
25;2025-12-08;10;347
25;2025-12-08;11;432
25;2025-12-08;12;425
25;2025-12-08;13;579
25;2025-12-08;14;483
25;2025-12-08;15;492
25;2025-12-08;16;708
25;2025-12-08;17;773
25;2025-12-08;18;753
25;2025-12-08;19;575
25;2025-12-08;20;299
25;2025-12-08;21;193
25;2025-12-08;22;81
25;2025-12-08;23;11
25;2025-12-09;0;1
25;2025-12-09;1;0
25;2025-12-09;2;0
25;2025-12-09;3;0
25;2025-12-09;4;0
25;2025-12-09;5;21
25;2025-12-09;6;275
25;2025-12-09;7;541
25;2025-12-09;8;913
25;2025-12-09;9;467
25;2025-12-09;10;388
25;2025-12-09;11;453
25;2025-12-09;12;444
25;2025-12-09;13;537
25;2025-12-09;14;484
25;2025-12-09;15;617
25;2025-12-09;16;700
25;2025-12-09;17;796
25;2025-12-09;18;793
25;2025-12-09;19;626
25;2025-12-09;20;334
25;2025-12-09;21;229
25;2025-12-09;22;92
25;2025-12-09;23;6
25;2025-12-10;0;1
25;2025-12-10;1;0
25;2025-12-10;2;0
25;2025-12-10;3;0
25;2025-12-10;4;0
25;2025-12-10;5;21
25;2025-12-10;6;275
25;2025-12-10;7;541
25;2025-12-10;8;913
25;2025-12-10;9;467
25;2025-12-10;10;388
25;2025-12-10;11;453
25;2025-12-10;12;444
25;2025-12-10;13;537
25;2025-12-10;14;484
25;2025-12-10;15;617
25;2025-12-10;16;700
25;2025-12-10;17;796
25;2025-12-10;18;793
25;2025-12-10;19;626
25;2025-12-10;20;334
25;2025-12-10;21;229
25;2025-12-10;22;92
25;2025-12-10;23;6
25;2025-12-11;0;1
25;2025-12-11;1;0
25;2025-12-11;2;0
25;2025-12-11;3;0
25;2025-12-11;4;0
25;2025-12-11;5;21
25;2025-12-11;6;275
25;2025-12-11;7;541
25;2025-12-11;8;913
25;2025-12-11;9;467
25;2025-12-11;10;388
25;2025-12-11;11;453
25;2025-12-11;12;444
25;2025-12-11;13;537
25;2025-12-11;14;484
25;2025-12-11;15;617
25;2025-12-11;16;700
25;2025-12-11;17;796
25;2025-12-11;18;793
25;2025-12-11;19;626
25;2025-12-11;20;334
25;2025-12-11;21;229
25;2025-12-11;22;92
25;2025-12-11;23;6
25;2025-12-12;0;0
25;2025-12-12;1;0
25;2025-12-12;2;0
25;2025-12-12;3;0
25;2025-12-12;4;0
25;2025-12-12;5;17
25;2025-12-12;6;282
25;2025-12-12;7;579
25;2025-12-12;8;890
25;2025-12-12;9;452
25;2025-12-12;10;414
25;2025-12-12;11;457
25;2025-12-12;12;437
25;2025-12-12;13;577
25;2025-12-12;14;479
25;2025-12-12;15;664
25;2025-12-12;16;846
25;2025-12-12;17;814
25;2025-12-12;18;717
25;2025-12-12;19;659
25;2025-12-12;20;352
25;2025-12-12;21;229
25;2025-12-12;22;112
25;2025-12-12;23;15
25;2025-12-13;0;6
25;2025-12-13;1;0
25;2025-12-13;2;0
25;2025-12-13;3;0
25;2025-12-13;4;0
25;2025-12-13;5;22
25;2025-12-13;6;141
25;2025-12-13;7;138
25;2025-12-13;8;319
25;2025-12-13;9;287
25;2025-12-13;10;296
25;2025-12-13;11;393
25;2025-12-13;12;414
25;2025-12-13;13;684
25;2025-12-13;14;691
25;2025-12-13;15;811
25;2025-12-13;16;760
25;2025-12-13;17;608
25;2025-12-13;18;534
25;2025-12-13;19;461
25;2025-12-13;20;261
25;2025-12-13;21;200
25;2025-12-13;22;116
25;2025-12-13;23;44
25;2025-12-14;0;16
25;2025-12-14;1;1
25;2025-12-14;2;0
25;2025-12-14;3;0
25;2025-12-14;4;0
25;2025-12-14;5;11
25;2025-12-14;6;113
25;2025-12-14;7;105
25;2025-12-14;8;199
25;2025-12-14;9;224
25;2025-12-14;10;228
25;2025-12-14;11;327
25;2025-12-14;12;391
25;2025-12-14;13;516
25;2025-12-14;14;609
25;2025-12-14;15;696
25;2025-12-14;16;592
25;2025-12-14;17;590
25;2025-12-14;18;452
25;2025-12-14;19;303
25;2025-12-14;20;241
25;2025-12-14;21;149
25;2025-12-14;22;95
25;2025-12-14;23;36
25;2025-12-15;0;8
25;2025-12-15;1;0
25;2025-12-15;2;0
25;2025-12-15;3;0
25;2025-12-15;4;0
25;2025-12-15;5;22
25;2025-12-15;6;260
25;2025-12-15;7;549
25;2025-12-15;8;988
25;2025-12-15;9;551
25;2025-12-15;10;347
25;2025-12-15;11;432
25;2025-12-15;12;425
25;2025-12-15;13;579
25;2025-12-15;14;483
25;2025-12-15;15;492
25;2025-12-15;16;708
25;2025-12-15;17;773
25;2025-12-15;18;753
25;2025-12-15;19;575
25;2025-12-15;20;299
25;2025-12-15;21;193
25;2025-12-15;22;81
25;2025-12-15;23;11
25;2025-12-16;0;1
25;2025-12-16;1;0
25;2025-12-16;2;0
25;2025-12-16;3;0
25;2025-12-16;4;0
25;2025-12-16;5;21
25;2025-12-16;6;275
25;2025-12-16;7;541
25;2025-12-16;8;913
25;2025-12-16;9;467
25;2025-12-16;10;388
25;2025-12-16;11;453
25;2025-12-16;12;444
25;2025-12-16;13;537
25;2025-12-16;14;484
25;2025-12-16;15;617
25;2025-12-16;16;700
25;2025-12-16;17;796
25;2025-12-16;18;793
25;2025-12-16;19;626
25;2025-12-16;20;334
25;2025-12-16;21;229
25;2025-12-16;22;92
25;2025-12-16;23;6
25;2025-12-17;0;1
25;2025-12-17;1;0
25;2025-12-17;2;0
25;2025-12-17;3;0
25;2025-12-17;4;0
25;2025-12-17;5;21
25;2025-12-17;6;275
25;2025-12-17;7;541
25;2025-12-17;8;913
25;2025-12-17;9;467
25;2025-12-17;10;388
25;2025-12-17;11;453
25;2025-12-17;12;444
25;2025-12-17;13;537
25;2025-12-17;14;484
25;2025-12-17;15;617
25;2025-12-17;16;700
25;2025-12-17;17;796
25;2025-12-17;18;793
25;2025-12-17;19;626
25;2025-12-17;20;334
25;2025-12-17;21;229
25;2025-12-17;22;92
25;2025-12-17;23;6
25;2025-12-18;0;1
25;2025-12-18;1;0
25;2025-12-18;2;0
25;2025-12-18;3;0
25;2025-12-18;4;0
25;2025-12-18;5;21
25;2025-12-18;6;275
25;2025-12-18;7;541
25;2025-12-18;8;913
25;2025-12-18;9;467
25;2025-12-18;10;388
25;2025-12-18;11;453
25;2025-12-18;12;444
25;2025-12-18;13;537
25;2025-12-18;14;484
25;2025-12-18;15;617
25;2025-12-18;16;700
25;2025-12-18;17;796
25;2025-12-18;18;793
25;2025-12-18;19;626
25;2025-12-18;20;334
25;2025-12-18;21;229
25;2025-12-18;22;92
25;2025-12-18;23;6
25;2025-12-19;0;0
25;2025-12-19;1;0
25;2025-12-19;2;0
25;2025-12-19;3;0
25;2025-12-19;4;0
25;2025-12-19;5;17
25;2025-12-19;6;282
25;2025-12-19;7;579
25;2025-12-19;8;890
25;2025-12-19;9;452
25;2025-12-19;10;414
25;2025-12-19;11;457
25;2025-12-19;12;437
25;2025-12-19;13;577
25;2025-12-19;14;479
25;2025-12-19;15;664
25;2025-12-19;16;846
25;2025-12-19;17;814
25;2025-12-19;18;717
25;2025-12-19;19;659
25;2025-12-19;20;352
25;2025-12-19;21;229
25;2025-12-19;22;112
25;2025-12-19;23;15
25;2025-12-20;0;6
25;2025-12-20;1;0
25;2025-12-20;2;0
25;2025-12-20;3;0
25;2025-12-20;4;0
25;2025-12-20;5;22
25;2025-12-20;6;141
25;2025-12-20;7;138
25;2025-12-20;8;319
25;2025-12-20;9;287
25;2025-12-20;10;296
25;2025-12-20;11;393
25;2025-12-20;12;414
25;2025-12-20;13;684
25;2025-12-20;14;691
25;2025-12-20;15;811
25;2025-12-20;16;760
25;2025-12-20;17;608
25;2025-12-20;18;534
25;2025-12-20;19;461
25;2025-12-20;20;261
25;2025-12-20;21;200
25;2025-12-20;22;116
25;2025-12-20;23;44
25;2025-12-21;0;16
25;2025-12-21;1;1
25;2025-12-21;2;0
25;2025-12-21;3;0
25;2025-12-21;4;0
25;2025-12-21;5;11
25;2025-12-21;6;113
25;2025-12-21;7;105
25;2025-12-21;8;199
25;2025-12-21;9;224
25;2025-12-21;10;228
25;2025-12-21;11;327
25;2025-12-21;12;391
25;2025-12-21;13;516
25;2025-12-21;14;609
25;2025-12-21;15;696
25;2025-12-21;16;592
25;2025-12-21;17;590
25;2025-12-21;18;452
25;2025-12-21;19;303
25;2025-12-21;20;241
25;2025-12-21;21;149
25;2025-12-21;22;95
25;2025-12-21;23;36
25;2025-12-22;0;8
25;2025-12-22;1;0
25;2025-12-22;2;0
25;2025-12-22;3;0
25;2025-12-22;4;0
25;2025-12-22;5;22
25;2025-12-22;6;260
25;2025-12-22;7;549
25;2025-12-22;8;988
25;2025-12-22;9;551
25;2025-12-22;10;347
25;2025-12-22;11;432
25;2025-12-22;12;425
25;2025-12-22;13;579
25;2025-12-22;14;483
25;2025-12-22;15;492
25;2025-12-22;16;708
25;2025-12-22;17;773
25;2025-12-22;18;753
25;2025-12-22;19;575
25;2025-12-22;20;299
25;2025-12-22;21;193
25;2025-12-22;22;81
25;2025-12-22;23;11
25;2025-12-23;0;1
25;2025-12-23;1;0
25;2025-12-23;2;0
25;2025-12-23;3;0
25;2025-12-23;4;0
25;2025-12-23;5;21
25;2025-12-23;6;275
25;2025-12-23;7;541
25;2025-12-23;8;913
25;2025-12-23;9;467
25;2025-12-23;10;388
25;2025-12-23;11;453
25;2025-12-23;12;444
25;2025-12-23;13;537
25;2025-12-23;14;484
25;2025-12-23;15;617
25;2025-12-23;16;700
25;2025-12-23;17;796
25;2025-12-23;18;793
25;2025-12-23;19;626
25;2025-12-23;20;334
25;2025-12-23;21;229
25;2025-12-23;22;92
25;2025-12-23;23;6
25;2025-12-24;0;1
25;2025-12-24;1;0
25;2025-12-24;2;0
25;2025-12-24;3;0
25;2025-12-24;4;0
25;2025-12-24;5;21
25;2025-12-24;6;275
25;2025-12-24;7;541
25;2025-12-24;8;913
25;2025-12-24;9;467
25;2025-12-24;10;388
25;2025-12-24;11;453
25;2025-12-24;12;444
25;2025-12-24;13;537
25;2025-12-24;14;484
25;2025-12-24;15;617
25;2025-12-24;16;700
25;2025-12-24;17;796
25;2025-12-24;18;793
25;2025-12-24;19;626
25;2025-12-24;20;334
25;2025-12-24;21;229
25;2025-12-24;22;92
25;2025-12-24;23;6
25;2025-12-25;0;1
25;2025-12-25;1;0
25;2025-12-25;2;0
25;2025-12-25;3;0
25;2025-12-25;4;0
25;2025-12-25;5;21
25;2025-12-25;6;275
25;2025-12-25;7;541
25;2025-12-25;8;913
25;2025-12-25;9;467
25;2025-12-25;10;388
25;2025-12-25;11;453
25;2025-12-25;12;444
25;2025-12-25;13;537
25;2025-12-25;14;484
25;2025-12-25;15;617
25;2025-12-25;16;700
25;2025-12-25;17;796
25;2025-12-25;18;793
25;2025-12-25;19;626
25;2025-12-25;20;334
25;2025-12-25;21;229
25;2025-12-25;22;92
25;2025-12-25;23;6
25;2025-12-26;0;0
25;2025-12-26;1;0
25;2025-12-26;2;0
25;2025-12-26;3;0
25;2025-12-26;4;0
25;2025-12-26;5;17
25;2025-12-26;6;282
25;2025-12-26;7;579
25;2025-12-26;8;890
25;2025-12-26;9;452
25;2025-12-26;10;414
25;2025-12-26;11;457
25;2025-12-26;12;437
25;2025-12-26;13;577
25;2025-12-26;14;479
25;2025-12-26;15;664
25;2025-12-26;16;846
25;2025-12-26;17;814
25;2025-12-26;18;717
25;2025-12-26;19;659
25;2025-12-26;20;352
25;2025-12-26;21;229
25;2025-12-26;22;112
25;2025-12-26;23;15
25;2025-12-27;0;6
25;2025-12-27;1;0
25;2025-12-27;2;0
25;2025-12-27;3;0
25;2025-12-27;4;0
25;2025-12-27;5;22
25;2025-12-27;6;141
25;2025-12-27;7;138
25;2025-12-27;8;319
25;2025-12-27;9;287
25;2025-12-27;10;296
25;2025-12-27;11;393
25;2025-12-27;12;414
25;2025-12-27;13;684
25;2025-12-27;14;691
25;2025-12-27;15;811
25;2025-12-27;16;760
25;2025-12-27;17;608
25;2025-12-27;18;534
25;2025-12-27;19;461
25;2025-12-27;20;261
25;2025-12-27;21;200
25;2025-12-27;22;116
25;2025-12-27;23;44
25;2025-12-28;0;16
25;2025-12-28;1;1
25;2025-12-28;2;0
25;2025-12-28;3;0
25;2025-12-28;4;0
25;2025-12-28;5;11
25;2025-12-28;6;113
25;2025-12-28;7;105
25;2025-12-28;8;199
25;2025-12-28;9;224
25;2025-12-28;10;228
25;2025-12-28;11;327
25;2025-12-28;12;391
25;2025-12-28;13;516
25;2025-12-28;14;609
25;2025-12-28;15;696
25;2025-12-28;16;592
25;2025-12-28;17;590
25;2025-12-28;18;452
25;2025-12-28;19;303
25;2025-12-28;20;241
25;2025-12-28;21;149
25;2025-12-28;22;95
25;2025-12-28;23;36
25;2025-12-29;0;0
25;2025-12-29;1;0
25;2025-12-29;2;0
25;2025-12-29;3;0
25;2025-12-29;4;0
25;2025-12-29;5;14
25;2025-12-29;6;243
25;2025-12-29;7;498
25;2025-12-29;8;765
25;2025-12-29;9;389
25;2025-12-29;10;356
25;2025-12-29;11;393
25;2025-12-29;12;375
25;2025-12-29;13;496
25;2025-12-29;14;412
25;2025-12-29;15;571
25;2025-12-29;16;728
25;2025-12-29;17;700
25;2025-12-29;18;616
25;2025-12-29;19;567
25;2025-12-29;20;303
25;2025-12-29;21;196
25;2025-12-29;22;96
25;2025-12-29;23;13
25;2025-12-30;0;0
25;2025-12-30;1;0
25;2025-12-30;2;0
25;2025-12-30;3;0
25;2025-12-30;4;0
25;2025-12-30;5;14
25;2025-12-30;6;243
25;2025-12-30;7;498
25;2025-12-30;8;765
25;2025-12-30;9;389
25;2025-12-30;10;356
25;2025-12-30;11;393
25;2025-12-30;12;375
25;2025-12-30;13;496
25;2025-12-30;14;412
25;2025-12-30;15;571
25;2025-12-30;16;728
25;2025-12-30;17;700
25;2025-12-30;18;616
25;2025-12-30;19;567
25;2025-12-30;20;303
25;2025-12-30;21;196
25;2025-12-30;22;96
25;2025-12-30;23;13
25;2025-12-31;0;5
25;2025-12-31;1;0
25;2025-12-31;2;0
25;2025-12-31;3;0
25;2025-12-31;4;0
25;2025-12-31;5;18
25;2025-12-31;6;120
25;2025-12-31;7;117
25;2025-12-31;8;271
25;2025-12-31;9;245
25;2025-12-31;10;251
25;2025-12-31;11;334
25;2025-12-31;12;351
25;2025-12-31;13;582
25;2025-12-31;14;588
25;2025-12-31;15;689
25;2025-12-31;16;646
25;2025-12-31;17;517
25;2025-12-31;18;454
25;2025-12-31;19;216
25;2025-12-31;20;122
25;2025-12-31;21;93
25;2025-12-31;22;54
25;2025-12-31;23;21
26;2025-11-01;0;26
26;2025-11-01;1;1
26;2025-11-01;2;0
26;2025-11-01;3;0
26;2025-11-01;4;1
26;2025-11-01;5;68
26;2025-11-01;6;400
26;2025-11-01;7;844
26;2025-11-01;8;1830
26;2025-11-01;9;1145
26;2025-11-01;10;1029
26;2025-11-01;11;919
26;2025-11-01;12;912
26;2025-11-01;13;940
26;2025-11-01;14;1126
26;2025-11-01;15;1113
26;2025-11-01;16;1359
26;2025-11-01;17;1465
26;2025-11-01;18;1073
26;2025-11-01;19;842
26;2025-11-01;20;536
26;2025-11-01;21;382
26;2025-11-01;22;160
26;2025-11-01;23;126
26;2025-11-02;0;48
26;2025-11-02;1;4
26;2025-11-02;2;0
26;2025-11-02;3;0
26;2025-11-02;4;1
26;2025-11-02;5;20
26;2025-11-02;6;151
26;2025-11-02;7;249
26;2025-11-02;8;370
26;2025-11-02;9;508
26;2025-11-02;10;571
26;2025-11-02;11;799
26;2025-11-02;12;789
26;2025-11-02;13;848
26;2025-11-02;14;830
26;2025-11-02;15;758
26;2025-11-02;16;724
26;2025-11-02;17;748
26;2025-11-02;18;671
26;2025-11-02;19;491
26;2025-11-02;20;385
26;2025-11-02;21;267
26;2025-11-02;22;154
26;2025-11-02;23;102
26;2025-11-03;0;47
26;2025-11-03;1;4
26;2025-11-03;2;0
26;2025-11-03;3;0
26;2025-11-03;4;1
26;2025-11-03;5;19
26;2025-11-03;6;147
26;2025-11-03;7;242
26;2025-11-03;8;357
26;2025-11-03;9;491
26;2025-11-03;10;552
26;2025-11-03;11;773
26;2025-11-03;12;763
26;2025-11-03;13;821
26;2025-11-03;14;802
26;2025-11-03;15;734
26;2025-11-03;16;700
26;2025-11-03;17;724
26;2025-11-03;18;648
26;2025-11-03;19;475
26;2025-11-03;20;372
26;2025-11-03;21;258
26;2025-11-03;22;149
26;2025-11-03;23;99
26;2025-11-04;0;47
26;2025-11-04;1;4
26;2025-11-04;2;0
26;2025-11-04;3;0
26;2025-11-04;4;1
26;2025-11-04;5;19
26;2025-11-04;6;147
26;2025-11-04;7;242
26;2025-11-04;8;357
26;2025-11-04;9;491
26;2025-11-04;10;552
26;2025-11-04;11;773
26;2025-11-04;12;763
26;2025-11-04;13;821
26;2025-11-04;14;802
26;2025-11-04;15;734
26;2025-11-04;16;700
26;2025-11-04;17;724
26;2025-11-04;18;648
26;2025-11-04;19;475
26;2025-11-04;20;372
26;2025-11-04;21;258
26;2025-11-04;22;149
26;2025-11-04;23;99
26;2025-11-05;0;33
26;2025-11-05;1;0
26;2025-11-05;2;0
26;2025-11-05;3;0
26;2025-11-05;4;2
26;2025-11-05;5;96
26;2025-11-05;6;452
26;2025-11-05;7;1066
26;2025-11-05;8;2212
26;2025-11-05;9;1438
26;2025-11-05;10;1187
26;2025-11-05;11;1089
26;2025-11-05;12;1170
26;2025-11-05;13;1145
26;2025-11-05;14;1319
26;2025-11-05;15;1360
26;2025-11-05;16;1471
26;2025-11-05;17;1698
26;2025-11-05;18;1841
26;2025-11-05;19;1223
26;2025-11-05;20;729
26;2025-11-05;21;489
26;2025-11-05;22;199
26;2025-11-05;23;124
26;2025-11-06;0;33
26;2025-11-06;1;0
26;2025-11-06;2;0
26;2025-11-06;3;0
26;2025-11-06;4;2
26;2025-11-06;5;96
26;2025-11-06;6;452
26;2025-11-06;7;1066
26;2025-11-06;8;2212
26;2025-11-06;9;1438
26;2025-11-06;10;1187
26;2025-11-06;11;1089
26;2025-11-06;12;1170
26;2025-11-06;13;1145
26;2025-11-06;14;1319
26;2025-11-06;15;1360
26;2025-11-06;16;1471
26;2025-11-06;17;1698
26;2025-11-06;18;1841
26;2025-11-06;19;1223
26;2025-11-06;20;729
26;2025-11-06;21;489
26;2025-11-06;22;199
26;2025-11-06;23;124
26;2025-11-07;0;30
26;2025-11-07;1;1
26;2025-11-07;2;0
26;2025-11-07;3;0
26;2025-11-07;4;1
26;2025-11-07;5;81
26;2025-11-07;6;471
26;2025-11-07;7;993
26;2025-11-07;8;2152
26;2025-11-07;9;1347
26;2025-11-07;10;1211
26;2025-11-07;11;1081
26;2025-11-07;12;1072
26;2025-11-07;13;1106
26;2025-11-07;14;1325
26;2025-11-07;15;1309
26;2025-11-07;16;1600
26;2025-11-07;17;1724
26;2025-11-07;18;1263
26;2025-11-07;19;990
26;2025-11-07;20;630
26;2025-11-07;21;449
26;2025-11-07;22;189
26;2025-11-07;23;148
26;2025-11-08;0;50
26;2025-11-08;1;2
26;2025-11-08;2;0
26;2025-11-08;3;0
26;2025-11-08;4;2
26;2025-11-08;5;50
26;2025-11-08;6;225
26;2025-11-08;7;359
26;2025-11-08;8;602
26;2025-11-08;9;649
26;2025-11-08;10;804
26;2025-11-08;11;964
26;2025-11-08;12;1040
26;2025-11-08;13;1016
26;2025-11-08;14;1064
26;2025-11-08;15;958
26;2025-11-08;16;1006
26;2025-11-08;17;920
26;2025-11-08;18;849
26;2025-11-08;19;739
26;2025-11-08;20;521
26;2025-11-08;21;339
26;2025-11-08;22;194
26;2025-11-08;23;151
26;2025-11-09;0;48
26;2025-11-09;1;4
26;2025-11-09;2;0
26;2025-11-09;3;0
26;2025-11-09;4;1
26;2025-11-09;5;20
26;2025-11-09;6;151
26;2025-11-09;7;249
26;2025-11-09;8;370
26;2025-11-09;9;508
26;2025-11-09;10;571
26;2025-11-09;11;799
26;2025-11-09;12;789
26;2025-11-09;13;848
26;2025-11-09;14;830
26;2025-11-09;15;758
26;2025-11-09;16;724
26;2025-11-09;17;748
26;2025-11-09;18;671
26;2025-11-09;19;491
26;2025-11-09;20;385
26;2025-11-09;21;267
26;2025-11-09;22;154
26;2025-11-09;23;102
26;2025-11-10;0;24
26;2025-11-10;1;2
26;2025-11-10;2;0
26;2025-11-10;3;0
26;2025-11-10;4;1
26;2025-11-10;5;90
26;2025-11-10;6;447
26;2025-11-10;7;1100
26;2025-11-10;8;2149
26;2025-11-10;9;1366
26;2025-11-10;10;1181
26;2025-11-10;11;1013
26;2025-11-10;12;1043
26;2025-11-10;13;1114
26;2025-11-10;14;1232
26;2025-11-10;15;1261
26;2025-11-10;16;1360
26;2025-11-10;17;1656
26;2025-11-10;18;1813
26;2025-11-10;19;1155
26;2025-11-10;20;719
26;2025-11-10;21;448
26;2025-11-10;22;186
26;2025-11-10;23;105
26;2025-11-11;0;33
26;2025-11-11;1;0
26;2025-11-11;2;0
26;2025-11-11;3;0
26;2025-11-11;4;2
26;2025-11-11;5;96
26;2025-11-11;6;452
26;2025-11-11;7;1066
26;2025-11-11;8;2212
26;2025-11-11;9;1438
26;2025-11-11;10;1187
26;2025-11-11;11;1089
26;2025-11-11;12;1170
26;2025-11-11;13;1145
26;2025-11-11;14;1319
26;2025-11-11;15;1360
26;2025-11-11;16;1471
26;2025-11-11;17;1698
26;2025-11-11;18;1841
26;2025-11-11;19;1223
26;2025-11-11;20;729
26;2025-11-11;21;489
26;2025-11-11;22;199
26;2025-11-11;23;124
26;2025-11-12;0;33
26;2025-11-12;1;0
26;2025-11-12;2;0
26;2025-11-12;3;0
26;2025-11-12;4;2
26;2025-11-12;5;96
26;2025-11-12;6;452
26;2025-11-12;7;1066
26;2025-11-12;8;2212
26;2025-11-12;9;1438
26;2025-11-12;10;1187
26;2025-11-12;11;1089
26;2025-11-12;12;1170
26;2025-11-12;13;1145
26;2025-11-12;14;1319
26;2025-11-12;15;1360
26;2025-11-12;16;1471
26;2025-11-12;17;1698
26;2025-11-12;18;1841
26;2025-11-12;19;1223
26;2025-11-12;20;729
26;2025-11-12;21;489
26;2025-11-12;22;199
26;2025-11-12;23;124
26;2025-11-13;0;33
26;2025-11-13;1;0
26;2025-11-13;2;0
26;2025-11-13;3;0
26;2025-11-13;4;2
26;2025-11-13;5;96
26;2025-11-13;6;452
26;2025-11-13;7;1066
26;2025-11-13;8;2212
26;2025-11-13;9;1438
26;2025-11-13;10;1187
26;2025-11-13;11;1089
26;2025-11-13;12;1170
26;2025-11-13;13;1145
26;2025-11-13;14;1319
26;2025-11-13;15;1360
26;2025-11-13;16;1471
26;2025-11-13;17;1698
26;2025-11-13;18;1841
26;2025-11-13;19;1223
26;2025-11-13;20;729
26;2025-11-13;21;489
26;2025-11-13;22;199
26;2025-11-13;23;124
26;2025-11-14;0;30
26;2025-11-14;1;1
26;2025-11-14;2;0
26;2025-11-14;3;0
26;2025-11-14;4;1
26;2025-11-14;5;81
26;2025-11-14;6;471
26;2025-11-14;7;993
26;2025-11-14;8;2152
26;2025-11-14;9;1347
26;2025-11-14;10;1211
26;2025-11-14;11;1081
26;2025-11-14;12;1072
26;2025-11-14;13;1106
26;2025-11-14;14;1325
26;2025-11-14;15;1309
26;2025-11-14;16;1600
26;2025-11-14;17;1724
26;2025-11-14;18;1263
26;2025-11-14;19;990
26;2025-11-14;20;630
26;2025-11-14;21;449
26;2025-11-14;22;189
26;2025-11-14;23;148
26;2025-11-15;0;48
26;2025-11-15;1;2
26;2025-11-15;2;0
26;2025-11-15;3;0
26;2025-11-15;4;2
26;2025-11-15;5;48
26;2025-11-15;6;214
26;2025-11-15;7;342
26;2025-11-15;8;570
26;2025-11-15;9;616
26;2025-11-15;10;762
26;2025-11-15;11;915
26;2025-11-15;12;986
26;2025-11-15;13;963
26;2025-11-15;14;1010
26;2025-11-15;15;909
26;2025-11-15;16;953
26;2025-11-15;17;872
26;2025-11-15;18;805
26;2025-11-15;19;700
26;2025-11-15;20;494
26;2025-11-15;21;321
26;2025-11-15;22;184
26;2025-11-15;23;144
26;2025-11-16;0;48
26;2025-11-16;1;4
26;2025-11-16;2;0
26;2025-11-16;3;0
26;2025-11-16;4;1
26;2025-11-16;5;20
26;2025-11-16;6;151
26;2025-11-16;7;249
26;2025-11-16;8;370
26;2025-11-16;9;508
26;2025-11-16;10;571
26;2025-11-16;11;799
26;2025-11-16;12;789
26;2025-11-16;13;848
26;2025-11-16;14;830
26;2025-11-16;15;758
26;2025-11-16;16;724
26;2025-11-16;17;748
26;2025-11-16;18;671
26;2025-11-16;19;491
26;2025-11-16;20;385
26;2025-11-16;21;267
26;2025-11-16;22;154
26;2025-11-16;23;102
26;2025-11-17;0;24
26;2025-11-17;1;2
26;2025-11-17;2;0
26;2025-11-17;3;0
26;2025-11-17;4;1
26;2025-11-17;5;90
26;2025-11-17;6;447
26;2025-11-17;7;1100
26;2025-11-17;8;2149
26;2025-11-17;9;1366
26;2025-11-17;10;1181
26;2025-11-17;11;1013
26;2025-11-17;12;1043
26;2025-11-17;13;1114
26;2025-11-17;14;1232
26;2025-11-17;15;1261
26;2025-11-17;16;1360
26;2025-11-17;17;1656
26;2025-11-17;18;1813
26;2025-11-17;19;1155
26;2025-11-17;20;719
26;2025-11-17;21;448
26;2025-11-17;22;186
26;2025-11-17;23;105
26;2025-11-18;0;33
26;2025-11-18;1;0
26;2025-11-18;2;0
26;2025-11-18;3;0
26;2025-11-18;4;2
26;2025-11-18;5;96
26;2025-11-18;6;452
26;2025-11-18;7;1066
26;2025-11-18;8;2212
26;2025-11-18;9;1438
26;2025-11-18;10;1187
26;2025-11-18;11;1089
26;2025-11-18;12;1170
26;2025-11-18;13;1145
26;2025-11-18;14;1319
26;2025-11-18;15;1360
26;2025-11-18;16;1471
26;2025-11-18;17;1698
26;2025-11-18;18;1841
26;2025-11-18;19;1223
26;2025-11-18;20;729
26;2025-11-18;21;489
26;2025-11-18;22;199
26;2025-11-18;23;124
26;2025-11-19;0;33
26;2025-11-19;1;0
26;2025-11-19;2;0
26;2025-11-19;3;0
26;2025-11-19;4;2
26;2025-11-19;5;96
26;2025-11-19;6;452
26;2025-11-19;7;1066
26;2025-11-19;8;2212
26;2025-11-19;9;1438
26;2025-11-19;10;1187
26;2025-11-19;11;1089
26;2025-11-19;12;1170
26;2025-11-19;13;1145
26;2025-11-19;14;1319
26;2025-11-19;15;1360
26;2025-11-19;16;1471
26;2025-11-19;17;1698
26;2025-11-19;18;1841
26;2025-11-19;19;1223
26;2025-11-19;20;729
26;2025-11-19;21;489
26;2025-11-19;22;199
26;2025-11-19;23;124
26;2025-11-20;0;33
26;2025-11-20;1;0
26;2025-11-20;2;0
26;2025-11-20;3;0
26;2025-11-20;4;2
26;2025-11-20;5;96
26;2025-11-20;6;452
26;2025-11-20;7;1066
26;2025-11-20;8;2212
26;2025-11-20;9;1438
26;2025-11-20;10;1187
26;2025-11-20;11;1089
26;2025-11-20;12;1170
26;2025-11-20;13;1145
26;2025-11-20;14;1319
26;2025-11-20;15;1360
26;2025-11-20;16;1471
26;2025-11-20;17;1698
26;2025-11-20;18;1841
26;2025-11-20;19;1223
26;2025-11-20;20;729
26;2025-11-20;21;489
26;2025-11-20;22;199
26;2025-11-20;23;124
26;2025-11-21;0;30
26;2025-11-21;1;1
26;2025-11-21;2;0
26;2025-11-21;3;0
26;2025-11-21;4;1
26;2025-11-21;5;81
26;2025-11-21;6;471
26;2025-11-21;7;993
26;2025-11-21;8;2152
26;2025-11-21;9;1347
26;2025-11-21;10;1211
26;2025-11-21;11;1081
26;2025-11-21;12;1072
26;2025-11-21;13;1106
26;2025-11-21;14;1325
26;2025-11-21;15;1309
26;2025-11-21;16;1600
26;2025-11-21;17;1724
26;2025-11-21;18;1263
26;2025-11-21;19;990
26;2025-11-21;20;630
26;2025-11-21;21;449
26;2025-11-21;22;189
26;2025-11-21;23;148
26;2025-11-22;0;50
26;2025-11-22;1;2
26;2025-11-22;2;0
26;2025-11-22;3;0
26;2025-11-22;4;2
26;2025-11-22;5;50
26;2025-11-22;6;225
26;2025-11-22;7;359
26;2025-11-22;8;602
26;2025-11-22;9;649
26;2025-11-22;10;804
26;2025-11-22;11;964
26;2025-11-22;12;1040
26;2025-11-22;13;1016
26;2025-11-22;14;1064
26;2025-11-22;15;958
26;2025-11-22;16;1006
26;2025-11-22;17;920
26;2025-11-22;18;849
26;2025-11-22;19;739
26;2025-11-22;20;521
26;2025-11-22;21;339
26;2025-11-22;22;194
26;2025-11-22;23;151
26;2025-11-23;0;48
26;2025-11-23;1;4
26;2025-11-23;2;0
26;2025-11-23;3;0
26;2025-11-23;4;1
26;2025-11-23;5;20
26;2025-11-23;6;151
26;2025-11-23;7;249
26;2025-11-23;8;370
26;2025-11-23;9;508
26;2025-11-23;10;571
26;2025-11-23;11;799
26;2025-11-23;12;789
26;2025-11-23;13;848
26;2025-11-23;14;830
26;2025-11-23;15;758
26;2025-11-23;16;724
26;2025-11-23;17;748
26;2025-11-23;18;671
26;2025-11-23;19;491
26;2025-11-23;20;385
26;2025-11-23;21;267
26;2025-11-23;22;154
26;2025-11-23;23;102
26;2025-11-24;0;24
26;2025-11-24;1;2
26;2025-11-24;2;0
26;2025-11-24;3;0
26;2025-11-24;4;1
26;2025-11-24;5;90
26;2025-11-24;6;447
26;2025-11-24;7;1100
26;2025-11-24;8;2149
26;2025-11-24;9;1366
26;2025-11-24;10;1181
26;2025-11-24;11;1013
26;2025-11-24;12;1043
26;2025-11-24;13;1114
26;2025-11-24;14;1232
26;2025-11-24;15;1261
26;2025-11-24;16;1360
26;2025-11-24;17;1656
26;2025-11-24;18;1813
26;2025-11-24;19;1155
26;2025-11-24;20;719
26;2025-11-24;21;448
26;2025-11-24;22;186
26;2025-11-24;23;105
26;2025-11-25;0;33
26;2025-11-25;1;0
26;2025-11-25;2;0
26;2025-11-25;3;0
26;2025-11-25;4;2
26;2025-11-25;5;96
26;2025-11-25;6;452
26;2025-11-25;7;1066
26;2025-11-25;8;2212
26;2025-11-25;9;1438
26;2025-11-25;10;1187
26;2025-11-25;11;1089
26;2025-11-25;12;1170
26;2025-11-25;13;1145
26;2025-11-25;14;1319
26;2025-11-25;15;1360
26;2025-11-25;16;1471
26;2025-11-25;17;1698
26;2025-11-25;18;1841
26;2025-11-25;19;1223
26;2025-11-25;20;729
26;2025-11-25;21;489
26;2025-11-25;22;199
26;2025-11-25;23;124
26;2025-11-26;0;33
26;2025-11-26;1;0
26;2025-11-26;2;0
26;2025-11-26;3;0
26;2025-11-26;4;2
26;2025-11-26;5;96
26;2025-11-26;6;452
26;2025-11-26;7;1066
26;2025-11-26;8;2212
26;2025-11-26;9;1438
26;2025-11-26;10;1187
26;2025-11-26;11;1089
26;2025-11-26;12;1170
26;2025-11-26;13;1145
26;2025-11-26;14;1319
26;2025-11-26;15;1360
26;2025-11-26;16;1471
26;2025-11-26;17;1698
26;2025-11-26;18;1841
26;2025-11-26;19;1223
26;2025-11-26;20;729
26;2025-11-26;21;489
26;2025-11-26;22;199
26;2025-11-26;23;124
26;2025-11-27;0;33
26;2025-11-27;1;0
26;2025-11-27;2;0
26;2025-11-27;3;0
26;2025-11-27;4;2
26;2025-11-27;5;96
26;2025-11-27;6;452
26;2025-11-27;7;1066
26;2025-11-27;8;2212
26;2025-11-27;9;1438
26;2025-11-27;10;1187
26;2025-11-27;11;1089
26;2025-11-27;12;1170
26;2025-11-27;13;1145
26;2025-11-27;14;1319
26;2025-11-27;15;1360
26;2025-11-27;16;1471
26;2025-11-27;17;1698
26;2025-11-27;18;1841
26;2025-11-27;19;1223
26;2025-11-27;20;729
26;2025-11-27;21;489
26;2025-11-27;22;199
26;2025-11-27;23;124
26;2025-11-28;0;30
26;2025-11-28;1;1
26;2025-11-28;2;0
26;2025-11-28;3;0
26;2025-11-28;4;1
26;2025-11-28;5;81
26;2025-11-28;6;471
26;2025-11-28;7;993
26;2025-11-28;8;2152
26;2025-11-28;9;1347
26;2025-11-28;10;1211
26;2025-11-28;11;1081
26;2025-11-28;12;1072
26;2025-11-28;13;1106
26;2025-11-28;14;1325
26;2025-11-28;15;1309
26;2025-11-28;16;1600
26;2025-11-28;17;1724
26;2025-11-28;18;1263
26;2025-11-28;19;990
26;2025-11-28;20;630
26;2025-11-28;21;449
26;2025-11-28;22;189
26;2025-11-28;23;148
26;2025-11-29;0;50
26;2025-11-29;1;2
26;2025-11-29;2;0
26;2025-11-29;3;0
26;2025-11-29;4;2
26;2025-11-29;5;50
26;2025-11-29;6;225
26;2025-11-29;7;359
26;2025-11-29;8;602
26;2025-11-29;9;649
26;2025-11-29;10;804
26;2025-11-29;11;964
26;2025-11-29;12;1040
26;2025-11-29;13;1016
26;2025-11-29;14;1064
26;2025-11-29;15;958
26;2025-11-29;16;1006
26;2025-11-29;17;920
26;2025-11-29;18;849
26;2025-11-29;19;739
26;2025-11-29;20;521
26;2025-11-29;21;339
26;2025-11-29;22;194
26;2025-11-29;23;151
26;2025-11-30;0;48
26;2025-11-30;1;4
26;2025-11-30;2;0
26;2025-11-30;3;0
26;2025-11-30;4;1
26;2025-11-30;5;20
26;2025-11-30;6;151
26;2025-11-30;7;249
26;2025-11-30;8;370
26;2025-11-30;9;508
26;2025-11-30;10;571
26;2025-11-30;11;799
26;2025-11-30;12;789
26;2025-11-30;13;848
26;2025-11-30;14;830
26;2025-11-30;15;758
26;2025-11-30;16;724
26;2025-11-30;17;748
26;2025-11-30;18;671
26;2025-11-30;19;491
26;2025-11-30;20;385
26;2025-11-30;21;267
26;2025-11-30;22;154
26;2025-11-30;23;102
26;2025-12-01;0;24
26;2025-12-01;1;2
26;2025-12-01;2;0
26;2025-12-01;3;0
26;2025-12-01;4;1
26;2025-12-01;5;90
26;2025-12-01;6;447
26;2025-12-01;7;1100
26;2025-12-01;8;2149
26;2025-12-01;9;1366
26;2025-12-01;10;1181
26;2025-12-01;11;1013
26;2025-12-01;12;1043
26;2025-12-01;13;1114
26;2025-12-01;14;1232
26;2025-12-01;15;1261
26;2025-12-01;16;1360
26;2025-12-01;17;1656
26;2025-12-01;18;1813
26;2025-12-01;19;1155
26;2025-12-01;20;719
26;2025-12-01;21;448
26;2025-12-01;22;186
26;2025-12-01;23;105
26;2025-12-02;0;33
26;2025-12-02;1;0
26;2025-12-02;2;0
26;2025-12-02;3;0
26;2025-12-02;4;2
26;2025-12-02;5;96
26;2025-12-02;6;452
26;2025-12-02;7;1066
26;2025-12-02;8;2212
26;2025-12-02;9;1438
26;2025-12-02;10;1187
26;2025-12-02;11;1089
26;2025-12-02;12;1170
26;2025-12-02;13;1145
26;2025-12-02;14;1319
26;2025-12-02;15;1360
26;2025-12-02;16;1471
26;2025-12-02;17;1698
26;2025-12-02;18;1841
26;2025-12-02;19;1223
26;2025-12-02;20;729
26;2025-12-02;21;489
26;2025-12-02;22;199
26;2025-12-02;23;124
26;2025-12-03;0;33
26;2025-12-03;1;0
26;2025-12-03;2;0
26;2025-12-03;3;0
26;2025-12-03;4;2
26;2025-12-03;5;96
26;2025-12-03;6;452
26;2025-12-03;7;1066
26;2025-12-03;8;2212
26;2025-12-03;9;1438
26;2025-12-03;10;1187
26;2025-12-03;11;1089
26;2025-12-03;12;1170
26;2025-12-03;13;1145
26;2025-12-03;14;1319
26;2025-12-03;15;1360
26;2025-12-03;16;1471
26;2025-12-03;17;1698
26;2025-12-03;18;1841
26;2025-12-03;19;1223
26;2025-12-03;20;729
26;2025-12-03;21;489
26;2025-12-03;22;199
26;2025-12-03;23;124
26;2025-12-04;0;33
26;2025-12-04;1;0
26;2025-12-04;2;0
26;2025-12-04;3;0
26;2025-12-04;4;2
26;2025-12-04;5;96
26;2025-12-04;6;452
26;2025-12-04;7;1066
26;2025-12-04;8;2212
26;2025-12-04;9;1438
26;2025-12-04;10;1187
26;2025-12-04;11;1089
26;2025-12-04;12;1170
26;2025-12-04;13;1145
26;2025-12-04;14;1319
26;2025-12-04;15;1360
26;2025-12-04;16;1471
26;2025-12-04;17;1698
26;2025-12-04;18;1841
26;2025-12-04;19;1223
26;2025-12-04;20;729
26;2025-12-04;21;489
26;2025-12-04;22;199
26;2025-12-04;23;124
26;2025-12-05;0;30
26;2025-12-05;1;1
26;2025-12-05;2;0
26;2025-12-05;3;0
26;2025-12-05;4;1
26;2025-12-05;5;81
26;2025-12-05;6;471
26;2025-12-05;7;993
26;2025-12-05;8;2152
26;2025-12-05;9;1347
26;2025-12-05;10;1211
26;2025-12-05;11;1081
26;2025-12-05;12;1072
26;2025-12-05;13;1106
26;2025-12-05;14;1325
26;2025-12-05;15;1309
26;2025-12-05;16;1600
26;2025-12-05;17;1724
26;2025-12-05;18;1263
26;2025-12-05;19;990
26;2025-12-05;20;630
26;2025-12-05;21;449
26;2025-12-05;22;189
26;2025-12-05;23;148
26;2025-12-06;0;50
26;2025-12-06;1;2
26;2025-12-06;2;0
26;2025-12-06;3;0
26;2025-12-06;4;2
26;2025-12-06;5;50
26;2025-12-06;6;225
26;2025-12-06;7;359
26;2025-12-06;8;602
26;2025-12-06;9;649
26;2025-12-06;10;804
26;2025-12-06;11;964
26;2025-12-06;12;1040
26;2025-12-06;13;1016
26;2025-12-06;14;1064
26;2025-12-06;15;958
26;2025-12-06;16;1006
26;2025-12-06;17;920
26;2025-12-06;18;849
26;2025-12-06;19;739
26;2025-12-06;20;521
26;2025-12-06;21;339
26;2025-12-06;22;194
26;2025-12-06;23;151
26;2025-12-07;0;48
26;2025-12-07;1;4
26;2025-12-07;2;0
26;2025-12-07;3;0
26;2025-12-07;4;1
26;2025-12-07;5;20
26;2025-12-07;6;151
26;2025-12-07;7;249
26;2025-12-07;8;370
26;2025-12-07;9;508
26;2025-12-07;10;571
26;2025-12-07;11;799
26;2025-12-07;12;789
26;2025-12-07;13;848
26;2025-12-07;14;830
26;2025-12-07;15;758
26;2025-12-07;16;724
26;2025-12-07;17;748
26;2025-12-07;18;671
26;2025-12-07;19;491
26;2025-12-07;20;385
26;2025-12-07;21;267
26;2025-12-07;22;154
26;2025-12-07;23;102
26;2025-12-08;0;24
26;2025-12-08;1;2
26;2025-12-08;2;0
26;2025-12-08;3;0
26;2025-12-08;4;1
26;2025-12-08;5;90
26;2025-12-08;6;447
26;2025-12-08;7;1100
26;2025-12-08;8;2149
26;2025-12-08;9;1366
26;2025-12-08;10;1181
26;2025-12-08;11;1013
26;2025-12-08;12;1043
26;2025-12-08;13;1114
26;2025-12-08;14;1232
26;2025-12-08;15;1261
26;2025-12-08;16;1360
26;2025-12-08;17;1656
26;2025-12-08;18;1813
26;2025-12-08;19;1155
26;2025-12-08;20;719
26;2025-12-08;21;448
26;2025-12-08;22;186
26;2025-12-08;23;105
26;2025-12-09;0;33
26;2025-12-09;1;0
26;2025-12-09;2;0
26;2025-12-09;3;0
26;2025-12-09;4;2
26;2025-12-09;5;96
26;2025-12-09;6;452
26;2025-12-09;7;1066
26;2025-12-09;8;2212
26;2025-12-09;9;1438
26;2025-12-09;10;1187
26;2025-12-09;11;1089
26;2025-12-09;12;1170
26;2025-12-09;13;1145
26;2025-12-09;14;1319
26;2025-12-09;15;1360
26;2025-12-09;16;1471
26;2025-12-09;17;1698
26;2025-12-09;18;1841
26;2025-12-09;19;1223
26;2025-12-09;20;729
26;2025-12-09;21;489
26;2025-12-09;22;199
26;2025-12-09;23;124
26;2025-12-10;0;33
26;2025-12-10;1;0
26;2025-12-10;2;0
26;2025-12-10;3;0
26;2025-12-10;4;2
26;2025-12-10;5;96
26;2025-12-10;6;452
26;2025-12-10;7;1066
26;2025-12-10;8;2212
26;2025-12-10;9;1438
26;2025-12-10;10;1187
26;2025-12-10;11;1089
26;2025-12-10;12;1170
26;2025-12-10;13;1145
26;2025-12-10;14;1319
26;2025-12-10;15;1360
26;2025-12-10;16;1471
26;2025-12-10;17;1698
26;2025-12-10;18;1841
26;2025-12-10;19;1223
26;2025-12-10;20;729
26;2025-12-10;21;489
26;2025-12-10;22;199
26;2025-12-10;23;124
26;2025-12-11;0;33
26;2025-12-11;1;0
26;2025-12-11;2;0
26;2025-12-11;3;0
26;2025-12-11;4;2
26;2025-12-11;5;96
26;2025-12-11;6;452
26;2025-12-11;7;1066
26;2025-12-11;8;2212
26;2025-12-11;9;1438
26;2025-12-11;10;1187
26;2025-12-11;11;1089
26;2025-12-11;12;1170
26;2025-12-11;13;1145
26;2025-12-11;14;1319
26;2025-12-11;15;1360
26;2025-12-11;16;1471
26;2025-12-11;17;1698
26;2025-12-11;18;1841
26;2025-12-11;19;1223
26;2025-12-11;20;729
26;2025-12-11;21;489
26;2025-12-11;22;199
26;2025-12-11;23;124
26;2025-12-12;0;30
26;2025-12-12;1;1
26;2025-12-12;2;0
26;2025-12-12;3;0
26;2025-12-12;4;1
26;2025-12-12;5;81
26;2025-12-12;6;471
26;2025-12-12;7;993
26;2025-12-12;8;2152
26;2025-12-12;9;1347
26;2025-12-12;10;1211
26;2025-12-12;11;1081
26;2025-12-12;12;1072
26;2025-12-12;13;1106
26;2025-12-12;14;1325
26;2025-12-12;15;1309
26;2025-12-12;16;1600
26;2025-12-12;17;1724
26;2025-12-12;18;1263
26;2025-12-12;19;990
26;2025-12-12;20;630
26;2025-12-12;21;449
26;2025-12-12;22;189
26;2025-12-12;23;148
26;2025-12-13;0;50
26;2025-12-13;1;2
26;2025-12-13;2;0
26;2025-12-13;3;0
26;2025-12-13;4;2
26;2025-12-13;5;50
26;2025-12-13;6;225
26;2025-12-13;7;359
26;2025-12-13;8;602
26;2025-12-13;9;649
26;2025-12-13;10;804
26;2025-12-13;11;964
26;2025-12-13;12;1040
26;2025-12-13;13;1016
26;2025-12-13;14;1064
26;2025-12-13;15;958
26;2025-12-13;16;1006
26;2025-12-13;17;920
26;2025-12-13;18;849
26;2025-12-13;19;739
26;2025-12-13;20;521
26;2025-12-13;21;339
26;2025-12-13;22;194
26;2025-12-13;23;151
26;2025-12-14;0;48
26;2025-12-14;1;4
26;2025-12-14;2;0
26;2025-12-14;3;0
26;2025-12-14;4;1
26;2025-12-14;5;20
26;2025-12-14;6;151
26;2025-12-14;7;249
26;2025-12-14;8;370
26;2025-12-14;9;508
26;2025-12-14;10;571
26;2025-12-14;11;799
26;2025-12-14;12;789
26;2025-12-14;13;848
26;2025-12-14;14;830
26;2025-12-14;15;758
26;2025-12-14;16;724
26;2025-12-14;17;748
26;2025-12-14;18;671
26;2025-12-14;19;491
26;2025-12-14;20;385
26;2025-12-14;21;267
26;2025-12-14;22;154
26;2025-12-14;23;102
26;2025-12-15;0;24
26;2025-12-15;1;2
26;2025-12-15;2;0
26;2025-12-15;3;0
26;2025-12-15;4;1
26;2025-12-15;5;90
26;2025-12-15;6;447
26;2025-12-15;7;1100
26;2025-12-15;8;2149
26;2025-12-15;9;1366
26;2025-12-15;10;1181
26;2025-12-15;11;1013
26;2025-12-15;12;1043
26;2025-12-15;13;1114
26;2025-12-15;14;1232
26;2025-12-15;15;1261
26;2025-12-15;16;1360
26;2025-12-15;17;1656
26;2025-12-15;18;1813
26;2025-12-15;19;1155
26;2025-12-15;20;719
26;2025-12-15;21;448
26;2025-12-15;22;186
26;2025-12-15;23;105
26;2025-12-16;0;33
26;2025-12-16;1;0
26;2025-12-16;2;0
26;2025-12-16;3;0
26;2025-12-16;4;2
26;2025-12-16;5;96
26;2025-12-16;6;452
26;2025-12-16;7;1066
26;2025-12-16;8;2212
26;2025-12-16;9;1438
26;2025-12-16;10;1187
26;2025-12-16;11;1089
26;2025-12-16;12;1170
26;2025-12-16;13;1145
26;2025-12-16;14;1319
26;2025-12-16;15;1360
26;2025-12-16;16;1471
26;2025-12-16;17;1698
26;2025-12-16;18;1841
26;2025-12-16;19;1223
26;2025-12-16;20;729
26;2025-12-16;21;489
26;2025-12-16;22;199
26;2025-12-16;23;124
26;2025-12-17;0;33
26;2025-12-17;1;0
26;2025-12-17;2;0
26;2025-12-17;3;0
26;2025-12-17;4;2
26;2025-12-17;5;96
26;2025-12-17;6;452
26;2025-12-17;7;1066
26;2025-12-17;8;2212
26;2025-12-17;9;1438
26;2025-12-17;10;1187
26;2025-12-17;11;1089
26;2025-12-17;12;1170
26;2025-12-17;13;1145
26;2025-12-17;14;1319
26;2025-12-17;15;1360
26;2025-12-17;16;1471
26;2025-12-17;17;1698
26;2025-12-17;18;1841
26;2025-12-17;19;1223
26;2025-12-17;20;729
26;2025-12-17;21;489
26;2025-12-17;22;199
26;2025-12-17;23;124
26;2025-12-18;0;33
26;2025-12-18;1;0
26;2025-12-18;2;0
26;2025-12-18;3;0
26;2025-12-18;4;2
26;2025-12-18;5;96
26;2025-12-18;6;452
26;2025-12-18;7;1066
26;2025-12-18;8;2212
26;2025-12-18;9;1438
26;2025-12-18;10;1187
26;2025-12-18;11;1089
26;2025-12-18;12;1170
26;2025-12-18;13;1145
26;2025-12-18;14;1319
26;2025-12-18;15;1360
26;2025-12-18;16;1471
26;2025-12-18;17;1698
26;2025-12-18;18;1841
26;2025-12-18;19;1223
26;2025-12-18;20;729
26;2025-12-18;21;489
26;2025-12-18;22;199
26;2025-12-18;23;124
26;2025-12-19;0;30
26;2025-12-19;1;1
26;2025-12-19;2;0
26;2025-12-19;3;0
26;2025-12-19;4;1
26;2025-12-19;5;81
26;2025-12-19;6;471
26;2025-12-19;7;993
26;2025-12-19;8;2152
26;2025-12-19;9;1347
26;2025-12-19;10;1211
26;2025-12-19;11;1081
26;2025-12-19;12;1072
26;2025-12-19;13;1106
26;2025-12-19;14;1325
26;2025-12-19;15;1309
26;2025-12-19;16;1600
26;2025-12-19;17;1724
26;2025-12-19;18;1263
26;2025-12-19;19;990
26;2025-12-19;20;630
26;2025-12-19;21;449
26;2025-12-19;22;189
26;2025-12-19;23;148
26;2025-12-20;0;50
26;2025-12-20;1;2
26;2025-12-20;2;0
26;2025-12-20;3;0
26;2025-12-20;4;2
26;2025-12-20;5;50
26;2025-12-20;6;225
26;2025-12-20;7;359
26;2025-12-20;8;602
26;2025-12-20;9;649
26;2025-12-20;10;804
26;2025-12-20;11;964
26;2025-12-20;12;1040
26;2025-12-20;13;1016
26;2025-12-20;14;1064
26;2025-12-20;15;958
26;2025-12-20;16;1006
26;2025-12-20;17;920
26;2025-12-20;18;849
26;2025-12-20;19;739
26;2025-12-20;20;521
26;2025-12-20;21;339
26;2025-12-20;22;194
26;2025-12-20;23;151
26;2025-12-21;0;48
26;2025-12-21;1;4
26;2025-12-21;2;0
26;2025-12-21;3;0
26;2025-12-21;4;1
26;2025-12-21;5;20
26;2025-12-21;6;151
26;2025-12-21;7;249
26;2025-12-21;8;370
26;2025-12-21;9;508
26;2025-12-21;10;571
26;2025-12-21;11;799
26;2025-12-21;12;789
26;2025-12-21;13;848
26;2025-12-21;14;830
26;2025-12-21;15;758
26;2025-12-21;16;724
26;2025-12-21;17;748
26;2025-12-21;18;671
26;2025-12-21;19;491
26;2025-12-21;20;385
26;2025-12-21;21;267
26;2025-12-21;22;154
26;2025-12-21;23;102
26;2025-12-22;0;24
26;2025-12-22;1;2
26;2025-12-22;2;0
26;2025-12-22;3;0
26;2025-12-22;4;1
26;2025-12-22;5;90
26;2025-12-22;6;447
26;2025-12-22;7;1100
26;2025-12-22;8;2149
26;2025-12-22;9;1366
26;2025-12-22;10;1181
26;2025-12-22;11;1013
26;2025-12-22;12;1043
26;2025-12-22;13;1114
26;2025-12-22;14;1232
26;2025-12-22;15;1261
26;2025-12-22;16;1360
26;2025-12-22;17;1656
26;2025-12-22;18;1813
26;2025-12-22;19;1155
26;2025-12-22;20;719
26;2025-12-22;21;448
26;2025-12-22;22;186
26;2025-12-22;23;105
26;2025-12-23;0;33
26;2025-12-23;1;0
26;2025-12-23;2;0
26;2025-12-23;3;0
26;2025-12-23;4;2
26;2025-12-23;5;96
26;2025-12-23;6;452
26;2025-12-23;7;1066
26;2025-12-23;8;2212
26;2025-12-23;9;1438
26;2025-12-23;10;1187
26;2025-12-23;11;1089
26;2025-12-23;12;1170
26;2025-12-23;13;1145
26;2025-12-23;14;1319
26;2025-12-23;15;1360
26;2025-12-23;16;1471
26;2025-12-23;17;1698
26;2025-12-23;18;1841
26;2025-12-23;19;1223
26;2025-12-23;20;729
26;2025-12-23;21;489
26;2025-12-23;22;199
26;2025-12-23;23;124
26;2025-12-24;0;33
26;2025-12-24;1;0
26;2025-12-24;2;0
26;2025-12-24;3;0
26;2025-12-24;4;2
26;2025-12-24;5;96
26;2025-12-24;6;452
26;2025-12-24;7;1066
26;2025-12-24;8;2212
26;2025-12-24;9;1438
26;2025-12-24;10;1187
26;2025-12-24;11;1089
26;2025-12-24;12;1170
26;2025-12-24;13;1145
26;2025-12-24;14;1319
26;2025-12-24;15;1360
26;2025-12-24;16;1471
26;2025-12-24;17;1698
26;2025-12-24;18;1841
26;2025-12-24;19;1223
26;2025-12-24;20;729
26;2025-12-24;21;489
26;2025-12-24;22;199
26;2025-12-24;23;124
26;2025-12-25;0;33
26;2025-12-25;1;0
26;2025-12-25;2;0
26;2025-12-25;3;0
26;2025-12-25;4;2
26;2025-12-25;5;96
26;2025-12-25;6;452
26;2025-12-25;7;1066
26;2025-12-25;8;2212
26;2025-12-25;9;1438
26;2025-12-25;10;1187
26;2025-12-25;11;1089
26;2025-12-25;12;1170
26;2025-12-25;13;1145
26;2025-12-25;14;1319
26;2025-12-25;15;1360
26;2025-12-25;16;1471
26;2025-12-25;17;1698
26;2025-12-25;18;1841
26;2025-12-25;19;1223
26;2025-12-25;20;729
26;2025-12-25;21;489
26;2025-12-25;22;199
26;2025-12-25;23;124
26;2025-12-26;0;30
26;2025-12-26;1;1
26;2025-12-26;2;0
26;2025-12-26;3;0
26;2025-12-26;4;1
26;2025-12-26;5;81
26;2025-12-26;6;471
26;2025-12-26;7;993
26;2025-12-26;8;2152
26;2025-12-26;9;1347
26;2025-12-26;10;1211
26;2025-12-26;11;1081
26;2025-12-26;12;1072
26;2025-12-26;13;1106
26;2025-12-26;14;1325
26;2025-12-26;15;1309
26;2025-12-26;16;1600
26;2025-12-26;17;1724
26;2025-12-26;18;1263
26;2025-12-26;19;990
26;2025-12-26;20;630
26;2025-12-26;21;449
26;2025-12-26;22;189
26;2025-12-26;23;148
26;2025-12-27;0;50
26;2025-12-27;1;2
26;2025-12-27;2;0
26;2025-12-27;3;0
26;2025-12-27;4;2
26;2025-12-27;5;50
26;2025-12-27;6;225
26;2025-12-27;7;359
26;2025-12-27;8;602
26;2025-12-27;9;649
26;2025-12-27;10;804
26;2025-12-27;11;964
26;2025-12-27;12;1040
26;2025-12-27;13;1016
26;2025-12-27;14;1064
26;2025-12-27;15;958
26;2025-12-27;16;1006
26;2025-12-27;17;920
26;2025-12-27;18;849
26;2025-12-27;19;739
26;2025-12-27;20;521
26;2025-12-27;21;339
26;2025-12-27;22;194
26;2025-12-27;23;151
26;2025-12-28;0;48
26;2025-12-28;1;4
26;2025-12-28;2;0
26;2025-12-28;3;0
26;2025-12-28;4;1
26;2025-12-28;5;20
26;2025-12-28;6;151
26;2025-12-28;7;249
26;2025-12-28;8;370
26;2025-12-28;9;508
26;2025-12-28;10;571
26;2025-12-28;11;799
26;2025-12-28;12;789
26;2025-12-28;13;848
26;2025-12-28;14;830
26;2025-12-28;15;758
26;2025-12-28;16;724
26;2025-12-28;17;748
26;2025-12-28;18;671
26;2025-12-28;19;491
26;2025-12-28;20;385
26;2025-12-28;21;267
26;2025-12-28;22;154
26;2025-12-28;23;102
26;2025-12-29;0;26
26;2025-12-29;1;1
26;2025-12-29;2;0
26;2025-12-29;3;0
26;2025-12-29;4;1
26;2025-12-29;5;69
26;2025-12-29;6;405
26;2025-12-29;7;854
26;2025-12-29;8;1851
26;2025-12-29;9;1158
26;2025-12-29;10;1041
26;2025-12-29;11;930
26;2025-12-29;12;923
26;2025-12-29;13;951
26;2025-12-29;14;1139
26;2025-12-29;15;1126
26;2025-12-29;16;1376
26;2025-12-29;17;1482
26;2025-12-29;18;1086
26;2025-12-29;19;851
26;2025-12-29;20;542
26;2025-12-29;21;387
26;2025-12-29;22;162
26;2025-12-29;23;127
26;2025-12-30;0;26
26;2025-12-30;1;1
26;2025-12-30;2;0
26;2025-12-30;3;0
26;2025-12-30;4;1
26;2025-12-30;5;69
26;2025-12-30;6;405
26;2025-12-30;7;854
26;2025-12-30;8;1851
26;2025-12-30;9;1158
26;2025-12-30;10;1041
26;2025-12-30;11;930
26;2025-12-30;12;923
26;2025-12-30;13;951
26;2025-12-30;14;1139
26;2025-12-30;15;1126
26;2025-12-30;16;1376
26;2025-12-30;17;1482
26;2025-12-30;18;1086
26;2025-12-30;19;851
26;2025-12-30;20;542
26;2025-12-30;21;387
26;2025-12-30;22;162
26;2025-12-30;23;127
26;2025-12-31;0;43
26;2025-12-31;1;2
26;2025-12-31;2;0
26;2025-12-31;3;0
26;2025-12-31;4;1
26;2025-12-31;5;43
26;2025-12-31;6;191
26;2025-12-31;7;306
26;2025-12-31;8;511
26;2025-12-31;9;552
26;2025-12-31;10;683
26;2025-12-31;11;820
26;2025-12-31;12;884
26;2025-12-31;13;863
26;2025-12-31;14;905
26;2025-12-31;15;815
26;2025-12-31;16;854
26;2025-12-31;17;781
26;2025-12-31;18;722
26;2025-12-31;19;346
26;2025-12-31;20;244
26;2025-12-31;21;158
26;2025-12-31;22;91
26;2025-12-31;23;71
28;2025-11-01;0;2
28;2025-11-01;1;0
28;2025-11-01;2;0
28;2025-11-01;3;0
28;2025-11-01;4;1
28;2025-11-01;5;64
28;2025-11-01;6;237
28;2025-11-01;7;727
28;2025-11-01;8;1118
28;2025-11-01;9;716
28;2025-11-01;10;538
28;2025-11-01;11;514
28;2025-11-01;12;677
28;2025-11-01;13;617
28;2025-11-01;14;606
28;2025-11-01;15;622
28;2025-11-01;16;817
28;2025-11-01;17;856
28;2025-11-01;18;749
28;2025-11-01;19;557
28;2025-11-01;20;363
28;2025-11-01;21;282
28;2025-11-01;22;109
28;2025-11-01;23;16
28;2025-11-02;0;2
28;2025-11-02;1;0
28;2025-11-02;2;0
28;2025-11-02;3;0
28;2025-11-02;4;0
28;2025-11-02;5;30
28;2025-11-02;6;75
28;2025-11-02;7;162
28;2025-11-02;8;251
28;2025-11-02;9;347
28;2025-11-02;10;392
28;2025-11-02;11;430
28;2025-11-02;12;444
28;2025-11-02;13;541
28;2025-11-02;14;512
28;2025-11-02;15;508
28;2025-11-02;16;454
28;2025-11-02;17;491
28;2025-11-02;18;421
28;2025-11-02;19;381
28;2025-11-02;20;287
28;2025-11-02;21;231
28;2025-11-02;22;109
28;2025-11-02;23;13
28;2025-11-03;0;2
28;2025-11-03;1;0
28;2025-11-03;2;0
28;2025-11-03;3;0
28;2025-11-03;4;0
28;2025-11-03;5;29
28;2025-11-03;6;73
28;2025-11-03;7;156
28;2025-11-03;8;244
28;2025-11-03;9;337
28;2025-11-03;10;379
28;2025-11-03;11;415
28;2025-11-03;12;429
28;2025-11-03;13;523
28;2025-11-03;14;495
28;2025-11-03;15;491
28;2025-11-03;16;440
28;2025-11-03;17;474
28;2025-11-03;18;407
28;2025-11-03;19;368
28;2025-11-03;20;277
28;2025-11-03;21;223
28;2025-11-03;22;105
28;2025-11-03;23;12
28;2025-11-04;0;2
28;2025-11-04;1;0
28;2025-11-04;2;0
28;2025-11-04;3;0
28;2025-11-04;4;0
28;2025-11-04;5;29
28;2025-11-04;6;73
28;2025-11-04;7;156
28;2025-11-04;8;244
28;2025-11-04;9;337
28;2025-11-04;10;379
28;2025-11-04;11;415
28;2025-11-04;12;429
28;2025-11-04;13;523
28;2025-11-04;14;495
28;2025-11-04;15;491
28;2025-11-04;16;440
28;2025-11-04;17;474
28;2025-11-04;18;407
28;2025-11-04;19;368
28;2025-11-04;20;277
28;2025-11-04;21;223
28;2025-11-04;22;105
28;2025-11-04;23;12
28;2025-11-05;0;0
28;2025-11-05;1;0
28;2025-11-05;2;0
28;2025-11-05;3;0
28;2025-11-05;4;1
28;2025-11-05;5;78
28;2025-11-05;6;249
28;2025-11-05;7;795
28;2025-11-05;8;1315
28;2025-11-05;9;841
28;2025-11-05;10;622
28;2025-11-05;11;569
28;2025-11-05;12;706
28;2025-11-05;13;701
28;2025-11-05;14;672
28;2025-11-05;15;704
28;2025-11-05;16;898
28;2025-11-05;17;1075
28;2025-11-05;18;1052
28;2025-11-05;19;769
28;2025-11-05;20;542
28;2025-11-05;21;332
28;2025-11-05;22;120
28;2025-11-05;23;11
28;2025-11-06;0;0
28;2025-11-06;1;0
28;2025-11-06;2;0
28;2025-11-06;3;0
28;2025-11-06;4;1
28;2025-11-06;5;78
28;2025-11-06;6;249
28;2025-11-06;7;795
28;2025-11-06;8;1315
28;2025-11-06;9;841
28;2025-11-06;10;622
28;2025-11-06;11;569
28;2025-11-06;12;706
28;2025-11-06;13;701
28;2025-11-06;14;672
28;2025-11-06;15;704
28;2025-11-06;16;898
28;2025-11-06;17;1075
28;2025-11-06;18;1052
28;2025-11-06;19;769
28;2025-11-06;20;542
28;2025-11-06;21;332
28;2025-11-06;22;120
28;2025-11-06;23;11
28;2025-11-07;0;2
28;2025-11-07;1;0
28;2025-11-07;2;0
28;2025-11-07;3;0
28;2025-11-07;4;2
28;2025-11-07;5;75
28;2025-11-07;6;278
28;2025-11-07;7;855
28;2025-11-07;8;1315
28;2025-11-07;9;842
28;2025-11-07;10;633
28;2025-11-07;11;605
28;2025-11-07;12;797
28;2025-11-07;13;726
28;2025-11-07;14;713
28;2025-11-07;15;732
28;2025-11-07;16;961
28;2025-11-07;17;1007
28;2025-11-07;18;881
28;2025-11-07;19;656
28;2025-11-07;20;428
28;2025-11-07;21;332
28;2025-11-07;22;129
28;2025-11-07;23;19
28;2025-11-08;0;2
28;2025-11-08;1;0
28;2025-11-08;2;0
28;2025-11-08;3;0
28;2025-11-08;4;1
28;2025-11-08;5;39
28;2025-11-08;6;106
28;2025-11-08;7;233
28;2025-11-08;8;405
28;2025-11-08;9;456
28;2025-11-08;10;498
28;2025-11-08;11;503
28;2025-11-08;12;596
28;2025-11-08;13;602
28;2025-11-08;14;558
28;2025-11-08;15;605
28;2025-11-08;16;608
28;2025-11-08;17;583
28;2025-11-08;18;504
28;2025-11-08;19;381
28;2025-11-08;20;282
28;2025-11-08;21;256
28;2025-11-08;22;102
28;2025-11-08;23;12
28;2025-11-09;0;2
28;2025-11-09;1;0
28;2025-11-09;2;0
28;2025-11-09;3;0
28;2025-11-09;4;0
28;2025-11-09;5;30
28;2025-11-09;6;75
28;2025-11-09;7;162
28;2025-11-09;8;251
28;2025-11-09;9;347
28;2025-11-09;10;392
28;2025-11-09;11;430
28;2025-11-09;12;444
28;2025-11-09;13;541
28;2025-11-09;14;512
28;2025-11-09;15;508
28;2025-11-09;16;454
28;2025-11-09;17;491
28;2025-11-09;18;421
28;2025-11-09;19;381
28;2025-11-09;20;287
28;2025-11-09;21;231
28;2025-11-09;22;109
28;2025-11-09;23;13
28;2025-11-10;0;0
28;2025-11-10;1;1
28;2025-11-10;2;0
28;2025-11-10;3;0
28;2025-11-10;4;2
28;2025-11-10;5;72
28;2025-11-10;6;251
28;2025-11-10;7;728
28;2025-11-10;8;1248
28;2025-11-10;9;816
28;2025-11-10;10;614
28;2025-11-10;11;526
28;2025-11-10;12;686
28;2025-11-10;13;667
28;2025-11-10;14;626
28;2025-11-10;15;604
28;2025-11-10;16;872
28;2025-11-10;17;977
28;2025-11-10;18;930
28;2025-11-10;19;693
28;2025-11-10;20;446
28;2025-11-10;21;285
28;2025-11-10;22;101
28;2025-11-10;23;3
28;2025-11-11;0;0
28;2025-11-11;1;0
28;2025-11-11;2;0
28;2025-11-11;3;0
28;2025-11-11;4;1
28;2025-11-11;5;78
28;2025-11-11;6;249
28;2025-11-11;7;795
28;2025-11-11;8;1315
28;2025-11-11;9;841
28;2025-11-11;10;622
28;2025-11-11;11;569
28;2025-11-11;12;706
28;2025-11-11;13;701
28;2025-11-11;14;672
28;2025-11-11;15;704
28;2025-11-11;16;898
28;2025-11-11;17;1075
28;2025-11-11;18;1052
28;2025-11-11;19;769
28;2025-11-11;20;542
28;2025-11-11;21;332
28;2025-11-11;22;120
28;2025-11-11;23;11
28;2025-11-12;0;0
28;2025-11-12;1;0
28;2025-11-12;2;0
28;2025-11-12;3;0
28;2025-11-12;4;1
28;2025-11-12;5;78
28;2025-11-12;6;249
28;2025-11-12;7;795
28;2025-11-12;8;1315
28;2025-11-12;9;841
28;2025-11-12;10;622
28;2025-11-12;11;569
28;2025-11-12;12;706
28;2025-11-12;13;701
28;2025-11-12;14;672
28;2025-11-12;15;704
28;2025-11-12;16;898
28;2025-11-12;17;1075
28;2025-11-12;18;1052
28;2025-11-12;19;769
28;2025-11-12;20;542
28;2025-11-12;21;332
28;2025-11-12;22;120
28;2025-11-12;23;11
28;2025-11-13;0;0
28;2025-11-13;1;0
28;2025-11-13;2;0
28;2025-11-13;3;0
28;2025-11-13;4;1
28;2025-11-13;5;78
28;2025-11-13;6;249
28;2025-11-13;7;795
28;2025-11-13;8;1315
28;2025-11-13;9;841
28;2025-11-13;10;622
28;2025-11-13;11;569
28;2025-11-13;12;706
28;2025-11-13;13;701
28;2025-11-13;14;672
28;2025-11-13;15;704
28;2025-11-13;16;898
28;2025-11-13;17;1075
28;2025-11-13;18;1052
28;2025-11-13;19;769
28;2025-11-13;20;542
28;2025-11-13;21;332
28;2025-11-13;22;120
28;2025-11-13;23;11
28;2025-11-14;0;2
28;2025-11-14;1;0
28;2025-11-14;2;0
28;2025-11-14;3;0
28;2025-11-14;4;2
28;2025-11-14;5;75
28;2025-11-14;6;278
28;2025-11-14;7;855
28;2025-11-14;8;1315
28;2025-11-14;9;842
28;2025-11-14;10;633
28;2025-11-14;11;605
28;2025-11-14;12;797
28;2025-11-14;13;726
28;2025-11-14;14;713
28;2025-11-14;15;732
28;2025-11-14;16;961
28;2025-11-14;17;1007
28;2025-11-14;18;881
28;2025-11-14;19;656
28;2025-11-14;20;428
28;2025-11-14;21;332
28;2025-11-14;22;129
28;2025-11-14;23;19
28;2025-11-15;0;2
28;2025-11-15;1;0
28;2025-11-15;2;0
28;2025-11-15;3;0
28;2025-11-15;4;1
28;2025-11-15;5;37
28;2025-11-15;6;101
28;2025-11-15;7;221
28;2025-11-15;8;384
28;2025-11-15;9;433
28;2025-11-15;10;472
28;2025-11-15;11;477
28;2025-11-15;12;565
28;2025-11-15;13;570
28;2025-11-15;14;530
28;2025-11-15;15;573
28;2025-11-15;16;576
28;2025-11-15;17;553
28;2025-11-15;18;477
28;2025-11-15;19;361
28;2025-11-15;20;267
28;2025-11-15;21;243
28;2025-11-15;22;97
28;2025-11-15;23;11
28;2025-11-16;0;2
28;2025-11-16;1;0
28;2025-11-16;2;0
28;2025-11-16;3;0
28;2025-11-16;4;0
28;2025-11-16;5;30
28;2025-11-16;6;75
28;2025-11-16;7;162
28;2025-11-16;8;251
28;2025-11-16;9;347
28;2025-11-16;10;392
28;2025-11-16;11;430
28;2025-11-16;12;444
28;2025-11-16;13;541
28;2025-11-16;14;512
28;2025-11-16;15;508
28;2025-11-16;16;454
28;2025-11-16;17;491
28;2025-11-16;18;421
28;2025-11-16;19;381
28;2025-11-16;20;287
28;2025-11-16;21;231
28;2025-11-16;22;109
28;2025-11-16;23;13
28;2025-11-17;0;0
28;2025-11-17;1;1
28;2025-11-17;2;0
28;2025-11-17;3;0
28;2025-11-17;4;2
28;2025-11-17;5;72
28;2025-11-17;6;251
28;2025-11-17;7;728
28;2025-11-17;8;1248
28;2025-11-17;9;816
28;2025-11-17;10;614
28;2025-11-17;11;526
28;2025-11-17;12;686
28;2025-11-17;13;667
28;2025-11-17;14;626
28;2025-11-17;15;604
28;2025-11-17;16;872
28;2025-11-17;17;977
28;2025-11-17;18;930
28;2025-11-17;19;693
28;2025-11-17;20;446
28;2025-11-17;21;285
28;2025-11-17;22;101
28;2025-11-17;23;3
28;2025-11-18;0;0
28;2025-11-18;1;0
28;2025-11-18;2;0
28;2025-11-18;3;0
28;2025-11-18;4;1
28;2025-11-18;5;78
28;2025-11-18;6;249
28;2025-11-18;7;795
28;2025-11-18;8;1315
28;2025-11-18;9;841
28;2025-11-18;10;622
28;2025-11-18;11;569
28;2025-11-18;12;706
28;2025-11-18;13;701
28;2025-11-18;14;672
28;2025-11-18;15;704
28;2025-11-18;16;898
28;2025-11-18;17;1075
28;2025-11-18;18;1052
28;2025-11-18;19;769
28;2025-11-18;20;542
28;2025-11-18;21;332
28;2025-11-18;22;120
28;2025-11-18;23;11
28;2025-11-19;0;0
28;2025-11-19;1;0
28;2025-11-19;2;0
28;2025-11-19;3;0
28;2025-11-19;4;1
28;2025-11-19;5;78
28;2025-11-19;6;249
28;2025-11-19;7;795
28;2025-11-19;8;1315
28;2025-11-19;9;841
28;2025-11-19;10;622
28;2025-11-19;11;569
28;2025-11-19;12;706
28;2025-11-19;13;701
28;2025-11-19;14;672
28;2025-11-19;15;704
28;2025-11-19;16;898
28;2025-11-19;17;1075
28;2025-11-19;18;1052
28;2025-11-19;19;769
28;2025-11-19;20;542
28;2025-11-19;21;332
28;2025-11-19;22;120
28;2025-11-19;23;11
28;2025-11-20;0;0
28;2025-11-20;1;0
28;2025-11-20;2;0
28;2025-11-20;3;0
28;2025-11-20;4;1
28;2025-11-20;5;78
28;2025-11-20;6;249
28;2025-11-20;7;795
28;2025-11-20;8;1315
28;2025-11-20;9;841
28;2025-11-20;10;622
28;2025-11-20;11;569
28;2025-11-20;12;706
28;2025-11-20;13;701
28;2025-11-20;14;672
28;2025-11-20;15;704
28;2025-11-20;16;898
28;2025-11-20;17;1075
28;2025-11-20;18;1052
28;2025-11-20;19;769
28;2025-11-20;20;542
28;2025-11-20;21;332
28;2025-11-20;22;120
28;2025-11-20;23;11
28;2025-11-21;0;2
28;2025-11-21;1;0
28;2025-11-21;2;0
28;2025-11-21;3;0
28;2025-11-21;4;2
28;2025-11-21;5;75
28;2025-11-21;6;278
28;2025-11-21;7;855
28;2025-11-21;8;1315
28;2025-11-21;9;842
28;2025-11-21;10;633
28;2025-11-21;11;605
28;2025-11-21;12;797
28;2025-11-21;13;726
28;2025-11-21;14;713
28;2025-11-21;15;732
28;2025-11-21;16;961
28;2025-11-21;17;1007
28;2025-11-21;18;881
28;2025-11-21;19;656
28;2025-11-21;20;428
28;2025-11-21;21;332
28;2025-11-21;22;129
28;2025-11-21;23;19
28;2025-11-22;0;2
28;2025-11-22;1;0
28;2025-11-22;2;0
28;2025-11-22;3;0
28;2025-11-22;4;1
28;2025-11-22;5;39
28;2025-11-22;6;106
28;2025-11-22;7;233
28;2025-11-22;8;405
28;2025-11-22;9;456
28;2025-11-22;10;498
28;2025-11-22;11;503
28;2025-11-22;12;596
28;2025-11-22;13;602
28;2025-11-22;14;558
28;2025-11-22;15;605
28;2025-11-22;16;608
28;2025-11-22;17;583
28;2025-11-22;18;504
28;2025-11-22;19;381
28;2025-11-22;20;282
28;2025-11-22;21;256
28;2025-11-22;22;102
28;2025-11-22;23;12
28;2025-11-23;0;2
28;2025-11-23;1;0
28;2025-11-23;2;0
28;2025-11-23;3;0
28;2025-11-23;4;0
28;2025-11-23;5;30
28;2025-11-23;6;75
28;2025-11-23;7;162
28;2025-11-23;8;251
28;2025-11-23;9;347
28;2025-11-23;10;392
28;2025-11-23;11;430
28;2025-11-23;12;444
28;2025-11-23;13;541
28;2025-11-23;14;512
28;2025-11-23;15;508
28;2025-11-23;16;454
28;2025-11-23;17;491
28;2025-11-23;18;421
28;2025-11-23;19;381
28;2025-11-23;20;287
28;2025-11-23;21;231
28;2025-11-23;22;109
28;2025-11-23;23;13
28;2025-11-24;0;0
28;2025-11-24;1;1
28;2025-11-24;2;0
28;2025-11-24;3;0
28;2025-11-24;4;2
28;2025-11-24;5;72
28;2025-11-24;6;251
28;2025-11-24;7;728
28;2025-11-24;8;1248
28;2025-11-24;9;816
28;2025-11-24;10;614
28;2025-11-24;11;526
28;2025-11-24;12;686
28;2025-11-24;13;667
28;2025-11-24;14;626
28;2025-11-24;15;604
28;2025-11-24;16;872
28;2025-11-24;17;977
28;2025-11-24;18;930
28;2025-11-24;19;693
28;2025-11-24;20;446
28;2025-11-24;21;285
28;2025-11-24;22;101
28;2025-11-24;23;3
28;2025-11-25;0;0
28;2025-11-25;1;0
28;2025-11-25;2;0
28;2025-11-25;3;0
28;2025-11-25;4;1
28;2025-11-25;5;78
28;2025-11-25;6;249
28;2025-11-25;7;795
28;2025-11-25;8;1315
28;2025-11-25;9;841
28;2025-11-25;10;622
28;2025-11-25;11;569
28;2025-11-25;12;706
28;2025-11-25;13;701
28;2025-11-25;14;672
28;2025-11-25;15;704
28;2025-11-25;16;898
28;2025-11-25;17;1075
28;2025-11-25;18;1052
28;2025-11-25;19;769
28;2025-11-25;20;542
28;2025-11-25;21;332
28;2025-11-25;22;120
28;2025-11-25;23;11
28;2025-11-26;0;0
28;2025-11-26;1;0
28;2025-11-26;2;0
28;2025-11-26;3;0
28;2025-11-26;4;1
28;2025-11-26;5;78
28;2025-11-26;6;249
28;2025-11-26;7;795
28;2025-11-26;8;1315
28;2025-11-26;9;841
28;2025-11-26;10;622
28;2025-11-26;11;569
28;2025-11-26;12;706
28;2025-11-26;13;701
28;2025-11-26;14;672
28;2025-11-26;15;704
28;2025-11-26;16;898
28;2025-11-26;17;1075
28;2025-11-26;18;1052
28;2025-11-26;19;769
28;2025-11-26;20;542
28;2025-11-26;21;332
28;2025-11-26;22;120
28;2025-11-26;23;11
28;2025-11-27;0;0
28;2025-11-27;1;0
28;2025-11-27;2;0
28;2025-11-27;3;0
28;2025-11-27;4;1
28;2025-11-27;5;78
28;2025-11-27;6;249
28;2025-11-27;7;795
28;2025-11-27;8;1315
28;2025-11-27;9;841
28;2025-11-27;10;622
28;2025-11-27;11;569
28;2025-11-27;12;706
28;2025-11-27;13;701
28;2025-11-27;14;672
28;2025-11-27;15;704
28;2025-11-27;16;898
28;2025-11-27;17;1075
28;2025-11-27;18;1052
28;2025-11-27;19;769
28;2025-11-27;20;542
28;2025-11-27;21;332
28;2025-11-27;22;120
28;2025-11-27;23;11
28;2025-11-28;0;2
28;2025-11-28;1;0
28;2025-11-28;2;0
28;2025-11-28;3;0
28;2025-11-28;4;2
28;2025-11-28;5;75
28;2025-11-28;6;278
28;2025-11-28;7;855
28;2025-11-28;8;1315
28;2025-11-28;9;842
28;2025-11-28;10;633
28;2025-11-28;11;605
28;2025-11-28;12;797
28;2025-11-28;13;726
28;2025-11-28;14;713
28;2025-11-28;15;732
28;2025-11-28;16;961
28;2025-11-28;17;1007
28;2025-11-28;18;881
28;2025-11-28;19;656
28;2025-11-28;20;428
28;2025-11-28;21;332
28;2025-11-28;22;129
28;2025-11-28;23;19
28;2025-11-29;0;2
28;2025-11-29;1;0
28;2025-11-29;2;0
28;2025-11-29;3;0
28;2025-11-29;4;1
28;2025-11-29;5;39
28;2025-11-29;6;106
28;2025-11-29;7;233
28;2025-11-29;8;405
28;2025-11-29;9;456
28;2025-11-29;10;498
28;2025-11-29;11;503
28;2025-11-29;12;596
28;2025-11-29;13;602
28;2025-11-29;14;558
28;2025-11-29;15;605
28;2025-11-29;16;608
28;2025-11-29;17;583
28;2025-11-29;18;504
28;2025-11-29;19;381
28;2025-11-29;20;282
28;2025-11-29;21;256
28;2025-11-29;22;102
28;2025-11-29;23;12
28;2025-11-30;0;2
28;2025-11-30;1;0
28;2025-11-30;2;0
28;2025-11-30;3;0
28;2025-11-30;4;0
28;2025-11-30;5;30
28;2025-11-30;6;75
28;2025-11-30;7;162
28;2025-11-30;8;251
28;2025-11-30;9;347
28;2025-11-30;10;392
28;2025-11-30;11;430
28;2025-11-30;12;444
28;2025-11-30;13;541
28;2025-11-30;14;512
28;2025-11-30;15;508
28;2025-11-30;16;454
28;2025-11-30;17;491
28;2025-11-30;18;421
28;2025-11-30;19;381
28;2025-11-30;20;287
28;2025-11-30;21;231
28;2025-11-30;22;109
28;2025-11-30;23;13
28;2025-12-01;0;0
28;2025-12-01;1;1
28;2025-12-01;2;0
28;2025-12-01;3;0
28;2025-12-01;4;2
28;2025-12-01;5;72
28;2025-12-01;6;251
28;2025-12-01;7;728
28;2025-12-01;8;1248
28;2025-12-01;9;816
28;2025-12-01;10;614
28;2025-12-01;11;526
28;2025-12-01;12;686
28;2025-12-01;13;667
28;2025-12-01;14;626
28;2025-12-01;15;604
28;2025-12-01;16;872
28;2025-12-01;17;977
28;2025-12-01;18;930
28;2025-12-01;19;693
28;2025-12-01;20;446
28;2025-12-01;21;285
28;2025-12-01;22;101
28;2025-12-01;23;3
28;2025-12-02;0;0
28;2025-12-02;1;0
28;2025-12-02;2;0
28;2025-12-02;3;0
28;2025-12-02;4;1
28;2025-12-02;5;78
28;2025-12-02;6;249
28;2025-12-02;7;795
28;2025-12-02;8;1315
28;2025-12-02;9;841
28;2025-12-02;10;622
28;2025-12-02;11;569
28;2025-12-02;12;706
28;2025-12-02;13;701
28;2025-12-02;14;672
28;2025-12-02;15;704
28;2025-12-02;16;898
28;2025-12-02;17;1075
28;2025-12-02;18;1052
28;2025-12-02;19;769
28;2025-12-02;20;542
28;2025-12-02;21;332
28;2025-12-02;22;120
28;2025-12-02;23;11
28;2025-12-03;0;0
28;2025-12-03;1;0
28;2025-12-03;2;0
28;2025-12-03;3;0
28;2025-12-03;4;1
28;2025-12-03;5;78
28;2025-12-03;6;249
28;2025-12-03;7;795
28;2025-12-03;8;1315
28;2025-12-03;9;841
28;2025-12-03;10;622
28;2025-12-03;11;569
28;2025-12-03;12;706
28;2025-12-03;13;701
28;2025-12-03;14;672
28;2025-12-03;15;704
28;2025-12-03;16;898
28;2025-12-03;17;1075
28;2025-12-03;18;1052
28;2025-12-03;19;769
28;2025-12-03;20;542
28;2025-12-03;21;332
28;2025-12-03;22;120
28;2025-12-03;23;11
28;2025-12-04;0;0
28;2025-12-04;1;0
28;2025-12-04;2;0
28;2025-12-04;3;0
28;2025-12-04;4;1
28;2025-12-04;5;78
28;2025-12-04;6;249
28;2025-12-04;7;795
28;2025-12-04;8;1315
28;2025-12-04;9;841
28;2025-12-04;10;622
28;2025-12-04;11;569
28;2025-12-04;12;706
28;2025-12-04;13;701
28;2025-12-04;14;672
28;2025-12-04;15;704
28;2025-12-04;16;898
28;2025-12-04;17;1075
28;2025-12-04;18;1052
28;2025-12-04;19;769
28;2025-12-04;20;542
28;2025-12-04;21;332
28;2025-12-04;22;120
28;2025-12-04;23;11
28;2025-12-05;0;2
28;2025-12-05;1;0
28;2025-12-05;2;0
28;2025-12-05;3;0
28;2025-12-05;4;2
28;2025-12-05;5;75
28;2025-12-05;6;278
28;2025-12-05;7;855
28;2025-12-05;8;1315
28;2025-12-05;9;842
28;2025-12-05;10;633
28;2025-12-05;11;605
28;2025-12-05;12;797
28;2025-12-05;13;726
28;2025-12-05;14;713
28;2025-12-05;15;732
28;2025-12-05;16;961
28;2025-12-05;17;1007
28;2025-12-05;18;881
28;2025-12-05;19;656
28;2025-12-05;20;428
28;2025-12-05;21;332
28;2025-12-05;22;129
28;2025-12-05;23;19
28;2025-12-06;0;2
28;2025-12-06;1;0
28;2025-12-06;2;0
28;2025-12-06;3;0
28;2025-12-06;4;1
28;2025-12-06;5;39
28;2025-12-06;6;106
28;2025-12-06;7;233
28;2025-12-06;8;405
28;2025-12-06;9;456
28;2025-12-06;10;498
28;2025-12-06;11;503
28;2025-12-06;12;596
28;2025-12-06;13;602
28;2025-12-06;14;558
28;2025-12-06;15;605
28;2025-12-06;16;608
28;2025-12-06;17;583
28;2025-12-06;18;504
28;2025-12-06;19;381
28;2025-12-06;20;282
28;2025-12-06;21;256
28;2025-12-06;22;102
28;2025-12-06;23;12
28;2025-12-07;0;2
28;2025-12-07;1;0
28;2025-12-07;2;0
28;2025-12-07;3;0
28;2025-12-07;4;0
28;2025-12-07;5;30
28;2025-12-07;6;75
28;2025-12-07;7;162
28;2025-12-07;8;251
28;2025-12-07;9;347
28;2025-12-07;10;392
28;2025-12-07;11;430
28;2025-12-07;12;444
28;2025-12-07;13;541
28;2025-12-07;14;512
28;2025-12-07;15;508
28;2025-12-07;16;454
28;2025-12-07;17;491
28;2025-12-07;18;421
28;2025-12-07;19;381
28;2025-12-07;20;287
28;2025-12-07;21;231
28;2025-12-07;22;109
28;2025-12-07;23;13
28;2025-12-08;0;0
28;2025-12-08;1;1
28;2025-12-08;2;0
28;2025-12-08;3;0
28;2025-12-08;4;2
28;2025-12-08;5;72
28;2025-12-08;6;251
28;2025-12-08;7;728
28;2025-12-08;8;1248
28;2025-12-08;9;816
28;2025-12-08;10;614
28;2025-12-08;11;526
28;2025-12-08;12;686
28;2025-12-08;13;667
28;2025-12-08;14;626
28;2025-12-08;15;604
28;2025-12-08;16;872
28;2025-12-08;17;977
28;2025-12-08;18;930
28;2025-12-08;19;693
28;2025-12-08;20;446
28;2025-12-08;21;285
28;2025-12-08;22;101
28;2025-12-08;23;3
28;2025-12-09;0;0
28;2025-12-09;1;0
28;2025-12-09;2;0
28;2025-12-09;3;0
28;2025-12-09;4;1
28;2025-12-09;5;78
28;2025-12-09;6;249
28;2025-12-09;7;795
28;2025-12-09;8;1315
28;2025-12-09;9;841
28;2025-12-09;10;622
28;2025-12-09;11;569
28;2025-12-09;12;706
28;2025-12-09;13;701
28;2025-12-09;14;672
28;2025-12-09;15;704
28;2025-12-09;16;898
28;2025-12-09;17;1075
28;2025-12-09;18;1052
28;2025-12-09;19;769
28;2025-12-09;20;542
28;2025-12-09;21;332
28;2025-12-09;22;120
28;2025-12-09;23;11
28;2025-12-10;0;0
28;2025-12-10;1;0
28;2025-12-10;2;0
28;2025-12-10;3;0
28;2025-12-10;4;1
28;2025-12-10;5;78
28;2025-12-10;6;249
28;2025-12-10;7;795
28;2025-12-10;8;1315
28;2025-12-10;9;841
28;2025-12-10;10;622
28;2025-12-10;11;569
28;2025-12-10;12;706
28;2025-12-10;13;701
28;2025-12-10;14;672
28;2025-12-10;15;704
28;2025-12-10;16;898
28;2025-12-10;17;1075
28;2025-12-10;18;1052
28;2025-12-10;19;769
28;2025-12-10;20;542
28;2025-12-10;21;332
28;2025-12-10;22;120
28;2025-12-10;23;11
28;2025-12-11;0;0
28;2025-12-11;1;0
28;2025-12-11;2;0
28;2025-12-11;3;0
28;2025-12-11;4;1
28;2025-12-11;5;78
28;2025-12-11;6;249
28;2025-12-11;7;795
28;2025-12-11;8;1315
28;2025-12-11;9;841
28;2025-12-11;10;622
28;2025-12-11;11;569
28;2025-12-11;12;706
28;2025-12-11;13;701
28;2025-12-11;14;672
28;2025-12-11;15;704
28;2025-12-11;16;898
28;2025-12-11;17;1075
28;2025-12-11;18;1052
28;2025-12-11;19;769
28;2025-12-11;20;542
28;2025-12-11;21;332
28;2025-12-11;22;120
28;2025-12-11;23;11
28;2025-12-12;0;2
28;2025-12-12;1;0
28;2025-12-12;2;0
28;2025-12-12;3;0
28;2025-12-12;4;2
28;2025-12-12;5;75
28;2025-12-12;6;278
28;2025-12-12;7;855
28;2025-12-12;8;1315
28;2025-12-12;9;842
28;2025-12-12;10;633
28;2025-12-12;11;605
28;2025-12-12;12;797
28;2025-12-12;13;726
28;2025-12-12;14;713
28;2025-12-12;15;732
28;2025-12-12;16;961
28;2025-12-12;17;1007
28;2025-12-12;18;881
28;2025-12-12;19;656
28;2025-12-12;20;428
28;2025-12-12;21;332
28;2025-12-12;22;129
28;2025-12-12;23;19
28;2025-12-13;0;2
28;2025-12-13;1;0
28;2025-12-13;2;0
28;2025-12-13;3;0
28;2025-12-13;4;1
28;2025-12-13;5;39
28;2025-12-13;6;106
28;2025-12-13;7;233
28;2025-12-13;8;405
28;2025-12-13;9;456
28;2025-12-13;10;498
28;2025-12-13;11;503
28;2025-12-13;12;596
28;2025-12-13;13;602
28;2025-12-13;14;558
28;2025-12-13;15;605
28;2025-12-13;16;608
28;2025-12-13;17;583
28;2025-12-13;18;504
28;2025-12-13;19;381
28;2025-12-13;20;282
28;2025-12-13;21;256
28;2025-12-13;22;102
28;2025-12-13;23;12
28;2025-12-14;0;2
28;2025-12-14;1;0
28;2025-12-14;2;0
28;2025-12-14;3;0
28;2025-12-14;4;0
28;2025-12-14;5;30
28;2025-12-14;6;75
28;2025-12-14;7;162
28;2025-12-14;8;251
28;2025-12-14;9;347
28;2025-12-14;10;392
28;2025-12-14;11;430
28;2025-12-14;12;444
28;2025-12-14;13;541
28;2025-12-14;14;512
28;2025-12-14;15;508
28;2025-12-14;16;454
28;2025-12-14;17;491
28;2025-12-14;18;421
28;2025-12-14;19;381
28;2025-12-14;20;287
28;2025-12-14;21;231
28;2025-12-14;22;109
28;2025-12-14;23;13
28;2025-12-15;0;0
28;2025-12-15;1;1
28;2025-12-15;2;0
28;2025-12-15;3;0
28;2025-12-15;4;2
28;2025-12-15;5;72
28;2025-12-15;6;251
28;2025-12-15;7;728
28;2025-12-15;8;1248
28;2025-12-15;9;816
28;2025-12-15;10;614
28;2025-12-15;11;526
28;2025-12-15;12;686
28;2025-12-15;13;667
28;2025-12-15;14;626
28;2025-12-15;15;604
28;2025-12-15;16;872
28;2025-12-15;17;977
28;2025-12-15;18;930
28;2025-12-15;19;693
28;2025-12-15;20;446
28;2025-12-15;21;285
28;2025-12-15;22;101
28;2025-12-15;23;3
28;2025-12-16;0;0
28;2025-12-16;1;0
28;2025-12-16;2;0
28;2025-12-16;3;0
28;2025-12-16;4;1
28;2025-12-16;5;78
28;2025-12-16;6;249
28;2025-12-16;7;795
28;2025-12-16;8;1315
28;2025-12-16;9;841
28;2025-12-16;10;622
28;2025-12-16;11;569
28;2025-12-16;12;706
28;2025-12-16;13;701
28;2025-12-16;14;672
28;2025-12-16;15;704
28;2025-12-16;16;898
28;2025-12-16;17;1075
28;2025-12-16;18;1052
28;2025-12-16;19;769
28;2025-12-16;20;542
28;2025-12-16;21;332
28;2025-12-16;22;120
28;2025-12-16;23;11
28;2025-12-17;0;0
28;2025-12-17;1;0
28;2025-12-17;2;0
28;2025-12-17;3;0
28;2025-12-17;4;1
28;2025-12-17;5;78
28;2025-12-17;6;249
28;2025-12-17;7;795
28;2025-12-17;8;1315
28;2025-12-17;9;841
28;2025-12-17;10;622
28;2025-12-17;11;569
28;2025-12-17;12;706
28;2025-12-17;13;701
28;2025-12-17;14;672
28;2025-12-17;15;704
28;2025-12-17;16;898
28;2025-12-17;17;1075
28;2025-12-17;18;1052
28;2025-12-17;19;769
28;2025-12-17;20;542
28;2025-12-17;21;332
28;2025-12-17;22;120
28;2025-12-17;23;11
28;2025-12-18;0;0
28;2025-12-18;1;0
28;2025-12-18;2;0
28;2025-12-18;3;0
28;2025-12-18;4;1
28;2025-12-18;5;78
28;2025-12-18;6;249
28;2025-12-18;7;795
28;2025-12-18;8;1315
28;2025-12-18;9;841
28;2025-12-18;10;622
28;2025-12-18;11;569
28;2025-12-18;12;706
28;2025-12-18;13;701
28;2025-12-18;14;672
28;2025-12-18;15;704
28;2025-12-18;16;898
28;2025-12-18;17;1075
28;2025-12-18;18;1052
28;2025-12-18;19;769
28;2025-12-18;20;542
28;2025-12-18;21;332
28;2025-12-18;22;120
28;2025-12-18;23;11
28;2025-12-19;0;2
28;2025-12-19;1;0
28;2025-12-19;2;0
28;2025-12-19;3;0
28;2025-12-19;4;2
28;2025-12-19;5;75
28;2025-12-19;6;278
28;2025-12-19;7;855
28;2025-12-19;8;1315
28;2025-12-19;9;842
28;2025-12-19;10;633
28;2025-12-19;11;605
28;2025-12-19;12;797
28;2025-12-19;13;726
28;2025-12-19;14;713
28;2025-12-19;15;732
28;2025-12-19;16;961
28;2025-12-19;17;1007
28;2025-12-19;18;881
28;2025-12-19;19;656
28;2025-12-19;20;428
28;2025-12-19;21;332
28;2025-12-19;22;129
28;2025-12-19;23;19
28;2025-12-20;0;2
28;2025-12-20;1;0
28;2025-12-20;2;0
28;2025-12-20;3;0
28;2025-12-20;4;1
28;2025-12-20;5;39
28;2025-12-20;6;106
28;2025-12-20;7;233
28;2025-12-20;8;405
28;2025-12-20;9;456
28;2025-12-20;10;498
28;2025-12-20;11;503
28;2025-12-20;12;596
28;2025-12-20;13;602
28;2025-12-20;14;558
28;2025-12-20;15;605
28;2025-12-20;16;608
28;2025-12-20;17;583
28;2025-12-20;18;504
28;2025-12-20;19;381
28;2025-12-20;20;282
28;2025-12-20;21;256
28;2025-12-20;22;102
28;2025-12-20;23;12
28;2025-12-21;0;2
28;2025-12-21;1;0
28;2025-12-21;2;0
28;2025-12-21;3;0
28;2025-12-21;4;0
28;2025-12-21;5;30
28;2025-12-21;6;75
28;2025-12-21;7;162
28;2025-12-21;8;251
28;2025-12-21;9;347
28;2025-12-21;10;392
28;2025-12-21;11;430
28;2025-12-21;12;444
28;2025-12-21;13;541
28;2025-12-21;14;512
28;2025-12-21;15;508
28;2025-12-21;16;454
28;2025-12-21;17;491
28;2025-12-21;18;421
28;2025-12-21;19;381
28;2025-12-21;20;287
28;2025-12-21;21;231
28;2025-12-21;22;109
28;2025-12-21;23;13
28;2025-12-22;0;0
28;2025-12-22;1;1
28;2025-12-22;2;0
28;2025-12-22;3;0
28;2025-12-22;4;2
28;2025-12-22;5;72
28;2025-12-22;6;251
28;2025-12-22;7;728
28;2025-12-22;8;1248
28;2025-12-22;9;816
28;2025-12-22;10;614
28;2025-12-22;11;526
28;2025-12-22;12;686
28;2025-12-22;13;667
28;2025-12-22;14;626
28;2025-12-22;15;604
28;2025-12-22;16;872
28;2025-12-22;17;977
28;2025-12-22;18;930
28;2025-12-22;19;693
28;2025-12-22;20;446
28;2025-12-22;21;285
28;2025-12-22;22;101
28;2025-12-22;23;3
28;2025-12-23;0;0
28;2025-12-23;1;0
28;2025-12-23;2;0
28;2025-12-23;3;0
28;2025-12-23;4;1
28;2025-12-23;5;78
28;2025-12-23;6;249
28;2025-12-23;7;795
28;2025-12-23;8;1315
28;2025-12-23;9;841
28;2025-12-23;10;622
28;2025-12-23;11;569
28;2025-12-23;12;706
28;2025-12-23;13;701
28;2025-12-23;14;672
28;2025-12-23;15;704
28;2025-12-23;16;898
28;2025-12-23;17;1075
28;2025-12-23;18;1052
28;2025-12-23;19;769
28;2025-12-23;20;542
28;2025-12-23;21;332
28;2025-12-23;22;120
28;2025-12-23;23;11
28;2025-12-24;0;0
28;2025-12-24;1;0
28;2025-12-24;2;0
28;2025-12-24;3;0
28;2025-12-24;4;1
28;2025-12-24;5;78
28;2025-12-24;6;249
28;2025-12-24;7;795
28;2025-12-24;8;1315
28;2025-12-24;9;841
28;2025-12-24;10;622
28;2025-12-24;11;569
28;2025-12-24;12;706
28;2025-12-24;13;701
28;2025-12-24;14;672
28;2025-12-24;15;704
28;2025-12-24;16;898
28;2025-12-24;17;1075
28;2025-12-24;18;1052
28;2025-12-24;19;769
28;2025-12-24;20;542
28;2025-12-24;21;332
28;2025-12-24;22;120
28;2025-12-24;23;11
28;2025-12-25;0;0
28;2025-12-25;1;0
28;2025-12-25;2;0
28;2025-12-25;3;0
28;2025-12-25;4;1
28;2025-12-25;5;78
28;2025-12-25;6;249
28;2025-12-25;7;795
28;2025-12-25;8;1315
28;2025-12-25;9;841
28;2025-12-25;10;622
28;2025-12-25;11;569
28;2025-12-25;12;706
28;2025-12-25;13;701
28;2025-12-25;14;672
28;2025-12-25;15;704
28;2025-12-25;16;898
28;2025-12-25;17;1075
28;2025-12-25;18;1052
28;2025-12-25;19;769
28;2025-12-25;20;542
28;2025-12-25;21;332
28;2025-12-25;22;120
28;2025-12-25;23;11
28;2025-12-26;0;2
28;2025-12-26;1;0
28;2025-12-26;2;0
28;2025-12-26;3;0
28;2025-12-26;4;2
28;2025-12-26;5;75
28;2025-12-26;6;278
28;2025-12-26;7;855
28;2025-12-26;8;1315
28;2025-12-26;9;842
28;2025-12-26;10;633
28;2025-12-26;11;605
28;2025-12-26;12;797
28;2025-12-26;13;726
28;2025-12-26;14;713
28;2025-12-26;15;732
28;2025-12-26;16;961
28;2025-12-26;17;1007
28;2025-12-26;18;881
28;2025-12-26;19;656
28;2025-12-26;20;428
28;2025-12-26;21;332
28;2025-12-26;22;129
28;2025-12-26;23;19
28;2025-12-27;0;2
28;2025-12-27;1;0
28;2025-12-27;2;0
28;2025-12-27;3;0
28;2025-12-27;4;1
28;2025-12-27;5;39
28;2025-12-27;6;106
28;2025-12-27;7;233
28;2025-12-27;8;405
28;2025-12-27;9;456
28;2025-12-27;10;498
28;2025-12-27;11;503
28;2025-12-27;12;596
28;2025-12-27;13;602
28;2025-12-27;14;558
28;2025-12-27;15;605
28;2025-12-27;16;608
28;2025-12-27;17;583
28;2025-12-27;18;504
28;2025-12-27;19;381
28;2025-12-27;20;282
28;2025-12-27;21;256
28;2025-12-27;22;102
28;2025-12-27;23;12
28;2025-12-28;0;2
28;2025-12-28;1;0
28;2025-12-28;2;0
28;2025-12-28;3;0
28;2025-12-28;4;0
28;2025-12-28;5;30
28;2025-12-28;6;75
28;2025-12-28;7;162
28;2025-12-28;8;251
28;2025-12-28;9;347
28;2025-12-28;10;392
28;2025-12-28;11;430
28;2025-12-28;12;444
28;2025-12-28;13;541
28;2025-12-28;14;512
28;2025-12-28;15;508
28;2025-12-28;16;454
28;2025-12-28;17;491
28;2025-12-28;18;421
28;2025-12-28;19;381
28;2025-12-28;20;287
28;2025-12-28;21;231
28;2025-12-28;22;109
28;2025-12-28;23;13
28;2025-12-29;0;2
28;2025-12-29;1;0
28;2025-12-29;2;0
28;2025-12-29;3;0
28;2025-12-29;4;1
28;2025-12-29;5;65
28;2025-12-29;6;240
28;2025-12-29;7;736
28;2025-12-29;8;1131
28;2025-12-29;9;725
28;2025-12-29;10;544
28;2025-12-29;11;520
28;2025-12-29;12;685
28;2025-12-29;13;624
28;2025-12-29;14;614
28;2025-12-29;15;630
28;2025-12-29;16;827
28;2025-12-29;17;866
28;2025-12-29;18;758
28;2025-12-29;19;564
28;2025-12-29;20;367
28;2025-12-29;21;285
28;2025-12-29;22;111
28;2025-12-29;23;16
28;2025-12-30;0;2
28;2025-12-30;1;0
28;2025-12-30;2;0
28;2025-12-30;3;0
28;2025-12-30;4;1
28;2025-12-30;5;65
28;2025-12-30;6;240
28;2025-12-30;7;736
28;2025-12-30;8;1131
28;2025-12-30;9;725
28;2025-12-30;10;544
28;2025-12-30;11;520
28;2025-12-30;12;685
28;2025-12-30;13;624
28;2025-12-30;14;614
28;2025-12-30;15;630
28;2025-12-30;16;827
28;2025-12-30;17;866
28;2025-12-30;18;758
28;2025-12-30;19;564
28;2025-12-30;20;367
28;2025-12-30;21;285
28;2025-12-30;22;111
28;2025-12-30;23;16
28;2025-12-31;0;2
28;2025-12-31;1;0
28;2025-12-31;2;0
28;2025-12-31;3;0
28;2025-12-31;4;1
28;2025-12-31;5;33
28;2025-12-31;6;90
28;2025-12-31;7;198
28;2025-12-31;8;345
28;2025-12-31;9;388
28;2025-12-31;10;424
28;2025-12-31;11;428
28;2025-12-31;12;507
28;2025-12-31;13;512
28;2025-12-31;14;474
28;2025-12-31;15;514
28;2025-12-31;16;517
28;2025-12-31;17;496
28;2025-12-31;18;428
28;2025-12-31;19;178
28;2025-12-31;20;132
28;2025-12-31;21;120
28;2025-12-31;22;48
28;2025-12-31;23;6
50;2025-11-01;0;31
50;2025-11-01;1;1
50;2025-11-01;2;0
50;2025-11-01;3;0
50;2025-11-01;4;3
50;2025-11-01;5;58
50;2025-11-01;6;431
50;2025-11-01;7;1482
50;2025-11-01;8;2343
50;2025-11-01;9;1826
50;2025-11-01;10;1269
50;2025-11-01;11;1276
50;2025-11-01;12;1187
50;2025-11-01;13;1285
50;2025-11-01;14;1225
50;2025-11-01;15;1461
50;2025-11-01;16;1916
50;2025-11-01;17;1815
50;2025-11-01;18;1350
50;2025-11-01;19;1002
50;2025-11-01;20;725
50;2025-11-01;21;459
50;2025-11-01;22;228
50;2025-11-01;23;138
50;2025-11-02;0;2
50;2025-11-02;1;0
50;2025-11-02;2;0
50;2025-11-02;3;0
50;2025-11-02;4;0
50;2025-11-02;5;1
50;2025-11-02;6;3
50;2025-11-02;7;5
50;2025-11-02;8;11
50;2025-11-02;9;8
50;2025-11-02;10;22
50;2025-11-02;11;73
50;2025-11-02;12;56
50;2025-11-02;13;68
50;2025-11-02;14;116
50;2025-11-02;15;94
50;2025-11-02;16;111
50;2025-11-02;17;99
50;2025-11-02;18;58
50;2025-11-02;19;64
50;2025-11-02;20;47
50;2025-11-02;21;30
50;2025-11-02;22;35
50;2025-11-02;23;10
50;2025-11-03;0;2
50;2025-11-03;1;0
50;2025-11-03;2;0
50;2025-11-03;3;0
50;2025-11-03;4;0
50;2025-11-03;5;0
50;2025-11-03;6;3
50;2025-11-03;7;5
50;2025-11-03;8;11
50;2025-11-03;9;8
50;2025-11-03;10;21
50;2025-11-03;11;70
50;2025-11-03;12;54
50;2025-11-03;13;66
50;2025-11-03;14;112
50;2025-11-03;15;91
50;2025-11-03;16;107
50;2025-11-03;17;96
50;2025-11-03;18;56
50;2025-11-03;19;61
50;2025-11-03;20;45
50;2025-11-03;21;29
50;2025-11-03;22;34
50;2025-11-03;23;10
50;2025-11-04;0;2
50;2025-11-04;1;0
50;2025-11-04;2;0
50;2025-11-04;3;0
50;2025-11-04;4;0
50;2025-11-04;5;0
50;2025-11-04;6;3
50;2025-11-04;7;5
50;2025-11-04;8;11
50;2025-11-04;9;8
50;2025-11-04;10;21
50;2025-11-04;11;70
50;2025-11-04;12;54
50;2025-11-04;13;66
50;2025-11-04;14;112
50;2025-11-04;15;91
50;2025-11-04;16;107
50;2025-11-04;17;96
50;2025-11-04;18;56
50;2025-11-04;19;61
50;2025-11-04;20;45
50;2025-11-04;21;29
50;2025-11-04;22;34
50;2025-11-04;23;10
50;2025-11-05;0;30
50;2025-11-05;1;2
50;2025-11-05;2;0
50;2025-11-05;3;0
50;2025-11-05;4;3
50;2025-11-05;5;74
50;2025-11-05;6;522
50;2025-11-05;7;1662
50;2025-11-05;8;2772
50;2025-11-05;9;2142
50;2025-11-05;10;1708
50;2025-11-05;11;1506
50;2025-11-05;12;1448
50;2025-11-05;13;1508
50;2025-11-05;14;1414
50;2025-11-05;15;1653
50;2025-11-05;16;1651
50;2025-11-05;17;2403
50;2025-11-05;18;2411
50;2025-11-05;19;1443
50;2025-11-05;20;934
50;2025-11-05;21;637
50;2025-11-05;22;242
50;2025-11-05;23;148
50;2025-11-06;0;30
50;2025-11-06;1;2
50;2025-11-06;2;0
50;2025-11-06;3;0
50;2025-11-06;4;3
50;2025-11-06;5;74
50;2025-11-06;6;522
50;2025-11-06;7;1662
50;2025-11-06;8;2772
50;2025-11-06;9;2142
50;2025-11-06;10;1708
50;2025-11-06;11;1506
50;2025-11-06;12;1448
50;2025-11-06;13;1508
50;2025-11-06;14;1414
50;2025-11-06;15;1653
50;2025-11-06;16;1651
50;2025-11-06;17;2403
50;2025-11-06;18;2411
50;2025-11-06;19;1443
50;2025-11-06;20;934
50;2025-11-06;21;637
50;2025-11-06;22;242
50;2025-11-06;23;148
50;2025-11-07;0;36
50;2025-11-07;1;1
50;2025-11-07;2;0
50;2025-11-07;3;0
50;2025-11-07;4;4
50;2025-11-07;5;68
50;2025-11-07;6;506
50;2025-11-07;7;1743
50;2025-11-07;8;2757
50;2025-11-07;9;2147
50;2025-11-07;10;1494
50;2025-11-07;11;1502
50;2025-11-07;12;1396
50;2025-11-07;13;1512
50;2025-11-07;14;1441
50;2025-11-07;15;1720
50;2025-11-07;16;2253
50;2025-11-07;17;2135
50;2025-11-07;18;1588
50;2025-11-07;19;1179
50;2025-11-07;20;852
50;2025-11-07;21;541
50;2025-11-07;22;268
50;2025-11-07;23;161
50;2025-11-08;0;50
50;2025-11-08;1;6
50;2025-11-08;2;0
50;2025-11-08;3;2
50;2025-11-08;4;0
50;2025-11-08;5;9
50;2025-11-08;6;11
50;2025-11-08;7;17
50;2025-11-08;8;33
50;2025-11-08;9;64
50;2025-11-08;10;24
50;2025-11-08;11;41
50;2025-11-08;12;73
50;2025-11-08;13;49
50;2025-11-08;14;59
50;2025-11-08;15;87
50;2025-11-08;16;55
50;2025-11-08;17;54
50;2025-11-08;18;14
50;2025-11-08;19;12
50;2025-11-08;20;9
50;2025-11-08;21;9
50;2025-11-08;22;9
50;2025-11-08;23;3
50;2025-11-09;0;2
50;2025-11-09;1;0
50;2025-11-09;2;0
50;2025-11-09;3;0
50;2025-11-09;4;0
50;2025-11-09;5;1
50;2025-11-09;6;3
50;2025-11-09;7;5
50;2025-11-09;8;11
50;2025-11-09;9;8
50;2025-11-09;10;22
50;2025-11-09;11;73
50;2025-11-09;12;56
50;2025-11-09;13;68
50;2025-11-09;14;116
50;2025-11-09;15;94
50;2025-11-09;16;111
50;2025-11-09;17;99
50;2025-11-09;18;58
50;2025-11-09;19;64
50;2025-11-09;20;47
50;2025-11-09;21;30
50;2025-11-09;22;35
50;2025-11-09;23;10
50;2025-11-10;0;8
50;2025-11-10;1;3
50;2025-11-10;2;2
50;2025-11-10;3;0
50;2025-11-10;4;4
50;2025-11-10;5;66
50;2025-11-10;6;514
50;2025-11-10;7;1679
50;2025-11-10;8;2788
50;2025-11-10;9;2246
50;2025-11-10;10;1618
50;2025-11-10;11;1427
50;2025-11-10;12;1301
50;2025-11-10;13;1457
50;2025-11-10;14;1375
50;2025-11-10;15;1634
50;2025-11-10;16;1592
50;2025-11-10;17;2261
50;2025-11-10;18;2477
50;2025-11-10;19;1265
50;2025-11-10;20;858
50;2025-11-10;21;623
50;2025-11-10;22;221
50;2025-11-10;23;119
50;2025-11-11;0;30
50;2025-11-11;1;2
50;2025-11-11;2;0
50;2025-11-11;3;0
50;2025-11-11;4;3
50;2025-11-11;5;74
50;2025-11-11;6;522
50;2025-11-11;7;1662
50;2025-11-11;8;2772
50;2025-11-11;9;2142
50;2025-11-11;10;1708
50;2025-11-11;11;1506
50;2025-11-11;12;1448
50;2025-11-11;13;1508
50;2025-11-11;14;1414
50;2025-11-11;15;1653
50;2025-11-11;16;1651
50;2025-11-11;17;2403
50;2025-11-11;18;2411
50;2025-11-11;19;1443
50;2025-11-11;20;934
50;2025-11-11;21;637
50;2025-11-11;22;242
50;2025-11-11;23;148
50;2025-11-12;0;30
50;2025-11-12;1;2
50;2025-11-12;2;0
50;2025-11-12;3;0
50;2025-11-12;4;3
50;2025-11-12;5;74
50;2025-11-12;6;522
50;2025-11-12;7;1662
50;2025-11-12;8;2772
50;2025-11-12;9;2142
50;2025-11-12;10;1708
50;2025-11-12;11;1506
50;2025-11-12;12;1448
50;2025-11-12;13;1508
50;2025-11-12;14;1414
50;2025-11-12;15;1653
50;2025-11-12;16;1651
50;2025-11-12;17;2403
50;2025-11-12;18;2411
50;2025-11-12;19;1443
50;2025-11-12;20;934
50;2025-11-12;21;637
50;2025-11-12;22;242
50;2025-11-12;23;148
50;2025-11-13;0;30
50;2025-11-13;1;2
50;2025-11-13;2;0
50;2025-11-13;3;0
50;2025-11-13;4;3
50;2025-11-13;5;74
50;2025-11-13;6;522
50;2025-11-13;7;1662
50;2025-11-13;8;2772
50;2025-11-13;9;2142
50;2025-11-13;10;1708
50;2025-11-13;11;1506
50;2025-11-13;12;1448
50;2025-11-13;13;1508
50;2025-11-13;14;1414
50;2025-11-13;15;1653
50;2025-11-13;16;1651
50;2025-11-13;17;2403
50;2025-11-13;18;2411
50;2025-11-13;19;1443
50;2025-11-13;20;934
50;2025-11-13;21;637
50;2025-11-13;22;242
50;2025-11-13;23;148
50;2025-11-14;0;36
50;2025-11-14;1;1
50;2025-11-14;2;0
50;2025-11-14;3;0
50;2025-11-14;4;4
50;2025-11-14;5;68
50;2025-11-14;6;506
50;2025-11-14;7;1743
50;2025-11-14;8;2757
50;2025-11-14;9;2147
50;2025-11-14;10;1494
50;2025-11-14;11;1502
50;2025-11-14;12;1396
50;2025-11-14;13;1512
50;2025-11-14;14;1441
50;2025-11-14;15;1720
50;2025-11-14;16;2253
50;2025-11-14;17;2135
50;2025-11-14;18;1588
50;2025-11-14;19;1179
50;2025-11-14;20;852
50;2025-11-14;21;541
50;2025-11-14;22;268
50;2025-11-14;23;161
50;2025-11-15;0;49
50;2025-11-15;1;6
50;2025-11-15;2;0
50;2025-11-15;3;2
50;2025-11-15;4;0
50;2025-11-15;5;8
50;2025-11-15;6;10
50;2025-11-15;7;16
50;2025-11-15;8;31
50;2025-11-15;9;61
50;2025-11-15;10;23
50;2025-11-15;11;39
50;2025-11-15;12;69
50;2025-11-15;13;46
50;2025-11-15;14;56
50;2025-11-15;15;82
50;2025-11-15;16;52
50;2025-11-15;17;51
50;2025-11-15;18;13
50;2025-11-15;19;12
50;2025-11-15;20;8
50;2025-11-15;21;9
50;2025-11-15;22;9
50;2025-11-15;23;2
50;2025-11-16;0;2
50;2025-11-16;1;0
50;2025-11-16;2;0
50;2025-11-16;3;0
50;2025-11-16;4;0
50;2025-11-16;5;1
50;2025-11-16;6;3
50;2025-11-16;7;5
50;2025-11-16;8;11
50;2025-11-16;9;8
50;2025-11-16;10;22
50;2025-11-16;11;73
50;2025-11-16;12;56
50;2025-11-16;13;68
50;2025-11-16;14;116
50;2025-11-16;15;94
50;2025-11-16;16;111
50;2025-11-16;17;99
50;2025-11-16;18;58
50;2025-11-16;19;64
50;2025-11-16;20;47
50;2025-11-16;21;30
50;2025-11-16;22;35
50;2025-11-16;23;10
50;2025-11-17;0;8
50;2025-11-17;1;3
50;2025-11-17;2;2
50;2025-11-17;3;0
50;2025-11-17;4;4
50;2025-11-17;5;66
50;2025-11-17;6;514
50;2025-11-17;7;1679
50;2025-11-17;8;2788
50;2025-11-17;9;2246
50;2025-11-17;10;1618
50;2025-11-17;11;1427
50;2025-11-17;12;1301
50;2025-11-17;13;1457
50;2025-11-17;14;1375
50;2025-11-17;15;1634
50;2025-11-17;16;1592
50;2025-11-17;17;2261
50;2025-11-17;18;2477
50;2025-11-17;19;1265
50;2025-11-17;20;858
50;2025-11-17;21;623
50;2025-11-17;22;221
50;2025-11-17;23;119
50;2025-11-18;0;30
50;2025-11-18;1;2
50;2025-11-18;2;0
50;2025-11-18;3;0
50;2025-11-18;4;3
50;2025-11-18;5;74
50;2025-11-18;6;522
50;2025-11-18;7;1662
50;2025-11-18;8;2772
50;2025-11-18;9;2142
50;2025-11-18;10;1708
50;2025-11-18;11;1506
50;2025-11-18;12;1448
50;2025-11-18;13;1508
50;2025-11-18;14;1414
50;2025-11-18;15;1653
50;2025-11-18;16;1651
50;2025-11-18;17;2403
50;2025-11-18;18;2411
50;2025-11-18;19;1443
50;2025-11-18;20;934
50;2025-11-18;21;637
50;2025-11-18;22;242
50;2025-11-18;23;148
50;2025-11-19;0;30
50;2025-11-19;1;2
50;2025-11-19;2;0
50;2025-11-19;3;0
50;2025-11-19;4;3
50;2025-11-19;5;74
50;2025-11-19;6;522
50;2025-11-19;7;1662
50;2025-11-19;8;2772
50;2025-11-19;9;2142
50;2025-11-19;10;1708
50;2025-11-19;11;1506
50;2025-11-19;12;1448
50;2025-11-19;13;1508
50;2025-11-19;14;1414
50;2025-11-19;15;1653
50;2025-11-19;16;1651
50;2025-11-19;17;2403
50;2025-11-19;18;2411
50;2025-11-19;19;1443
50;2025-11-19;20;934
50;2025-11-19;21;637
50;2025-11-19;22;242
50;2025-11-19;23;148
50;2025-11-20;0;30
50;2025-11-20;1;2
50;2025-11-20;2;0
50;2025-11-20;3;0
50;2025-11-20;4;3
50;2025-11-20;5;74
50;2025-11-20;6;522
50;2025-11-20;7;1662
50;2025-11-20;8;2772
50;2025-11-20;9;2142
50;2025-11-20;10;1708
50;2025-11-20;11;1506
50;2025-11-20;12;1448
50;2025-11-20;13;1508
50;2025-11-20;14;1414
50;2025-11-20;15;1653
50;2025-11-20;16;1651
50;2025-11-20;17;2403
50;2025-11-20;18;2411
50;2025-11-20;19;1443
50;2025-11-20;20;934
50;2025-11-20;21;637
50;2025-11-20;22;242
50;2025-11-20;23;148
50;2025-11-21;0;36
50;2025-11-21;1;1
50;2025-11-21;2;0
50;2025-11-21;3;0
50;2025-11-21;4;4
50;2025-11-21;5;68
50;2025-11-21;6;506
50;2025-11-21;7;1743
50;2025-11-21;8;2757
50;2025-11-21;9;2147
50;2025-11-21;10;1494
50;2025-11-21;11;1502
50;2025-11-21;12;1396
50;2025-11-21;13;1512
50;2025-11-21;14;1441
50;2025-11-21;15;1720
50;2025-11-21;16;2253
50;2025-11-21;17;2135
50;2025-11-21;18;1588
50;2025-11-21;19;1179
50;2025-11-21;20;852
50;2025-11-21;21;541
50;2025-11-21;22;268
50;2025-11-21;23;161
50;2025-11-22;0;50
50;2025-11-22;1;6
50;2025-11-22;2;0
50;2025-11-22;3;2
50;2025-11-22;4;0
50;2025-11-22;5;9
50;2025-11-22;6;11
50;2025-11-22;7;17
50;2025-11-22;8;33
50;2025-11-22;9;64
50;2025-11-22;10;24
50;2025-11-22;11;41
50;2025-11-22;12;73
50;2025-11-22;13;49
50;2025-11-22;14;59
50;2025-11-22;15;87
50;2025-11-22;16;55
50;2025-11-22;17;54
50;2025-11-22;18;14
50;2025-11-22;19;12
50;2025-11-22;20;9
50;2025-11-22;21;9
50;2025-11-22;22;9
50;2025-11-22;23;3
50;2025-11-23;0;2
50;2025-11-23;1;0
50;2025-11-23;2;0
50;2025-11-23;3;0
50;2025-11-23;4;0
50;2025-11-23;5;1
50;2025-11-23;6;3
50;2025-11-23;7;5
50;2025-11-23;8;11
50;2025-11-23;9;8
50;2025-11-23;10;22
50;2025-11-23;11;73
50;2025-11-23;12;56
50;2025-11-23;13;68
50;2025-11-23;14;116
50;2025-11-23;15;94
50;2025-11-23;16;111
50;2025-11-23;17;99
50;2025-11-23;18;58
50;2025-11-23;19;64
50;2025-11-23;20;47
50;2025-11-23;21;30
50;2025-11-23;22;35
50;2025-11-23;23;10
50;2025-11-24;0;8
50;2025-11-24;1;3
50;2025-11-24;2;2
50;2025-11-24;3;0
50;2025-11-24;4;4
50;2025-11-24;5;66
50;2025-11-24;6;514
50;2025-11-24;7;1679
50;2025-11-24;8;2788
50;2025-11-24;9;2246
50;2025-11-24;10;1618
50;2025-11-24;11;1427
50;2025-11-24;12;1301
50;2025-11-24;13;1457
50;2025-11-24;14;1375
50;2025-11-24;15;1634
50;2025-11-24;16;1592
50;2025-11-24;17;2261
50;2025-11-24;18;2477
50;2025-11-24;19;1265
50;2025-11-24;20;858
50;2025-11-24;21;623
50;2025-11-24;22;221
50;2025-11-24;23;119
50;2025-11-25;0;30
50;2025-11-25;1;2
50;2025-11-25;2;0
50;2025-11-25;3;0
50;2025-11-25;4;3
50;2025-11-25;5;74
50;2025-11-25;6;522
50;2025-11-25;7;1662
50;2025-11-25;8;2772
50;2025-11-25;9;2142
50;2025-11-25;10;1708
50;2025-11-25;11;1506
50;2025-11-25;12;1448
50;2025-11-25;13;1508
50;2025-11-25;14;1414
50;2025-11-25;15;1653
50;2025-11-25;16;1651
50;2025-11-25;17;2403
50;2025-11-25;18;2411
50;2025-11-25;19;1443
50;2025-11-25;20;934
50;2025-11-25;21;637
50;2025-11-25;22;242
50;2025-11-25;23;148
50;2025-11-26;0;30
50;2025-11-26;1;2
50;2025-11-26;2;0
50;2025-11-26;3;0
50;2025-11-26;4;3
50;2025-11-26;5;74
50;2025-11-26;6;522
50;2025-11-26;7;1662
50;2025-11-26;8;2772
50;2025-11-26;9;2142
50;2025-11-26;10;1708
50;2025-11-26;11;1506
50;2025-11-26;12;1448
50;2025-11-26;13;1508
50;2025-11-26;14;1414
50;2025-11-26;15;1653
50;2025-11-26;16;1651
50;2025-11-26;17;2403
50;2025-11-26;18;2411
50;2025-11-26;19;1443
50;2025-11-26;20;934
50;2025-11-26;21;637
50;2025-11-26;22;242
50;2025-11-26;23;148
50;2025-11-27;0;30
50;2025-11-27;1;2
50;2025-11-27;2;0
50;2025-11-27;3;0
50;2025-11-27;4;3
50;2025-11-27;5;74
50;2025-11-27;6;522
50;2025-11-27;7;1662
50;2025-11-27;8;2772
50;2025-11-27;9;2142
50;2025-11-27;10;1708
50;2025-11-27;11;1506
50;2025-11-27;12;1448
50;2025-11-27;13;1508
50;2025-11-27;14;1414
50;2025-11-27;15;1653
50;2025-11-27;16;1651
50;2025-11-27;17;2403
50;2025-11-27;18;2411
50;2025-11-27;19;1443
50;2025-11-27;20;934
50;2025-11-27;21;637
50;2025-11-27;22;242
50;2025-11-27;23;148
50;2025-11-28;0;36
50;2025-11-28;1;1
50;2025-11-28;2;0
50;2025-11-28;3;0
50;2025-11-28;4;4
50;2025-11-28;5;68
50;2025-11-28;6;506
50;2025-11-28;7;1743
50;2025-11-28;8;2757
50;2025-11-28;9;2147
50;2025-11-28;10;1494
50;2025-11-28;11;1502
50;2025-11-28;12;1396
50;2025-11-28;13;1512
50;2025-11-28;14;1441
50;2025-11-28;15;1720
50;2025-11-28;16;2253
50;2025-11-28;17;2135
50;2025-11-28;18;1588
50;2025-11-28;19;1179
50;2025-11-28;20;852
50;2025-11-28;21;541
50;2025-11-28;22;268
50;2025-11-28;23;161
50;2025-11-29;0;50
50;2025-11-29;1;6
50;2025-11-29;2;0
50;2025-11-29;3;2
50;2025-11-29;4;0
50;2025-11-29;5;9
50;2025-11-29;6;11
50;2025-11-29;7;17
50;2025-11-29;8;33
50;2025-11-29;9;64
50;2025-11-29;10;24
50;2025-11-29;11;41
50;2025-11-29;12;73
50;2025-11-29;13;49
50;2025-11-29;14;59
50;2025-11-29;15;87
50;2025-11-29;16;55
50;2025-11-29;17;54
50;2025-11-29;18;14
50;2025-11-29;19;12
50;2025-11-29;20;9
50;2025-11-29;21;9
50;2025-11-29;22;9
50;2025-11-29;23;3
50;2025-11-30;0;2
50;2025-11-30;1;0
50;2025-11-30;2;0
50;2025-11-30;3;0
50;2025-11-30;4;0
50;2025-11-30;5;1
50;2025-11-30;6;3
50;2025-11-30;7;5
50;2025-11-30;8;11
50;2025-11-30;9;8
50;2025-11-30;10;22
50;2025-11-30;11;73
50;2025-11-30;12;56
50;2025-11-30;13;68
50;2025-11-30;14;116
50;2025-11-30;15;94
50;2025-11-30;16;111
50;2025-11-30;17;99
50;2025-11-30;18;58
50;2025-11-30;19;64
50;2025-11-30;20;47
50;2025-11-30;21;30
50;2025-11-30;22;35
50;2025-11-30;23;10
50;2025-12-01;0;8
50;2025-12-01;1;3
50;2025-12-01;2;2
50;2025-12-01;3;0
50;2025-12-01;4;4
50;2025-12-01;5;66
50;2025-12-01;6;514
50;2025-12-01;7;1679
50;2025-12-01;8;2788
50;2025-12-01;9;2246
50;2025-12-01;10;1618
50;2025-12-01;11;1427
50;2025-12-01;12;1301
50;2025-12-01;13;1457
50;2025-12-01;14;1375
50;2025-12-01;15;1634
50;2025-12-01;16;1592
50;2025-12-01;17;2261
50;2025-12-01;18;2477
50;2025-12-01;19;1265
50;2025-12-01;20;858
50;2025-12-01;21;623
50;2025-12-01;22;221
50;2025-12-01;23;119
50;2025-12-02;0;30
50;2025-12-02;1;2
50;2025-12-02;2;0
50;2025-12-02;3;0
50;2025-12-02;4;3
50;2025-12-02;5;74
50;2025-12-02;6;522
50;2025-12-02;7;1662
50;2025-12-02;8;2772
50;2025-12-02;9;2142
50;2025-12-02;10;1708
50;2025-12-02;11;1506
50;2025-12-02;12;1448
50;2025-12-02;13;1508
50;2025-12-02;14;1414
50;2025-12-02;15;1653
50;2025-12-02;16;1651
50;2025-12-02;17;2403
50;2025-12-02;18;2411
50;2025-12-02;19;1443
50;2025-12-02;20;934
50;2025-12-02;21;637
50;2025-12-02;22;242
50;2025-12-02;23;148
50;2025-12-03;0;30
50;2025-12-03;1;2
50;2025-12-03;2;0
50;2025-12-03;3;0
50;2025-12-03;4;3
50;2025-12-03;5;74
50;2025-12-03;6;522
50;2025-12-03;7;1662
50;2025-12-03;8;2772
50;2025-12-03;9;2142
50;2025-12-03;10;1708
50;2025-12-03;11;1506
50;2025-12-03;12;1448
50;2025-12-03;13;1508
50;2025-12-03;14;1414
50;2025-12-03;15;1653
50;2025-12-03;16;1651
50;2025-12-03;17;2403
50;2025-12-03;18;2411
50;2025-12-03;19;1443
50;2025-12-03;20;934
50;2025-12-03;21;637
50;2025-12-03;22;242
50;2025-12-03;23;148
50;2025-12-04;0;30
50;2025-12-04;1;2
50;2025-12-04;2;0
50;2025-12-04;3;0
50;2025-12-04;4;3
50;2025-12-04;5;74
50;2025-12-04;6;522
50;2025-12-04;7;1662
50;2025-12-04;8;2772
50;2025-12-04;9;2142
50;2025-12-04;10;1708
50;2025-12-04;11;1506
50;2025-12-04;12;1448
50;2025-12-04;13;1508
50;2025-12-04;14;1414
50;2025-12-04;15;1653
50;2025-12-04;16;1651
50;2025-12-04;17;2403
50;2025-12-04;18;2411
50;2025-12-04;19;1443
50;2025-12-04;20;934
50;2025-12-04;21;637
50;2025-12-04;22;242
50;2025-12-04;23;148
50;2025-12-05;0;36
50;2025-12-05;1;1
50;2025-12-05;2;0
50;2025-12-05;3;0
50;2025-12-05;4;4
50;2025-12-05;5;68
50;2025-12-05;6;506
50;2025-12-05;7;1743
50;2025-12-05;8;2757
50;2025-12-05;9;2147
50;2025-12-05;10;1494
50;2025-12-05;11;1502
50;2025-12-05;12;1396
50;2025-12-05;13;1512
50;2025-12-05;14;1441
50;2025-12-05;15;1720
50;2025-12-05;16;2253
50;2025-12-05;17;2135
50;2025-12-05;18;1588
50;2025-12-05;19;1179
50;2025-12-05;20;852
50;2025-12-05;21;541
50;2025-12-05;22;268
50;2025-12-05;23;161
50;2025-12-06;0;50
50;2025-12-06;1;6
50;2025-12-06;2;0
50;2025-12-06;3;2
50;2025-12-06;4;0
50;2025-12-06;5;9
50;2025-12-06;6;11
50;2025-12-06;7;17
50;2025-12-06;8;33
50;2025-12-06;9;64
50;2025-12-06;10;24
50;2025-12-06;11;41
50;2025-12-06;12;73
50;2025-12-06;13;49
50;2025-12-06;14;59
50;2025-12-06;15;87
50;2025-12-06;16;55
50;2025-12-06;17;54
50;2025-12-06;18;14
50;2025-12-06;19;12
50;2025-12-06;20;9
50;2025-12-06;21;9
50;2025-12-06;22;9
50;2025-12-06;23;3
50;2025-12-07;0;2
50;2025-12-07;1;0
50;2025-12-07;2;0
50;2025-12-07;3;0
50;2025-12-07;4;0
50;2025-12-07;5;1
50;2025-12-07;6;3
50;2025-12-07;7;5
50;2025-12-07;8;11
50;2025-12-07;9;8
50;2025-12-07;10;22
50;2025-12-07;11;73
50;2025-12-07;12;56
50;2025-12-07;13;68
50;2025-12-07;14;116
50;2025-12-07;15;94
50;2025-12-07;16;111
50;2025-12-07;17;99
50;2025-12-07;18;58
50;2025-12-07;19;64
50;2025-12-07;20;47
50;2025-12-07;21;30
50;2025-12-07;22;35
50;2025-12-07;23;10
50;2025-12-08;0;8
50;2025-12-08;1;3
50;2025-12-08;2;2
50;2025-12-08;3;0
50;2025-12-08;4;4
50;2025-12-08;5;66
50;2025-12-08;6;514
50;2025-12-08;7;1679
50;2025-12-08;8;2788
50;2025-12-08;9;2246
50;2025-12-08;10;1618
50;2025-12-08;11;1427
50;2025-12-08;12;1301
50;2025-12-08;13;1457
50;2025-12-08;14;1375
50;2025-12-08;15;1634
50;2025-12-08;16;1592
50;2025-12-08;17;2261
50;2025-12-08;18;2477
50;2025-12-08;19;1265
50;2025-12-08;20;858
50;2025-12-08;21;623
50;2025-12-08;22;221
50;2025-12-08;23;119
50;2025-12-09;0;30
50;2025-12-09;1;2
50;2025-12-09;2;0
50;2025-12-09;3;0
50;2025-12-09;4;3
50;2025-12-09;5;74
50;2025-12-09;6;522
50;2025-12-09;7;1662
50;2025-12-09;8;2772
50;2025-12-09;9;2142
50;2025-12-09;10;1708
50;2025-12-09;11;1506
50;2025-12-09;12;1448
50;2025-12-09;13;1508
50;2025-12-09;14;1414
50;2025-12-09;15;1653
50;2025-12-09;16;1651
50;2025-12-09;17;2403
50;2025-12-09;18;2411
50;2025-12-09;19;1443
50;2025-12-09;20;934
50;2025-12-09;21;637
50;2025-12-09;22;242
50;2025-12-09;23;148
50;2025-12-10;0;30
50;2025-12-10;1;2
50;2025-12-10;2;0
50;2025-12-10;3;0
50;2025-12-10;4;3
50;2025-12-10;5;74
50;2025-12-10;6;522
50;2025-12-10;7;1662
50;2025-12-10;8;2772
50;2025-12-10;9;2142
50;2025-12-10;10;1708
50;2025-12-10;11;1506
50;2025-12-10;12;1448
50;2025-12-10;13;1508
50;2025-12-10;14;1414
50;2025-12-10;15;1653
50;2025-12-10;16;1651
50;2025-12-10;17;2403
50;2025-12-10;18;2411
50;2025-12-10;19;1443
50;2025-12-10;20;934
50;2025-12-10;21;637
50;2025-12-10;22;242
50;2025-12-10;23;148
50;2025-12-11;0;30
50;2025-12-11;1;2
50;2025-12-11;2;0
50;2025-12-11;3;0
50;2025-12-11;4;3
50;2025-12-11;5;74
50;2025-12-11;6;522
50;2025-12-11;7;1662
50;2025-12-11;8;2772
50;2025-12-11;9;2142
50;2025-12-11;10;1708
50;2025-12-11;11;1506
50;2025-12-11;12;1448
50;2025-12-11;13;1508
50;2025-12-11;14;1414
50;2025-12-11;15;1653
50;2025-12-11;16;1651
50;2025-12-11;17;2403
50;2025-12-11;18;2411
50;2025-12-11;19;1443
50;2025-12-11;20;934
50;2025-12-11;21;637
50;2025-12-11;22;242
50;2025-12-11;23;148
50;2025-12-12;0;36
50;2025-12-12;1;1
50;2025-12-12;2;0
50;2025-12-12;3;0
50;2025-12-12;4;4
50;2025-12-12;5;68
50;2025-12-12;6;506
50;2025-12-12;7;1743
50;2025-12-12;8;2757
50;2025-12-12;9;2147
50;2025-12-12;10;1494
50;2025-12-12;11;1502
50;2025-12-12;12;1396
50;2025-12-12;13;1512
50;2025-12-12;14;1441
50;2025-12-12;15;1720
50;2025-12-12;16;2253
50;2025-12-12;17;2135
50;2025-12-12;18;1588
50;2025-12-12;19;1179
50;2025-12-12;20;852
50;2025-12-12;21;541
50;2025-12-12;22;268
50;2025-12-12;23;161
50;2025-12-13;0;50
50;2025-12-13;1;6
50;2025-12-13;2;0
50;2025-12-13;3;2
50;2025-12-13;4;0
50;2025-12-13;5;9
50;2025-12-13;6;11
50;2025-12-13;7;17
50;2025-12-13;8;33
50;2025-12-13;9;64
50;2025-12-13;10;24
50;2025-12-13;11;41
50;2025-12-13;12;73
50;2025-12-13;13;49
50;2025-12-13;14;59
50;2025-12-13;15;87
50;2025-12-13;16;55
50;2025-12-13;17;54
50;2025-12-13;18;14
50;2025-12-13;19;12
50;2025-12-13;20;9
50;2025-12-13;21;9
50;2025-12-13;22;9
50;2025-12-13;23;3
50;2025-12-14;0;2
50;2025-12-14;1;0
50;2025-12-14;2;0
50;2025-12-14;3;0
50;2025-12-14;4;0
50;2025-12-14;5;1
50;2025-12-14;6;3
50;2025-12-14;7;5
50;2025-12-14;8;11
50;2025-12-14;9;8
50;2025-12-14;10;22
50;2025-12-14;11;73
50;2025-12-14;12;56
50;2025-12-14;13;68
50;2025-12-14;14;116
50;2025-12-14;15;94
50;2025-12-14;16;111
50;2025-12-14;17;99
50;2025-12-14;18;58
50;2025-12-14;19;64
50;2025-12-14;20;47
50;2025-12-14;21;30
50;2025-12-14;22;35
50;2025-12-14;23;10
50;2025-12-15;0;8
50;2025-12-15;1;3
50;2025-12-15;2;2
50;2025-12-15;3;0
50;2025-12-15;4;4
50;2025-12-15;5;66
50;2025-12-15;6;514
50;2025-12-15;7;1679
50;2025-12-15;8;2788
50;2025-12-15;9;2246
50;2025-12-15;10;1618
50;2025-12-15;11;1427
50;2025-12-15;12;1301
50;2025-12-15;13;1457
50;2025-12-15;14;1375
50;2025-12-15;15;1634
50;2025-12-15;16;1592
50;2025-12-15;17;2261
50;2025-12-15;18;2477
50;2025-12-15;19;1265
50;2025-12-15;20;858
50;2025-12-15;21;623
50;2025-12-15;22;221
50;2025-12-15;23;119
50;2025-12-16;0;30
50;2025-12-16;1;2
50;2025-12-16;2;0
50;2025-12-16;3;0
50;2025-12-16;4;3
50;2025-12-16;5;74
50;2025-12-16;6;522
50;2025-12-16;7;1662
50;2025-12-16;8;2772
50;2025-12-16;9;2142
50;2025-12-16;10;1708
50;2025-12-16;11;1506
50;2025-12-16;12;1448
50;2025-12-16;13;1508
50;2025-12-16;14;1414
50;2025-12-16;15;1653
50;2025-12-16;16;1651
50;2025-12-16;17;2403
50;2025-12-16;18;2411
50;2025-12-16;19;1443
50;2025-12-16;20;934
50;2025-12-16;21;637
50;2025-12-16;22;242
50;2025-12-16;23;148
50;2025-12-17;0;30
50;2025-12-17;1;2
50;2025-12-17;2;0
50;2025-12-17;3;0
50;2025-12-17;4;3
50;2025-12-17;5;74
50;2025-12-17;6;522
50;2025-12-17;7;1662
50;2025-12-17;8;2772
50;2025-12-17;9;2142
50;2025-12-17;10;1708
50;2025-12-17;11;1506
50;2025-12-17;12;1448
50;2025-12-17;13;1508
50;2025-12-17;14;1414
50;2025-12-17;15;1653
50;2025-12-17;16;1651
50;2025-12-17;17;2403
50;2025-12-17;18;2411
50;2025-12-17;19;1443
50;2025-12-17;20;934
50;2025-12-17;21;637
50;2025-12-17;22;242
50;2025-12-17;23;148
50;2025-12-18;0;30
50;2025-12-18;1;2
50;2025-12-18;2;0
50;2025-12-18;3;0
50;2025-12-18;4;3
50;2025-12-18;5;74
50;2025-12-18;6;522
50;2025-12-18;7;1662
50;2025-12-18;8;2772
50;2025-12-18;9;2142
50;2025-12-18;10;1708
50;2025-12-18;11;1506
50;2025-12-18;12;1448
50;2025-12-18;13;1508
50;2025-12-18;14;1414
50;2025-12-18;15;1653
50;2025-12-18;16;1651
50;2025-12-18;17;2403
50;2025-12-18;18;2411
50;2025-12-18;19;1443
50;2025-12-18;20;934
50;2025-12-18;21;637
50;2025-12-18;22;242
50;2025-12-18;23;148
50;2025-12-19;0;36
50;2025-12-19;1;1
50;2025-12-19;2;0
50;2025-12-19;3;0
50;2025-12-19;4;4
50;2025-12-19;5;68
50;2025-12-19;6;506
50;2025-12-19;7;1743
50;2025-12-19;8;2757
50;2025-12-19;9;2147
50;2025-12-19;10;1494
50;2025-12-19;11;1502
50;2025-12-19;12;1396
50;2025-12-19;13;1512
50;2025-12-19;14;1441
50;2025-12-19;15;1720
50;2025-12-19;16;2253
50;2025-12-19;17;2135
50;2025-12-19;18;1588
50;2025-12-19;19;1179
50;2025-12-19;20;852
50;2025-12-19;21;541
50;2025-12-19;22;268
50;2025-12-19;23;161
50;2025-12-20;0;50
50;2025-12-20;1;6
50;2025-12-20;2;0
50;2025-12-20;3;2
50;2025-12-20;4;0
50;2025-12-20;5;9
50;2025-12-20;6;11
50;2025-12-20;7;17
50;2025-12-20;8;33
50;2025-12-20;9;64
50;2025-12-20;10;24
50;2025-12-20;11;41
50;2025-12-20;12;73
50;2025-12-20;13;49
50;2025-12-20;14;59
50;2025-12-20;15;87
50;2025-12-20;16;55
50;2025-12-20;17;54
50;2025-12-20;18;14
50;2025-12-20;19;12
50;2025-12-20;20;9
50;2025-12-20;21;9
50;2025-12-20;22;9
50;2025-12-20;23;3
50;2025-12-21;0;2
50;2025-12-21;1;0
50;2025-12-21;2;0
50;2025-12-21;3;0
50;2025-12-21;4;0
50;2025-12-21;5;1
50;2025-12-21;6;3
50;2025-12-21;7;5
50;2025-12-21;8;11
50;2025-12-21;9;8
50;2025-12-21;10;22
50;2025-12-21;11;73
50;2025-12-21;12;56
50;2025-12-21;13;68
50;2025-12-21;14;116
50;2025-12-21;15;94
50;2025-12-21;16;111
50;2025-12-21;17;99
50;2025-12-21;18;58
50;2025-12-21;19;64
50;2025-12-21;20;47
50;2025-12-21;21;30
50;2025-12-21;22;35
50;2025-12-21;23;10
50;2025-12-22;0;8
50;2025-12-22;1;3
50;2025-12-22;2;2
50;2025-12-22;3;0
50;2025-12-22;4;4
50;2025-12-22;5;66
50;2025-12-22;6;514
50;2025-12-22;7;1679
50;2025-12-22;8;2788
50;2025-12-22;9;2246
50;2025-12-22;10;1618
50;2025-12-22;11;1427
50;2025-12-22;12;1301
50;2025-12-22;13;1457
50;2025-12-22;14;1375
50;2025-12-22;15;1634
50;2025-12-22;16;1592
50;2025-12-22;17;2261
50;2025-12-22;18;2477
50;2025-12-22;19;1265
50;2025-12-22;20;858
50;2025-12-22;21;623
50;2025-12-22;22;221
50;2025-12-22;23;119
50;2025-12-23;0;30
50;2025-12-23;1;2
50;2025-12-23;2;0
50;2025-12-23;3;0
50;2025-12-23;4;3
50;2025-12-23;5;74
50;2025-12-23;6;522
50;2025-12-23;7;1662
50;2025-12-23;8;2772
50;2025-12-23;9;2142
50;2025-12-23;10;1708
50;2025-12-23;11;1506
50;2025-12-23;12;1448
50;2025-12-23;13;1508
50;2025-12-23;14;1414
50;2025-12-23;15;1653
50;2025-12-23;16;1651
50;2025-12-23;17;2403
50;2025-12-23;18;2411
50;2025-12-23;19;1443
50;2025-12-23;20;934
50;2025-12-23;21;637
50;2025-12-23;22;242
50;2025-12-23;23;148
50;2025-12-24;0;30
50;2025-12-24;1;2
50;2025-12-24;2;0
50;2025-12-24;3;0
50;2025-12-24;4;3
50;2025-12-24;5;74
50;2025-12-24;6;522
50;2025-12-24;7;1662
50;2025-12-24;8;2772
50;2025-12-24;9;2142
50;2025-12-24;10;1708
50;2025-12-24;11;1506
50;2025-12-24;12;1448
50;2025-12-24;13;1508
50;2025-12-24;14;1414
50;2025-12-24;15;1653
50;2025-12-24;16;1651
50;2025-12-24;17;2403
50;2025-12-24;18;2411
50;2025-12-24;19;1443
50;2025-12-24;20;934
50;2025-12-24;21;637
50;2025-12-24;22;242
50;2025-12-24;23;148
50;2025-12-25;0;30
50;2025-12-25;1;2
50;2025-12-25;2;0
50;2025-12-25;3;0
50;2025-12-25;4;3
50;2025-12-25;5;74
50;2025-12-25;6;522
50;2025-12-25;7;1662
50;2025-12-25;8;2772
50;2025-12-25;9;2142
50;2025-12-25;10;1708
50;2025-12-25;11;1506
50;2025-12-25;12;1448
50;2025-12-25;13;1508
50;2025-12-25;14;1414
50;2025-12-25;15;1653
50;2025-12-25;16;1651
50;2025-12-25;17;2403
50;2025-12-25;18;2411
50;2025-12-25;19;1443
50;2025-12-25;20;934
50;2025-12-25;21;637
50;2025-12-25;22;242
50;2025-12-25;23;148
50;2025-12-26;0;36
50;2025-12-26;1;1
50;2025-12-26;2;0
50;2025-12-26;3;0
50;2025-12-26;4;4
50;2025-12-26;5;68
50;2025-12-26;6;506
50;2025-12-26;7;1743
50;2025-12-26;8;2757
50;2025-12-26;9;2147
50;2025-12-26;10;1494
50;2025-12-26;11;1502
50;2025-12-26;12;1396
50;2025-12-26;13;1512
50;2025-12-26;14;1441
50;2025-12-26;15;1720
50;2025-12-26;16;2253
50;2025-12-26;17;2135
50;2025-12-26;18;1588
50;2025-12-26;19;1179
50;2025-12-26;20;852
50;2025-12-26;21;541
50;2025-12-26;22;268
50;2025-12-26;23;161
50;2025-12-27;0;50
50;2025-12-27;1;6
50;2025-12-27;2;0
50;2025-12-27;3;2
50;2025-12-27;4;0
50;2025-12-27;5;9
50;2025-12-27;6;11
50;2025-12-27;7;17
50;2025-12-27;8;33
50;2025-12-27;9;64
50;2025-12-27;10;24
50;2025-12-27;11;41
50;2025-12-27;12;73
50;2025-12-27;13;49
50;2025-12-27;14;59
50;2025-12-27;15;87
50;2025-12-27;16;55
50;2025-12-27;17;54
50;2025-12-27;18;14
50;2025-12-27;19;12
50;2025-12-27;20;9
50;2025-12-27;21;9
50;2025-12-27;22;9
50;2025-12-27;23;3
50;2025-12-28;0;2
50;2025-12-28;1;0
50;2025-12-28;2;0
50;2025-12-28;3;0
50;2025-12-28;4;0
50;2025-12-28;5;1
50;2025-12-28;6;3
50;2025-12-28;7;5
50;2025-12-28;8;11
50;2025-12-28;9;8
50;2025-12-28;10;22
50;2025-12-28;11;73
50;2025-12-28;12;56
50;2025-12-28;13;68
50;2025-12-28;14;116
50;2025-12-28;15;94
50;2025-12-28;16;111
50;2025-12-28;17;99
50;2025-12-28;18;58
50;2025-12-28;19;64
50;2025-12-28;20;47
50;2025-12-28;21;30
50;2025-12-28;22;35
50;2025-12-28;23;10
50;2025-12-29;0;31
50;2025-12-29;1;1
50;2025-12-29;2;0
50;2025-12-29;3;0
50;2025-12-29;4;3
50;2025-12-29;5;59
50;2025-12-29;6;436
50;2025-12-29;7;1499
50;2025-12-29;8;2371
50;2025-12-29;9;1847
50;2025-12-29;10;1285
50;2025-12-29;11;1291
50;2025-12-29;12;1201
50;2025-12-29;13;1300
50;2025-12-29;14;1239
50;2025-12-29;15;1479
50;2025-12-29;16;1938
50;2025-12-29;17;1836
50;2025-12-29;18;1366
50;2025-12-29;19;1014
50;2025-12-29;20;733
50;2025-12-29;21;464
50;2025-12-29;22;231
50;2025-12-29;23;139
50;2025-12-30;0;31
50;2025-12-30;1;1
50;2025-12-30;2;0
50;2025-12-30;3;0
50;2025-12-30;4;3
50;2025-12-30;5;59
50;2025-12-30;6;436
50;2025-12-30;7;1499
50;2025-12-30;8;2371
50;2025-12-30;9;1847
50;2025-12-30;10;1285
50;2025-12-30;11;1291
50;2025-12-30;12;1201
50;2025-12-30;13;1300
50;2025-12-30;14;1239
50;2025-12-30;15;1479
50;2025-12-30;16;1938
50;2025-12-30;17;1836
50;2025-12-30;18;1366
50;2025-12-30;19;1014
50;2025-12-30;20;733
50;2025-12-30;21;464
50;2025-12-30;22;231
50;2025-12-30;23;139
50;2025-12-31;0;44
50;2025-12-31;1;5
50;2025-12-31;2;0
50;2025-12-31;3;2
50;2025-12-31;4;0
50;2025-12-31;5;7
50;2025-12-31;6;9
50;2025-12-31;7;14
50;2025-12-31;8;28
50;2025-12-31;9;55
50;2025-12-31;10;20
50;2025-12-31;11;35
50;2025-12-31;12;62
50;2025-12-31;13;42
50;2025-12-31;14;50
50;2025-12-31;15;74
50;2025-12-31;16;48
50;2025-12-31;17;47
50;2025-12-31;18;12
50;2025-12-31;19;6
50;2025-12-31;20;4
50;2025-12-31;21;4
50;2025-12-31;22;4
50;2025-12-31;23;1
