route;date;hour;prediction
1;2025-11-01;0;3
1;2025-11-01;1;0
1;2025-11-01;2;0
1;2025-11-01;3;0
1;2025-11-01;4;6
1;2025-11-01;5;117
1;2025-11-01;6;413
1;2025-11-01;7;1302
1;2025-11-01;8;1581
1;2025-11-01;9;1230
1;2025-11-01;10;1095
1;2025-11-01;11;1168
1;2025-11-01;12;1164
1;2025-11-01;13;1206
1;2025-11-01;14;1133
1;2025-11-01;15;1278
1;2025-11-01;16;1377
1;2025-11-01;17;1573
1;2025-11-01;18;1272
1;2025-11-01;19;1063
1;2025-11-01;20;682
1;2025-11-01;21;415
1;2025-11-01;22;152
1;2025-11-01;23;34
1;2025-11-02;0;0
1;2025-11-02;1;0
1;2025-11-02;2;0
1;2025-11-02;3;0
1;2025-11-02;4;0
1;2025-11-02;5;21
1;2025-11-02;6;117
1;2025-11-02;7;268
1;2025-11-02;8;362
1;2025-11-02;9;627
1;2025-11-02;10;697
1;2025-11-02;11;737
1;2025-11-02;12;848
1;2025-11-02;13;881
1;2025-11-02;14;820
1;2025-11-02;15;732
1;2025-11-02;16;674
1;2025-11-02;17;591
1;2025-11-02;18;512
1;2025-11-02;19;445
1;2025-11-02;20;341
1;2025-11-02;21;279
1;2025-11-02;22;101
1;2025-11-02;23;27
1;2025-11-03;0;0
1;2025-11-03;1;0
1;2025-11-03;2;0
1;2025-11-03;3;0
1;2025-11-03;4;0
1;2025-11-03;5;20
1;2025-11-03;6;113
1;2025-11-03;7;259
1;2025-11-03;8;350
1;2025-11-03;9;606
1;2025-11-03;10;674
1;2025-11-03;11;712
1;2025-11-03;12;820
1;2025-11-03;13;852
1;2025-11-03;14;793
1;2025-11-03;15;708
1;2025-11-03;16;652
1;2025-11-03;17;572
1;2025-11-03;18;495
1;2025-11-03;19;430
1;2025-11-03;20;329
1;2025-11-03;21;270
1;2025-11-03;22;98
1;2025-11-03;23;26
1;2025-11-04;0;0
1;2025-11-04;1;0
1;2025-11-04;2;0
1;2025-11-04;3;0
1;2025-11-04;4;0
1;2025-11-04;5;20
1;2025-11-04;6;113
1;2025-11-04;7;259
1;2025-11-04;8;350
1;2025-11-04;9;606
1;2025-11-04;10;674
1;2025-11-04;11;712
1;2025-11-04;12;820
1;2025-11-04;13;852
1;2025-11-04;14;793
1;2025-11-04;15;708
1;2025-11-04;16;652
1;2025-11-04;17;572
1;2025-11-04;18;495
1;2025-11-04;19;430
1;2025-11-04;20;329
1;2025-11-04;21;270
1;2025-11-04;22;98
1;2025-11-04;23;26
1;2025-11-05;0;4
1;2025-11-05;1;0
1;2025-11-05;2;0
1;2025-11-05;3;0
1;2025-11-05;4;10
1;2025-11-05;5;114
1;2025-11-05;6;506
1;2025-11-05;7;1546
1;2025-11-05;8;2017
1;2025-11-05;9;1494
1;2025-11-05;10;1382
1;2025-11-05;11;1360
1;2025-11-05;12;1422
1;2025-11-05;13;1461
1;2025-11-05;14;1380
1;2025-11-05;15;1499
1;2025-11-05;16;1513
1;2025-11-05;17;1795
1;2025-11-05;18;1824
1;2025-11-05;19;1362
1;2025-11-05;20;892
1;2025-11-05;21;485
1;2025-11-05;22;176
1;2025-11-05;23;35
1;2025-11-06;0;4
1;2025-11-06;1;0
1;2025-11-06;2;0
1;2025-11-06;3;0
1;2025-11-06;4;10
1;2025-11-06;5;114
1;2025-11-06;6;506
1;2025-11-06;7;1546
1;2025-11-06;8;2017
1;2025-11-06;9;1494
1;2025-11-06;10;1382
1;2025-11-06;11;1360
1;2025-11-06;12;1422
1;2025-11-06;13;1461
1;2025-11-06;14;1380
1;2025-11-06;15;1499
1;2025-11-06;16;1513
1;2025-11-06;17;1795
1;2025-11-06;18;1824
1;2025-11-06;19;1362
1;2025-11-06;20;892
1;2025-11-06;21;485
1;2025-11-06;22;176
1;2025-11-06;23;35
1;2025-11-07;0;4
1;2025-11-07;1;0
1;2025-11-07;2;0
1;2025-11-07;3;0
1;2025-11-07;4;7
1;2025-11-07;5;138
1;2025-11-07;6;486
1;2025-11-07;7;1531
1;2025-11-07;8;1860
1;2025-11-07;9;1447
1;2025-11-07;10;1288
1;2025-11-07;11;1374
1;2025-11-07;12;1370
1;2025-11-07;13;1418
1;2025-11-07;14;1333
1;2025-11-07;15;1504
1;2025-11-07;16;1620
1;2025-11-07;17;1851
1;2025-11-07;18;1496
1;2025-11-07;19;1251
1;2025-11-07;20;802
1;2025-11-07;21;488
1;2025-11-07;22;179
1;2025-11-07;23;40
1;2025-11-08;0;4
1;2025-11-08;1;0
1;2025-11-08;2;0
1;2025-11-08;3;0
1;2025-11-08;4;1
1;2025-11-08;5;31
1;2025-11-08;6;154
1;2025-11-08;7;357
1;2025-11-08;8;494
1;2025-11-08;9;762
1;2025-11-08;10;934
1;2025-11-08;11;916
1;2025-11-08;12;1106
1;2025-11-08;13;1155
1;2025-11-08;14;1073
1;2025-11-08;15;930
1;2025-11-08;16;792
1;2025-11-08;17;743
1;2025-11-08;18;651
1;2025-11-08;19;561
1;2025-11-08;20;431
1;2025-11-08;21;302
1;2025-11-08;22;120
1;2025-11-08;23;25
1;2025-11-09;0;0
1;2025-11-09;1;0
1;2025-11-09;2;0
1;2025-11-09;3;0
1;2025-11-09;4;0
1;2025-11-09;5;21
1;2025-11-09;6;117
1;2025-11-09;7;268
1;2025-11-09;8;362
1;2025-11-09;9;627
1;2025-11-09;10;697
1;2025-11-09;11;737
1;2025-11-09;12;848
1;2025-11-09;13;881
1;2025-11-09;14;820
1;2025-11-09;15;732
1;2025-11-09;16;674
1;2025-11-09;17;591
1;2025-11-09;18;512
1;2025-11-09;19;445
1;2025-11-09;20;341
1;2025-11-09;21;279
1;2025-11-09;22;101
1;2025-11-09;23;27
1;2025-11-10;0;0
1;2025-11-10;1;0
1;2025-11-10;2;0
1;2025-11-10;3;0
1;2025-11-10;4;9
1;2025-11-10;5;135
1;2025-11-10;6;488
1;2025-11-10;7;1453
1;2025-11-10;8;1972
1;2025-11-10;9;1487
1;2025-11-10;10;1259
1;2025-11-10;11;1263
1;2025-11-10;12;1394
1;2025-11-10;13;1478
1;2025-11-10;14;1484
1;2025-11-10;15;1595
1;2025-11-10;16;1642
1;2025-11-10;17;1886
1;2025-11-10;18;2054
1;2025-11-10;19;1452
1;2025-11-10;20;910
1;2025-11-10;21;447
1;2025-11-10;22;178
1;2025-11-10;23;53
1;2025-11-11;0;4
1;2025-11-11;1;0
1;2025-11-11;2;0
1;2025-11-11;3;0
1;2025-11-11;4;10
1;2025-11-11;5;114
1;2025-11-11;6;506
1;2025-11-11;7;1546
1;2025-11-11;8;2017
1;2025-11-11;9;1494
1;2025-11-11;10;1382
1;2025-11-11;11;1360
1;2025-11-11;12;1422
1;2025-11-11;13;1461
1;2025-11-11;14;1380
1;2025-11-11;15;1499
1;2025-11-11;16;1513
1;2025-11-11;17;1795
1;2025-11-11;18;1824
1;2025-11-11;19;1362
1;2025-11-11;20;892
1;2025-11-11;21;485
1;2025-11-11;22;176
1;2025-11-11;23;35
1;2025-11-12;0;4
1;2025-11-12;1;0
1;2025-11-12;2;0
1;2025-11-12;3;0
1;2025-11-12;4;10
1;2025-11-12;5;114
1;2025-11-12;6;506
1;2025-11-12;7;1546
1;2025-11-12;8;2017
1;2025-11-12;9;1494
1;2025-11-12;10;1382
1;2025-11-12;11;1360
1;2025-11-12;12;1422
1;2025-11-12;13;1461
1;2025-11-12;14;1380
1;2025-11-12;15;1499
1;2025-11-12;16;1513
1;2025-11-12;17;1795
1;2025-11-12;18;1824
1;2025-11-12;19;1362
1;2025-11-12;20;892
1;2025-11-12;21;485
1;2025-11-12;22;176
1;2025-11-12;23;35
1;2025-11-13;0;4
1;2025-11-13;1;0
1;2025-11-13;2;0
1;2025-11-13;3;0
1;2025-11-13;4;10
1;2025-11-13;5;114
1;2025-11-13;6;506
1;2025-11-13;7;1546
1;2025-11-13;8;2017
1;2025-11-13;9;1494
1;2025-11-13;10;1382
1;2025-11-13;11;1360
1;2025-11-13;12;1422
1;2025-11-13;13;1461
1;2025-11-13;14;1380
1;2025-11-13;15;1499
1;2025-11-13;16;1513
1;2025-11-13;17;1795
1;2025-11-13;18;1824
1;2025-11-13;19;1362
1;2025-11-13;20;892
1;2025-11-13;21;485
1;2025-11-13;22;176
1;2025-11-13;23;35
1;2025-11-14;0;4
1;2025-11-14;1;0
1;2025-11-14;2;0
1;2025-11-14;3;0
1;2025-11-14;4;7
1;2025-11-14;5;138
1;2025-11-14;6;486
1;2025-11-14;7;1531
1;2025-11-14;8;1860
1;2025-11-14;9;1447
1;2025-11-14;10;1288
1;2025-11-14;11;1374
1;2025-11-14;12;1370
1;2025-11-14;13;1418
1;2025-11-14;14;1333
1;2025-11-14;15;1504
1;2025-11-14;16;1620
1;2025-11-14;17;1851
1;2025-11-14;18;1496
1;2025-11-14;19;1251
1;2025-11-14;20;802
1;2025-11-14;21;488
1;2025-11-14;22;179
1;2025-11-14;23;40
1;2025-11-15;0;4
1;2025-11-15;1;0
1;2025-11-15;2;0
1;2025-11-15;3;0
1;2025-11-15;4;0
1;2025-11-15;5;30
1;2025-11-15;6;146
1;2025-11-15;7;339
1;2025-11-15;8;469
1;2025-11-15;9;723
1;2025-11-15;10;886
1;2025-11-15;11;869
1;2025-11-15;12;1048
1;2025-11-15;13;1096
1;2025-11-15;14;1017
1;2025-11-15;15;882
1;2025-11-15;16;751
1;2025-11-15;17;705
1;2025-11-15;18;617
1;2025-11-15;19;532
1;2025-11-15;20;408
1;2025-11-15;21;287
1;2025-11-15;22;113
1;2025-11-15;23;24
1;2025-11-16;0;0
1;2025-11-16;1;0
1;2025-11-16;2;0
1;2025-11-16;3;0
1;2025-11-16;4;0
1;2025-11-16;5;21
1;2025-11-16;6;117
1;2025-11-16;7;268
1;2025-11-16;8;362
1;2025-11-16;9;627
1;2025-11-16;10;697
1;2025-11-16;11;737
1;2025-11-16;12;848
1;2025-11-16;13;881
1;2025-11-16;14;820
1;2025-11-16;15;732
1;2025-11-16;16;674
1;2025-11-16;17;591
1;2025-11-16;18;512
1;2025-11-16;19;445
1;2025-11-16;20;341
1;2025-11-16;21;279
1;2025-11-16;22;101
1;2025-11-16;23;27
1;2025-11-17;0;0
1;2025-11-17;1;0
1;2025-11-17;2;0
1;2025-11-17;3;0
1;2025-11-17;4;9
1;2025-11-17;5;135
1;2025-11-17;6;488
1;2025-11-17;7;1453
1;2025-11-17;8;1972
1;2025-11-17;9;1487
1;2025-11-17;10;1259
1;2025-11-17;11;1263
1;2025-11-17;12;1394
1;2025-11-17;13;1478
1;2025-11-17;14;1484
1;2025-11-17;15;1595
1;2025-11-17;16;1642
1;2025-11-17;17;1886
1;2025-11-17;18;2054
1;2025-11-17;19;1452
1;2025-11-17;20;910
1;2025-11-17;21;447
1;2025-11-17;22;178
1;2025-11-17;23;53
1;2025-11-18;0;4
1;2025-11-18;1;0
1;2025-11-18;2;0
1;2025-11-18;3;0
1;2025-11-18;4;10
1;2025-11-18;5;114
1;2025-11-18;6;506
1;2025-11-18;7;1546
1;2025-11-18;8;2017
1;2025-11-18;9;1494
1;2025-11-18;10;1382
1;2025-11-18;11;1360
1;2025-11-18;12;1422
1;2025-11-18;13;1461
1;2025-11-18;14;1380
1;2025-11-18;15;1499
1;2025-11-18;16;1513
1;2025-11-18;17;1795
1;2025-11-18;18;1824
1;2025-11-18;19;1362
1;2025-11-18;20;892
1;2025-11-18;21;485
1;2025-11-18;22;176
1;2025-11-18;23;35
1;2025-11-19;0;4
1;2025-11-19;1;0
1;2025-11-19;2;0
1;2025-11-19;3;0
1;2025-11-19;4;10
1;2025-11-19;5;114
1;2025-11-19;6;506
1;2025-11-19;7;1546
1;2025-11-19;8;2017
1;2025-11-19;9;1494
1;2025-11-19;10;1382
1;2025-11-19;11;1360
1;2025-11-19;12;1422
1;2025-11-19;13;1461
1;2025-11-19;14;1380
1;2025-11-19;15;1499
1;2025-11-19;16;1513
1;2025-11-19;17;1795
1;2025-11-19;18;1824
1;2025-11-19;19;1362
1;2025-11-19;20;892
1;2025-11-19;21;485
1;2025-11-19;22;176
1;2025-11-19;23;35
1;2025-11-20;0;4
1;2025-11-20;1;0
1;2025-11-20;2;0
1;2025-11-20;3;0
1;2025-11-20;4;10
1;2025-11-20;5;114
1;2025-11-20;6;506
1;2025-11-20;7;1546
1;2025-11-20;8;2017
1;2025-11-20;9;1494
1;2025-11-20;10;1382
1;2025-11-20;11;1360
1;2025-11-20;12;1422
1;2025-11-20;13;1461
1;2025-11-20;14;1380
1;2025-11-20;15;1499
1;2025-11-20;16;1513
1;2025-11-20;17;1795
1;2025-11-20;18;1824
1;2025-11-20;19;1362
1;2025-11-20;20;892
1;2025-11-20;21;485
1;2025-11-20;22;176
1;2025-11-20;23;35
1;2025-11-21;0;4
1;2025-11-21;1;0
1;2025-11-21;2;0
1;2025-11-21;3;0
1;2025-11-21;4;7
1;2025-11-21;5;138
1;2025-11-21;6;486
1;2025-11-21;7;1531
1;2025-11-21;8;1860
1;2025-11-21;9;1447
1;2025-11-21;10;1288
1;2025-11-21;11;1374
1;2025-11-21;12;1370
1;2025-11-21;13;1418
1;2025-11-21;14;1333
1;2025-11-21;15;1504
1;2025-11-21;16;1620
1;2025-11-21;17;1851
1;2025-11-21;18;1496
1;2025-11-21;19;1251
1;2025-11-21;20;802
1;2025-11-21;21;488
1;2025-11-21;22;179
1;2025-11-21;23;40
1;2025-11-22;0;4
1;2025-11-22;1;0
1;2025-11-22;2;0
1;2025-11-22;3;0
1;2025-11-22;4;1
1;2025-11-22;5;31
1;2025-11-22;6;154
1;2025-11-22;7;357
1;2025-11-22;8;494
1;2025-11-22;9;762
1;2025-11-22;10;934
1;2025-11-22;11;916
1;2025-11-22;12;1106
1;2025-11-22;13;1155
1;2025-11-22;14;1073
1;2025-11-22;15;930
1;2025-11-22;16;792
1;2025-11-22;17;743
1;2025-11-22;18;651
1;2025-11-22;19;561
1;2025-11-22;20;431
1;2025-11-22;21;302
1;2025-11-22;22;120
1;2025-11-22;23;25
1;2025-11-23;0;0
1;2025-11-23;1;0
1;2025-11-23;2;0
1;2025-11-23;3;0
1;2025-11-23;4;0
1;2025-11-23;5;21
1;2025-11-23;6;117
1;2025-11-23;7;268
1;2025-11-23;8;362
1;2025-11-23;9;627
1;2025-11-23;10;697
1;2025-11-23;11;737
1;2025-11-23;12;848
1;2025-11-23;13;881
1;2025-11-23;14;820
1;2025-11-23;15;732
1;2025-11-23;16;674
1;2025-11-23;17;591
1;2025-11-23;18;512
1;2025-11-23;19;445
1;2025-11-23;20;341
1;2025-11-23;21;279
1;2025-11-23;22;101
1;2025-11-23;23;27
1;2025-11-24;0;0
1;2025-11-24;1;0
1;2025-11-24;2;0
1;2025-11-24;3;0
1;2025-11-24;4;9
1;2025-11-24;5;135
1;2025-11-24;6;488
1;2025-11-24;7;1453
1;2025-11-24;8;1972
1;2025-11-24;9;1487
1;2025-11-24;10;1259
1;2025-11-24;11;1263
1;2025-11-24;12;1394
1;2025-11-24;13;1478
1;2025-11-24;14;1484
1;2025-11-24;15;1595
1;2025-11-24;16;1642
1;2025-11-24;17;1886
1;2025-11-24;18;2054
1;2025-11-24;19;1452
1;2025-11-24;20;910
1;2025-11-24;21;447
1;2025-11-24;22;178
1;2025-11-24;23;53
1;2025-11-25;0;4
1;2025-11-25;1;0
1;2025-11-25;2;0
1;2025-11-25;3;0
1;2025-11-25;4;10
1;2025-11-25;5;114
1;2025-11-25;6;506
1;2025-11-25;7;1546
1;2025-11-25;8;2017
1;2025-11-25;9;1494
1;2025-11-25;10;1382
1;2025-11-25;11;1360
1;2025-11-25;12;1422
1;2025-11-25;13;1461
1;2025-11-25;14;1380
1;2025-11-25;15;1499
1;2025-11-25;16;1513
1;2025-11-25;17;1795
1;2025-11-25;18;1824
1;2025-11-25;19;1362
1;2025-11-25;20;892
1;2025-11-25;21;485
1;2025-11-25;22;176
1;2025-11-25;23;35
1;2025-11-26;0;4
1;2025-11-26;1;0
1;2025-11-26;2;0
1;2025-11-26;3;0
1;2025-11-26;4;10
1;2025-11-26;5;114
1;2025-11-26;6;506
1;2025-11-26;7;1546
1;2025-11-26;8;2017
1;2025-11-26;9;1494
1;2025-11-26;10;1382
1;2025-11-26;11;1360
1;2025-11-26;12;1422
1;2025-11-26;13;1461
1;2025-11-26;14;1380
1;2025-11-26;15;1499
1;2025-11-26;16;1513
1;2025-11-26;17;1795
1;2025-11-26;18;1824
1;2025-11-26;19;1362
1;2025-11-26;20;892
1;2025-11-26;21;485
1;2025-11-26;22;176
1;2025-11-26;23;35
1;2025-11-27;0;4
1;2025-11-27;1;0
1;2025-11-27;2;0
1;2025-11-27;3;0
1;2025-11-27;4;10
1;2025-11-27;5;114
1;2025-11-27;6;506
1;2025-11-27;7;1546
1;2025-11-27;8;2017
1;2025-11-27;9;1494
1;2025-11-27;10;1382
1;2025-11-27;11;1360
1;2025-11-27;12;1422
1;2025-11-27;13;1461
1;2025-11-27;14;1380
1;2025-11-27;15;1499
1;2025-11-27;16;1513
1;2025-11-27;17;1795
1;2025-11-27;18;1824
1;2025-11-27;19;1362
1;2025-11-27;20;892
1;2025-11-27;21;485
1;2025-11-27;22;176
1;2025-11-27;23;35
1;2025-11-28;0;4
1;2025-11-28;1;0
1;2025-11-28;2;0
1;2025-11-28;3;0
1;2025-11-28;4;7
1;2025-11-28;5;138
1;2025-11-28;6;486
1;2025-11-28;7;1531
1;2025-11-28;8;1860
1;2025-11-28;9;1447
1;2025-11-28;10;1288
1;2025-11-28;11;1374
1;2025-11-28;12;1370
1;2025-11-28;13;1418
1;2025-11-28;14;1333
1;2025-11-28;15;1504
1;2025-11-28;16;1620
1;2025-11-28;17;1851
1;2025-11-28;18;1496
1;2025-11-28;19;1251
1;2025-11-28;20;802
1;2025-11-28;21;488
1;2025-11-28;22;179
1;2025-11-28;23;40
1;2025-11-29;0;4
1;2025-11-29;1;0
1;2025-11-29;2;0
1;2025-11-29;3;0
1;2025-11-29;4;1
1;2025-11-29;5;31
1;2025-11-29;6;154
1;2025-11-29;7;357
1;2025-11-29;8;494
1;2025-11-29;9;762
1;2025-11-29;10;934
1;2025-11-29;11;916
1;2025-11-29;12;1106
1;2025-11-29;13;1155
1;2025-11-29;14;1073
1;2025-11-29;15;930
1;2025-11-29;16;792
1;2025-11-29;17;743
1;2025-11-29;18;651
1;2025-11-29;19;561
1;2025-11-29;20;431
1;2025-11-29;21;302
1;2025-11-29;22;120
1;2025-11-29;23;25
1;2025-11-30;0;0
1;2025-11-30;1;0
1;2025-11-30;2;0
1;2025-11-30;3;0
1;2025-11-30;4;0
1;2025-11-30;5;21
1;2025-11-30;6;117
1;2025-11-30;7;268
1;2025-11-30;8;362
1;2025-11-30;9;627
1;2025-11-30;10;697
1;2025-11-30;11;737
1;2025-11-30;12;848
1;2025-11-30;13;881
1;2025-11-30;14;820
1;2025-11-30;15;732
1;2025-11-30;16;674
1;2025-11-30;17;591
1;2025-11-30;18;512
1;2025-11-30;19;445
1;2025-11-30;20;341
1;2025-11-30;21;279
1;2025-11-30;22;101
1;2025-11-30;23;27
1;2025-12-01;0;0
1;2025-12-01;1;0
1;2025-12-01;2;0
1;2025-12-01;3;0
1;2025-12-01;4;9
1;2025-12-01;5;135
1;2025-12-01;6;488
1;2025-12-01;7;1453
1;2025-12-01;8;1972
1;2025-12-01;9;1487
1;2025-12-01;10;1259
1;2025-12-01;11;1263
1;2025-12-01;12;1394
1;2025-12-01;13;1478
1;2025-12-01;14;1484
1;2025-12-01;15;1595
1;2025-12-01;16;1642
1;2025-12-01;17;1886
1;2025-12-01;18;2054
1;2025-12-01;19;1452
1;2025-12-01;20;910
1;2025-12-01;21;447
1;2025-12-01;22;178
1;2025-12-01;23;53
1;2025-12-02;0;4
1;2025-12-02;1;0
1;2025-12-02;2;0
1;2025-12-02;3;0
1;2025-12-02;4;10
1;2025-12-02;5;114
1;2025-12-02;6;506
1;2025-12-02;7;1546
1;2025-12-02;8;2017
1;2025-12-02;9;1494
1;2025-12-02;10;1382
1;2025-12-02;11;1360
1;2025-12-02;12;1422
1;2025-12-02;13;1461
1;2025-12-02;14;1380
1;2025-12-02;15;1499
1;2025-12-02;16;1513
1;2025-12-02;17;1795
1;2025-12-02;18;1824
1;2025-12-02;19;1362
1;2025-12-02;20;892
1;2025-12-02;21;485
1;2025-12-02;22;176
1;2025-12-02;23;35
1;2025-12-03;0;4
1;2025-12-03;1;0
1;2025-12-03;2;0
1;2025-12-03;3;0
1;2025-12-03;4;10
1;2025-12-03;5;114
1;2025-12-03;6;506
1;2025-12-03;7;1546
1;2025-12-03;8;2017
1;2025-12-03;9;1494
1;2025-12-03;10;1382
1;2025-12-03;11;1360
1;2025-12-03;12;1422
1;2025-12-03;13;1461
1;2025-12-03;14;1380
1;2025-12-03;15;1499
1;2025-12-03;16;1513
1;2025-12-03;17;1795
1;2025-12-03;18;1824
1;2025-12-03;19;1362
1;2025-12-03;20;892
1;2025-12-03;21;485
1;2025-12-03;22;176
1;2025-12-03;23;35
1;2025-12-04;0;4
1;2025-12-04;1;0
1;2025-12-04;2;0
1;2025-12-04;3;0
1;2025-12-04;4;10
1;2025-12-04;5;114
1;2025-12-04;6;506
1;2025-12-04;7;1546
1;2025-12-04;8;2017
1;2025-12-04;9;1494
1;2025-12-04;10;1382
1;2025-12-04;11;1360
1;2025-12-04;12;1422
1;2025-12-04;13;1461
1;2025-12-04;14;1380
1;2025-12-04;15;1499
1;2025-12-04;16;1513
1;2025-12-04;17;1795
1;2025-12-04;18;1824
1;2025-12-04;19;1362
1;2025-12-04;20;892
1;2025-12-04;21;485
1;2025-12-04;22;176
1;2025-12-04;23;35
1;2025-12-05;0;4
1;2025-12-05;1;0
1;2025-12-05;2;0
1;2025-12-05;3;0
1;2025-12-05;4;7
1;2025-12-05;5;138
1;2025-12-05;6;486
1;2025-12-05;7;1531
1;2025-12-05;8;1860
1;2025-12-05;9;1447
1;2025-12-05;10;1288
1;2025-12-05;11;1374
1;2025-12-05;12;1370
1;2025-12-05;13;1418
1;2025-12-05;14;1333
1;2025-12-05;15;1504
1;2025-12-05;16;1620
1;2025-12-05;17;1851
1;2025-12-05;18;1496
1;2025-12-05;19;1251
1;2025-12-05;20;802
1;2025-12-05;21;488
1;2025-12-05;22;179
1;2025-12-05;23;40
1;2025-12-06;0;4
1;2025-12-06;1;0
1;2025-12-06;2;0
1;2025-12-06;3;0
1;2025-12-06;4;1
1;2025-12-06;5;31
1;2025-12-06;6;154
1;2025-12-06;7;357
1;2025-12-06;8;494
1;2025-12-06;9;762
1;2025-12-06;10;934
1;2025-12-06;11;916
1;2025-12-06;12;1106
1;2025-12-06;13;1155
1;2025-12-06;14;1073
1;2025-12-06;15;930
1;2025-12-06;16;792
1;2025-12-06;17;743
1;2025-12-06;18;651
1;2025-12-06;19;561
1;2025-12-06;20;431
1;2025-12-06;21;302
1;2025-12-06;22;120
1;2025-12-06;23;25
1;2025-12-07;0;0
1;2025-12-07;1;0
1;2025-12-07;2;0
1;2025-12-07;3;0
1;2025-12-07;4;0
1;2025-12-07;5;21
1;2025-12-07;6;117
1;2025-12-07;7;268
1;2025-12-07;8;362
1;2025-12-07;9;627
1;2025-12-07;10;697
1;2025-12-07;11;737
1;2025-12-07;12;848
1;2025-12-07;13;881
1;2025-12-07;14;820
1;2025-12-07;15;732
1;2025-12-07;16;674
1;2025-12-07;17;591
1;2025-12-07;18;512
1;2025-12-07;19;445
1;2025-12-07;20;341
1;2025-12-07;21;279
1;2025-12-07;22;101
1;2025-12-07;23;27
1;2025-12-08;0;0
1;2025-12-08;1;0
1;2025-12-08;2;0
1;2025-12-08;3;0
1;2025-12-08;4;9
1;2025-12-08;5;135
1;2025-12-08;6;488
1;2025-12-08;7;1453
1;2025-12-08;8;1972
1;2025-12-08;9;1487
1;2025-12-08;10;1259
1;2025-12-08;11;1263
1;2025-12-08;12;1394
1;2025-12-08;13;1478
1;2025-12-08;14;1484
1;2025-12-08;15;1595
1;2025-12-08;16;1642
1;2025-12-08;17;1886
1;2025-12-08;18;2054
1;2025-12-08;19;1452
1;2025-12-08;20;910
1;2025-12-08;21;447
1;2025-12-08;22;178
1;2025-12-08;23;53
1;2025-12-09;0;4
1;2025-12-09;1;0
1;2025-12-09;2;0
1;2025-12-09;3;0
1;2025-12-09;4;10
1;2025-12-09;5;114
1;2025-12-09;6;506
1;2025-12-09;7;1546
1;2025-12-09;8;2017
1;2025-12-09;9;1494
1;2025-12-09;10;1382
1;2025-12-09;11;1360
1;2025-12-09;12;1422
1;2025-12-09;13;1461
1;2025-12-09;14;1380
1;2025-12-09;15;1499
1;2025-12-09;16;1513
1;2025-12-09;17;1795
1;2025-12-09;18;1824
1;2025-12-09;19;1362
1;2025-12-09;20;892
1;2025-12-09;21;485
1;2025-12-09;22;176
1;2025-12-09;23;35
1;2025-12-10;0;4
1;2025-12-10;1;0
1;2025-12-10;2;0
1;2025-12-10;3;0
1;2025-12-10;4;10
1;2025-12-10;5;114
1;2025-12-10;6;506
1;2025-12-10;7;1546
1;2025-12-10;8;2017
1;2025-12-10;9;1494
1;2025-12-10;10;1382
1;2025-12-10;11;1360
1;2025-12-10;12;1422
1;2025-12-10;13;1461
1;2025-12-10;14;1380
1;2025-12-10;15;1499
1;2025-12-10;16;1513
1;2025-12-10;17;1795
1;2025-12-10;18;1824
1;2025-12-10;19;1362
1;2025-12-10;20;892
1;2025-12-10;21;485
1;2025-12-10;22;176
1;2025-12-10;23;35
1;2025-12-11;0;4
1;2025-12-11;1;0
1;2025-12-11;2;0
1;2025-12-11;3;0
1;2025-12-11;4;10
1;2025-12-11;5;114
1;2025-12-11;6;506
1;2025-12-11;7;1546
1;2025-12-11;8;2017
1;2025-12-11;9;1494
1;2025-12-11;10;1382
1;2025-12-11;11;1360
1;2025-12-11;12;1422
1;2025-12-11;13;1461
1;2025-12-11;14;1380
1;2025-12-11;15;1499
1;2025-12-11;16;1513
1;2025-12-11;17;1795
1;2025-12-11;18;1824
1;2025-12-11;19;1362
1;2025-12-11;20;892
1;2025-12-11;21;485
1;2025-12-11;22;176
1;2025-12-11;23;35
1;2025-12-12;0;4
1;2025-12-12;1;0
1;2025-12-12;2;0
1;2025-12-12;3;0
1;2025-12-12;4;7
1;2025-12-12;5;138
1;2025-12-12;6;486
1;2025-12-12;7;1531
1;2025-12-12;8;1860
1;2025-12-12;9;1447
1;2025-12-12;10;1288
1;2025-12-12;11;1374
1;2025-12-12;12;1370
1;2025-12-12;13;1418
1;2025-12-12;14;1333
1;2025-12-12;15;1504
1;2025-12-12;16;1620
1;2025-12-12;17;1851
1;2025-12-12;18;1496
1;2025-12-12;19;1251
1;2025-12-12;20;802
1;2025-12-12;21;488
1;2025-12-12;22;179
1;2025-12-12;23;40
1;2025-12-13;0;4
1;2025-12-13;1;0
1;2025-12-13;2;0
1;2025-12-13;3;0
1;2025-12-13;4;1
1;2025-12-13;5;31
1;2025-12-13;6;154
1;2025-12-13;7;357
1;2025-12-13;8;494
1;2025-12-13;9;762
1;2025-12-13;10;934
1;2025-12-13;11;916
1;2025-12-13;12;1106
1;2025-12-13;13;1155
1;2025-12-13;14;1073
1;2025-12-13;15;930
1;2025-12-13;16;792
1;2025-12-13;17;743
1;2025-12-13;18;651
1;2025-12-13;19;561
1;2025-12-13;20;431
1;2025-12-13;21;302
1;2025-12-13;22;120
1;2025-12-13;23;25
1;2025-12-14;0;0
1;2025-12-14;1;0
1;2025-12-14;2;0
1;2025-12-14;3;0
1;2025-12-14;4;0
1;2025-12-14;5;21
1;2025-12-14;6;117
1;2025-12-14;7;268
1;2025-12-14;8;362
1;2025-12-14;9;627
1;2025-12-14;10;697
1;2025-12-14;11;737
1;2025-12-14;12;848
1;2025-12-14;13;881
1;2025-12-14;14;820
1;2025-12-14;15;732
1;2025-12-14;16;674
1;2025-12-14;17;591
1;2025-12-14;18;512
1;2025-12-14;19;445
1;2025-12-14;20;341
1;2025-12-14;21;279
1;2025-12-14;22;101
1;2025-12-14;23;27
1;2025-12-15;0;0
1;2025-12-15;1;0
1;2025-12-15;2;0
1;2025-12-15;3;0
1;2025-12-15;4;9
1;2025-12-15;5;135
1;2025-12-15;6;488
1;2025-12-15;7;1453
1;2025-12-15;8;1972
1;2025-12-15;9;1487
1;2025-12-15;10;1259
1;2025-12-15;11;1263
1;2025-12-15;12;1394
1;2025-12-15;13;1478
1;2025-12-15;14;1484
1;2025-12-15;15;1595
1;2025-12-15;16;1642
1;2025-12-15;17;1886
1;2025-12-15;18;2054
1;2025-12-15;19;1452
1;2025-12-15;20;910
1;2025-12-15;21;447
1;2025-12-15;22;178
1;2025-12-15;23;53
1;2025-12-16;0;4
1;2025-12-16;1;0
1;2025-12-16;2;0
1;2025-12-16;3;0
1;2025-12-16;4;10
1;2025-12-16;5;114
1;2025-12-16;6;506
1;2025-12-16;7;1546
1;2025-12-16;8;2017
1;2025-12-16;9;1494
1;2025-12-16;10;1382
1;2025-12-16;11;1360
1;2025-12-16;12;1422
1;2025-12-16;13;1461
1;2025-12-16;14;1380
1;2025-12-16;15;1499
1;2025-12-16;16;1513
1;2025-12-16;17;1795
1;2025-12-16;18;1824
1;2025-12-16;19;1362
1;2025-12-16;20;892
1;2025-12-16;21;485
1;2025-12-16;22;176
1;2025-12-16;23;35
1;2025-12-17;0;4
1;2025-12-17;1;0
1;2025-12-17;2;0
1;2025-12-17;3;0
1;2025-12-17;4;10
1;2025-12-17;5;114
1;2025-12-17;6;506
1;2025-12-17;7;1546
1;2025-12-17;8;2017
1;2025-12-17;9;1494
1;2025-12-17;10;1382
1;2025-12-17;11;1360
1;2025-12-17;12;1422
1;2025-12-17;13;1461
1;2025-12-17;14;1380
1;2025-12-17;15;1499
1;2025-12-17;16;1513
1;2025-12-17;17;1795
1;2025-12-17;18;1824
1;2025-12-17;19;1362
1;2025-12-17;20;892
1;2025-12-17;21;485
1;2025-12-17;22;176
1;2025-12-17;23;35
1;2025-12-18;0;4
1;2025-12-18;1;0
1;2025-12-18;2;0
1;2025-12-18;3;0
1;2025-12-18;4;10
1;2025-12-18;5;114
1;2025-12-18;6;506
1;2025-12-18;7;1546
1;2025-12-18;8;2017
1;2025-12-18;9;1494
1;2025-12-18;10;1382
1;2025-12-18;11;1360
1;2025-12-18;12;1422
1;2025-12-18;13;1461
1;2025-12-18;14;1380
1;2025-12-18;15;1499
1;2025-12-18;16;1513
1;2025-12-18;17;1795
1;2025-12-18;18;1824
1;2025-12-18;19;1362
1;2025-12-18;20;892
1;2025-12-18;21;485
1;2025-12-18;22;176
1;2025-12-18;23;35
1;2025-12-19;0;4
1;2025-12-19;1;0
1;2025-12-19;2;0
1;2025-12-19;3;0
1;2025-12-19;4;7
1;2025-12-19;5;138
1;2025-12-19;6;486
1;2025-12-19;7;1531
1;2025-12-19;8;1860
1;2025-12-19;9;1447
1;2025-12-19;10;1288
1;2025-12-19;11;1374
1;2025-12-19;12;1370
1;2025-12-19;13;1418
1;2025-12-19;14;1333
1;2025-12-19;15;1504
1;2025-12-19;16;1620
1;2025-12-19;17;1851
1;2025-12-19;18;1496
1;2025-12-19;19;1251
1;2025-12-19;20;802
1;2025-12-19;21;488
1;2025-12-19;22;179
1;2025-12-19;23;40
1;2025-12-20;0;4
1;2025-12-20;1;0
1;2025-12-20;2;0
1;2025-12-20;3;0
1;2025-12-20;4;1
1;2025-12-20;5;31
1;2025-12-20;6;154
1;2025-12-20;7;357
1;2025-12-20;8;494
1;2025-12-20;9;762
1;2025-12-20;10;934
1;2025-12-20;11;916
1;2025-12-20;12;1106
1;2025-12-20;13;1155
1;2025-12-20;14;1073
1;2025-12-20;15;930
1;2025-12-20;16;792
1;2025-12-20;17;743
1;2025-12-20;18;651
1;2025-12-20;19;561
1;2025-12-20;20;431
1;2025-12-20;21;302
1;2025-12-20;22;120
1;2025-12-20;23;25
1;2025-12-21;0;0
1;2025-12-21;1;0
1;2025-12-21;2;0
1;2025-12-21;3;0
1;2025-12-21;4;0
1;2025-12-21;5;21
1;2025-12-21;6;117
1;2025-12-21;7;268
1;2025-12-21;8;362
1;2025-12-21;9;627
1;2025-12-21;10;697
1;2025-12-21;11;737
1;2025-12-21;12;848
1;2025-12-21;13;881
1;2025-12-21;14;820
1;2025-12-21;15;732
1;2025-12-21;16;674
1;2025-12-21;17;591
1;2025-12-21;18;512
1;2025-12-21;19;445
1;2025-12-21;20;341
1;2025-12-21;21;279
1;2025-12-21;22;101
1;2025-12-21;23;27
1;2025-12-22;0;0
1;2025-12-22;1;0
1;2025-12-22;2;0
1;2025-12-22;3;0
1;2025-12-22;4;9
1;2025-12-22;5;135
1;2025-12-22;6;488
1;2025-12-22;7;1453
1;2025-12-22;8;1972
1;2025-12-22;9;1487
1;2025-12-22;10;1259
1;2025-12-22;11;1263
1;2025-12-22;12;1394
1;2025-12-22;13;1478
1;2025-12-22;14;1484
1;2025-12-22;15;1595
1;2025-12-22;16;1642
1;2025-12-22;17;1886
1;2025-12-22;18;2054
1;2025-12-22;19;1452
1;2025-12-22;20;910
1;2025-12-22;21;447
1;2025-12-22;22;178
1;2025-12-22;23;53
1;2025-12-23;0;4
1;2025-12-23;1;0
1;2025-12-23;2;0
1;2025-12-23;3;0
1;2025-12-23;4;10
1;2025-12-23;5;114
1;2025-12-23;6;506
1;2025-12-23;7;1546
1;2025-12-23;8;2017
1;2025-12-23;9;1494
1;2025-12-23;10;1382
1;2025-12-23;11;1360
1;2025-12-23;12;1422
1;2025-12-23;13;1461
1;2025-12-23;14;1380
1;2025-12-23;15;1499
1;2025-12-23;16;1513
1;2025-12-23;17;1795
1;2025-12-23;18;1824
1;2025-12-23;19;1362
1;2025-12-23;20;892
1;2025-12-23;21;485
1;2025-12-23;22;176
1;2025-12-23;23;35
1;2025-12-24;0;4
1;2025-12-24;1;0
1;2025-12-24;2;0
1;2025-12-24;3;0
1;2025-12-24;4;10
1;2025-12-24;5;114
1;2025-12-24;6;506
1;2025-12-24;7;1546
1;2025-12-24;8;2017
1;2025-12-24;9;1494
1;2025-12-24;10;1382
1;2025-12-24;11;1360
1;2025-12-24;12;1422
1;2025-12-24;13;1461
1;2025-12-24;14;1380
1;2025-12-24;15;1499
1;2025-12-24;16;1513
1;2025-12-24;17;1795
1;2025-12-24;18;1824
1;2025-12-24;19;1362
1;2025-12-24;20;892
1;2025-12-24;21;485
1;2025-12-24;22;176
1;2025-12-24;23;35
1;2025-12-25;0;4
1;2025-12-25;1;0
1;2025-12-25;2;0
1;2025-12-25;3;0
1;2025-12-25;4;10
1;2025-12-25;5;114
1;2025-12-25;6;506
1;2025-12-25;7;1546
1;2025-12-25;8;2017
1;2025-12-25;9;1494
1;2025-12-25;10;1382
1;2025-12-25;11;1360
1;2025-12-25;12;1422
1;2025-12-25;13;1461
1;2025-12-25;14;1380
1;2025-12-25;15;1499
1;2025-12-25;16;1513
1;2025-12-25;17;1795
1;2025-12-25;18;1824
1;2025-12-25;19;1362
1;2025-12-25;20;892
1;2025-12-25;21;485
1;2025-12-25;22;176
1;2025-12-25;23;35
1;2025-12-26;0;4
1;2025-12-26;1;0
1;2025-12-26;2;0
1;2025-12-26;3;0
1;2025-12-26;4;7
1;2025-12-26;5;138
1;2025-12-26;6;486
1;2025-12-26;7;1531
1;2025-12-26;8;1860
1;2025-12-26;9;1447
1;2025-12-26;10;1288
1;2025-12-26;11;1374
1;2025-12-26;12;1370
1;2025-12-26;13;1418
1;2025-12-26;14;1333
1;2025-12-26;15;1504
1;2025-12-26;16;1620
1;2025-12-26;17;1851
1;2025-12-26;18;1496
1;2025-12-26;19;1251
1;2025-12-26;20;802
1;2025-12-26;21;488
1;2025-12-26;22;179
1;2025-12-26;23;40
1;2025-12-27;0;4
1;2025-12-27;1;0
1;2025-12-27;2;0
1;2025-12-27;3;0
1;2025-12-27;4;1
1;2025-12-27;5;31
1;2025-12-27;6;154
1;2025-12-27;7;357
1;2025-12-27;8;494
1;2025-12-27;9;762
1;2025-12-27;10;934
1;2025-12-27;11;916
1;2025-12-27;12;1106
1;2025-12-27;13;1155
1;2025-12-27;14;1073
1;2025-12-27;15;930
1;2025-12-27;16;792
1;2025-12-27;17;743
1;2025-12-27;18;651
1;2025-12-27;19;561
1;2025-12-27;20;431
1;2025-12-27;21;302
1;2025-12-27;22;120
1;2025-12-27;23;25
1;2025-12-28;0;0
1;2025-12-28;1;0
1;2025-12-28;2;0
1;2025-12-28;3;0
1;2025-12-28;4;0
1;2025-12-28;5;21
1;2025-12-28;6;117
1;2025-12-28;7;268
1;2025-12-28;8;362
1;2025-12-28;9;627
1;2025-12-28;10;697
1;2025-12-28;11;737
1;2025-12-28;12;848
1;2025-12-28;13;881
1;2025-12-28;14;820
1;2025-12-28;15;732
1;2025-12-28;16;674
1;2025-12-28;17;591
1;2025-12-28;18;512
1;2025-12-28;19;445
1;2025-12-28;20;341
1;2025-12-28;21;279
1;2025-12-28;22;101
1;2025-12-28;23;27
1;2025-12-29;0;3
1;2025-12-29;1;0
1;2025-12-29;2;0
1;2025-12-29;3;0
1;2025-12-29;4;6
1;2025-12-29;5;119
1;2025-12-29;6;418
1;2025-12-29;7;1317
1;2025-12-29;8;1599
1;2025-12-29;9;1244
1;2025-12-29;10;1107
1;2025-12-29;11;1182
1;2025-12-29;12;1178
1;2025-12-29;13;1220
1;2025-12-29;14;1146
1;2025-12-29;15;1293
1;2025-12-29;16;1393
1;2025-12-29;17;1592
1;2025-12-29;18;1287
1;2025-12-29;19;1076
1;2025-12-29;20;690
1;2025-12-29;21;420
1;2025-12-29;22;154
1;2025-12-29;23;35
1;2025-12-30;0;3
1;2025-12-30;1;0
1;2025-12-30;2;0
1;2025-12-30;3;0
1;2025-12-30;4;6
1;2025-12-30;5;119
1;2025-12-30;6;418
1;2025-12-30;7;1317
1;2025-12-30;8;1599
1;2025-12-30;9;1244
1;2025-12-30;10;1107
1;2025-12-30;11;1182
1;2025-12-30;12;1178
1;2025-12-30;13;1220
1;2025-12-30;14;1146
1;2025-12-30;15;1293
1;2025-12-30;16;1393
1;2025-12-30;17;1592
1;2025-12-30;18;1287
1;2025-12-30;19;1076
1;2025-12-30;20;690
1;2025-12-30;21;420
1;2025-12-30;22;154
1;2025-12-30;23;35
1;2025-12-31;0;3
1;2025-12-31;1;0
1;2025-12-31;2;0
1;2025-12-31;3;0
1;2025-12-31;4;0
1;2025-12-31;5;27
1;2025-12-31;6;131
1;2025-12-31;7;304
1;2025-12-31;8;420
1;2025-12-31;9;648
1;2025-12-31;10;794
1;2025-12-31;11;779
1;2025-12-31;12;940
1;2025-12-31;13;982
1;2025-12-31;14;912
1;2025-12-31;15;791
1;2025-12-31;16;673
1;2025-12-31;17;632
1;2025-12-31;18;553
1;2025-12-31;19;262
1;2025-12-31;20;201
1;2025-12-31;21;141
1;2025-12-31;22;56
1;2025-12-31;23;12
5;2025-11-01;0;0
5;2025-11-01;1;0
5;2025-11-01;2;0
5;2025-11-01;3;0
5;2025-11-01;4;0
5;2025-11-01;5;0
5;2025-11-01;6;0
5;2025-11-01;7;0
5;2025-11-01;8;0
5;2025-11-01;9;0
5;2025-11-01;10;0
5;2025-11-01;11;0
5;2025-11-01;12;0
5;2025-11-01;13;0
5;2025-11-01;14;0
5;2025-11-01;15;0
5;2025-11-01;16;0
5;2025-11-01;17;0
5;2025-11-01;18;0
5;2025-11-01;19;0
5;2025-11-01;20;0
5;2025-11-01;21;0
5;2025-11-01;22;0
5;2025-11-01;23;0
5;2025-11-02;0;0
5;2025-11-02;1;0
5;2025-11-02;2;0
5;2025-11-02;3;0
5;2025-11-02;4;0
5;2025-11-02;5;0
5;2025-11-02;6;0
5;2025-11-02;7;0
5;2025-11-02;8;0
5;2025-11-02;9;0
5;2025-11-02;10;0
5;2025-11-02;11;0
5;2025-11-02;12;0
5;2025-11-02;13;0
5;2025-11-02;14;0
5;2025-11-02;15;0
5;2025-11-02;16;0
5;2025-11-02;17;0
5;2025-11-02;18;0
5;2025-11-02;19;0
5;2025-11-02;20;0
5;2025-11-02;21;0
5;2025-11-02;22;0
5;2025-11-02;23;0
5;2025-11-03;0;0
5;2025-11-03;1;0
5;2025-11-03;2;0
5;2025-11-03;3;0
5;2025-11-03;4;0
5;2025-11-03;5;0
5;2025-11-03;6;0
5;2025-11-03;7;0
5;2025-11-03;8;0
5;2025-11-03;9;0
5;2025-11-03;10;0
5;2025-11-03;11;0
5;2025-11-03;12;0
5;2025-11-03;13;0
5;2025-11-03;14;0
5;2025-11-03;15;0
5;2025-11-03;16;0
5;2025-11-03;17;0
5;2025-11-03;18;0
5;2025-11-03;19;0
5;2025-11-03;20;0
5;2025-11-03;21;0
5;2025-11-03;22;0
5;2025-11-03;23;0
5;2025-11-04;0;0
5;2025-11-04;1;0
5;2025-11-04;2;0
5;2025-11-04;3;0
5;2025-11-04;4;0
5;2025-11-04;5;0
5;2025-11-04;6;0
5;2025-11-04;7;0
5;2025-11-04;8;0
5;2025-11-04;9;0
5;2025-11-04;10;0
5;2025-11-04;11;0
5;2025-11-04;12;0
5;2025-11-04;13;0
5;2025-11-04;14;0
5;2025-11-04;15;0
5;2025-11-04;16;0
5;2025-11-04;17;0
5;2025-11-04;18;0
5;2025-11-04;19;0
5;2025-11-04;20;0
5;2025-11-04;21;0
5;2025-11-04;22;0
5;2025-11-04;23;0
5;2025-11-05;0;0
5;2025-11-05;1;0
5;2025-11-05;2;0
5;2025-11-05;3;0
5;2025-11-05;4;0
5;2025-11-05;5;0
5;2025-11-05;6;0
5;2025-11-05;7;0
5;2025-11-05;8;0
5;2025-11-05;9;0
5;2025-11-05;10;0
5;2025-11-05;11;0
5;2025-11-05;12;0
5;2025-11-05;13;0
5;2025-11-05;14;0
5;2025-11-05;15;0
5;2025-11-05;16;0
5;2025-11-05;17;0
5;2025-11-05;18;0
5;2025-11-05;19;0
5;2025-11-05;20;0
5;2025-11-05;21;0
5;2025-11-05;22;0
5;2025-11-05;23;0
5;2025-11-06;0;0
5;2025-11-06;1;0
5;2025-11-06;2;0
5;2025-11-06;3;0
5;2025-11-06;4;0
5;2025-11-06;5;0
5;2025-11-06;6;0
5;2025-11-06;7;0
5;2025-11-06;8;0
5;2025-11-06;9;0
5;2025-11-06;10;0
5;2025-11-06;11;0
5;2025-11-06;12;0
5;2025-11-06;13;0
5;2025-11-06;14;0
5;2025-11-06;15;0
5;2025-11-06;16;0
5;2025-11-06;17;0
5;2025-11-06;18;0
5;2025-11-06;19;0
5;2025-11-06;20;0
5;2025-11-06;21;0
5;2025-11-06;22;0
5;2025-11-06;23;0
5;2025-11-07;0;0
5;2025-11-07;1;0
5;2025-11-07;2;0
5;2025-11-07;3;0
5;2025-11-07;4;0
5;2025-11-07;5;0
5;2025-11-07;6;0
5;2025-11-07;7;0
5;2025-11-07;8;0
5;2025-11-07;9;0
5;2025-11-07;10;0
5;2025-11-07;11;0
5;2025-11-07;12;0
5;2025-11-07;13;0
5;2025-11-07;14;0
5;2025-11-07;15;0
5;2025-11-07;16;0
5;2025-11-07;17;0
5;2025-11-07;18;0
5;2025-11-07;19;0
5;2025-11-07;20;0
5;2025-11-07;21;0
5;2025-11-07;22;0
5;2025-11-07;23;0
5;2025-11-08;0;0
5;2025-11-08;1;0
5;2025-11-08;2;0
5;2025-11-08;3;0
5;2025-11-08;4;0
5;2025-11-08;5;0
5;2025-11-08;6;0
5;2025-11-08;7;0
5;2025-11-08;8;0
5;2025-11-08;9;0
5;2025-11-08;10;0
5;2025-11-08;11;0
5;2025-11-08;12;0
5;2025-11-08;13;0
5;2025-11-08;14;0
5;2025-11-08;15;0
5;2025-11-08;16;0
5;2025-11-08;17;0
5;2025-11-08;18;0
5;2025-11-08;19;0
5;2025-11-08;20;0
5;2025-11-08;21;0
5;2025-11-08;22;0
5;2025-11-08;23;0
5;2025-11-09;0;0
5;2025-11-09;1;0
5;2025-11-09;2;0
5;2025-11-09;3;0
5;2025-11-09;4;0
5;2025-11-09;5;0
5;2025-11-09;6;0
5;2025-11-09;7;0
5;2025-11-09;8;0
5;2025-11-09;9;0
5;2025-11-09;10;0
5;2025-11-09;11;0
5;2025-11-09;12;0
5;2025-11-09;13;0
5;2025-11-09;14;0
5;2025-11-09;15;0
5;2025-11-09;16;0
5;2025-11-09;17;0
5;2025-11-09;18;0
5;2025-11-09;19;0
5;2025-11-09;20;0
5;2025-11-09;21;0
5;2025-11-09;22;0
5;2025-11-09;23;0
5;2025-11-10;0;0
5;2025-11-10;1;0
5;2025-11-10;2;0
5;2025-11-10;3;0
5;2025-11-10;4;0
5;2025-11-10;5;0
5;2025-11-10;6;0
5;2025-11-10;7;0
5;2025-11-10;8;0
5;2025-11-10;9;0
5;2025-11-10;10;0
5;2025-11-10;11;0
5;2025-11-10;12;0
5;2025-11-10;13;0
5;2025-11-10;14;0
5;2025-11-10;15;0
5;2025-11-10;16;0
5;2025-11-10;17;0
5;2025-11-10;18;0
5;2025-11-10;19;0
5;2025-11-10;20;0
5;2025-11-10;21;0
5;2025-11-10;22;0
5;2025-11-10;23;0
5;2025-11-11;0;0
5;2025-11-11;1;0
5;2025-11-11;2;0
5;2025-11-11;3;0
5;2025-11-11;4;0
5;2025-11-11;5;0
5;2025-11-11;6;0
5;2025-11-11;7;0
5;2025-11-11;8;0
5;2025-11-11;9;0
5;2025-11-11;10;0
5;2025-11-11;11;0
5;2025-11-11;12;0
5;2025-11-11;13;0
5;2025-11-11;14;0
5;2025-11-11;15;0
5;2025-11-11;16;0
5;2025-11-11;17;0
5;2025-11-11;18;0
5;2025-11-11;19;0
5;2025-11-11;20;0
5;2025-11-11;21;0
5;2025-11-11;22;0
5;2025-11-11;23;0
5;2025-11-12;0;0
5;2025-11-12;1;0
5;2025-11-12;2;0
5;2025-11-12;3;0
5;2025-11-12;4;0
5;2025-11-12;5;0
5;2025-11-12;6;0
5;2025-11-12;7;0
5;2025-11-12;8;0
5;2025-11-12;9;0
5;2025-11-12;10;0
5;2025-11-12;11;0
5;2025-11-12;12;0
5;2025-11-12;13;0
5;2025-11-12;14;0
5;2025-11-12;15;0
5;2025-11-12;16;0
5;2025-11-12;17;0
5;2025-11-12;18;0
5;2025-11-12;19;0
5;2025-11-12;20;0
5;2025-11-12;21;0
5;2025-11-12;22;0
5;2025-11-12;23;0
5;2025-11-13;0;0
5;2025-11-13;1;0
5;2025-11-13;2;0
5;2025-11-13;3;0
5;2025-11-13;4;0
5;2025-11-13;5;0
5;2025-11-13;6;0
5;2025-11-13;7;0
5;2025-11-13;8;0
5;2025-11-13;9;0
5;2025-11-13;10;0
5;2025-11-13;11;0
5;2025-11-13;12;0
5;2025-11-13;13;0
5;2025-11-13;14;0
5;2025-11-13;15;0
5;2025-11-13;16;0
5;2025-11-13;17;0
5;2025-11-13;18;0
5;2025-11-13;19;0
5;2025-11-13;20;0
5;2025-11-13;21;0
5;2025-11-13;22;0
5;2025-11-13;23;0
5;2025-11-14;0;0
5;2025-11-14;1;0
5;2025-11-14;2;0
5;2025-11-14;3;0
5;2025-11-14;4;0
5;2025-11-14;5;0
5;2025-11-14;6;0
5;2025-11-14;7;0
5;2025-11-14;8;0
5;2025-11-14;9;0
5;2025-11-14;10;0
5;2025-11-14;11;0
5;2025-11-14;12;0
5;2025-11-14;13;0
5;2025-11-14;14;0
5;2025-11-14;15;0
5;2025-11-14;16;0
5;2025-11-14;17;0
5;2025-11-14;18;0
5;2025-11-14;19;0
5;2025-11-14;20;0
5;2025-11-14;21;0
5;2025-11-14;22;0
5;2025-11-14;23;0
5;2025-11-15;0;0
5;2025-11-15;1;0
5;2025-11-15;2;0
5;2025-11-15;3;0
5;2025-11-15;4;0
5;2025-11-15;5;0
5;2025-11-15;6;0
5;2025-11-15;7;0
5;2025-11-15;8;0
5;2025-11-15;9;0
5;2025-11-15;10;0
5;2025-11-15;11;0
5;2025-11-15;12;0
5;2025-11-15;13;0
5;2025-11-15;14;0
5;2025-11-15;15;0
5;2025-11-15;16;0
5;2025-11-15;17;0
5;2025-11-15;18;0
5;2025-11-15;19;0
5;2025-11-15;20;0
5;2025-11-15;21;0
5;2025-11-15;22;0
5;2025-11-15;23;0
5;2025-11-16;0;0
5;2025-11-16;1;0
5;2025-11-16;2;0
5;2025-11-16;3;0
5;2025-11-16;4;0
5;2025-11-16;5;0
5;2025-11-16;6;0
5;2025-11-16;7;0
5;2025-11-16;8;0
5;2025-11-16;9;0
5;2025-11-16;10;0
5;2025-11-16;11;0
5;2025-11-16;12;0
5;2025-11-16;13;0
5;2025-11-16;14;0
5;2025-11-16;15;0
5;2025-11-16;16;0
5;2025-11-16;17;0
5;2025-11-16;18;0
5;2025-11-16;19;0
5;2025-11-16;20;0
5;2025-11-16;21;0
5;2025-11-16;22;0
5;2025-11-16;23;0
5;2025-11-17;0;0
5;2025-11-17;1;0
5;2025-11-17;2;0
5;2025-11-17;3;0
5;2025-11-17;4;0
5;2025-11-17;5;0
5;2025-11-17;6;0
5;2025-11-17;7;0
5;2025-11-17;8;0
5;2025-11-17;9;0
5;2025-11-17;10;0
5;2025-11-17;11;0
5;2025-11-17;12;0
5;2025-11-17;13;0
5;2025-11-17;14;0
5;2025-11-17;15;0
5;2025-11-17;16;0
5;2025-11-17;17;0
5;2025-11-17;18;0
5;2025-11-17;19;0
5;2025-11-17;20;0
5;2025-11-17;21;0
5;2025-11-17;22;0
5;2025-11-17;23;0
5;2025-11-18;0;0
5;2025-11-18;1;0
5;2025-11-18;2;0
5;2025-11-18;3;0
5;2025-11-18;4;0
5;2025-11-18;5;0
5;2025-11-18;6;0
5;2025-11-18;7;0
5;2025-11-18;8;0
5;2025-11-18;9;0
5;2025-11-18;10;0
5;2025-11-18;11;0
5;2025-11-18;12;0
5;2025-11-18;13;0
5;2025-11-18;14;0
5;2025-11-18;15;0
5;2025-11-18;16;0
5;2025-11-18;17;0
5;2025-11-18;18;0
5;2025-11-18;19;0
5;2025-11-18;20;0
5;2025-11-18;21;0
5;2025-11-18;22;0
5;2025-11-18;23;0
5;2025-11-19;0;0
5;2025-11-19;1;0
5;2025-11-19;2;0
5;2025-11-19;3;0
5;2025-11-19;4;0
5;2025-11-19;5;0
5;2025-11-19;6;0
5;2025-11-19;7;0
5;2025-11-19;8;0
5;2025-11-19;9;0
5;2025-11-19;10;0
5;2025-11-19;11;0
5;2025-11-19;12;0
5;2025-11-19;13;0
5;2025-11-19;14;0
5;2025-11-19;15;0
5;2025-11-19;16;0
5;2025-11-19;17;0
5;2025-11-19;18;0
5;2025-11-19;19;0
5;2025-11-19;20;0
5;2025-11-19;21;0
5;2025-11-19;22;0
5;2025-11-19;23;0
5;2025-11-20;0;0
5;2025-11-20;1;0
5;2025-11-20;2;0
5;2025-11-20;3;0
5;2025-11-20;4;0
5;2025-11-20;5;0
5;2025-11-20;6;0
5;2025-11-20;7;0
5;2025-11-20;8;0
5;2025-11-20;9;0
5;2025-11-20;10;0
5;2025-11-20;11;0
5;2025-11-20;12;0
5;2025-11-20;13;0
5;2025-11-20;14;0
5;2025-11-20;15;0
5;2025-11-20;16;0
5;2025-11-20;17;0
5;2025-11-20;18;0
5;2025-11-20;19;0
5;2025-11-20;20;0
5;2025-11-20;21;0
5;2025-11-20;22;0
5;2025-11-20;23;0
5;2025-11-21;0;0
5;2025-11-21;1;0
5;2025-11-21;2;0
5;2025-11-21;3;0
5;2025-11-21;4;0
5;2025-11-21;5;0
5;2025-11-21;6;0
5;2025-11-21;7;0
5;2025-11-21;8;0
5;2025-11-21;9;0
5;2025-11-21;10;0
5;2025-11-21;11;0
5;2025-11-21;12;0
5;2025-11-21;13;0
5;2025-11-21;14;0
5;2025-11-21;15;0
5;2025-11-21;16;0
5;2025-11-21;17;0
5;2025-11-21;18;0
5;2025-11-21;19;0
5;2025-11-21;20;0
5;2025-11-21;21;0
5;2025-11-21;22;0
5;2025-11-21;23;0
5;2025-11-22;0;0
5;2025-11-22;1;0
5;2025-11-22;2;0
5;2025-11-22;3;0
5;2025-11-22;4;0
5;2025-11-22;5;0
5;2025-11-22;6;0
5;2025-11-22;7;0
5;2025-11-22;8;0
5;2025-11-22;9;0
5;2025-11-22;10;0
5;2025-11-22;11;0
5;2025-11-22;12;0
5;2025-11-22;13;0
5;2025-11-22;14;0
5;2025-11-22;15;0
5;2025-11-22;16;0
5;2025-11-22;17;0
5;2025-11-22;18;0
5;2025-11-22;19;0
5;2025-11-22;20;0
5;2025-11-22;21;0
5;2025-11-22;22;0
5;2025-11-22;23;0
5;2025-11-23;0;0
5;2025-11-23;1;0
5;2025-11-23;2;0
5;2025-11-23;3;0
5;2025-11-23;4;0
5;2025-11-23;5;0
5;2025-11-23;6;0
5;2025-11-23;7;0
5;2025-11-23;8;0
5;2025-11-23;9;0
5;2025-11-23;10;0
5;2025-11-23;11;0
5;2025-11-23;12;0
5;2025-11-23;13;0
5;2025-11-23;14;0
5;2025-11-23;15;0
5;2025-11-23;16;0
5;2025-11-23;17;0
5;2025-11-23;18;0
5;2025-11-23;19;0
5;2025-11-23;20;0
5;2025-11-23;21;0
5;2025-11-23;22;0
5;2025-11-23;23;0
5;2025-11-24;0;0
5;2025-11-24;1;0
5;2025-11-24;2;0
5;2025-11-24;3;0
5;2025-11-24;4;0
5;2025-11-24;5;0
5;2025-11-24;6;0
5;2025-11-24;7;0
5;2025-11-24;8;0
5;2025-11-24;9;0
5;2025-11-24;10;0
5;2025-11-24;11;0
5;2025-11-24;12;0
5;2025-11-24;13;0
5;2025-11-24;14;0
5;2025-11-24;15;0
5;2025-11-24;16;0
5;2025-11-24;17;0
5;2025-11-24;18;0
5;2025-11-24;19;0
5;2025-11-24;20;0
5;2025-11-24;21;0
5;2025-11-24;22;0
5;2025-11-24;23;0
5;2025-11-25;0;0
5;2025-11-25;1;0
5;2025-11-25;2;0
5;2025-11-25;3;0
5;2025-11-25;4;0
5;2025-11-25;5;0
5;2025-11-25;6;0
5;2025-11-25;7;0
5;2025-11-25;8;0
5;2025-11-25;9;0
5;2025-11-25;10;0
5;2025-11-25;11;0
5;2025-11-25;12;0
5;2025-11-25;13;0
5;2025-11-25;14;0
5;2025-11-25;15;0
5;2025-11-25;16;0
5;2025-11-25;17;0
5;2025-11-25;18;0
5;2025-11-25;19;0
5;2025-11-25;20;0
5;2025-11-25;21;0
5;2025-11-25;22;0
5;2025-11-25;23;0
5;2025-11-26;0;0
5;2025-11-26;1;0
5;2025-11-26;2;0
5;2025-11-26;3;0
5;2025-11-26;4;0
5;2025-11-26;5;0
5;2025-11-26;6;0
5;2025-11-26;7;0
5;2025-11-26;8;0
5;2025-11-26;9;0
5;2025-11-26;10;0
5;2025-11-26;11;0
5;2025-11-26;12;0
5;2025-11-26;13;0
5;2025-11-26;14;0
5;2025-11-26;15;0
5;2025-11-26;16;0
5;2025-11-26;17;0
5;2025-11-26;18;0
5;2025-11-26;19;0
5;2025-11-26;20;0
5;2025-11-26;21;0
5;2025-11-26;22;0
5;2025-11-26;23;0
5;2025-11-27;0;0
5;2025-11-27;1;0
5;2025-11-27;2;0
5;2025-11-27;3;0
5;2025-11-27;4;0
5;2025-11-27;5;0
5;2025-11-27;6;0
5;2025-11-27;7;0
5;2025-11-27;8;0
5;2025-11-27;9;0
5;2025-11-27;10;0
5;2025-11-27;11;0
5;2025-11-27;12;0
5;2025-11-27;13;0
5;2025-11-27;14;0
5;2025-11-27;15;0
5;2025-11-27;16;0
5;2025-11-27;17;0
5;2025-11-27;18;0
5;2025-11-27;19;0
5;2025-11-27;20;0
5;2025-11-27;21;0
5;2025-11-27;22;0
5;2025-11-27;23;0
5;2025-11-28;0;0
5;2025-11-28;1;0
5;2025-11-28;2;0
5;2025-11-28;3;0
5;2025-11-28;4;0
5;2025-11-28;5;0
5;2025-11-28;6;0
5;2025-11-28;7;0
5;2025-11-28;8;0
5;2025-11-28;9;0
5;2025-11-28;10;0
5;2025-11-28;11;0
5;2025-11-28;12;0
5;2025-11-28;13;0
5;2025-11-28;14;0
5;2025-11-28;15;0
5;2025-11-28;16;0
5;2025-11-28;17;0
5;2025-11-28;18;0
5;2025-11-28;19;0
5;2025-11-28;20;0
5;2025-11-28;21;0
5;2025-11-28;22;0
5;2025-11-28;23;0
5;2025-11-29;0;0
5;2025-11-29;1;0
5;2025-11-29;2;0
5;2025-11-29;3;0
5;2025-11-29;4;0
5;2025-11-29;5;0
5;2025-11-29;6;0
5;2025-11-29;7;0
5;2025-11-29;8;0
5;2025-11-29;9;0
5;2025-11-29;10;0
5;2025-11-29;11;0
5;2025-11-29;12;0
5;2025-11-29;13;0
5;2025-11-29;14;0
5;2025-11-29;15;0
5;2025-11-29;16;0
5;2025-11-29;17;0
5;2025-11-29;18;0
5;2025-11-29;19;0
5;2025-11-29;20;0
5;2025-11-29;21;0
5;2025-11-29;22;0
5;2025-11-29;23;0
5;2025-11-30;0;0
5;2025-11-30;1;0
5;2025-11-30;2;0
5;2025-11-30;3;0
5;2025-11-30;4;0
5;2025-11-30;5;0
5;2025-11-30;6;0
5;2025-11-30;7;0
5;2025-11-30;8;0
5;2025-11-30;9;0
5;2025-11-30;10;0
5;2025-11-30;11;0
5;2025-11-30;12;0
5;2025-11-30;13;0
5;2025-11-30;14;0
5;2025-11-30;15;0
5;2025-11-30;16;0
5;2025-11-30;17;0
5;2025-11-30;18;0
5;2025-11-30;19;0
5;2025-11-30;20;0
5;2025-11-30;21;0
5;2025-11-30;22;0
5;2025-11-30;23;0
5;2025-12-01;0;0
5;2025-12-01;1;0
5;2025-12-01;2;0
5;2025-12-01;3;0
5;2025-12-01;4;0
5;2025-12-01;5;0
5;2025-12-01;6;0
5;2025-12-01;7;0
5;2025-12-01;8;0
5;2025-12-01;9;0
5;2025-12-01;10;0
5;2025-12-01;11;0
5;2025-12-01;12;0
5;2025-12-01;13;0
5;2025-12-01;14;0
5;2025-12-01;15;0
5;2025-12-01;16;0
5;2025-12-01;17;0
5;2025-12-01;18;0
5;2025-12-01;19;0
5;2025-12-01;20;0
5;2025-12-01;21;0
5;2025-12-01;22;0
5;2025-12-01;23;0
5;2025-12-02;0;0
5;2025-12-02;1;0
5;2025-12-02;2;0
5;2025-12-02;3;0
5;2025-12-02;4;0
5;2025-12-02;5;0
5;2025-12-02;6;0
5;2025-12-02;7;0
5;2025-12-02;8;0
5;2025-12-02;9;0
5;2025-12-02;10;0
5;2025-12-02;11;0
5;2025-12-02;12;0
5;2025-12-02;13;0
5;2025-12-02;14;0
5;2025-12-02;15;0
5;2025-12-02;16;0
5;2025-12-02;17;0
5;2025-12-02;18;0
5;2025-12-02;19;0
5;2025-12-02;20;0
5;2025-12-02;21;0
5;2025-12-02;22;0
5;2025-12-02;23;0
5;2025-12-03;0;0
5;2025-12-03;1;0
5;2025-12-03;2;0
5;2025-12-03;3;0
5;2025-12-03;4;0
5;2025-12-03;5;0
5;2025-12-03;6;0
5;2025-12-03;7;0
5;2025-12-03;8;0
5;2025-12-03;9;0
5;2025-12-03;10;0
5;2025-12-03;11;0
5;2025-12-03;12;0
5;2025-12-03;13;0
5;2025-12-03;14;0
5;2025-12-03;15;0
5;2025-12-03;16;0
5;2025-12-03;17;0
5;2025-12-03;18;0
5;2025-12-03;19;0
5;2025-12-03;20;0
5;2025-12-03;21;0
5;2025-12-03;22;0
5;2025-12-03;23;0
5;2025-12-04;0;0
5;2025-12-04;1;0
5;2025-12-04;2;0
5;2025-12-04;3;0
5;2025-12-04;4;0
5;2025-12-04;5;0
5;2025-12-04;6;0
5;2025-12-04;7;0
5;2025-12-04;8;0
5;2025-12-04;9;0
5;2025-12-04;10;0
5;2025-12-04;11;0
5;2025-12-04;12;0
5;2025-12-04;13;0
5;2025-12-04;14;0
5;2025-12-04;15;0
5;2025-12-04;16;0
5;2025-12-04;17;0
5;2025-12-04;18;0
5;2025-12-04;19;0
5;2025-12-04;20;0
5;2025-12-04;21;0
5;2025-12-04;22;0
5;2025-12-04;23;0
5;2025-12-05;0;0
5;2025-12-05;1;0
5;2025-12-05;2;0
5;2025-12-05;3;0
5;2025-12-05;4;0
5;2025-12-05;5;0
5;2025-12-05;6;0
5;2025-12-05;7;0
5;2025-12-05;8;0
5;2025-12-05;9;0
5;2025-12-05;10;0
5;2025-12-05;11;0
5;2025-12-05;12;0
5;2025-12-05;13;0
5;2025-12-05;14;0
5;2025-12-05;15;0
5;2025-12-05;16;0
5;2025-12-05;17;0
5;2025-12-05;18;0
5;2025-12-05;19;0
5;2025-12-05;20;0
5;2025-12-05;21;0
5;2025-12-05;22;0
5;2025-12-05;23;0
5;2025-12-06;0;0
5;2025-12-06;1;0
5;2025-12-06;2;0
5;2025-12-06;3;0
5;2025-12-06;4;0
5;2025-12-06;5;0
5;2025-12-06;6;0
5;2025-12-06;7;0
5;2025-12-06;8;0
5;2025-12-06;9;0
5;2025-12-06;10;0
5;2025-12-06;11;0
5;2025-12-06;12;0
5;2025-12-06;13;0
5;2025-12-06;14;0
5;2025-12-06;15;0
5;2025-12-06;16;0
5;2025-12-06;17;0
5;2025-12-06;18;0
5;2025-12-06;19;0
5;2025-12-06;20;0
5;2025-12-06;21;0
5;2025-12-06;22;0
5;2025-12-06;23;0
5;2025-12-07;0;0
5;2025-12-07;1;0
5;2025-12-07;2;0
5;2025-12-07;3;0
5;2025-12-07;4;0
5;2025-12-07;5;0
5;2025-12-07;6;0
5;2025-12-07;7;0
5;2025-12-07;8;0
5;2025-12-07;9;0
5;2025-12-07;10;0
5;2025-12-07;11;0
5;2025-12-07;12;0
5;2025-12-07;13;0
5;2025-12-07;14;0
5;2025-12-07;15;0
5;2025-12-07;16;0
5;2025-12-07;17;0
5;2025-12-07;18;0
5;2025-12-07;19;0
5;2025-12-07;20;0
5;2025-12-07;21;0
5;2025-12-07;22;0
5;2025-12-07;23;0
5;2025-12-08;0;0
5;2025-12-08;1;0
5;2025-12-08;2;0
5;2025-12-08;3;0
5;2025-12-08;4;0
5;2025-12-08;5;0
5;2025-12-08;6;0
5;2025-12-08;7;0
5;2025-12-08;8;0
5;2025-12-08;9;0
5;2025-12-08;10;0
5;2025-12-08;11;0
5;2025-12-08;12;0
5;2025-12-08;13;0
5;2025-12-08;14;0
5;2025-12-08;15;0
5;2025-12-08;16;0
5;2025-12-08;17;0
5;2025-12-08;18;0
5;2025-12-08;19;0
5;2025-12-08;20;0
5;2025-12-08;21;0
5;2025-12-08;22;0
5;2025-12-08;23;0
5;2025-12-09;0;0
5;2025-12-09;1;0
5;2025-12-09;2;0
5;2025-12-09;3;0
5;2025-12-09;4;0
5;2025-12-09;5;0
5;2025-12-09;6;0
5;2025-12-09;7;0
5;2025-12-09;8;0
5;2025-12-09;9;0
5;2025-12-09;10;0
5;2025-12-09;11;0
5;2025-12-09;12;0
5;2025-12-09;13;0
5;2025-12-09;14;0
5;2025-12-09;15;0
5;2025-12-09;16;0
5;2025-12-09;17;0
5;2025-12-09;18;0
5;2025-12-09;19;0
5;2025-12-09;20;0
5;2025-12-09;21;0
5;2025-12-09;22;0
5;2025-12-09;23;0
5;2025-12-10;0;0
5;2025-12-10;1;0
5;2025-12-10;2;0
5;2025-12-10;3;0
5;2025-12-10;4;0
5;2025-12-10;5;0
5;2025-12-10;6;0
5;2025-12-10;7;0
5;2025-12-10;8;0
5;2025-12-10;9;0
5;2025-12-10;10;0
5;2025-12-10;11;0
5;2025-12-10;12;0
5;2025-12-10;13;0
5;2025-12-10;14;0
5;2025-12-10;15;0
5;2025-12-10;16;0
5;2025-12-10;17;0
5;2025-12-10;18;0
5;2025-12-10;19;0
5;2025-12-10;20;0
5;2025-12-10;21;0
5;2025-12-10;22;0
5;2025-12-10;23;0
5;2025-12-11;0;0
5;2025-12-11;1;0
5;2025-12-11;2;0
5;2025-12-11;3;0
5;2025-12-11;4;0
5;2025-12-11;5;0
5;2025-12-11;6;0
5;2025-12-11;7;0
5;2025-12-11;8;0
5;2025-12-11;9;0
5;2025-12-11;10;0
5;2025-12-11;11;0
5;2025-12-11;12;0
5;2025-12-11;13;0
5;2025-12-11;14;0
5;2025-12-11;15;0
5;2025-12-11;16;0
5;2025-12-11;17;0
5;2025-12-11;18;0
5;2025-12-11;19;0
5;2025-12-11;20;0
5;2025-12-11;21;0
5;2025-12-11;22;0
5;2025-12-11;23;0
5;2025-12-12;0;0
5;2025-12-12;1;0
5;2025-12-12;2;0
5;2025-12-12;3;0
5;2025-12-12;4;0
5;2025-12-12;5;0
5;2025-12-12;6;0
5;2025-12-12;7;0
5;2025-12-12;8;0
5;2025-12-12;9;0
5;2025-12-12;10;0
5;2025-12-12;11;0
5;2025-12-12;12;0
5;2025-12-12;13;0
5;2025-12-12;14;0
5;2025-12-12;15;0
5;2025-12-12;16;0
5;2025-12-12;17;0
5;2025-12-12;18;0
5;2025-12-12;19;0
5;2025-12-12;20;0
5;2025-12-12;21;0
5;2025-12-12;22;0
5;2025-12-12;23;0
5;2025-12-13;0;0
5;2025-12-13;1;0
5;2025-12-13;2;0
5;2025-12-13;3;0
5;2025-12-13;4;0
5;2025-12-13;5;0
5;2025-12-13;6;0
5;2025-12-13;7;0
5;2025-12-13;8;0
5;2025-12-13;9;0
5;2025-12-13;10;0
5;2025-12-13;11;0
5;2025-12-13;12;0
5;2025-12-13;13;0
5;2025-12-13;14;0
5;2025-12-13;15;0
5;2025-12-13;16;0
5;2025-12-13;17;0
5;2025-12-13;18;0
5;2025-12-13;19;0
5;2025-12-13;20;0
5;2025-12-13;21;0
5;2025-12-13;22;0
5;2025-12-13;23;0
5;2025-12-14;0;0
5;2025-12-14;1;0
5;2025-12-14;2;0
5;2025-12-14;3;0
5;2025-12-14;4;0
5;2025-12-14;5;0
5;2025-12-14;6;0
5;2025-12-14;7;0
5;2025-12-14;8;0
5;2025-12-14;9;0
5;2025-12-14;10;0
5;2025-12-14;11;0
5;2025-12-14;12;0
5;2025-12-14;13;0
5;2025-12-14;14;0
5;2025-12-14;15;0
5;2025-12-14;16;0
5;2025-12-14;17;0
5;2025-12-14;18;0
5;2025-12-14;19;0
5;2025-12-14;20;0
5;2025-12-14;21;0
5;2025-12-14;22;0
5;2025-12-14;23;0
5;2025-12-15;0;0
5;2025-12-15;1;0
5;2025-12-15;2;0
5;2025-12-15;3;0
5;2025-12-15;4;0
5;2025-12-15;5;0
5;2025-12-15;6;0
5;2025-12-15;7;0
5;2025-12-15;8;0
5;2025-12-15;9;0
5;2025-12-15;10;0
5;2025-12-15;11;0
5;2025-12-15;12;0
5;2025-12-15;13;0
5;2025-12-15;14;0
5;2025-12-15;15;0
5;2025-12-15;16;0
5;2025-12-15;17;0
5;2025-12-15;18;0
5;2025-12-15;19;0
5;2025-12-15;20;0
5;2025-12-15;21;0
5;2025-12-15;22;0
5;2025-12-15;23;0
5;2025-12-16;0;0
5;2025-12-16;1;0
5;2025-12-16;2;0
5;2025-12-16;3;0
5;2025-12-16;4;0
5;2025-12-16;5;0
5;2025-12-16;6;0
5;2025-12-16;7;0
5;2025-12-16;8;0
5;2025-12-16;9;0
5;2025-12-16;10;0
5;2025-12-16;11;0
5;2025-12-16;12;0
5;2025-12-16;13;0
5;2025-12-16;14;0
5;2025-12-16;15;0
5;2025-12-16;16;0
5;2025-12-16;17;0
5;2025-12-16;18;0
5;2025-12-16;19;0
5;2025-12-16;20;0
5;2025-12-16;21;0
5;2025-12-16;22;0
5;2025-12-16;23;0
5;2025-12-17;0;0
5;2025-12-17;1;0
5;2025-12-17;2;0
5;2025-12-17;3;0
5;2025-12-17;4;0
5;2025-12-17;5;0
5;2025-12-17;6;0
5;2025-12-17;7;0
5;2025-12-17;8;0
5;2025-12-17;9;0
5;2025-12-17;10;0
5;2025-12-17;11;0
5;2025-12-17;12;0
5;2025-12-17;13;0
5;2025-12-17;14;0
5;2025-12-17;15;0
5;2025-12-17;16;0
5;2025-12-17;17;0
5;2025-12-17;18;0
5;2025-12-17;19;0
5;2025-12-17;20;0
5;2025-12-17;21;0
5;2025-12-17;22;0
5;2025-12-17;23;0
5;2025-12-18;0;0
5;2025-12-18;1;0
5;2025-12-18;2;0
5;2025-12-18;3;0
5;2025-12-18;4;0
5;2025-12-18;5;0
5;2025-12-18;6;0
5;2025-12-18;7;0
5;2025-12-18;8;0
5;2025-12-18;9;0
5;2025-12-18;10;0
5;2025-12-18;11;0
5;2025-12-18;12;0
5;2025-12-18;13;0
5;2025-12-18;14;0
5;2025-12-18;15;0
5;2025-12-18;16;0
5;2025-12-18;17;0
5;2025-12-18;18;0
5;2025-12-18;19;0
5;2025-12-18;20;0
5;2025-12-18;21;0
5;2025-12-18;22;0
5;2025-12-18;23;0
5;2025-12-19;0;0
5;2025-12-19;1;0
5;2025-12-19;2;0
5;2025-12-19;3;0
5;2025-12-19;4;0
5;2025-12-19;5;0
5;2025-12-19;6;0
5;2025-12-19;7;0
5;2025-12-19;8;0
5;2025-12-19;9;0
5;2025-12-19;10;0
5;2025-12-19;11;0
5;2025-12-19;12;0
5;2025-12-19;13;0
5;2025-12-19;14;0
5;2025-12-19;15;0
5;2025-12-19;16;0
5;2025-12-19;17;0
5;2025-12-19;18;0
5;2025-12-19;19;0
5;2025-12-19;20;0
5;2025-12-19;21;0
5;2025-12-19;22;0
5;2025-12-19;23;0
5;2025-12-20;0;0
5;2025-12-20;1;0
5;2025-12-20;2;0
5;2025-12-20;3;0
5;2025-12-20;4;0
5;2025-12-20;5;0
5;2025-12-20;6;0
5;2025-12-20;7;0
5;2025-12-20;8;0
5;2025-12-20;9;0
5;2025-12-20;10;0
5;2025-12-20;11;0
5;2025-12-20;12;0
5;2025-12-20;13;0
5;2025-12-20;14;0
5;2025-12-20;15;0
5;2025-12-20;16;0
5;2025-12-20;17;0
5;2025-12-20;18;0
5;2025-12-20;19;0
5;2025-12-20;20;0
5;2025-12-20;21;0
5;2025-12-20;22;0
5;2025-12-20;23;0
5;2025-12-21;0;0
5;2025-12-21;1;0
5;2025-12-21;2;0
5;2025-12-21;3;0
5;2025-12-21;4;0
5;2025-12-21;5;0
5;2025-12-21;6;0
5;2025-12-21;7;0
5;2025-12-21;8;0
5;2025-12-21;9;0
5;2025-12-21;10;0
5;2025-12-21;11;0
5;2025-12-21;12;0
5;2025-12-21;13;0
5;2025-12-21;14;0
5;2025-12-21;15;0
5;2025-12-21;16;0
5;2025-12-21;17;0
5;2025-12-21;18;0
5;2025-12-21;19;0
5;2025-12-21;20;0
5;2025-12-21;21;0
5;2025-12-21;22;0
5;2025-12-21;23;0
5;2025-12-22;0;0
5;2025-12-22;1;0
5;2025-12-22;2;0
5;2025-12-22;3;0
5;2025-12-22;4;0
5;2025-12-22;5;0
5;2025-12-22;6;0
5;2025-12-22;7;0
5;2025-12-22;8;0
5;2025-12-22;9;0
5;2025-12-22;10;0
5;2025-12-22;11;0
5;2025-12-22;12;0
5;2025-12-22;13;0
5;2025-12-22;14;0
5;2025-12-22;15;0
5;2025-12-22;16;0
5;2025-12-22;17;0
5;2025-12-22;18;0
5;2025-12-22;19;0
5;2025-12-22;20;0
5;2025-12-22;21;0
5;2025-12-22;22;0
5;2025-12-22;23;0
5;2025-12-23;0;0
5;2025-12-23;1;0
5;2025-12-23;2;0
5;2025-12-23;3;0
5;2025-12-23;4;0
5;2025-12-23;5;0
5;2025-12-23;6;0
5;2025-12-23;7;0
5;2025-12-23;8;0
5;2025-12-23;9;0
5;2025-12-23;10;0
5;2025-12-23;11;0
5;2025-12-23;12;0
5;2025-12-23;13;0
5;2025-12-23;14;0
5;2025-12-23;15;0
5;2025-12-23;16;0
5;2025-12-23;17;0
5;2025-12-23;18;0
5;2025-12-23;19;0
5;2025-12-23;20;0
5;2025-12-23;21;0
5;2025-12-23;22;0
5;2025-12-23;23;0
5;2025-12-24;0;0
5;2025-12-24;1;0
5;2025-12-24;2;0
5;2025-12-24;3;0
5;2025-12-24;4;0
5;2025-12-24;5;0
5;2025-12-24;6;0
5;2025-12-24;7;0
5;2025-12-24;8;0
5;2025-12-24;9;0
5;2025-12-24;10;0
5;2025-12-24;11;0
5;2025-12-24;12;0
5;2025-12-24;13;0
5;2025-12-24;14;0
5;2025-12-24;15;0
5;2025-12-24;16;0
5;2025-12-24;17;0
5;2025-12-24;18;0
5;2025-12-24;19;0
5;2025-12-24;20;0
5;2025-12-24;21;0
5;2025-12-24;22;0
5;2025-12-24;23;0
5;2025-12-25;0;0
5;2025-12-25;1;0
5;2025-12-25;2;0
5;2025-12-25;3;0
5;2025-12-25;4;0
5;2025-12-25;5;0
5;2025-12-25;6;0
5;2025-12-25;7;0
5;2025-12-25;8;0
5;2025-12-25;9;0
5;2025-12-25;10;0
5;2025-12-25;11;0
5;2025-12-25;12;0
5;2025-12-25;13;0
5;2025-12-25;14;0
5;2025-12-25;15;0
5;2025-12-25;16;0
5;2025-12-25;17;0
5;2025-12-25;18;0
5;2025-12-25;19;0
5;2025-12-25;20;0
5;2025-12-25;21;0
5;2025-12-25;22;0
5;2025-12-25;23;0
5;2025-12-26;0;0
5;2025-12-26;1;0
5;2025-12-26;2;0
5;2025-12-26;3;0
5;2025-12-26;4;0
5;2025-12-26;5;0
5;2025-12-26;6;0
5;2025-12-26;7;0
5;2025-12-26;8;0
5;2025-12-26;9;0
5;2025-12-26;10;0
5;2025-12-26;11;0
5;2025-12-26;12;0
5;2025-12-26;13;0
5;2025-12-26;14;0
5;2025-12-26;15;0
5;2025-12-26;16;0
5;2025-12-26;17;0
5;2025-12-26;18;0
5;2025-12-26;19;0
5;2025-12-26;20;0
5;2025-12-26;21;0
5;2025-12-26;22;0
5;2025-12-26;23;0
5;2025-12-27;0;0
5;2025-12-27;1;0
5;2025-12-27;2;0
5;2025-12-27;3;0
5;2025-12-27;4;0
5;2025-12-27;5;0
5;2025-12-27;6;0
5;2025-12-27;7;0
5;2025-12-27;8;0
5;2025-12-27;9;0
5;2025-12-27;10;0
5;2025-12-27;11;0
5;2025-12-27;12;0
5;2025-12-27;13;0
5;2025-12-27;14;0
5;2025-12-27;15;0
5;2025-12-27;16;0
5;2025-12-27;17;0
5;2025-12-27;18;0
5;2025-12-27;19;0
5;2025-12-27;20;0
5;2025-12-27;21;0
5;2025-12-27;22;0
5;2025-12-27;23;0
5;2025-12-28;0;0
5;2025-12-28;1;0
5;2025-12-28;2;0
5;2025-12-28;3;0
5;2025-12-28;4;0
5;2025-12-28;5;0
5;2025-12-28;6;0
5;2025-12-28;7;0
5;2025-12-28;8;0
5;2025-12-28;9;0
5;2025-12-28;10;0
5;2025-12-28;11;0
5;2025-12-28;12;0
5;2025-12-28;13;0
5;2025-12-28;14;0
5;2025-12-28;15;0
5;2025-12-28;16;0
5;2025-12-28;17;0
5;2025-12-28;18;0
5;2025-12-28;19;0
5;2025-12-28;20;0
5;2025-12-28;21;0
5;2025-12-28;22;0
5;2025-12-28;23;0
5;2025-12-29;0;0
5;2025-12-29;1;0
5;2025-12-29;2;0
5;2025-12-29;3;0
5;2025-12-29;4;0
5;2025-12-29;5;0
5;2025-12-29;6;0
5;2025-12-29;7;0
5;2025-12-29;8;0
5;2025-12-29;9;0
5;2025-12-29;10;0
5;2025-12-29;11;0
5;2025-12-29;12;0
5;2025-12-29;13;0
5;2025-12-29;14;0
5;2025-12-29;15;0
5;2025-12-29;16;0
5;2025-12-29;17;0
5;2025-12-29;18;0
5;2025-12-29;19;0
5;2025-12-29;20;0
5;2025-12-29;21;0
5;2025-12-29;22;0
5;2025-12-29;23;0
5;2025-12-30;0;0
5;2025-12-30;1;0
5;2025-12-30;2;0
5;2025-12-30;3;0
5;2025-12-30;4;0
5;2025-12-30;5;0
5;2025-12-30;6;0
5;2025-12-30;7;0
5;2025-12-30;8;0
5;2025-12-30;9;0
5;2025-12-30;10;0
5;2025-12-30;11;0
5;2025-12-30;12;0
5;2025-12-30;13;0
5;2025-12-30;14;0
5;2025-12-30;15;0
5;2025-12-30;16;0
5;2025-12-30;17;0
5;2025-12-30;18;0
5;2025-12-30;19;0
5;2025-12-30;20;0
5;2025-12-30;21;0
5;2025-12-30;22;0
5;2025-12-30;23;0
5;2025-12-31;0;0
5;2025-12-31;1;0
5;2025-12-31;2;0
5;2025-12-31;3;0
5;2025-12-31;4;0
5;2025-12-31;5;0
5;2025-12-31;6;0
5;2025-12-31;7;0
5;2025-12-31;8;0
5;2025-12-31;9;0
5;2025-12-31;10;0
5;2025-12-31;11;0
5;2025-12-31;12;0
5;2025-12-31;13;0
5;2025-12-31;14;0
5;2025-12-31;15;0
5;2025-12-31;16;0
5;2025-12-31;17;0
5;2025-12-31;18;0
5;2025-12-31;19;0
5;2025-12-31;20;0
5;2025-12-31;21;0
5;2025-12-31;22;0
5;2025-12-31;23;0
7;2025-11-01;0;65
7;2025-11-01;1;12
7;2025-11-01;2;0
7;2025-11-01;3;0
7;2025-11-01;4;1
7;2025-11-01;5;146
7;2025-11-01;6;499
7;2025-11-01;7;1251
7;2025-11-01;8;1896
7;2025-11-01;9;1408
7;2025-11-01;10;1442
7;2025-11-01;11;1322
7;2025-11-01;12;1394
7;2025-11-01;13;1410
7;2025-11-01;14;1455
7;2025-11-01;15;1578
7;2025-11-01;16;1760
7;2025-11-01;17;1942
7;2025-11-01;18;1673
7;2025-11-01;19;1139
7;2025-11-01;20;822
7;2025-11-01;21;496
7;2025-11-01;22;273
7;2025-11-01;23;207
7;2025-11-02;0;102
7;2025-11-02;1;24
7;2025-11-02;2;0
7;2025-11-02;3;0
7;2025-11-02;4;1
7;2025-11-02;5;30
7;2025-11-02;6;128
7;2025-11-02;7;172
7;2025-11-02;8;388
7;2025-11-02;9;514
7;2025-11-02;10;398
7;2025-11-02;11;591
7;2025-11-02;12;639
7;2025-11-02;13;635
7;2025-11-02;14;663
7;2025-11-02;15;719
7;2025-11-02;16;619
7;2025-11-02;17;630
7;2025-11-02;18;653
7;2025-11-02;19;484
7;2025-11-02;20;400
7;2025-11-02;21;293
7;2025-11-02;22;151
7;2025-11-02;23;121
7;2025-11-03;0;99
7;2025-11-03;1;23
7;2025-11-03;2;0
7;2025-11-03;3;0
7;2025-11-03;4;1
7;2025-11-03;5;29
7;2025-11-03;6;124
7;2025-11-03;7;167
7;2025-11-03;8;375
7;2025-11-03;9;497
7;2025-11-03;10;385
7;2025-11-03;11;572
7;2025-11-03;12;618
7;2025-11-03;13;614
7;2025-11-03;14;641
7;2025-11-03;15;695
7;2025-11-03;16;598
7;2025-11-03;17;609
7;2025-11-03;18;632
7;2025-11-03;19;468
7;2025-11-03;20;387
7;2025-11-03;21;283
7;2025-11-03;22;146
7;2025-11-03;23;117
7;2025-11-04;0;99
7;2025-11-04;1;23
7;2025-11-04;2;0
7;2025-11-04;3;0
7;2025-11-04;4;1
7;2025-11-04;5;29
7;2025-11-04;6;124
7;2025-11-04;7;167
7;2025-11-04;8;375
7;2025-11-04;9;497
7;2025-11-04;10;385
7;2025-11-04;11;572
7;2025-11-04;12;618
7;2025-11-04;13;614
7;2025-11-04;14;641
7;2025-11-04;15;695
7;2025-11-04;16;598
7;2025-11-04;17;609
7;2025-11-04;18;632
7;2025-11-04;19;468
7;2025-11-04;20;387
7;2025-11-04;21;283
7;2025-11-04;22;146
7;2025-11-04;23;117
7;2025-11-05;0;58
7;2025-11-05;1;13
7;2025-11-05;2;0
7;2025-11-05;3;0
7;2025-11-05;4;2
7;2025-11-05;5;186
7;2025-11-05;6;592
7;2025-11-05;7;1617
7;2025-11-05;8;2486
7;2025-11-05;9;1879
7;2025-11-05;10;1686
7;2025-11-05;11;1571
7;2025-11-05;12;1756
7;2025-11-05;13;1583
7;2025-11-05;14;1690
7;2025-11-05;15;1788
7;2025-11-05;16;1862
7;2025-11-05;17;2382
7;2025-11-05;18;2619
7;2025-11-05;19;1714
7;2025-11-05;20;1075
7;2025-11-05;21;639
7;2025-11-05;22;304
7;2025-11-05;23;204
7;2025-11-06;0;58
7;2025-11-06;1;13
7;2025-11-06;2;0
7;2025-11-06;3;0
7;2025-11-06;4;2
7;2025-11-06;5;186
7;2025-11-06;6;592
7;2025-11-06;7;1617
7;2025-11-06;8;2486
7;2025-11-06;9;1879
7;2025-11-06;10;1686
7;2025-11-06;11;1571
7;2025-11-06;12;1756
7;2025-11-06;13;1583
7;2025-11-06;14;1690
7;2025-11-06;15;1788
7;2025-11-06;16;1862
7;2025-11-06;17;2382
7;2025-11-06;18;2619
7;2025-11-06;19;1714
7;2025-11-06;20;1075
7;2025-11-06;21;639
7;2025-11-06;22;304
7;2025-11-06;23;204
7;2025-11-07;0;76
7;2025-11-07;1;15
7;2025-11-07;2;1
7;2025-11-07;3;0
7;2025-11-07;4;2
7;2025-11-07;5;172
7;2025-11-07;6;587
7;2025-11-07;7;1472
7;2025-11-07;8;2231
7;2025-11-07;9;1656
7;2025-11-07;10;1697
7;2025-11-07;11;1556
7;2025-11-07;12;1640
7;2025-11-07;13;1659
7;2025-11-07;14;1711
7;2025-11-07;15;1856
7;2025-11-07;16;2071
7;2025-11-07;17;2285
7;2025-11-07;18;1968
7;2025-11-07;19;1340
7;2025-11-07;20;967
7;2025-11-07;21;583
7;2025-11-07;22;321
7;2025-11-07;23;244
7;2025-11-08;0;122
7;2025-11-08;1;27
7;2025-11-08;2;0
7;2025-11-08;3;0
7;2025-11-08;4;1
7;2025-11-08;5;50
7;2025-11-08;6;269
7;2025-11-08;7;299
7;2025-11-08;8;713
7;2025-11-08;9;575
7;2025-11-08;10;639
7;2025-11-08;11;678
7;2025-11-08;12;943
7;2025-11-08;13;887
7;2025-11-08;14;848
7;2025-11-08;15;832
7;2025-11-08;16;831
7;2025-11-08;17;818
7;2025-11-08;18;768
7;2025-11-08;19;608
7;2025-11-08;20;539
7;2025-11-08;21;377
7;2025-11-08;22;212
7;2025-11-08;23;172
7;2025-11-09;0;102
7;2025-11-09;1;24
7;2025-11-09;2;0
7;2025-11-09;3;0
7;2025-11-09;4;1
7;2025-11-09;5;30
7;2025-11-09;6;128
7;2025-11-09;7;172
7;2025-11-09;8;388
7;2025-11-09;9;514
7;2025-11-09;10;398
7;2025-11-09;11;591
7;2025-11-09;12;639
7;2025-11-09;13;635
7;2025-11-09;14;663
7;2025-11-09;15;719
7;2025-11-09;16;619
7;2025-11-09;17;630
7;2025-11-09;18;653
7;2025-11-09;19;484
7;2025-11-09;20;400
7;2025-11-09;21;293
7;2025-11-09;22;151
7;2025-11-09;23;121
7;2025-11-10;0;59
7;2025-11-10;1;10
7;2025-11-10;2;0
7;2025-11-10;3;0
7;2025-11-10;4;1
7;2025-11-10;5;185
7;2025-11-10;6;571
7;2025-11-10;7;1599
7;2025-11-10;8;2592
7;2025-11-10;9;1789
7;2025-11-10;10;1612
7;2025-11-10;11;1530
7;2025-11-10;12;1521
7;2025-11-10;13;1543
7;2025-11-10;14;1576
7;2025-11-10;15;1732
7;2025-11-10;16;1773
7;2025-11-10;17;2473
7;2025-11-10;18;2556
7;2025-11-10;19;1727
7;2025-11-10;20;1051
7;2025-11-10;21;594
7;2025-11-10;22;288
7;2025-11-10;23;149
7;2025-11-11;0;58
7;2025-11-11;1;13
7;2025-11-11;2;0
7;2025-11-11;3;0
7;2025-11-11;4;2
7;2025-11-11;5;186
7;2025-11-11;6;592
7;2025-11-11;7;1617
7;2025-11-11;8;2486
7;2025-11-11;9;1879
7;2025-11-11;10;1686
7;2025-11-11;11;1571
7;2025-11-11;12;1756
7;2025-11-11;13;1583
7;2025-11-11;14;1690
7;2025-11-11;15;1788
7;2025-11-11;16;1862
7;2025-11-11;17;2382
7;2025-11-11;18;2619
7;2025-11-11;19;1714
7;2025-11-11;20;1075
7;2025-11-11;21;639
7;2025-11-11;22;304
7;2025-11-11;23;204
7;2025-11-12;0;58
7;2025-11-12;1;13
7;2025-11-12;2;0
7;2025-11-12;3;0
7;2025-11-12;4;2
7;2025-11-12;5;186
7;2025-11-12;6;592
7;2025-11-12;7;1617
7;2025-11-12;8;2486
7;2025-11-12;9;1879
7;2025-11-12;10;1686
7;2025-11-12;11;1571
7;2025-11-12;12;1756
7;2025-11-12;13;1583
7;2025-11-12;14;1690
7;2025-11-12;15;1788
7;2025-11-12;16;1862
7;2025-11-12;17;2382
7;2025-11-12;18;2619
7;2025-11-12;19;1714
7;2025-11-12;20;1075
7;2025-11-12;21;639
7;2025-11-12;22;304
7;2025-11-12;23;204
7;2025-11-13;0;58
7;2025-11-13;1;13
7;2025-11-13;2;0
7;2025-11-13;3;0
7;2025-11-13;4;2
7;2025-11-13;5;186
7;2025-11-13;6;592
7;2025-11-13;7;1617
7;2025-11-13;8;2486
7;2025-11-13;9;1879
7;2025-11-13;10;1686
7;2025-11-13;11;1571
7;2025-11-13;12;1756
7;2025-11-13;13;1583
7;2025-11-13;14;1690
7;2025-11-13;15;1788
7;2025-11-13;16;1862
7;2025-11-13;17;2382
7;2025-11-13;18;2619
7;2025-11-13;19;1714
7;2025-11-13;20;1075
7;2025-11-13;21;639
7;2025-11-13;22;304
7;2025-11-13;23;204
7;2025-11-14;0;76
7;2025-11-14;1;15
7;2025-11-14;2;1
7;2025-11-14;3;0
7;2025-11-14;4;2
7;2025-11-14;5;172
7;2025-11-14;6;587
7;2025-11-14;7;1472
7;2025-11-14;8;2231
7;2025-11-14;9;1656
7;2025-11-14;10;1697
7;2025-11-14;11;1556
7;2025-11-14;12;1640
7;2025-11-14;13;1659
7;2025-11-14;14;1711
7;2025-11-14;15;1856
7;2025-11-14;16;2071
7;2025-11-14;17;2285
7;2025-11-14;18;1968
7;2025-11-14;19;1340
7;2025-11-14;20;967
7;2025-11-14;21;583
7;2025-11-14;22;321
7;2025-11-14;23;244
7;2025-11-15;0;116
7;2025-11-15;1;26
7;2025-11-15;2;0
7;2025-11-15;3;0
7;2025-11-15;4;1
7;2025-11-15;5;47
7;2025-11-15;6;255
7;2025-11-15;7;284
7;2025-11-15;8;677
7;2025-11-15;9;545
7;2025-11-15;10;606
7;2025-11-15;11;643
7;2025-11-15;12;895
7;2025-11-15;13;841
7;2025-11-15;14;804
7;2025-11-15;15;789
7;2025-11-15;16;788
7;2025-11-15;17;776
7;2025-11-15;18;729
7;2025-11-15;19;577
7;2025-11-15;20;511
7;2025-11-15;21;357
7;2025-11-15;22;201
7;2025-11-15;23;163
7;2025-11-16;0;102
7;2025-11-16;1;24
7;2025-11-16;2;0
7;2025-11-16;3;0
7;2025-11-16;4;1
7;2025-11-16;5;30
7;2025-11-16;6;128
7;2025-11-16;7;172
7;2025-11-16;8;388
7;2025-11-16;9;514
7;2025-11-16;10;398
7;2025-11-16;11;591
7;2025-11-16;12;639
7;2025-11-16;13;635
7;2025-11-16;14;663
7;2025-11-16;15;719
7;2025-11-16;16;619
7;2025-11-16;17;630
7;2025-11-16;18;653
7;2025-11-16;19;484
7;2025-11-16;20;400
7;2025-11-16;21;293
7;2025-11-16;22;151
7;2025-11-16;23;121
7;2025-11-17;0;59
7;2025-11-17;1;10
7;2025-11-17;2;0
7;2025-11-17;3;0
7;2025-11-17;4;1
7;2025-11-17;5;185
7;2025-11-17;6;571
7;2025-11-17;7;1599
7;2025-11-17;8;2592
7;2025-11-17;9;1789
7;2025-11-17;10;1612
7;2025-11-17;11;1530
7;2025-11-17;12;1521
7;2025-11-17;13;1543
7;2025-11-17;14;1576
7;2025-11-17;15;1732
7;2025-11-17;16;1773
7;2025-11-17;17;2473
7;2025-11-17;18;2556
7;2025-11-17;19;1727
7;2025-11-17;20;1051
7;2025-11-17;21;594
7;2025-11-17;22;288
7;2025-11-17;23;149
7;2025-11-18;0;58
7;2025-11-18;1;13
7;2025-11-18;2;0
7;2025-11-18;3;0
7;2025-11-18;4;2
7;2025-11-18;5;186
7;2025-11-18;6;592
7;2025-11-18;7;1617
7;2025-11-18;8;2486
7;2025-11-18;9;1879
7;2025-11-18;10;1686
7;2025-11-18;11;1571
7;2025-11-18;12;1756
7;2025-11-18;13;1583
7;2025-11-18;14;1690
7;2025-11-18;15;1788
7;2025-11-18;16;1862
7;2025-11-18;17;2382
7;2025-11-18;18;2619
7;2025-11-18;19;1714
7;2025-11-18;20;1075
7;2025-11-18;21;639
7;2025-11-18;22;304
7;2025-11-18;23;204
7;2025-11-19;0;58
7;2025-11-19;1;13
7;2025-11-19;2;0
7;2025-11-19;3;0
7;2025-11-19;4;2
7;2025-11-19;5;186
7;2025-11-19;6;592
7;2025-11-19;7;1617
7;2025-11-19;8;2486
7;2025-11-19;9;1879
7;2025-11-19;10;1686
7;2025-11-19;11;1571
7;2025-11-19;12;1756
7;2025-11-19;13;1583
7;2025-11-19;14;1690
7;2025-11-19;15;1788
7;2025-11-19;16;1862
7;2025-11-19;17;2382
7;2025-11-19;18;2619
7;2025-11-19;19;1714
7;2025-11-19;20;1075
7;2025-11-19;21;639
7;2025-11-19;22;304
7;2025-11-19;23;204
7;2025-11-20;0;58
7;2025-11-20;1;13
7;2025-11-20;2;0
7;2025-11-20;3;0
7;2025-11-20;4;2
7;2025-11-20;5;186
7;2025-11-20;6;592
7;2025-11-20;7;1617
7;2025-11-20;8;2486
7;2025-11-20;9;1879
7;2025-11-20;10;1686
7;2025-11-20;11;1571
7;2025-11-20;12;1756
7;2025-11-20;13;1583
7;2025-11-20;14;1690
7;2025-11-20;15;1788
7;2025-11-20;16;1862
7;2025-11-20;17;2382
7;2025-11-20;18;2619
7;2025-11-20;19;1714
7;2025-11-20;20;1075
7;2025-11-20;21;639
7;2025-11-20;22;304
7;2025-11-20;23;204
7;2025-11-21;0;76
7;2025-11-21;1;15
7;2025-11-21;2;1
7;2025-11-21;3;0
7;2025-11-21;4;2
7;2025-11-21;5;172
7;2025-11-21;6;587
7;2025-11-21;7;1472
7;2025-11-21;8;2231
7;2025-11-21;9;1656
7;2025-11-21;10;1697
7;2025-11-21;11;1556
7;2025-11-21;12;1640
7;2025-11-21;13;1659
7;2025-11-21;14;1711
7;2025-11-21;15;1856
7;2025-11-21;16;2071
7;2025-11-21;17;2285
7;2025-11-21;18;1968
7;2025-11-21;19;1340
7;2025-11-21;20;967
7;2025-11-21;21;583
7;2025-11-21;22;321
7;2025-11-21;23;244
7;2025-11-22;0;122
7;2025-11-22;1;27
7;2025-11-22;2;0
7;2025-11-22;3;0
7;2025-11-22;4;1
7;2025-11-22;5;50
7;2025-11-22;6;269
7;2025-11-22;7;299
7;2025-11-22;8;713
7;2025-11-22;9;575
7;2025-11-22;10;639
7;2025-11-22;11;678
7;2025-11-22;12;943
7;2025-11-22;13;887
7;2025-11-22;14;848
7;2025-11-22;15;832
7;2025-11-22;16;831
7;2025-11-22;17;818
7;2025-11-22;18;768
7;2025-11-22;19;608
7;2025-11-22;20;539
7;2025-11-22;21;377
7;2025-11-22;22;212
7;2025-11-22;23;172
7;2025-11-23;0;102
7;2025-11-23;1;24
7;2025-11-23;2;0
7;2025-11-23;3;0
7;2025-11-23;4;1
7;2025-11-23;5;30
7;2025-11-23;6;128
7;2025-11-23;7;172
7;2025-11-23;8;388
7;2025-11-23;9;514
7;2025-11-23;10;398
7;2025-11-23;11;591
7;2025-11-23;12;639
7;2025-11-23;13;635
7;2025-11-23;14;663
7;2025-11-23;15;719
7;2025-11-23;16;619
7;2025-11-23;17;630
7;2025-11-23;18;653
7;2025-11-23;19;484
7;2025-11-23;20;400
7;2025-11-23;21;293
7;2025-11-23;22;151
7;2025-11-23;23;121
7;2025-11-24;0;59
7;2025-11-24;1;10
7;2025-11-24;2;0
7;2025-11-24;3;0
7;2025-11-24;4;1
7;2025-11-24;5;185
7;2025-11-24;6;571
7;2025-11-24;7;1599
7;2025-11-24;8;2592
7;2025-11-24;9;1789
7;2025-11-24;10;1612
7;2025-11-24;11;1530
7;2025-11-24;12;1521
7;2025-11-24;13;1543
7;2025-11-24;14;1576
7;2025-11-24;15;1732
7;2025-11-24;16;1773
7;2025-11-24;17;2473
7;2025-11-24;18;2556
7;2025-11-24;19;1727
7;2025-11-24;20;1051
7;2025-11-24;21;594
7;2025-11-24;22;288
7;2025-11-24;23;149
7;2025-11-25;0;58
7;2025-11-25;1;13
7;2025-11-25;2;0
7;2025-11-25;3;0
7;2025-11-25;4;2
7;2025-11-25;5;186
7;2025-11-25;6;592
7;2025-11-25;7;1617
7;2025-11-25;8;2486
7;2025-11-25;9;1879
7;2025-11-25;10;1686
7;2025-11-25;11;1571
7;2025-11-25;12;1756
7;2025-11-25;13;1583
7;2025-11-25;14;1690
7;2025-11-25;15;1788
7;2025-11-25;16;1862
7;2025-11-25;17;2382
7;2025-11-25;18;2619
7;2025-11-25;19;1714
7;2025-11-25;20;1075
7;2025-11-25;21;639
7;2025-11-25;22;304
7;2025-11-25;23;204
7;2025-11-26;0;58
7;2025-11-26;1;13
7;2025-11-26;2;0
7;2025-11-26;3;0
7;2025-11-26;4;2
7;2025-11-26;5;186
7;2025-11-26;6;592
7;2025-11-26;7;1617
7;2025-11-26;8;2486
7;2025-11-26;9;1879
7;2025-11-26;10;1686
7;2025-11-26;11;1571
7;2025-11-26;12;1756
7;2025-11-26;13;1583
7;2025-11-26;14;1690
7;2025-11-26;15;1788
7;2025-11-26;16;1862
7;2025-11-26;17;2382
7;2025-11-26;18;2619
7;2025-11-26;19;1714
7;2025-11-26;20;1075
7;2025-11-26;21;639
7;2025-11-26;22;304
7;2025-11-26;23;204
7;2025-11-27;0;58
7;2025-11-27;1;13
7;2025-11-27;2;0
7;2025-11-27;3;0
7;2025-11-27;4;2
7;2025-11-27;5;186
7;2025-11-27;6;592
7;2025-11-27;7;1617
7;2025-11-27;8;2486
7;2025-11-27;9;1879
7;2025-11-27;10;1686
7;2025-11-27;11;1571
7;2025-11-27;12;1756
7;2025-11-27;13;1583
7;2025-11-27;14;1690
7;2025-11-27;15;1788
7;2025-11-27;16;1862
7;2025-11-27;17;2382
7;2025-11-27;18;2619
7;2025-11-27;19;1714
7;2025-11-27;20;1075
7;2025-11-27;21;639
7;2025-11-27;22;304
7;2025-11-27;23;204
7;2025-11-28;0;76
7;2025-11-28;1;15
7;2025-11-28;2;1
7;2025-11-28;3;0
7;2025-11-28;4;2
7;2025-11-28;5;172
7;2025-11-28;6;587
7;2025-11-28;7;1472
7;2025-11-28;8;2231
7;2025-11-28;9;1656
7;2025-11-28;10;1697
7;2025-11-28;11;1556
7;2025-11-28;12;1640
7;2025-11-28;13;1659
7;2025-11-28;14;1711
7;2025-11-28;15;1856
7;2025-11-28;16;2071
7;2025-11-28;17;2285
7;2025-11-28;18;1968
7;2025-11-28;19;1340
7;2025-11-28;20;967
7;2025-11-28;21;583
7;2025-11-28;22;321
7;2025-11-28;23;244
7;2025-11-29;0;122
7;2025-11-29;1;27
7;2025-11-29;2;0
7;2025-11-29;3;0
7;2025-11-29;4;1
7;2025-11-29;5;50
7;2025-11-29;6;269
7;2025-11-29;7;299
7;2025-11-29;8;713
7;2025-11-29;9;575
7;2025-11-29;10;639
7;2025-11-29;11;678
7;2025-11-29;12;943
7;2025-11-29;13;887
7;2025-11-29;14;848
7;2025-11-29;15;832
7;2025-11-29;16;831
7;2025-11-29;17;818
7;2025-11-29;18;768
7;2025-11-29;19;608
7;2025-11-29;20;539
7;2025-11-29;21;377
7;2025-11-29;22;212
7;2025-11-29;23;172
7;2025-11-30;0;102
7;2025-11-30;1;24
7;2025-11-30;2;0
7;2025-11-30;3;0
7;2025-11-30;4;1
7;2025-11-30;5;30
7;2025-11-30;6;128
7;2025-11-30;7;172
7;2025-11-30;8;388
7;2025-11-30;9;514
7;2025-11-30;10;398
7;2025-11-30;11;591
7;2025-11-30;12;639
7;2025-11-30;13;635
7;2025-11-30;14;663
7;2025-11-30;15;719
7;2025-11-30;16;619
7;2025-11-30;17;630
7;2025-11-30;18;653
7;2025-11-30;19;484
7;2025-11-30;20;400
7;2025-11-30;21;293
7;2025-11-30;22;151
7;2025-11-30;23;121
7;2025-12-01;0;59
7;2025-12-01;1;10
7;2025-12-01;2;0
7;2025-12-01;3;0
7;2025-12-01;4;1
7;2025-12-01;5;185
7;2025-12-01;6;571
7;2025-12-01;7;1599
7;2025-12-01;8;2592
7;2025-12-01;9;1789
7;2025-12-01;10;1612
7;2025-12-01;11;1530
7;2025-12-01;12;1521
7;2025-12-01;13;1543
7;2025-12-01;14;1576
7;2025-12-01;15;1732
7;2025-12-01;16;1773
7;2025-12-01;17;2473
7;2025-12-01;18;2556
7;2025-12-01;19;1727
7;2025-12-01;20;1051
7;2025-12-01;21;594
7;2025-12-01;22;288
7;2025-12-01;23;149
7;2025-12-02;0;58
7;2025-12-02;1;13
7;2025-12-02;2;0
7;2025-12-02;3;0
7;2025-12-02;4;2
7;2025-12-02;5;186
7;2025-12-02;6;592
7;2025-12-02;7;1617
7;2025-12-02;8;2486
7;2025-12-02;9;1879
7;2025-12-02;10;1686
7;2025-12-02;11;1571
7;2025-12-02;12;1756
7;2025-12-02;13;1583
7;2025-12-02;14;1690
7;2025-12-02;15;1788
7;2025-12-02;16;1862
7;2025-12-02;17;2382
7;2025-12-02;18;2619
7;2025-12-02;19;1714
7;2025-12-02;20;1075
7;2025-12-02;21;639
7;2025-12-02;22;304
7;2025-12-02;23;204
7;2025-12-03;0;58
7;2025-12-03;1;13
7;2025-12-03;2;0
7;2025-12-03;3;0
7;2025-12-03;4;2
7;2025-12-03;5;186
7;2025-12-03;6;592
7;2025-12-03;7;1617
7;2025-12-03;8;2486
7;2025-12-03;9;1879
7;2025-12-03;10;1686
7;2025-12-03;11;1571
7;2025-12-03;12;1756
7;2025-12-03;13;1583
7;2025-12-03;14;1690
7;2025-12-03;15;1788
7;2025-12-03;16;1862
7;2025-12-03;17;2382
7;2025-12-03;18;2619
7;2025-12-03;19;1714
7;2025-12-03;20;1075
7;2025-12-03;21;639
7;2025-12-03;22;304
7;2025-12-03;23;204
7;2025-12-04;0;58
7;2025-12-04;1;13
7;2025-12-04;2;0
7;2025-12-04;3;0
7;2025-12-04;4;2
7;2025-12-04;5;186
7;2025-12-04;6;592
7;2025-12-04;7;1617
7;2025-12-04;8;2486
7;2025-12-04;9;1879
7;2025-12-04;10;1686
7;2025-12-04;11;1571
7;2025-12-04;12;1756
7;2025-12-04;13;1583
7;2025-12-04;14;1690
7;2025-12-04;15;1788
7;2025-12-04;16;1862
7;2025-12-04;17;2382
7;2025-12-04;18;2619
7;2025-12-04;19;1714
7;2025-12-04;20;1075
7;2025-12-04;21;639
7;2025-12-04;22;304
7;2025-12-04;23;204
7;2025-12-05;0;76
7;2025-12-05;1;15
7;2025-12-05;2;1
7;2025-12-05;3;0
7;2025-12-05;4;2
7;2025-12-05;5;172
7;2025-12-05;6;587
7;2025-12-05;7;1472
7;2025-12-05;8;2231
7;2025-12-05;9;1656
7;2025-12-05;10;1697
7;2025-12-05;11;1556
7;2025-12-05;12;1640
7;2025-12-05;13;1659
7;2025-12-05;14;1711
7;2025-12-05;15;1856
7;2025-12-05;16;2071
7;2025-12-05;17;2285
7;2025-12-05;18;1968
7;2025-12-05;19;1340
7;2025-12-05;20;967
7;2025-12-05;21;583
7;2025-12-05;22;321
7;2025-12-05;23;244
7;2025-12-06;0;122
7;2025-12-06;1;27
7;2025-12-06;2;0
7;2025-12-06;3;0
7;2025-12-06;4;1
7;2025-12-06;5;50
7;2025-12-06;6;269
7;2025-12-06;7;299
7;2025-12-06;8;713
7;2025-12-06;9;575
7;2025-12-06;10;639
7;2025-12-06;11;678
7;2025-12-06;12;943
7;2025-12-06;13;887
7;2025-12-06;14;848
7;2025-12-06;15;832
7;2025-12-06;16;831
7;2025-12-06;17;818
7;2025-12-06;18;768
7;2025-12-06;19;608
7;2025-12-06;20;539
7;2025-12-06;21;377
7;2025-12-06;22;212
7;2025-12-06;23;172
7;2025-12-07;0;102
7;2025-12-07;1;24
7;2025-12-07;2;0
7;2025-12-07;3;0
7;2025-12-07;4;1
7;2025-12-07;5;30
7;2025-12-07;6;128
7;2025-12-07;7;172
7;2025-12-07;8;388
7;2025-12-07;9;514
7;2025-12-07;10;398
7;2025-12-07;11;591
7;2025-12-07;12;639
7;2025-12-07;13;635
7;2025-12-07;14;663
7;2025-12-07;15;719
7;2025-12-07;16;619
7;2025-12-07;17;630
7;2025-12-07;18;653
7;2025-12-07;19;484
7;2025-12-07;20;400
7;2025-12-07;21;293
7;2025-12-07;22;151
7;2025-12-07;23;121
7;2025-12-08;0;59
7;2025-12-08;1;10
7;2025-12-08;2;0
7;2025-12-08;3;0
7;2025-12-08;4;1
7;2025-12-08;5;185
7;2025-12-08;6;571
7;2025-12-08;7;1599
7;2025-12-08;8;2592
7;2025-12-08;9;1789
7;2025-12-08;10;1612
7;2025-12-08;11;1530
7;2025-12-08;12;1521
7;2025-12-08;13;1543
7;2025-12-08;14;1576
7;2025-12-08;15;1732
7;2025-12-08;16;1773
7;2025-12-08;17;2473
7;2025-12-08;18;2556
7;2025-12-08;19;1727
7;2025-12-08;20;1051
7;2025-12-08;21;594
7;2025-12-08;22;288
7;2025-12-08;23;149
7;2025-12-09;0;58
7;2025-12-09;1;13
7;2025-12-09;2;0
7;2025-12-09;3;0
7;2025-12-09;4;2
7;2025-12-09;5;186
7;2025-12-09;6;592
7;2025-12-09;7;1617
7;2025-12-09;8;2486
7;2025-12-09;9;1879
7;2025-12-09;10;1686
7;2025-12-09;11;1571
7;2025-12-09;12;1756
7;2025-12-09;13;1583
7;2025-12-09;14;1690
7;2025-12-09;15;1788
7;2025-12-09;16;1862
7;2025-12-09;17;2382
7;2025-12-09;18;2619
7;2025-12-09;19;1714
7;2025-12-09;20;1075
7;2025-12-09;21;639
7;2025-12-09;22;304
7;2025-12-09;23;204
7;2025-12-10;0;58
7;2025-12-10;1;13
7;2025-12-10;2;0
7;2025-12-10;3;0
7;2025-12-10;4;2
7;2025-12-10;5;186
7;2025-12-10;6;592
7;2025-12-10;7;1617
7;2025-12-10;8;2486
7;2025-12-10;9;1879
7;2025-12-10;10;1686
7;2025-12-10;11;1571
7;2025-12-10;12;1756
7;2025-12-10;13;1583
7;2025-12-10;14;1690
7;2025-12-10;15;1788
7;2025-12-10;16;1862
7;2025-12-10;17;2382
7;2025-12-10;18;2619
7;2025-12-10;19;1714
7;2025-12-10;20;1075
7;2025-12-10;21;639
7;2025-12-10;22;304
7;2025-12-10;23;204
7;2025-12-11;0;58
7;2025-12-11;1;13
7;2025-12-11;2;0
7;2025-12-11;3;0
7;2025-12-11;4;2
7;2025-12-11;5;186
7;2025-12-11;6;592
7;2025-12-11;7;1617
7;2025-12-11;8;2486
7;2025-12-11;9;1879
7;2025-12-11;10;1686
7;2025-12-11;11;1571
7;2025-12-11;12;1756
7;2025-12-11;13;1583
7;2025-12-11;14;1690
7;2025-12-11;15;1788
7;2025-12-11;16;1862
7;2025-12-11;17;2382
7;2025-12-11;18;2619
7;2025-12-11;19;1714
7;2025-12-11;20;1075
7;2025-12-11;21;639
7;2025-12-11;22;304
7;2025-12-11;23;204
7;2025-12-12;0;76
7;2025-12-12;1;15
7;2025-12-12;2;1
7;2025-12-12;3;0
7;2025-12-12;4;2
7;2025-12-12;5;172
7;2025-12-12;6;587
7;2025-12-12;7;1472
7;2025-12-12;8;2231
7;2025-12-12;9;1656
7;2025-12-12;10;1697
7;2025-12-12;11;1556
7;2025-12-12;12;1640
7;2025-12-12;13;1659
7;2025-12-12;14;1711
7;2025-12-12;15;1856
7;2025-12-12;16;2071
7;2025-12-12;17;2285
7;2025-12-12;18;1968
7;2025-12-12;19;1340
7;2025-12-12;20;967
7;2025-12-12;21;583
7;2025-12-12;22;321
7;2025-12-12;23;244
7;2025-12-13;0;122
7;2025-12-13;1;27
7;2025-12-13;2;0
7;2025-12-13;3;0
7;2025-12-13;4;1
7;2025-12-13;5;50
7;2025-12-13;6;269
7;2025-12-13;7;299
7;2025-12-13;8;713
7;2025-12-13;9;575
7;2025-12-13;10;639
7;2025-12-13;11;678
7;2025-12-13;12;943
7;2025-12-13;13;887
7;2025-12-13;14;848
7;2025-12-13;15;832
7;2025-12-13;16;831
7;2025-12-13;17;818
7;2025-12-13;18;768
7;2025-12-13;19;608
7;2025-12-13;20;539
7;2025-12-13;21;377
7;2025-12-13;22;212
7;2025-12-13;23;172
7;2025-12-14;0;102
7;2025-12-14;1;24
7;2025-12-14;2;0
7;2025-12-14;3;0
7;2025-12-14;4;1
7;2025-12-14;5;30
7;2025-12-14;6;128
7;2025-12-14;7;172
7;2025-12-14;8;388
7;2025-12-14;9;514
7;2025-12-14;10;398
7;2025-12-14;11;591
7;2025-12-14;12;639
7;2025-12-14;13;635
7;2025-12-14;14;663
7;2025-12-14;15;719
7;2025-12-14;16;619
7;2025-12-14;17;630
7;2025-12-14;18;653
7;2025-12-14;19;484
7;2025-12-14;20;400
7;2025-12-14;21;293
7;2025-12-14;22;151
7;2025-12-14;23;121
7;2025-12-15;0;59
7;2025-12-15;1;10
7;2025-12-15;2;0
7;2025-12-15;3;0
7;2025-12-15;4;1
7;2025-12-15;5;185
7;2025-12-15;6;571
7;2025-12-15;7;1599
7;2025-12-15;8;2592
7;2025-12-15;9;1789
7;2025-12-15;10;1612
7;2025-12-15;11;1530
7;2025-12-15;12;1521
7;2025-12-15;13;1543
7;2025-12-15;14;1576
7;2025-12-15;15;1732
7;2025-12-15;16;1773
7;2025-12-15;17;2473
7;2025-12-15;18;2556
7;2025-12-15;19;1727
7;2025-12-15;20;1051
7;2025-12-15;21;594
7;2025-12-15;22;288
7;2025-12-15;23;149
7;2025-12-16;0;58
7;2025-12-16;1;13
7;2025-12-16;2;0
7;2025-12-16;3;0
7;2025-12-16;4;2
7;2025-12-16;5;186
7;2025-12-16;6;592
7;2025-12-16;7;1617
7;2025-12-16;8;2486
7;2025-12-16;9;1879
7;2025-12-16;10;1686
7;2025-12-16;11;1571
7;2025-12-16;12;1756
7;2025-12-16;13;1583
7;2025-12-16;14;1690
7;2025-12-16;15;1788
7;2025-12-16;16;1862
7;2025-12-16;17;2382
7;2025-12-16;18;2619
7;2025-12-16;19;1714
7;2025-12-16;20;1075
7;2025-12-16;21;639
7;2025-12-16;22;304
7;2025-12-16;23;204
7;2025-12-17;0;58
7;2025-12-17;1;13
7;2025-12-17;2;0
7;2025-12-17;3;0
7;2025-12-17;4;2
7;2025-12-17;5;186
7;2025-12-17;6;592
7;2025-12-17;7;1617
7;2025-12-17;8;2486
7;2025-12-17;9;1879
7;2025-12-17;10;1686
7;2025-12-17;11;1571
7;2025-12-17;12;1756
7;2025-12-17;13;1583
7;2025-12-17;14;1690
7;2025-12-17;15;1788
7;2025-12-17;16;1862
7;2025-12-17;17;2382
7;2025-12-17;18;2619
7;2025-12-17;19;1714
7;2025-12-17;20;1075
7;2025-12-17;21;639
7;2025-12-17;22;304
7;2025-12-17;23;204
7;2025-12-18;0;58
7;2025-12-18;1;13
7;2025-12-18;2;0
7;2025-12-18;3;0
7;2025-12-18;4;2
7;2025-12-18;5;186
7;2025-12-18;6;592
7;2025-12-18;7;1617
7;2025-12-18;8;2486
7;2025-12-18;9;1879
7;2025-12-18;10;1686
7;2025-12-18;11;1571
7;2025-12-18;12;1756
7;2025-12-18;13;1583
7;2025-12-18;14;1690
7;2025-12-18;15;1788
7;2025-12-18;16;1862
7;2025-12-18;17;2382
7;2025-12-18;18;2619
7;2025-12-18;19;1714
7;2025-12-18;20;1075
7;2025-12-18;21;639
7;2025-12-18;22;304
7;2025-12-18;23;204
7;2025-12-19;0;76
7;2025-12-19;1;15
7;2025-12-19;2;1
7;2025-12-19;3;0
7;2025-12-19;4;2
7;2025-12-19;5;172
7;2025-12-19;6;587
7;2025-12-19;7;1472
7;2025-12-19;8;2231
7;2025-12-19;9;1656
7;2025-12-19;10;1697
7;2025-12-19;11;1556
7;2025-12-19;12;1640
7;2025-12-19;13;1659
7;2025-12-19;14;1711
7;2025-12-19;15;1856
7;2025-12-19;16;2071
7;2025-12-19;17;2285
7;2025-12-19;18;1968
7;2025-12-19;19;1340
7;2025-12-19;20;967
7;2025-12-19;21;583
7;2025-12-19;22;321
7;2025-12-19;23;244
7;2025-12-20;0;122
7;2025-12-20;1;27
7;2025-12-20;2;0
7;2025-12-20;3;0
7;2025-12-20;4;1
7;2025-12-20;5;50
7;2025-12-20;6;269
7;2025-12-20;7;299
7;2025-12-20;8;713
7;2025-12-20;9;575
7;2025-12-20;10;639
7;2025-12-20;11;678
7;2025-12-20;12;943
7;2025-12-20;13;887
7;2025-12-20;14;848
7;2025-12-20;15;832
7;2025-12-20;16;831
7;2025-12-20;17;818
7;2025-12-20;18;768
7;2025-12-20;19;608
7;2025-12-20;20;539
7;2025-12-20;21;377
7;2025-12-20;22;212
7;2025-12-20;23;172
7;2025-12-21;0;102
7;2025-12-21;1;24
7;2025-12-21;2;0
7;2025-12-21;3;0
7;2025-12-21;4;1
7;2025-12-21;5;30
7;2025-12-21;6;128
7;2025-12-21;7;172
7;2025-12-21;8;388
7;2025-12-21;9;514
7;2025-12-21;10;398
7;2025-12-21;11;591
7;2025-12-21;12;639
7;2025-12-21;13;635
7;2025-12-21;14;663
7;2025-12-21;15;719
7;2025-12-21;16;619
7;2025-12-21;17;630
7;2025-12-21;18;653
7;2025-12-21;19;484
7;2025-12-21;20;400
7;2025-12-21;21;293
7;2025-12-21;22;151
7;2025-12-21;23;121
7;2025-12-22;0;59
7;2025-12-22;1;10
7;2025-12-22;2;0
7;2025-12-22;3;0
7;2025-12-22;4;1
7;2025-12-22;5;185
7;2025-12-22;6;571
7;2025-12-22;7;1599
7;2025-12-22;8;2592
7;2025-12-22;9;1789
7;2025-12-22;10;1612
7;2025-12-22;11;1530
7;2025-12-22;12;1521
7;2025-12-22;13;1543
7;2025-12-22;14;1576
7;2025-12-22;15;1732
7;2025-12-22;16;1773
7;2025-12-22;17;2473
7;2025-12-22;18;2556
7;2025-12-22;19;1727
7;2025-12-22;20;1051
7;2025-12-22;21;594
7;2025-12-22;22;288
7;2025-12-22;23;149
7;2025-12-23;0;58
7;2025-12-23;1;13
7;2025-12-23;2;0
7;2025-12-23;3;0
7;2025-12-23;4;2
7;2025-12-23;5;186
7;2025-12-23;6;592
7;2025-12-23;7;1617
7;2025-12-23;8;2486
7;2025-12-23;9;1879
7;2025-12-23;10;1686
7;2025-12-23;11;1571
7;2025-12-23;12;1756
7;2025-12-23;13;1583
7;2025-12-23;14;1690
7;2025-12-23;15;1788
7;2025-12-23;16;1862
7;2025-12-23;17;2382
7;2025-12-23;18;2619
7;2025-12-23;19;1714
7;2025-12-23;20;1075
7;2025-12-23;21;639
7;2025-12-23;22;304
7;2025-12-23;23;204
7;2025-12-24;0;58
7;2025-12-24;1;13
7;2025-12-24;2;0
7;2025-12-24;3;0
7;2025-12-24;4;2
7;2025-12-24;5;186
7;2025-12-24;6;592
7;2025-12-24;7;1617
7;2025-12-24;8;2486
7;2025-12-24;9;1879
7;2025-12-24;10;1686
7;2025-12-24;11;1571
7;2025-12-24;12;1756
7;2025-12-24;13;1583
7;2025-12-24;14;1690
7;2025-12-24;15;1788
7;2025-12-24;16;1862
7;2025-12-24;17;2382
7;2025-12-24;18;2619
7;2025-12-24;19;1714
7;2025-12-24;20;1075
7;2025-12-24;21;639
7;2025-12-24;22;304
7;2025-12-24;23;204
7;2025-12-25;0;58
7;2025-12-25;1;13
7;2025-12-25;2;0
7;2025-12-25;3;0
7;2025-12-25;4;2
7;2025-12-25;5;186
7;2025-12-25;6;592
7;2025-12-25;7;1617
7;2025-12-25;8;2486
7;2025-12-25;9;1879
7;2025-12-25;10;1686
7;2025-12-25;11;1571
7;2025-12-25;12;1756
7;2025-12-25;13;1583
7;2025-12-25;14;1690
7;2025-12-25;15;1788
7;2025-12-25;16;1862
7;2025-12-25;17;2382
7;2025-12-25;18;2619
7;2025-12-25;19;1714
7;2025-12-25;20;1075
7;2025-12-25;21;639
7;2025-12-25;22;304
7;2025-12-25;23;204
7;2025-12-26;0;76
7;2025-12-26;1;15
7;2025-12-26;2;1
7;2025-12-26;3;0
7;2025-12-26;4;2
7;2025-12-26;5;172
7;2025-12-26;6;587
7;2025-12-26;7;1472
7;2025-12-26;8;2231
7;2025-12-26;9;1656
7;2025-12-26;10;1697
7;2025-12-26;11;1556
7;2025-12-26;12;1640
7;2025-12-26;13;1659
7;2025-12-26;14;1711
7;2025-12-26;15;1856
7;2025-12-26;16;2071
7;2025-12-26;17;2285
7;2025-12-26;18;1968
7;2025-12-26;19;1340
7;2025-12-26;20;967
7;2025-12-26;21;583
7;2025-12-26;22;321
7;2025-12-26;23;244
7;2025-12-27;0;122
7;2025-12-27;1;27
7;2025-12-27;2;0
7;2025-12-27;3;0
7;2025-12-27;4;1
7;2025-12-27;5;50
7;2025-12-27;6;269
7;2025-12-27;7;299
7;2025-12-27;8;713
7;2025-12-27;9;575
7;2025-12-27;10;639
7;2025-12-27;11;678
7;2025-12-27;12;943
7;2025-12-27;13;887
7;2025-12-27;14;848
7;2025-12-27;15;832
7;2025-12-27;16;831
7;2025-12-27;17;818
7;2025-12-27;18;768
7;2025-12-27;19;608
7;2025-12-27;20;539
7;2025-12-27;21;377
7;2025-12-27;22;212
7;2025-12-27;23;172
7;2025-12-28;0;102
7;2025-12-28;1;24
7;2025-12-28;2;0
7;2025-12-28;3;0
7;2025-12-28;4;1
7;2025-12-28;5;30
7;2025-12-28;6;128
7;2025-12-28;7;172
7;2025-12-28;8;388
7;2025-12-28;9;514
7;2025-12-28;10;398
7;2025-12-28;11;591
7;2025-12-28;12;639
7;2025-12-28;13;635
7;2025-12-28;14;663
7;2025-12-28;15;719
7;2025-12-28;16;619
7;2025-12-28;17;630
7;2025-12-28;18;653
7;2025-12-28;19;484
7;2025-12-28;20;400
7;2025-12-28;21;293
7;2025-12-28;22;151
7;2025-12-28;23;121
7;2025-12-29;0;65
7;2025-12-29;1;12
7;2025-12-29;2;0
7;2025-12-29;3;0
7;2025-12-29;4;2
7;2025-12-29;5;148
7;2025-12-29;6;505
7;2025-12-29;7;1266
7;2025-12-29;8;1918
7;2025-12-29;9;1424
7;2025-12-29;10;1459
7;2025-12-29;11;1338
7;2025-12-29;12;1410
7;2025-12-29;13;1427
7;2025-12-29;14;1472
7;2025-12-29;15;1596
7;2025-12-29;16;1781
7;2025-12-29;17;1965
7;2025-12-29;18;1693
7;2025-12-29;19;1153
7;2025-12-29;20;832
7;2025-12-29;21;502
7;2025-12-29;22;276
7;2025-12-29;23;209
7;2025-12-30;0;65
7;2025-12-30;1;12
7;2025-12-30;2;0
7;2025-12-30;3;0
7;2025-12-30;4;2
7;2025-12-30;5;148
7;2025-12-30;6;505
7;2025-12-30;7;1266
7;2025-12-30;8;1918
7;2025-12-30;9;1424
7;2025-12-30;10;1459
7;2025-12-30;11;1338
7;2025-12-30;12;1410
7;2025-12-30;13;1427
7;2025-12-30;14;1472
7;2025-12-30;15;1596
7;2025-12-30;16;1781
7;2025-12-30;17;1965
7;2025-12-30;18;1693
7;2025-12-30;19;1153
7;2025-12-30;20;832
7;2025-12-30;21;502
7;2025-12-30;22;276
7;2025-12-30;23;209
7;2025-12-31;0;104
7;2025-12-31;1;23
7;2025-12-31;2;0
7;2025-12-31;3;0
7;2025-12-31;4;1
7;2025-12-31;5;42
7;2025-12-31;6;229
7;2025-12-31;7;254
7;2025-12-31;8;606
7;2025-12-31;9;489
7;2025-12-31;10;543
7;2025-12-31;11;576
7;2025-12-31;12;802
7;2025-12-31;13;754
7;2025-12-31;14;720
7;2025-12-31;15;707
7;2025-12-31;16;706
7;2025-12-31;17;696
7;2025-12-31;18;653
7;2025-12-31;19;284
7;2025-12-31;20;252
7;2025-12-31;21;176
7;2025-12-31;22;99
7;2025-12-31;23;81
11;2025-11-01;0;59
11;2025-11-01;1;2
11;2025-11-01;2;0
11;2025-11-01;3;0
11;2025-11-01;4;0
11;2025-11-01;5;217
11;2025-11-01;6;1101
11;2025-11-01;7;2056
11;2025-11-01;8;2788
11;2025-11-01;9;1884
11;2025-11-01;10;1564
11;2025-11-01;11;1478
11;2025-11-01;12;1607
11;2025-11-01;13;1578
11;2025-11-01;14;1756
11;2025-11-01;15;1743
11;2025-11-01;16;1935
11;2025-11-01;17;2451
11;2025-11-01;18;2048
11;2025-11-01;19;1534
11;2025-11-01;20;1115
11;2025-11-01;21;696
11;2025-11-01;22;314
11;2025-11-01;23;283
11;2025-11-02;0;114
11;2025-11-02;1;16
11;2025-11-02;2;0
11;2025-11-02;3;0
11;2025-11-02;4;0
11;2025-11-02;5;108
11;2025-11-02;6;499
11;2025-11-02;7;494
11;2025-11-02;8;693
11;2025-11-02;9;943
11;2025-11-02;10;1043
11;2025-11-02;11;1531
11;2025-11-02;12;1606
11;2025-11-02;13;1552
11;2025-11-02;14;1660
11;2025-11-02;15;1629
11;2025-11-02;16;1535
11;2025-11-02;17;1708
11;2025-11-02;18;1256
11;2025-11-02;19;1002
11;2025-11-02;20;773
11;2025-11-02;21;592
11;2025-11-02;22;346
11;2025-11-02;23;241
11;2025-11-03;0;110
11;2025-11-03;1;15
11;2025-11-03;2;0
11;2025-11-03;3;0
11;2025-11-03;4;0
11;2025-11-03;5;104
11;2025-11-03;6;482
11;2025-11-03;7;477
11;2025-11-03;8;670
11;2025-11-03;9;912
11;2025-11-03;10;1009
11;2025-11-03;11;1480
11;2025-11-03;12;1553
11;2025-11-03;13;1500
11;2025-11-03;14;1605
11;2025-11-03;15;1575
11;2025-11-03;16;1485
11;2025-11-03;17;1651
11;2025-11-03;18;1215
11;2025-11-03;19;969
11;2025-11-03;20;748
11;2025-11-03;21;572
11;2025-11-03;22;335
11;2025-11-03;23;233
11;2025-11-04;0;110
11;2025-11-04;1;15
11;2025-11-04;2;0
11;2025-11-04;3;0
11;2025-11-04;4;0
11;2025-11-04;5;104
11;2025-11-04;6;482
11;2025-11-04;7;477
11;2025-11-04;8;670
11;2025-11-04;9;912
11;2025-11-04;10;1009
11;2025-11-04;11;1480
11;2025-11-04;12;1553
11;2025-11-04;13;1500
11;2025-11-04;14;1605
11;2025-11-04;15;1575
11;2025-11-04;16;1485
11;2025-11-04;17;1651
11;2025-11-04;18;1215
11;2025-11-04;19;969
11;2025-11-04;20;748
11;2025-11-04;21;572
11;2025-11-04;22;335
11;2025-11-04;23;233
11;2025-11-05;0;56
11;2025-11-05;1;0
11;2025-11-05;2;0
11;2025-11-05;3;0
11;2025-11-05;4;0
11;2025-11-05;5;241
11;2025-11-05;6;1278
11;2025-11-05;7;2463
11;2025-11-05;8;3183
11;2025-11-05;9;2437
11;2025-11-05;10;2019
11;2025-11-05;11;1899
11;2025-11-05;12;1955
11;2025-11-05;13;2077
11;2025-11-05;14;2032
11;2025-11-05;15;1909
11;2025-11-05;16;2155
11;2025-11-05;17;2744
11;2025-11-05;18;3035
11;2025-11-05;19;2235
11;2025-11-05;20;1425
11;2025-11-05;21;786
11;2025-11-05;22;380
11;2025-11-05;23;235
11;2025-11-06;0;56
11;2025-11-06;1;0
11;2025-11-06;2;0
11;2025-11-06;3;0
11;2025-11-06;4;0
11;2025-11-06;5;241
11;2025-11-06;6;1278
11;2025-11-06;7;2463
11;2025-11-06;8;3183
11;2025-11-06;9;2437
11;2025-11-06;10;2019
11;2025-11-06;11;1899
11;2025-11-06;12;1955
11;2025-11-06;13;2077
11;2025-11-06;14;2032
11;2025-11-06;15;1909
11;2025-11-06;16;2155
11;2025-11-06;17;2744
11;2025-11-06;18;3035
11;2025-11-06;19;2235
11;2025-11-06;20;1425
11;2025-11-06;21;786
11;2025-11-06;22;380
11;2025-11-06;23;235
11;2025-11-07;0;69
11;2025-11-07;1;3
11;2025-11-07;2;0
11;2025-11-07;3;0
11;2025-11-07;4;0
11;2025-11-07;5;255
11;2025-11-07;6;1296
11;2025-11-07;7;2418
11;2025-11-07;8;3280
11;2025-11-07;9;2217
11;2025-11-07;10;1840
11;2025-11-07;11;1739
11;2025-11-07;12;1890
11;2025-11-07;13;1857
11;2025-11-07;14;2066
11;2025-11-07;15;2051
11;2025-11-07;16;2276
11;2025-11-07;17;2884
11;2025-11-07;18;2409
11;2025-11-07;19;1805
11;2025-11-07;20;1312
11;2025-11-07;21;818
11;2025-11-07;22;370
11;2025-11-07;23;333
11;2025-11-08;0;107
11;2025-11-08;1;1
11;2025-11-08;2;0
11;2025-11-08;3;0
11;2025-11-08;4;0
11;2025-11-08;5;168
11;2025-11-08;6;838
11;2025-11-08;7;761
11;2025-11-08;8;1045
11;2025-11-08;9;1170
11;2025-11-08;10;1397
11;2025-11-08;11;1721
11;2025-11-08;12;1963
11;2025-11-08;13;1826
11;2025-11-08;14;2069
11;2025-11-08;15;1915
11;2025-11-08;16;1795
11;2025-11-08;17;1901
11;2025-11-08;18;1509
11;2025-11-08;19;1469
11;2025-11-08;20;982
11;2025-11-08;21;712
11;2025-11-08;22;416
11;2025-11-08;23;278
11;2025-11-09;0;114
11;2025-11-09;1;16
11;2025-11-09;2;0
11;2025-11-09;3;0
11;2025-11-09;4;0
11;2025-11-09;5;108
11;2025-11-09;6;499
11;2025-11-09;7;494
11;2025-11-09;8;693
11;2025-11-09;9;943
11;2025-11-09;10;1043
11;2025-11-09;11;1531
11;2025-11-09;12;1606
11;2025-11-09;13;1552
11;2025-11-09;14;1660
11;2025-11-09;15;1629
11;2025-11-09;16;1535
11;2025-11-09;17;1708
11;2025-11-09;18;1256
11;2025-11-09;19;1002
11;2025-11-09;20;773
11;2025-11-09;21;592
11;2025-11-09;22;346
11;2025-11-09;23;241
11;2025-11-10;0;72
11;2025-11-10;1;13
11;2025-11-10;2;0
11;2025-11-10;3;0
11;2025-11-10;4;1
11;2025-11-10;5;233
11;2025-11-10;6;1325
11;2025-11-10;7;2347
11;2025-11-10;8;3142
11;2025-11-10;9;2329
11;2025-11-10;10;1871
11;2025-11-10;11;1858
11;2025-11-10;12;1786
11;2025-11-10;13;1843
11;2025-11-10;14;1974
11;2025-11-10;15;2052
11;2025-11-10;16;2185
11;2025-11-10;17;2740
11;2025-11-10;18;2900
11;2025-11-10;19;2127
11;2025-11-10;20;1153
11;2025-11-10;21;756
11;2025-11-10;22;318
11;2025-11-10;23;200
11;2025-11-11;0;56
11;2025-11-11;1;0
11;2025-11-11;2;0
11;2025-11-11;3;0
11;2025-11-11;4;0
11;2025-11-11;5;241
11;2025-11-11;6;1278
11;2025-11-11;7;2463
11;2025-11-11;8;3183
11;2025-11-11;9;2437
11;2025-11-11;10;2019
11;2025-11-11;11;1899
11;2025-11-11;12;1955
11;2025-11-11;13;2077
11;2025-11-11;14;2032
11;2025-11-11;15;1909
11;2025-11-11;16;2155
11;2025-11-11;17;2744
11;2025-11-11;18;3035
11;2025-11-11;19;2235
11;2025-11-11;20;1425
11;2025-11-11;21;786
11;2025-11-11;22;380
11;2025-11-11;23;235
11;2025-11-12;0;56
11;2025-11-12;1;0
11;2025-11-12;2;0
11;2025-11-12;3;0
11;2025-11-12;4;0
11;2025-11-12;5;241
11;2025-11-12;6;1278
11;2025-11-12;7;2463
11;2025-11-12;8;3183
11;2025-11-12;9;2437
11;2025-11-12;10;2019
11;2025-11-12;11;1899
11;2025-11-12;12;1955
11;2025-11-12;13;2077
11;2025-11-12;14;2032
11;2025-11-12;15;1909
11;2025-11-12;16;2155
11;2025-11-12;17;2744
11;2025-11-12;18;3035
11;2025-11-12;19;2235
11;2025-11-12;20;1425
11;2025-11-12;21;786
11;2025-11-12;22;380
11;2025-11-12;23;235
11;2025-11-13;0;56
11;2025-11-13;1;0
11;2025-11-13;2;0
11;2025-11-13;3;0
11;2025-11-13;4;0
11;2025-11-13;5;241
11;2025-11-13;6;1278
11;2025-11-13;7;2463
11;2025-11-13;8;3183
11;2025-11-13;9;2437
11;2025-11-13;10;2019
11;2025-11-13;11;1899
11;2025-11-13;12;1955
11;2025-11-13;13;2077
11;2025-11-13;14;2032
11;2025-11-13;15;1909
11;2025-11-13;16;2155
11;2025-11-13;17;2744
11;2025-11-13;18;3035
11;2025-11-13;19;2235
11;2025-11-13;20;1425
11;2025-11-13;21;786
11;2025-11-13;22;380
11;2025-11-13;23;235
11;2025-11-14;0;69
11;2025-11-14;1;3
11;2025-11-14;2;0
11;2025-11-14;3;0
11;2025-11-14;4;0
11;2025-11-14;5;255
11;2025-11-14;6;1296
11;2025-11-14;7;2418
11;2025-11-14;8;3280
11;2025-11-14;9;2217
11;2025-11-14;10;1840
11;2025-11-14;11;1739
11;2025-11-14;12;1890
11;2025-11-14;13;1857
11;2025-11-14;14;2066
11;2025-11-14;15;2051
11;2025-11-14;16;2276
11;2025-11-14;17;2884
11;2025-11-14;18;2409
11;2025-11-14;19;1805
11;2025-11-14;20;1312
11;2025-11-14;21;818
11;2025-11-14;22;370
11;2025-11-14;23;333
11;2025-11-15;0;102
11;2025-11-15;1;1
11;2025-11-15;2;0
11;2025-11-15;3;0
11;2025-11-15;4;0
11;2025-11-15;5;159
11;2025-11-15;6;795
11;2025-11-15;7;722
11;2025-11-15;8;991
11;2025-11-15;9;1110
11;2025-11-15;10;1325
11;2025-11-15;11;1632
11;2025-11-15;12;1861
11;2025-11-15;13;1731
11;2025-11-15;14;1962
11;2025-11-15;15;1816
11;2025-11-15;16;1703
11;2025-11-15;17;1803
11;2025-11-15;18;1431
11;2025-11-15;19;1393
11;2025-11-15;20;931
11;2025-11-15;21;675
11;2025-11-15;22;394
11;2025-11-15;23;264
11;2025-11-16;0;114
11;2025-11-16;1;16
11;2025-11-16;2;0
11;2025-11-16;3;0
11;2025-11-16;4;0
11;2025-11-16;5;108
11;2025-11-16;6;499
11;2025-11-16;7;494
11;2025-11-16;8;693
11;2025-11-16;9;943
11;2025-11-16;10;1043
11;2025-11-16;11;1531
11;2025-11-16;12;1606
11;2025-11-16;13;1552
11;2025-11-16;14;1660
11;2025-11-16;15;1629
11;2025-11-16;16;1535
11;2025-11-16;17;1708
11;2025-11-16;18;1256
11;2025-11-16;19;1002
11;2025-11-16;20;773
11;2025-11-16;21;592
11;2025-11-16;22;346
11;2025-11-16;23;241
11;2025-11-17;0;72
11;2025-11-17;1;13
11;2025-11-17;2;0
11;2025-11-17;3;0
11;2025-11-17;4;1
11;2025-11-17;5;233
11;2025-11-17;6;1325
11;2025-11-17;7;2347
11;2025-11-17;8;3142
11;2025-11-17;9;2329
11;2025-11-17;10;1871
11;2025-11-17;11;1858
11;2025-11-17;12;1786
11;2025-11-17;13;1843
11;2025-11-17;14;1974
11;2025-11-17;15;2052
11;2025-11-17;16;2185
11;2025-11-17;17;2740
11;2025-11-17;18;2900
11;2025-11-17;19;2127
11;2025-11-17;20;1153
11;2025-11-17;21;756
11;2025-11-17;22;318
11;2025-11-17;23;200
11;2025-11-18;0;56
11;2025-11-18;1;0
11;2025-11-18;2;0
11;2025-11-18;3;0
11;2025-11-18;4;0
11;2025-11-18;5;241
11;2025-11-18;6;1278
11;2025-11-18;7;2463
11;2025-11-18;8;3183
11;2025-11-18;9;2437
11;2025-11-18;10;2019
11;2025-11-18;11;1899
11;2025-11-18;12;1955
11;2025-11-18;13;2077
11;2025-11-18;14;2032
11;2025-11-18;15;1909
11;2025-11-18;16;2155
11;2025-11-18;17;2744
11;2025-11-18;18;3035
11;2025-11-18;19;2235
11;2025-11-18;20;1425
11;2025-11-18;21;786
11;2025-11-18;22;380
11;2025-11-18;23;235
11;2025-11-19;0;56
11;2025-11-19;1;0
11;2025-11-19;2;0
11;2025-11-19;3;0
11;2025-11-19;4;0
11;2025-11-19;5;241
11;2025-11-19;6;1278
11;2025-11-19;7;2463
11;2025-11-19;8;3183
11;2025-11-19;9;2437
11;2025-11-19;10;2019
11;2025-11-19;11;1899
11;2025-11-19;12;1955
11;2025-11-19;13;2077
11;2025-11-19;14;2032
11;2025-11-19;15;1909
11;2025-11-19;16;2155
11;2025-11-19;17;2744
11;2025-11-19;18;3035
11;2025-11-19;19;2235
11;2025-11-19;20;1425
11;2025-11-19;21;786
11;2025-11-19;22;380
11;2025-11-19;23;235
11;2025-11-20;0;56
11;2025-11-20;1;0
11;2025-11-20;2;0
11;2025-11-20;3;0
11;2025-11-20;4;0
11;2025-11-20;5;241
11;2025-11-20;6;1278
11;2025-11-20;7;2463
11;2025-11-20;8;3183
11;2025-11-20;9;2437
11;2025-11-20;10;2019
11;2025-11-20;11;1899
11;2025-11-20;12;1955
11;2025-11-20;13;2077
11;2025-11-20;14;2032
11;2025-11-20;15;1909
11;2025-11-20;16;2155
11;2025-11-20;17;2744
11;2025-11-20;18;3035
11;2025-11-20;19;2235
11;2025-11-20;20;1425
11;2025-11-20;21;786
11;2025-11-20;22;380
11;2025-11-20;23;235
11;2025-11-21;0;69
11;2025-11-21;1;3
11;2025-11-21;2;0
11;2025-11-21;3;0
11;2025-11-21;4;0
11;2025-11-21;5;255
11;2025-11-21;6;1296
11;2025-11-21;7;2418
11;2025-11-21;8;3280
11;2025-11-21;9;2217
11;2025-11-21;10;1840
11;2025-11-21;11;1739
11;2025-11-21;12;1890
11;2025-11-21;13;1857
11;2025-11-21;14;2066
11;2025-11-21;15;2051
11;2025-11-21;16;2276
11;2025-11-21;17;2884
11;2025-11-21;18;2409
11;2025-11-21;19;1805
11;2025-11-21;20;1312
11;2025-11-21;21;818
11;2025-11-21;22;370
11;2025-11-21;23;333
11;2025-11-22;0;107
11;2025-11-22;1;1
11;2025-11-22;2;0
11;2025-11-22;3;0
11;2025-11-22;4;0
11;2025-11-22;5;168
11;2025-11-22;6;838
11;2025-11-22;7;761
11;2025-11-22;8;1045
11;2025-11-22;9;1170
11;2025-11-22;10;1397
11;2025-11-22;11;1721
11;2025-11-22;12;1963
11;2025-11-22;13;1826
11;2025-11-22;14;2069
11;2025-11-22;15;1915
11;2025-11-22;16;1795
11;2025-11-22;17;1901
11;2025-11-22;18;1509
11;2025-11-22;19;1469
11;2025-11-22;20;982
11;2025-11-22;21;712
11;2025-11-22;22;416
11;2025-11-22;23;278
11;2025-11-23;0;114
11;2025-11-23;1;16
11;2025-11-23;2;0
11;2025-11-23;3;0
11;2025-11-23;4;0
11;2025-11-23;5;108
11;2025-11-23;6;499
11;2025-11-23;7;494
11;2025-11-23;8;693
11;2025-11-23;9;943
11;2025-11-23;10;1043
11;2025-11-23;11;1531
11;2025-11-23;12;1606
11;2025-11-23;13;1552
11;2025-11-23;14;1660
11;2025-11-23;15;1629
11;2025-11-23;16;1535
11;2025-11-23;17;1708
11;2025-11-23;18;1256
11;2025-11-23;19;1002
11;2025-11-23;20;773
11;2025-11-23;21;592
11;2025-11-23;22;346
11;2025-11-23;23;241
11;2025-11-24;0;72
11;2025-11-24;1;13
11;2025-11-24;2;0
11;2025-11-24;3;0
11;2025-11-24;4;1
11;2025-11-24;5;233
11;2025-11-24;6;1325
11;2025-11-24;7;2347
11;2025-11-24;8;3142
11;2025-11-24;9;2329
11;2025-11-24;10;1871
11;2025-11-24;11;1858
11;2025-11-24;12;1786
11;2025-11-24;13;1843
11;2025-11-24;14;1974
11;2025-11-24;15;2052
11;2025-11-24;16;2185
11;2025-11-24;17;2740
11;2025-11-24;18;2900
11;2025-11-24;19;2127
11;2025-11-24;20;1153
11;2025-11-24;21;756
11;2025-11-24;22;318
11;2025-11-24;23;200
11;2025-11-25;0;56
11;2025-11-25;1;0
11;2025-11-25;2;0
11;2025-11-25;3;0
11;2025-11-25;4;0
11;2025-11-25;5;241
11;2025-11-25;6;1278
11;2025-11-25;7;2463
11;2025-11-25;8;3183
11;2025-11-25;9;2437
11;2025-11-25;10;2019
11;2025-11-25;11;1899
11;2025-11-25;12;1955
11;2025-11-25;13;2077
11;2025-11-25;14;2032
11;2025-11-25;15;1909
11;2025-11-25;16;2155
11;2025-11-25;17;2744
11;2025-11-25;18;3035
11;2025-11-25;19;2235
11;2025-11-25;20;1425
11;2025-11-25;21;786
11;2025-11-25;22;380
11;2025-11-25;23;235
11;2025-11-26;0;56
11;2025-11-26;1;0
11;2025-11-26;2;0
11;2025-11-26;3;0
11;2025-11-26;4;0
11;2025-11-26;5;241
11;2025-11-26;6;1278
11;2025-11-26;7;2463
11;2025-11-26;8;3183
11;2025-11-26;9;2437
11;2025-11-26;10;2019
11;2025-11-26;11;1899
11;2025-11-26;12;1955
11;2025-11-26;13;2077
11;2025-11-26;14;2032
11;2025-11-26;15;1909
11;2025-11-26;16;2155
11;2025-11-26;17;2744
11;2025-11-26;18;3035
11;2025-11-26;19;2235
11;2025-11-26;20;1425
11;2025-11-26;21;786
11;2025-11-26;22;380
11;2025-11-26;23;235
11;2025-11-27;0;56
11;2025-11-27;1;0
11;2025-11-27;2;0
11;2025-11-27;3;0
11;2025-11-27;4;0
11;2025-11-27;5;241
11;2025-11-27;6;1278
11;2025-11-27;7;2463
11;2025-11-27;8;3183
11;2025-11-27;9;2437
11;2025-11-27;10;2019
11;2025-11-27;11;1899
11;2025-11-27;12;1955
11;2025-11-27;13;2077
11;2025-11-27;14;2032
11;2025-11-27;15;1909
11;2025-11-27;16;2155
11;2025-11-27;17;2744
11;2025-11-27;18;3035
11;2025-11-27;19;2235
11;2025-11-27;20;1425
11;2025-11-27;21;786
11;2025-11-27;22;380
11;2025-11-27;23;235
11;2025-11-28;0;69
11;2025-11-28;1;3
11;2025-11-28;2;0
11;2025-11-28;3;0
11;2025-11-28;4;0
11;2025-11-28;5;255
11;2025-11-28;6;1296
11;2025-11-28;7;2418
11;2025-11-28;8;3280
11;2025-11-28;9;2217
11;2025-11-28;10;1840
11;2025-11-28;11;1739
11;2025-11-28;12;1890
11;2025-11-28;13;1857
11;2025-11-28;14;2066
11;2025-11-28;15;2051
11;2025-11-28;16;2276
11;2025-11-28;17;2884
11;2025-11-28;18;2409
11;2025-11-28;19;1805
11;2025-11-28;20;1312
11;2025-11-28;21;818
11;2025-11-28;22;370
11;2025-11-28;23;333
11;2025-11-29;0;107
11;2025-11-29;1;1
11;2025-11-29;2;0
11;2025-11-29;3;0
11;2025-11-29;4;0
11;2025-11-29;5;168
11;2025-11-29;6;838
11;2025-11-29;7;761
11;2025-11-29;8;1045
11;2025-11-29;9;1170
11;2025-11-29;10;1397
11;2025-11-29;11;1721
11;2025-11-29;12;1963
11;2025-11-29;13;1826
11;2025-11-29;14;2069
11;2025-11-29;15;1915
11;2025-11-29;16;1795
11;2025-11-29;17;1901
11;2025-11-29;18;1509
11;2025-11-29;19;1469
11;2025-11-29;20;982
11;2025-11-29;21;712
11;2025-11-29;22;416
11;2025-11-29;23;278
11;2025-11-30;0;114
11;2025-11-30;1;16
11;2025-11-30;2;0
11;2025-11-30;3;0
11;2025-11-30;4;0
11;2025-11-30;5;108
11;2025-11-30;6;499
11;2025-11-30;7;494
11;2025-11-30;8;693
11;2025-11-30;9;943
11;2025-11-30;10;1043
11;2025-11-30;11;1531
11;2025-11-30;12;1606
11;2025-11-30;13;1552
11;2025-11-30;14;1660
11;2025-11-30;15;1629
11;2025-11-30;16;1535
11;2025-11-30;17;1708
11;2025-11-30;18;1256
11;2025-11-30;19;1002
11;2025-11-30;20;773
11;2025-11-30;21;592
11;2025-11-30;22;346
11;2025-11-30;23;241
11;2025-12-01;0;72
11;2025-12-01;1;13
11;2025-12-01;2;0
11;2025-12-01;3;0
11;2025-12-01;4;1
11;2025-12-01;5;233
11;2025-12-01;6;1325
11;2025-12-01;7;2347
11;2025-12-01;8;3142
11;2025-12-01;9;2329
11;2025-12-01;10;1871
11;2025-12-01;11;1858
11;2025-12-01;12;1786
11;2025-12-01;13;1843
11;2025-12-01;14;1974
11;2025-12-01;15;2052
11;2025-12-01;16;2185
11;2025-12-01;17;2740
11;2025-12-01;18;2900
11;2025-12-01;19;2127
11;2025-12-01;20;1153
11;2025-12-01;21;756
11;2025-12-01;22;318
11;2025-12-01;23;200
11;2025-12-02;0;56
11;2025-12-02;1;0
11;2025-12-02;2;0
11;2025-12-02;3;0
11;2025-12-02;4;0
11;2025-12-02;5;241
11;2025-12-02;6;1278
11;2025-12-02;7;2463
11;2025-12-02;8;3183
11;2025-12-02;9;2437
11;2025-12-02;10;2019
11;2025-12-02;11;1899
11;2025-12-02;12;1955
11;2025-12-02;13;2077
11;2025-12-02;14;2032
11;2025-12-02;15;1909
11;2025-12-02;16;2155
11;2025-12-02;17;2744
11;2025-12-02;18;3035
11;2025-12-02;19;2235
11;2025-12-02;20;1425
11;2025-12-02;21;786
11;2025-12-02;22;380
11;2025-12-02;23;235
11;2025-12-03;0;56
11;2025-12-03;1;0
11;2025-12-03;2;0
11;2025-12-03;3;0
11;2025-12-03;4;0
11;2025-12-03;5;241
11;2025-12-03;6;1278
11;2025-12-03;7;2463
11;2025-12-03;8;3183
11;2025-12-03;9;2437
11;2025-12-03;10;2019
11;2025-12-03;11;1899
11;2025-12-03;12;1955
11;2025-12-03;13;2077
11;2025-12-03;14;2032
11;2025-12-03;15;1909
11;2025-12-03;16;2155
11;2025-12-03;17;2744
11;2025-12-03;18;3035
11;2025-12-03;19;2235
11;2025-12-03;20;1425
11;2025-12-03;21;786
11;2025-12-03;22;380
11;2025-12-03;23;235
11;2025-12-04;0;56
11;2025-12-04;1;0
11;2025-12-04;2;0
11;2025-12-04;3;0
11;2025-12-04;4;0
11;2025-12-04;5;241
11;2025-12-04;6;1278
11;2025-12-04;7;2463
11;2025-12-04;8;3183
11;2025-12-04;9;2437
11;2025-12-04;10;2019
11;2025-12-04;11;1899
11;2025-12-04;12;1955
11;2025-12-04;13;2077
11;2025-12-04;14;2032
11;2025-12-04;15;1909
11;2025-12-04;16;2155
11;2025-12-04;17;2744
11;2025-12-04;18;3035
11;2025-12-04;19;2235
11;2025-12-04;20;1425
11;2025-12-04;21;786
11;2025-12-04;22;380
11;2025-12-04;23;235
11;2025-12-05;0;69
11;2025-12-05;1;3
11;2025-12-05;2;0
11;2025-12-05;3;0
11;2025-12-05;4;0
11;2025-12-05;5;255
11;2025-12-05;6;1296
11;2025-12-05;7;2418
11;2025-12-05;8;3280
11;2025-12-05;9;2217
11;2025-12-05;10;1840
11;2025-12-05;11;1739
11;2025-12-05;12;1890
11;2025-12-05;13;1857
11;2025-12-05;14;2066
11;2025-12-05;15;2051
11;2025-12-05;16;2276
11;2025-12-05;17;2884
11;2025-12-05;18;2409
11;2025-12-05;19;1805
11;2025-12-05;20;1312
11;2025-12-05;21;818
11;2025-12-05;22;370
11;2025-12-05;23;333
11;2025-12-06;0;107
11;2025-12-06;1;1
11;2025-12-06;2;0
11;2025-12-06;3;0
11;2025-12-06;4;0
11;2025-12-06;5;168
11;2025-12-06;6;838
11;2025-12-06;7;761
11;2025-12-06;8;1045
11;2025-12-06;9;1170
11;2025-12-06;10;1397
11;2025-12-06;11;1721
11;2025-12-06;12;1963
11;2025-12-06;13;1826
11;2025-12-06;14;2069
11;2025-12-06;15;1915
11;2025-12-06;16;1795
11;2025-12-06;17;1901
11;2025-12-06;18;1509
11;2025-12-06;19;1469
11;2025-12-06;20;982
11;2025-12-06;21;712
11;2025-12-06;22;416
11;2025-12-06;23;278
11;2025-12-07;0;114
11;2025-12-07;1;16
11;2025-12-07;2;0
11;2025-12-07;3;0
11;2025-12-07;4;0
11;2025-12-07;5;108
11;2025-12-07;6;499
11;2025-12-07;7;494
11;2025-12-07;8;693
11;2025-12-07;9;943
11;2025-12-07;10;1043
11;2025-12-07;11;1531
11;2025-12-07;12;1606
11;2025-12-07;13;1552
11;2025-12-07;14;1660
11;2025-12-07;15;1629
11;2025-12-07;16;1535
11;2025-12-07;17;1708
11;2025-12-07;18;1256
11;2025-12-07;19;1002
11;2025-12-07;20;773
11;2025-12-07;21;592
11;2025-12-07;22;346
11;2025-12-07;23;241
11;2025-12-08;0;72
11;2025-12-08;1;13
11;2025-12-08;2;0
11;2025-12-08;3;0
11;2025-12-08;4;1
11;2025-12-08;5;233
11;2025-12-08;6;1325
11;2025-12-08;7;2347
11;2025-12-08;8;3142
11;2025-12-08;9;2329
11;2025-12-08;10;1871
11;2025-12-08;11;1858
11;2025-12-08;12;1786
11;2025-12-08;13;1843
11;2025-12-08;14;1974
11;2025-12-08;15;2052
11;2025-12-08;16;2185
11;2025-12-08;17;2740
11;2025-12-08;18;2900
11;2025-12-08;19;2127
11;2025-12-08;20;1153
11;2025-12-08;21;756
11;2025-12-08;22;318
11;2025-12-08;23;200
11;2025-12-09;0;56
11;2025-12-09;1;0
11;2025-12-09;2;0
11;2025-12-09;3;0
11;2025-12-09;4;0
11;2025-12-09;5;241
11;2025-12-09;6;1278
11;2025-12-09;7;2463
11;2025-12-09;8;3183
11;2025-12-09;9;2437
11;2025-12-09;10;2019
11;2025-12-09;11;1899
11;2025-12-09;12;1955
11;2025-12-09;13;2077
11;2025-12-09;14;2032
11;2025-12-09;15;1909
11;2025-12-09;16;2155
11;2025-12-09;17;2744
11;2025-12-09;18;3035
11;2025-12-09;19;2235
11;2025-12-09;20;1425
11;2025-12-09;21;786
11;2025-12-09;22;380
11;2025-12-09;23;235
11;2025-12-10;0;56
11;2025-12-10;1;0
11;2025-12-10;2;0
11;2025-12-10;3;0
11;2025-12-10;4;0
11;2025-12-10;5;241
11;2025-12-10;6;1278
11;2025-12-10;7;2463
11;2025-12-10;8;3183
11;2025-12-10;9;2437
11;2025-12-10;10;2019
11;2025-12-10;11;1899
11;2025-12-10;12;1955
11;2025-12-10;13;2077
11;2025-12-10;14;2032
11;2025-12-10;15;1909
11;2025-12-10;16;2155
11;2025-12-10;17;2744
11;2025-12-10;18;3035
11;2025-12-10;19;2235
11;2025-12-10;20;1425
11;2025-12-10;21;786
11;2025-12-10;22;380
11;2025-12-10;23;235
11;2025-12-11;0;56
11;2025-12-11;1;0
11;2025-12-11;2;0
11;2025-12-11;3;0
11;2025-12-11;4;0
11;2025-12-11;5;241
11;2025-12-11;6;1278
11;2025-12-11;7;2463
11;2025-12-11;8;3183
11;2025-12-11;9;2437
11;2025-12-11;10;2019
11;2025-12-11;11;1899
11;2025-12-11;12;1955
11;2025-12-11;13;2077
11;2025-12-11;14;2032
11;2025-12-11;15;1909
11;2025-12-11;16;2155
11;2025-12-11;17;2744
11;2025-12-11;18;3035
11;2025-12-11;19;2235
11;2025-12-11;20;1425
11;2025-12-11;21;786
11;2025-12-11;22;380
11;2025-12-11;23;235
11;2025-12-12;0;69
11;2025-12-12;1;3
11;2025-12-12;2;0
11;2025-12-12;3;0
11;2025-12-12;4;0
11;2025-12-12;5;255
11;2025-12-12;6;1296
11;2025-12-12;7;2418
11;2025-12-12;8;3280
11;2025-12-12;9;2217
11;2025-12-12;10;1840
11;2025-12-12;11;1739
11;2025-12-12;12;1890
11;2025-12-12;13;1857
11;2025-12-12;14;2066
11;2025-12-12;15;2051
11;2025-12-12;16;2276
11;2025-12-12;17;2884
11;2025-12-12;18;2409
11;2025-12-12;19;1805
11;2025-12-12;20;1312
11;2025-12-12;21;818
11;2025-12-12;22;370
11;2025-12-12;23;333
11;2025-12-13;0;107
11;2025-12-13;1;1
11;2025-12-13;2;0
11;2025-12-13;3;0
11;2025-12-13;4;0
11;2025-12-13;5;168
11;2025-12-13;6;838
11;2025-12-13;7;761
11;2025-12-13;8;1045
11;2025-12-13;9;1170
11;2025-12-13;10;1397
11;2025-12-13;11;1721
11;2025-12-13;12;1963
11;2025-12-13;13;1826
11;2025-12-13;14;2069
11;2025-12-13;15;1915
11;2025-12-13;16;1795
11;2025-12-13;17;1901
11;2025-12-13;18;1509
11;2025-12-13;19;1469
11;2025-12-13;20;982
11;2025-12-13;21;712
11;2025-12-13;22;416
11;2025-12-13;23;278
11;2025-12-14;0;114
11;2025-12-14;1;16
11;2025-12-14;2;0
11;2025-12-14;3;0
11;2025-12-14;4;0
11;2025-12-14;5;108
11;2025-12-14;6;499
11;2025-12-14;7;494
11;2025-12-14;8;693
11;2025-12-14;9;943
11;2025-12-14;10;1043
11;2025-12-14;11;1531
11;2025-12-14;12;1606
11;2025-12-14;13;1552
11;2025-12-14;14;1660
11;2025-12-14;15;1629
11;2025-12-14;16;1535
11;2025-12-14;17;1708
11;2025-12-14;18;1256
11;2025-12-14;19;1002
11;2025-12-14;20;773
11;2025-12-14;21;592
11;2025-12-14;22;346
11;2025-12-14;23;241
11;2025-12-15;0;72
11;2025-12-15;1;13
11;2025-12-15;2;0
11;2025-12-15;3;0
11;2025-12-15;4;1
11;2025-12-15;5;233
11;2025-12-15;6;1325
11;2025-12-15;7;2347
11;2025-12-15;8;3142
11;2025-12-15;9;2329
11;2025-12-15;10;1871
11;2025-12-15;11;1858
11;2025-12-15;12;1786
11;2025-12-15;13;1843
11;2025-12-15;14;1974
11;2025-12-15;15;2052
11;2025-12-15;16;2185
11;2025-12-15;17;2740
11;2025-12-15;18;2900
11;2025-12-15;19;2127
11;2025-12-15;20;1153
11;2025-12-15;21;756
11;2025-12-15;22;318
11;2025-12-15;23;200
11;2025-12-16;0;56
11;2025-12-16;1;0
11;2025-12-16;2;0
11;2025-12-16;3;0
11;2025-12-16;4;0
11;2025-12-16;5;241
11;2025-12-16;6;1278
11;2025-12-16;7;2463
11;2025-12-16;8;3183
11;2025-12-16;9;2437
11;2025-12-16;10;2019
11;2025-12-16;11;1899
11;2025-12-16;12;1955
11;2025-12-16;13;2077
11;2025-12-16;14;2032
11;2025-12-16;15;1909
11;2025-12-16;16;2155
11;2025-12-16;17;2744
11;2025-12-16;18;3035
11;2025-12-16;19;2235
11;2025-12-16;20;1425
11;2025-12-16;21;786
11;2025-12-16;22;380
11;2025-12-16;23;235
11;2025-12-17;0;56
11;2025-12-17;1;0
11;2025-12-17;2;0
11;2025-12-17;3;0
11;2025-12-17;4;0
11;2025-12-17;5;241
11;2025-12-17;6;1278
11;2025-12-17;7;2463
11;2025-12-17;8;3183
11;2025-12-17;9;2437
11;2025-12-17;10;2019
11;2025-12-17;11;1899
11;2025-12-17;12;1955
11;2025-12-17;13;2077
11;2025-12-17;14;2032
11;2025-12-17;15;1909
11;2025-12-17;16;2155
11;2025-12-17;17;2744
11;2025-12-17;18;3035
11;2025-12-17;19;2235
11;2025-12-17;20;1425
11;2025-12-17;21;786
11;2025-12-17;22;380
11;2025-12-17;23;235
11;2025-12-18;0;56
11;2025-12-18;1;0
11;2025-12-18;2;0
11;2025-12-18;3;0
11;2025-12-18;4;0
11;2025-12-18;5;241
11;2025-12-18;6;1278
11;2025-12-18;7;2463
11;2025-12-18;8;3183
11;2025-12-18;9;2437
11;2025-12-18;10;2019
11;2025-12-18;11;1899
11;2025-12-18;12;1955
11;2025-12-18;13;2077
11;2025-12-18;14;2032
11;2025-12-18;15;1909
11;2025-12-18;16;2155
11;2025-12-18;17;2744
11;2025-12-18;18;3035
11;2025-12-18;19;2235
11;2025-12-18;20;1425
11;2025-12-18;21;786
11;2025-12-18;22;380
11;2025-12-18;23;235
11;2025-12-19;0;69
11;2025-12-19;1;3
11;2025-12-19;2;0
11;2025-12-19;3;0
11;2025-12-19;4;0
11;2025-12-19;5;255
11;2025-12-19;6;1296
11;2025-12-19;7;2418
11;2025-12-19;8;3280
11;2025-12-19;9;2217
11;2025-12-19;10;1840
11;2025-12-19;11;1739
11;2025-12-19;12;1890
11;2025-12-19;13;1857
11;2025-12-19;14;2066
11;2025-12-19;15;2051
11;2025-12-19;16;2276
11;2025-12-19;17;2884
11;2025-12-19;18;2409
11;2025-12-19;19;1805
11;2025-12-19;20;1312
11;2025-12-19;21;818
11;2025-12-19;22;370
11;2025-12-19;23;333
11;2025-12-20;0;107
11;2025-12-20;1;1
11;2025-12-20;2;0
11;2025-12-20;3;0
11;2025-12-20;4;0
11;2025-12-20;5;168
11;2025-12-20;6;838
11;2025-12-20;7;761
11;2025-12-20;8;1045
11;2025-12-20;9;1170
11;2025-12-20;10;1397
11;2025-12-20;11;1721
11;2025-12-20;12;1963
11;2025-12-20;13;1826
11;2025-12-20;14;2069
11;2025-12-20;15;1915
11;2025-12-20;16;1795
11;2025-12-20;17;1901
11;2025-12-20;18;1509
11;2025-12-20;19;1469
11;2025-12-20;20;982
11;2025-12-20;21;712
11;2025-12-20;22;416
11;2025-12-20;23;278
11;2025-12-21;0;114
11;2025-12-21;1;16
11;2025-12-21;2;0
11;2025-12-21;3;0
11;2025-12-21;4;0
11;2025-12-21;5;108
11;2025-12-21;6;499
11;2025-12-21;7;494
11;2025-12-21;8;693
11;2025-12-21;9;943
11;2025-12-21;10;1043
11;2025-12-21;11;1531
11;2025-12-21;12;1606
11;2025-12-21;13;1552
11;2025-12-21;14;1660
11;2025-12-21;15;1629
11;2025-12-21;16;1535
11;2025-12-21;17;1708
11;2025-12-21;18;1256
11;2025-12-21;19;1002
11;2025-12-21;20;773
11;2025-12-21;21;592
11;2025-12-21;22;346
11;2025-12-21;23;241
11;2025-12-22;0;72
11;2025-12-22;1;13
11;2025-12-22;2;0
11;2025-12-22;3;0
11;2025-12-22;4;1
11;2025-12-22;5;233
11;2025-12-22;6;1325
11;2025-12-22;7;2347
11;2025-12-22;8;3142
11;2025-12-22;9;2329
11;2025-12-22;10;1871
11;2025-12-22;11;1858
11;2025-12-22;12;1786
11;2025-12-22;13;1843
11;2025-12-22;14;1974
11;2025-12-22;15;2052
11;2025-12-22;16;2185
11;2025-12-22;17;2740
11;2025-12-22;18;2900
11;2025-12-22;19;2127
11;2025-12-22;20;1153
11;2025-12-22;21;756
11;2025-12-22;22;318
11;2025-12-22;23;200
11;2025-12-23;0;56
11;2025-12-23;1;0
11;2025-12-23;2;0
11;2025-12-23;3;0
11;2025-12-23;4;0
11;2025-12-23;5;241
11;2025-12-23;6;1278
11;2025-12-23;7;2463
11;2025-12-23;8;3183
11;2025-12-23;9;2437
11;2025-12-23;10;2019
11;2025-12-23;11;1899
11;2025-12-23;12;1955
11;2025-12-23;13;2077
11;2025-12-23;14;2032
11;2025-12-23;15;1909
11;2025-12-23;16;2155
11;2025-12-23;17;2744
11;2025-12-23;18;3035
11;2025-12-23;19;2235
11;2025-12-23;20;1425
11;2025-12-23;21;786
11;2025-12-23;22;380
11;2025-12-23;23;235
11;2025-12-24;0;56
11;2025-12-24;1;0
11;2025-12-24;2;0
11;2025-12-24;3;0
11;2025-12-24;4;0
11;2025-12-24;5;241
11;2025-12-24;6;1278
11;2025-12-24;7;2463
11;2025-12-24;8;3183
11;2025-12-24;9;2437
11;2025-12-24;10;2019
11;2025-12-24;11;1899
11;2025-12-24;12;1955
11;2025-12-24;13;2077
11;2025-12-24;14;2032
11;2025-12-24;15;1909
11;2025-12-24;16;2155
11;2025-12-24;17;2744
11;2025-12-24;18;3035
11;2025-12-24;19;2235
11;2025-12-24;20;1425
11;2025-12-24;21;786
11;2025-12-24;22;380
11;2025-12-24;23;235
11;2025-12-25;0;56
11;2025-12-25;1;0
11;2025-12-25;2;0
11;2025-12-25;3;0
11;2025-12-25;4;0
11;2025-12-25;5;241
11;2025-12-25;6;1278
11;2025-12-25;7;2463
11;2025-12-25;8;3183
11;2025-12-25;9;2437
11;2025-12-25;10;2019
11;2025-12-25;11;1899
11;2025-12-25;12;1955
11;2025-12-25;13;2077
11;2025-12-25;14;2032
11;2025-12-25;15;1909
11;2025-12-25;16;2155
11;2025-12-25;17;2744
11;2025-12-25;18;3035
11;2025-12-25;19;2235
11;2025-12-25;20;1425
11;2025-12-25;21;786
11;2025-12-25;22;380
11;2025-12-25;23;235
11;2025-12-26;0;69
11;2025-12-26;1;3
11;2025-12-26;2;0
11;2025-12-26;3;0
11;2025-12-26;4;0
11;2025-12-26;5;255
11;2025-12-26;6;1296
11;2025-12-26;7;2418
11;2025-12-26;8;3280
11;2025-12-26;9;2217
11;2025-12-26;10;1840
11;2025-12-26;11;1739
11;2025-12-26;12;1890
11;2025-12-26;13;1857
11;2025-12-26;14;2066
11;2025-12-26;15;2051
11;2025-12-26;16;2276
11;2025-12-26;17;2884
11;2025-12-26;18;2409
11;2025-12-26;19;1805
11;2025-12-26;20;1312
11;2025-12-26;21;818
11;2025-12-26;22;370
11;2025-12-26;23;333
11;2025-12-27;0;107
11;2025-12-27;1;1
11;2025-12-27;2;0
11;2025-12-27;3;0
11;2025-12-27;4;0
11;2025-12-27;5;168
11;2025-12-27;6;838
11;2025-12-27;7;761
11;2025-12-27;8;1045
11;2025-12-27;9;1170
11;2025-12-27;10;1397
11;2025-12-27;11;1721
11;2025-12-27;12;1963
11;2025-12-27;13;1826
11;2025-12-27;14;2069
11;2025-12-27;15;1915
11;2025-12-27;16;1795
11;2025-12-27;17;1901
11;2025-12-27;18;1509
11;2025-12-27;19;1469
11;2025-12-27;20;982
11;2025-12-27;21;712
11;2025-12-27;22;416
11;2025-12-27;23;278
11;2025-12-28;0;114
11;2025-12-28;1;16
11;2025-12-28;2;0
11;2025-12-28;3;0
11;2025-12-28;4;0
11;2025-12-28;5;108
11;2025-12-28;6;499
11;2025-12-28;7;494
11;2025-12-28;8;693
11;2025-12-28;9;943
11;2025-12-28;10;1043
11;2025-12-28;11;1531
11;2025-12-28;12;1606
11;2025-12-28;13;1552
11;2025-12-28;14;1660
11;2025-12-28;15;1629
11;2025-12-28;16;1535
11;2025-12-28;17;1708
11;2025-12-28;18;1256
11;2025-12-28;19;1002
11;2025-12-28;20;773
11;2025-12-28;21;592
11;2025-12-28;22;346
11;2025-12-28;23;241
11;2025-12-29;0;59
11;2025-12-29;1;2
11;2025-12-29;2;0
11;2025-12-29;3;0
11;2025-12-29;4;0
11;2025-12-29;5;219
11;2025-12-29;6;1114
11;2025-12-29;7;2080
11;2025-12-29;8;2821
11;2025-12-29;9;1907
11;2025-12-29;10;1582
11;2025-12-29;11;1496
11;2025-12-29;12;1626
11;2025-12-29;13;1597
11;2025-12-29;14;1777
11;2025-12-29;15;1764
11;2025-12-29;16;1957
11;2025-12-29;17;2480
11;2025-12-29;18;2072
11;2025-12-29;19;1552
11;2025-12-29;20;1128
11;2025-12-29;21;704
11;2025-12-29;22;318
11;2025-12-29;23;286
11;2025-12-30;0;59
11;2025-12-30;1;2
11;2025-12-30;2;0
11;2025-12-30;3;0
11;2025-12-30;4;0
11;2025-12-30;5;219
11;2025-12-30;6;1114
11;2025-12-30;7;2080
11;2025-12-30;8;2821
11;2025-12-30;9;1907
11;2025-12-30;10;1582
11;2025-12-30;11;1496
11;2025-12-30;12;1626
11;2025-12-30;13;1597
11;2025-12-30;14;1777
11;2025-12-30;15;1764
11;2025-12-30;16;1957
11;2025-12-30;17;2480
11;2025-12-30;18;2072
11;2025-12-30;19;1552
11;2025-12-30;20;1128
11;2025-12-30;21;704
11;2025-12-30;22;318
11;2025-12-30;23;286
11;2025-12-31;0;91
11;2025-12-31;1;1
11;2025-12-31;2;0
11;2025-12-31;3;0
11;2025-12-31;4;0
11;2025-12-31;5;143
11;2025-12-31;6;713
11;2025-12-31;7;647
11;2025-12-31;8;888
11;2025-12-31;9;995
11;2025-12-31;10;1188
11;2025-12-31;11;1463
11;2025-12-31;12;1668
11;2025-12-31;13;1552
11;2025-12-31;14;1759
11;2025-12-31;15;1628
11;2025-12-31;16;1526
11;2025-12-31;17;1616
11;2025-12-31;18;1283
11;2025-12-31;19;687
11;2025-12-31;20;459
11;2025-12-31;21;333
11;2025-12-31;22;194
11;2025-12-31;23;130
12;2025-11-01;0;48
12;2025-11-01;1;1
12;2025-11-01;2;0
12;2025-11-01;3;0
12;2025-11-01;4;4
12;2025-11-01;5;281
12;2025-11-01;6;1219
12;2025-11-01;7;2338
12;2025-11-01;8;2886
12;2025-11-01;9;2166
12;2025-11-01;10;1629
12;2025-11-01;11;1618
12;2025-11-01;12;1654
12;2025-11-01;13;1874
12;2025-11-01;14;1695
12;2025-11-01;15;1903
12;2025-11-01;16;2500
12;2025-11-01;17;2498
12;2025-11-01;18;2192
12;2025-11-01;19;1807
12;2025-11-01;20;1183
12;2025-11-01;21;860
12;2025-11-01;22;431
12;2025-11-01;23;286
12;2025-11-02;0;84
12;2025-11-02;1;4
12;2025-11-02;2;0
12;2025-11-02;3;0
12;2025-11-02;4;3
12;2025-11-02;5;134
12;2025-11-02;6;529
12;2025-11-02;7;719
12;2025-11-02;8;734
12;2025-11-02;9;921
12;2025-11-02;10;1163
12;2025-11-02;11;1268
12;2025-11-02;12;1346
12;2025-11-02;13;1579
12;2025-11-02;14;1479
12;2025-11-02;15;1511
12;2025-11-02;16;1513
12;2025-11-02;17;1566
12;2025-11-02;18;1359
12;2025-11-02;19;1012
12;2025-11-02;20;788
12;2025-11-02;21;604
12;2025-11-02;22;394
12;2025-11-02;23;199
12;2025-11-03;0;81
12;2025-11-03;1;3
12;2025-11-03;2;0
12;2025-11-03;3;0
12;2025-11-03;4;3
12;2025-11-03;5;129
12;2025-11-03;6;512
12;2025-11-03;7;695
12;2025-11-03;8;710
12;2025-11-03;9;890
12;2025-11-03;10;1125
12;2025-11-03;11;1226
12;2025-11-03;12;1302
12;2025-11-03;13;1527
12;2025-11-03;14;1430
12;2025-11-03;15;1461
12;2025-11-03;16;1463
12;2025-11-03;17;1514
12;2025-11-03;18;1314
12;2025-11-03;19;979
12;2025-11-03;20;762
12;2025-11-03;21;584
12;2025-11-03;22;381
12;2025-11-03;23;192
12;2025-11-04;0;81
12;2025-11-04;1;3
12;2025-11-04;2;0
12;2025-11-04;3;0
12;2025-11-04;4;3
12;2025-11-04;5;129
12;2025-11-04;6;512
12;2025-11-04;7;695
12;2025-11-04;8;710
12;2025-11-04;9;890
12;2025-11-04;10;1125
12;2025-11-04;11;1226
12;2025-11-04;12;1302
12;2025-11-04;13;1527
12;2025-11-04;14;1430
12;2025-11-04;15;1461
12;2025-11-04;16;1463
12;2025-11-04;17;1514
12;2025-11-04;18;1314
12;2025-11-04;19;979
12;2025-11-04;20;762
12;2025-11-04;21;584
12;2025-11-04;22;381
12;2025-11-04;23;192
12;2025-11-05;0;55
12;2025-11-05;1;1
12;2025-11-05;2;0
12;2025-11-05;3;0
12;2025-11-05;4;7
12;2025-11-05;5;323
12;2025-11-05;6;1453
12;2025-11-05;7;2772
12;2025-11-05;8;3722
12;2025-11-05;9;2650
12;2025-11-05;10;2166
12;2025-11-05;11;2066
12;2025-11-05;12;2090
12;2025-11-05;13;2128
12;2025-11-05;14;1991
12;2025-11-05;15;2235
12;2025-11-05;16;2727
12;2025-11-05;17;3089
12;2025-11-05;18;3227
12;2025-11-05;19;2405
12;2025-11-05;20;1576
12;2025-11-05;21;982
12;2025-11-05;22;498
12;2025-11-05;23;263
12;2025-11-06;0;55
12;2025-11-06;1;1
12;2025-11-06;2;0
12;2025-11-06;3;0
12;2025-11-06;4;7
12;2025-11-06;5;323
12;2025-11-06;6;1453
12;2025-11-06;7;2772
12;2025-11-06;8;3722
12;2025-11-06;9;2650
12;2025-11-06;10;2166
12;2025-11-06;11;2066
12;2025-11-06;12;2090
12;2025-11-06;13;2128
12;2025-11-06;14;1991
12;2025-11-06;15;2235
12;2025-11-06;16;2727
12;2025-11-06;17;3089
12;2025-11-06;18;3227
12;2025-11-06;19;2405
12;2025-11-06;20;1576
12;2025-11-06;21;982
12;2025-11-06;22;498
12;2025-11-06;23;263
12;2025-11-07;0;56
12;2025-11-07;1;1
12;2025-11-07;2;0
12;2025-11-07;3;0
12;2025-11-07;4;5
12;2025-11-07;5;331
12;2025-11-07;6;1434
12;2025-11-07;7;2750
12;2025-11-07;8;3395
12;2025-11-07;9;2548
12;2025-11-07;10;1916
12;2025-11-07;11;1904
12;2025-11-07;12;1946
12;2025-11-07;13;2204
12;2025-11-07;14;1994
12;2025-11-07;15;2239
12;2025-11-07;16;2941
12;2025-11-07;17;2938
12;2025-11-07;18;2579
12;2025-11-07;19;2126
12;2025-11-07;20;1391
12;2025-11-07;21;1012
12;2025-11-07;22;507
12;2025-11-07;23;336
12;2025-11-08;0;69
12;2025-11-08;1;2
12;2025-11-08;2;0
12;2025-11-08;3;0
12;2025-11-08;4;2
12;2025-11-08;5;227
12;2025-11-08;6;806
12;2025-11-08;7;916
12;2025-11-08;8;1068
12;2025-11-08;9;1272
12;2025-11-08;10;1512
12;2025-11-08;11;1533
12;2025-11-08;12;1574
12;2025-11-08;13;1786
12;2025-11-08;14;1613
12;2025-11-08;15;1585
12;2025-11-08;16;1707
12;2025-11-08;17;1635
12;2025-11-08;18;1624
12;2025-11-08;19;1365
12;2025-11-08;20;959
12;2025-11-08;21;778
12;2025-11-08;22;396
12;2025-11-08;23;297
12;2025-11-09;0;84
12;2025-11-09;1;4
12;2025-11-09;2;0
12;2025-11-09;3;0
12;2025-11-09;4;3
12;2025-11-09;5;134
12;2025-11-09;6;529
12;2025-11-09;7;719
12;2025-11-09;8;734
12;2025-11-09;9;921
12;2025-11-09;10;1163
12;2025-11-09;11;1268
12;2025-11-09;12;1346
12;2025-11-09;13;1579
12;2025-11-09;14;1479
12;2025-11-09;15;1511
12;2025-11-09;16;1513
12;2025-11-09;17;1566
12;2025-11-09;18;1359
12;2025-11-09;19;1012
12;2025-11-09;20;788
12;2025-11-09;21;604
12;2025-11-09;22;394
12;2025-11-09;23;199
12;2025-11-10;0;53
12;2025-11-10;1;3
12;2025-11-10;2;0
12;2025-11-10;3;0
12;2025-11-10;4;7
12;2025-11-10;5;307
12;2025-11-10;6;1446
12;2025-11-10;7;2676
12;2025-11-10;8;3571
12;2025-11-10;9;2486
12;2025-11-10;10;1966
12;2025-11-10;11;1883
12;2025-11-10;12;2063
12;2025-11-10;13;1992
12;2025-11-10;14;1978
12;2025-11-10;15;2174
12;2025-11-10;16;2704
12;2025-11-10;17;2999
12;2025-11-10;18;3157
12;2025-11-10;19;2335
12;2025-11-10;20;1629
12;2025-11-10;21;964
12;2025-11-10;22;465
12;2025-11-10;23;235
12;2025-11-11;0;55
12;2025-11-11;1;1
12;2025-11-11;2;0
12;2025-11-11;3;0
12;2025-11-11;4;7
12;2025-11-11;5;323
12;2025-11-11;6;1453
12;2025-11-11;7;2772
12;2025-11-11;8;3722
12;2025-11-11;9;2650
12;2025-11-11;10;2166
12;2025-11-11;11;2066
12;2025-11-11;12;2090
12;2025-11-11;13;2128
12;2025-11-11;14;1991
12;2025-11-11;15;2235
12;2025-11-11;16;2727
12;2025-11-11;17;3089
12;2025-11-11;18;3227
12;2025-11-11;19;2405
12;2025-11-11;20;1576
12;2025-11-11;21;982
12;2025-11-11;22;498
12;2025-11-11;23;263
12;2025-11-12;0;55
12;2025-11-12;1;1
12;2025-11-12;2;0
12;2025-11-12;3;0
12;2025-11-12;4;7
12;2025-11-12;5;323
12;2025-11-12;6;1453
12;2025-11-12;7;2772
12;2025-11-12;8;3722
12;2025-11-12;9;2650
12;2025-11-12;10;2166
12;2025-11-12;11;2066
12;2025-11-12;12;2090
12;2025-11-12;13;2128
12;2025-11-12;14;1991
12;2025-11-12;15;2235
12;2025-11-12;16;2727
12;2025-11-12;17;3089
12;2025-11-12;18;3227
12;2025-11-12;19;2405
12;2025-11-12;20;1576
12;2025-11-12;21;982
12;2025-11-12;22;498
12;2025-11-12;23;263
12;2025-11-13;0;55
12;2025-11-13;1;1
12;2025-11-13;2;0
12;2025-11-13;3;0
12;2025-11-13;4;7
12;2025-11-13;5;323
12;2025-11-13;6;1453
12;2025-11-13;7;2772
12;2025-11-13;8;3722
12;2025-11-13;9;2650
12;2025-11-13;10;2166
12;2025-11-13;11;2066
12;2025-11-13;12;2090
12;2025-11-13;13;2128
12;2025-11-13;14;1991
12;2025-11-13;15;2235
12;2025-11-13;16;2727
12;2025-11-13;17;3089
12;2025-11-13;18;3227
12;2025-11-13;19;2405
12;2025-11-13;20;1576
12;2025-11-13;21;982
12;2025-11-13;22;498
12;2025-11-13;23;263
12;2025-11-14;0;56
12;2025-11-14;1;1
12;2025-11-14;2;0
12;2025-11-14;3;0
12;2025-11-14;4;5
12;2025-11-14;5;331
12;2025-11-14;6;1434
12;2025-11-14;7;2750
12;2025-11-14;8;3395
12;2025-11-14;9;2548
12;2025-11-14;10;1916
12;2025-11-14;11;1904
12;2025-11-14;12;1946
12;2025-11-14;13;2204
12;2025-11-14;14;1994
12;2025-11-14;15;2239
12;2025-11-14;16;2941
12;2025-11-14;17;2938
12;2025-11-14;18;2579
12;2025-11-14;19;2126
12;2025-11-14;20;1391
12;2025-11-14;21;1012
12;2025-11-14;22;507
12;2025-11-14;23;336
12;2025-11-15;0;65
12;2025-11-15;1;2
12;2025-11-15;2;0
12;2025-11-15;3;0
12;2025-11-15;4;1
12;2025-11-15;5;215
12;2025-11-15;6;764
12;2025-11-15;7;869
12;2025-11-15;8;1013
12;2025-11-15;9;1206
12;2025-11-15;10;1433
12;2025-11-15;11;1454
12;2025-11-15;12;1492
12;2025-11-15;13;1694
12;2025-11-15;14;1530
12;2025-11-15;15;1503
12;2025-11-15;16;1618
12;2025-11-15;17;1550
12;2025-11-15;18;1540
12;2025-11-15;19;1295
12;2025-11-15;20;909
12;2025-11-15;21;738
12;2025-11-15;22;376
12;2025-11-15;23;282
12;2025-11-16;0;84
12;2025-11-16;1;4
12;2025-11-16;2;0
12;2025-11-16;3;0
12;2025-11-16;4;3
12;2025-11-16;5;134
12;2025-11-16;6;529
12;2025-11-16;7;719
12;2025-11-16;8;734
12;2025-11-16;9;921
12;2025-11-16;10;1163
12;2025-11-16;11;1268
12;2025-11-16;12;1346
12;2025-11-16;13;1579
12;2025-11-16;14;1479
12;2025-11-16;15;1511
12;2025-11-16;16;1513
12;2025-11-16;17;1566
12;2025-11-16;18;1359
12;2025-11-16;19;1012
12;2025-11-16;20;788
12;2025-11-16;21;604
12;2025-11-16;22;394
12;2025-11-16;23;199
12;2025-11-17;0;53
12;2025-11-17;1;3
12;2025-11-17;2;0
12;2025-11-17;3;0
12;2025-11-17;4;7
12;2025-11-17;5;307
12;2025-11-17;6;1446
12;2025-11-17;7;2676
12;2025-11-17;8;3571
12;2025-11-17;9;2486
12;2025-11-17;10;1966
12;2025-11-17;11;1883
12;2025-11-17;12;2063
12;2025-11-17;13;1992
12;2025-11-17;14;1978
12;2025-11-17;15;2174
12;2025-11-17;16;2704
12;2025-11-17;17;2999
12;2025-11-17;18;3157
12;2025-11-17;19;2335
12;2025-11-17;20;1629
12;2025-11-17;21;964
12;2025-11-17;22;465
12;2025-11-17;23;235
12;2025-11-18;0;55
12;2025-11-18;1;1
12;2025-11-18;2;0
12;2025-11-18;3;0
12;2025-11-18;4;7
12;2025-11-18;5;323
12;2025-11-18;6;1453
12;2025-11-18;7;2772
12;2025-11-18;8;3722
12;2025-11-18;9;2650
12;2025-11-18;10;2166
12;2025-11-18;11;2066
12;2025-11-18;12;2090
12;2025-11-18;13;2128
12;2025-11-18;14;1991
12;2025-11-18;15;2235
12;2025-11-18;16;2727
12;2025-11-18;17;3089
12;2025-11-18;18;3227
12;2025-11-18;19;2405
12;2025-11-18;20;1576
12;2025-11-18;21;982
12;2025-11-18;22;498
12;2025-11-18;23;263
12;2025-11-19;0;55
12;2025-11-19;1;1
12;2025-11-19;2;0
12;2025-11-19;3;0
12;2025-11-19;4;7
12;2025-11-19;5;323
12;2025-11-19;6;1453
12;2025-11-19;7;2772
12;2025-11-19;8;3722
12;2025-11-19;9;2650
12;2025-11-19;10;2166
12;2025-11-19;11;2066
12;2025-11-19;12;2090
12;2025-11-19;13;2128
12;2025-11-19;14;1991
12;2025-11-19;15;2235
12;2025-11-19;16;2727
12;2025-11-19;17;3089
12;2025-11-19;18;3227
12;2025-11-19;19;2405
12;2025-11-19;20;1576
12;2025-11-19;21;982
12;2025-11-19;22;498
12;2025-11-19;23;263
12;2025-11-20;0;55
12;2025-11-20;1;1
12;2025-11-20;2;0
12;2025-11-20;3;0
12;2025-11-20;4;7
12;2025-11-20;5;323
12;2025-11-20;6;1453
12;2025-11-20;7;2772
12;2025-11-20;8;3722
12;2025-11-20;9;2650
12;2025-11-20;10;2166
12;2025-11-20;11;2066
12;2025-11-20;12;2090
12;2025-11-20;13;2128
12;2025-11-20;14;1991
12;2025-11-20;15;2235
12;2025-11-20;16;2727
12;2025-11-20;17;3089
12;2025-11-20;18;3227
12;2025-11-20;19;2405
12;2025-11-20;20;1576
12;2025-11-20;21;982
12;2025-11-20;22;498
12;2025-11-20;23;263
12;2025-11-21;0;56
12;2025-11-21;1;1
12;2025-11-21;2;0
12;2025-11-21;3;0
12;2025-11-21;4;5
12;2025-11-21;5;331
12;2025-11-21;6;1434
12;2025-11-21;7;2750
12;2025-11-21;8;3395
12;2025-11-21;9;2548
12;2025-11-21;10;1916
12;2025-11-21;11;1904
12;2025-11-21;12;1946
12;2025-11-21;13;2204
12;2025-11-21;14;1994
12;2025-11-21;15;2239
12;2025-11-21;16;2941
12;2025-11-21;17;2938
12;2025-11-21;18;2579
12;2025-11-21;19;2126
12;2025-11-21;20;1391
12;2025-11-21;21;1012
12;2025-11-21;22;507
12;2025-11-21;23;336
12;2025-11-22;0;69
12;2025-11-22;1;2
12;2025-11-22;2;0
12;2025-11-22;3;0
12;2025-11-22;4;2
12;2025-11-22;5;227
12;2025-11-22;6;806
12;2025-11-22;7;916
12;2025-11-22;8;1068
12;2025-11-22;9;1272
12;2025-11-22;10;1512
12;2025-11-22;11;1533
12;2025-11-22;12;1574
12;2025-11-22;13;1786
12;2025-11-22;14;1613
12;2025-11-22;15;1585
12;2025-11-22;16;1707
12;2025-11-22;17;1635
12;2025-11-22;18;1624
12;2025-11-22;19;1365
12;2025-11-22;20;959
12;2025-11-22;21;778
12;2025-11-22;22;396
12;2025-11-22;23;297
12;2025-11-23;0;84
12;2025-11-23;1;4
12;2025-11-23;2;0
12;2025-11-23;3;0
12;2025-11-23;4;3
12;2025-11-23;5;134
12;2025-11-23;6;529
12;2025-11-23;7;719
12;2025-11-23;8;734
12;2025-11-23;9;921
12;2025-11-23;10;1163
12;2025-11-23;11;1268
12;2025-11-23;12;1346
12;2025-11-23;13;1579
12;2025-11-23;14;1479
12;2025-11-23;15;1511
12;2025-11-23;16;1513
12;2025-11-23;17;1566
12;2025-11-23;18;1359
12;2025-11-23;19;1012
12;2025-11-23;20;788
12;2025-11-23;21;604
12;2025-11-23;22;394
12;2025-11-23;23;199
12;2025-11-24;0;53
12;2025-11-24;1;3
12;2025-11-24;2;0
12;2025-11-24;3;0
12;2025-11-24;4;7
12;2025-11-24;5;307
12;2025-11-24;6;1446
12;2025-11-24;7;2676
12;2025-11-24;8;3571
12;2025-11-24;9;2486
12;2025-11-24;10;1966
12;2025-11-24;11;1883
12;2025-11-24;12;2063
12;2025-11-24;13;1992
12;2025-11-24;14;1978
12;2025-11-24;15;2174
12;2025-11-24;16;2704
12;2025-11-24;17;2999
12;2025-11-24;18;3157
12;2025-11-24;19;2335
12;2025-11-24;20;1629
12;2025-11-24;21;964
12;2025-11-24;22;465
12;2025-11-24;23;235
12;2025-11-25;0;55
12;2025-11-25;1;1
12;2025-11-25;2;0
12;2025-11-25;3;0
12;2025-11-25;4;7
12;2025-11-25;5;323
12;2025-11-25;6;1453
12;2025-11-25;7;2772
12;2025-11-25;8;3722
12;2025-11-25;9;2650
12;2025-11-25;10;2166
12;2025-11-25;11;2066
12;2025-11-25;12;2090
12;2025-11-25;13;2128
12;2025-11-25;14;1991
12;2025-11-25;15;2235
12;2025-11-25;16;2727
12;2025-11-25;17;3089
12;2025-11-25;18;3227
12;2025-11-25;19;2405
12;2025-11-25;20;1576
12;2025-11-25;21;982
12;2025-11-25;22;498
12;2025-11-25;23;263
12;2025-11-26;0;55
12;2025-11-26;1;1
12;2025-11-26;2;0
12;2025-11-26;3;0
12;2025-11-26;4;7
12;2025-11-26;5;323
12;2025-11-26;6;1453
12;2025-11-26;7;2772
12;2025-11-26;8;3722
12;2025-11-26;9;2650
12;2025-11-26;10;2166
12;2025-11-26;11;2066
12;2025-11-26;12;2090
12;2025-11-26;13;2128
12;2025-11-26;14;1991
12;2025-11-26;15;2235
12;2025-11-26;16;2727
12;2025-11-26;17;3089
12;2025-11-26;18;3227
12;2025-11-26;19;2405
12;2025-11-26;20;1576
12;2025-11-26;21;982
12;2025-11-26;22;498
12;2025-11-26;23;263
12;2025-11-27;0;55
12;2025-11-27;1;1
12;2025-11-27;2;0
12;2025-11-27;3;0
12;2025-11-27;4;7
12;2025-11-27;5;323
12;2025-11-27;6;1453
12;2025-11-27;7;2772
12;2025-11-27;8;3722
12;2025-11-27;9;2650
12;2025-11-27;10;2166
12;2025-11-27;11;2066
12;2025-11-27;12;2090
12;2025-11-27;13;2128
12;2025-11-27;14;1991
12;2025-11-27;15;2235
12;2025-11-27;16;2727
12;2025-11-27;17;3089
12;2025-11-27;18;3227
12;2025-11-27;19;2405
12;2025-11-27;20;1576
12;2025-11-27;21;982
12;2025-11-27;22;498
12;2025-11-27;23;263
12;2025-11-28;0;56
12;2025-11-28;1;1
12;2025-11-28;2;0
12;2025-11-28;3;0
12;2025-11-28;4;5
12;2025-11-28;5;331
12;2025-11-28;6;1434
12;2025-11-28;7;2750
12;2025-11-28;8;3395
12;2025-11-28;9;2548
12;2025-11-28;10;1916
12;2025-11-28;11;1904
12;2025-11-28;12;1946
12;2025-11-28;13;2204
12;2025-11-28;14;1994
12;2025-11-28;15;2239
12;2025-11-28;16;2941
12;2025-11-28;17;2938
12;2025-11-28;18;2579
12;2025-11-28;19;2126
12;2025-11-28;20;1391
12;2025-11-28;21;1012
12;2025-11-28;22;507
12;2025-11-28;23;336
12;2025-11-29;0;69
12;2025-11-29;1;2
12;2025-11-29;2;0
12;2025-11-29;3;0
12;2025-11-29;4;2
12;2025-11-29;5;227
12;2025-11-29;6;806
12;2025-11-29;7;916
12;2025-11-29;8;1068
12;2025-11-29;9;1272
12;2025-11-29;10;1512
12;2025-11-29;11;1533
12;2025-11-29;12;1574
12;2025-11-29;13;1786
12;2025-11-29;14;1613
12;2025-11-29;15;1585
12;2025-11-29;16;1707
12;2025-11-29;17;1635
12;2025-11-29;18;1624
12;2025-11-29;19;1365
12;2025-11-29;20;959
12;2025-11-29;21;778
12;2025-11-29;22;396
12;2025-11-29;23;297
12;2025-11-30;0;84
12;2025-11-30;1;4
12;2025-11-30;2;0
12;2025-11-30;3;0
12;2025-11-30;4;3
12;2025-11-30;5;134
12;2025-11-30;6;529
12;2025-11-30;7;719
12;2025-11-30;8;734
12;2025-11-30;9;921
12;2025-11-30;10;1163
12;2025-11-30;11;1268
12;2025-11-30;12;1346
12;2025-11-30;13;1579
12;2025-11-30;14;1479
12;2025-11-30;15;1511
12;2025-11-30;16;1513
12;2025-11-30;17;1566
12;2025-11-30;18;1359
12;2025-11-30;19;1012
12;2025-11-30;20;788
12;2025-11-30;21;604
12;2025-11-30;22;394
12;2025-11-30;23;199
12;2025-12-01;0;53
12;2025-12-01;1;3
12;2025-12-01;2;0
12;2025-12-01;3;0
12;2025-12-01;4;7
12;2025-12-01;5;307
12;2025-12-01;6;1446
12;2025-12-01;7;2676
12;2025-12-01;8;3571
12;2025-12-01;9;2486
12;2025-12-01;10;1966
12;2025-12-01;11;1883
12;2025-12-01;12;2063
12;2025-12-01;13;1992
12;2025-12-01;14;1978
12;2025-12-01;15;2174
12;2025-12-01;16;2704
12;2025-12-01;17;2999
12;2025-12-01;18;3157
12;2025-12-01;19;2335
12;2025-12-01;20;1629
12;2025-12-01;21;964
12;2025-12-01;22;465
12;2025-12-01;23;235
12;2025-12-02;0;55
12;2025-12-02;1;1
12;2025-12-02;2;0
12;2025-12-02;3;0
12;2025-12-02;4;7
12;2025-12-02;5;323
12;2025-12-02;6;1453
12;2025-12-02;7;2772
12;2025-12-02;8;3722
12;2025-12-02;9;2650
12;2025-12-02;10;2166
12;2025-12-02;11;2066
12;2025-12-02;12;2090
12;2025-12-02;13;2128
12;2025-12-02;14;1991
12;2025-12-02;15;2235
12;2025-12-02;16;2727
12;2025-12-02;17;3089
12;2025-12-02;18;3227
12;2025-12-02;19;2405
12;2025-12-02;20;1576
12;2025-12-02;21;982
12;2025-12-02;22;498
12;2025-12-02;23;263
12;2025-12-03;0;55
12;2025-12-03;1;1
12;2025-12-03;2;0
12;2025-12-03;3;0
12;2025-12-03;4;7
12;2025-12-03;5;323
12;2025-12-03;6;1453
12;2025-12-03;7;2772
12;2025-12-03;8;3722
12;2025-12-03;9;2650
12;2025-12-03;10;2166
12;2025-12-03;11;2066
12;2025-12-03;12;2090
12;2025-12-03;13;2128
12;2025-12-03;14;1991
12;2025-12-03;15;2235
12;2025-12-03;16;2727
12;2025-12-03;17;3089
12;2025-12-03;18;3227
12;2025-12-03;19;2405
12;2025-12-03;20;1576
12;2025-12-03;21;982
12;2025-12-03;22;498
12;2025-12-03;23;263
12;2025-12-04;0;55
12;2025-12-04;1;1
12;2025-12-04;2;0
12;2025-12-04;3;0
12;2025-12-04;4;7
12;2025-12-04;5;323
12;2025-12-04;6;1453
12;2025-12-04;7;2772
12;2025-12-04;8;3722
12;2025-12-04;9;2650
12;2025-12-04;10;2166
12;2025-12-04;11;2066
12;2025-12-04;12;2090
12;2025-12-04;13;2128
12;2025-12-04;14;1991
12;2025-12-04;15;2235
12;2025-12-04;16;2727
12;2025-12-04;17;3089
12;2025-12-04;18;3227
12;2025-12-04;19;2405
12;2025-12-04;20;1576
12;2025-12-04;21;982
12;2025-12-04;22;498
12;2025-12-04;23;263
12;2025-12-05;0;56
12;2025-12-05;1;1
12;2025-12-05;2;0
12;2025-12-05;3;0
12;2025-12-05;4;5
12;2025-12-05;5;331
12;2025-12-05;6;1434
12;2025-12-05;7;2750
12;2025-12-05;8;3395
12;2025-12-05;9;2548
12;2025-12-05;10;1916
12;2025-12-05;11;1904
12;2025-12-05;12;1946
12;2025-12-05;13;2204
12;2025-12-05;14;1994
12;2025-12-05;15;2239
12;2025-12-05;16;2941
12;2025-12-05;17;2938
12;2025-12-05;18;2579
12;2025-12-05;19;2126
12;2025-12-05;20;1391
12;2025-12-05;21;1012
12;2025-12-05;22;507
12;2025-12-05;23;336
12;2025-12-06;0;69
12;2025-12-06;1;2
12;2025-12-06;2;0
12;2025-12-06;3;0
12;2025-12-06;4;2
12;2025-12-06;5;227
12;2025-12-06;6;806
12;2025-12-06;7;916
12;2025-12-06;8;1068
12;2025-12-06;9;1272
12;2025-12-06;10;1512
12;2025-12-06;11;1533
12;2025-12-06;12;1574
12;2025-12-06;13;1786
12;2025-12-06;14;1613
12;2025-12-06;15;1585
12;2025-12-06;16;1707
12;2025-12-06;17;1635
12;2025-12-06;18;1624
12;2025-12-06;19;1365
12;2025-12-06;20;959
12;2025-12-06;21;778
12;2025-12-06;22;396
12;2025-12-06;23;297
12;2025-12-07;0;84
12;2025-12-07;1;4
12;2025-12-07;2;0
12;2025-12-07;3;0
12;2025-12-07;4;3
12;2025-12-07;5;134
12;2025-12-07;6;529
12;2025-12-07;7;719
12;2025-12-07;8;734
12;2025-12-07;9;921
12;2025-12-07;10;1163
12;2025-12-07;11;1268
12;2025-12-07;12;1346
12;2025-12-07;13;1579
12;2025-12-07;14;1479
12;2025-12-07;15;1511
12;2025-12-07;16;1513
12;2025-12-07;17;1566
12;2025-12-07;18;1359
12;2025-12-07;19;1012
12;2025-12-07;20;788
12;2025-12-07;21;604
12;2025-12-07;22;394
12;2025-12-07;23;199
12;2025-12-08;0;53
12;2025-12-08;1;3
12;2025-12-08;2;0
12;2025-12-08;3;0
12;2025-12-08;4;7
12;2025-12-08;5;307
12;2025-12-08;6;1446
12;2025-12-08;7;2676
12;2025-12-08;8;3571
12;2025-12-08;9;2486
12;2025-12-08;10;1966
12;2025-12-08;11;1883
12;2025-12-08;12;2063
12;2025-12-08;13;1992
12;2025-12-08;14;1978
12;2025-12-08;15;2174
12;2025-12-08;16;2704
12;2025-12-08;17;2999
12;2025-12-08;18;3157
12;2025-12-08;19;2335
12;2025-12-08;20;1629
12;2025-12-08;21;964
12;2025-12-08;22;465
12;2025-12-08;23;235
12;2025-12-09;0;55
12;2025-12-09;1;1
12;2025-12-09;2;0
12;2025-12-09;3;0
12;2025-12-09;4;7
12;2025-12-09;5;323
12;2025-12-09;6;1453
12;2025-12-09;7;2772
12;2025-12-09;8;3722
12;2025-12-09;9;2650
12;2025-12-09;10;2166
12;2025-12-09;11;2066
12;2025-12-09;12;2090
12;2025-12-09;13;2128
12;2025-12-09;14;1991
12;2025-12-09;15;2235
12;2025-12-09;16;2727
12;2025-12-09;17;3089
12;2025-12-09;18;3227
12;2025-12-09;19;2405
12;2025-12-09;20;1576
12;2025-12-09;21;982
12;2025-12-09;22;498
12;2025-12-09;23;263
12;2025-12-10;0;55
12;2025-12-10;1;1
12;2025-12-10;2;0
12;2025-12-10;3;0
12;2025-12-10;4;7
12;2025-12-10;5;323
12;2025-12-10;6;1453
12;2025-12-10;7;2772
12;2025-12-10;8;3722
12;2025-12-10;9;2650
12;2025-12-10;10;2166
12;2025-12-10;11;2066
12;2025-12-10;12;2090
12;2025-12-10;13;2128
12;2025-12-10;14;1991
12;2025-12-10;15;2235
12;2025-12-10;16;2727
12;2025-12-10;17;3089
12;2025-12-10;18;3227
12;2025-12-10;19;2405
12;2025-12-10;20;1576
12;2025-12-10;21;982
12;2025-12-10;22;498
12;2025-12-10;23;263
12;2025-12-11;0;55
12;2025-12-11;1;1
12;2025-12-11;2;0
12;2025-12-11;3;0
12;2025-12-11;4;7
12;2025-12-11;5;323
12;2025-12-11;6;1453
12;2025-12-11;7;2772
12;2025-12-11;8;3722
12;2025-12-11;9;2650
12;2025-12-11;10;2166
12;2025-12-11;11;2066
12;2025-12-11;12;2090
12;2025-12-11;13;2128
12;2025-12-11;14;1991
12;2025-12-11;15;2235
12;2025-12-11;16;2727
12;2025-12-11;17;3089
12;2025-12-11;18;3227
12;2025-12-11;19;2405
12;2025-12-11;20;1576
12;2025-12-11;21;982
12;2025-12-11;22;498
12;2025-12-11;23;263
12;2025-12-12;0;56
12;2025-12-12;1;1
12;2025-12-12;2;0
12;2025-12-12;3;0
12;2025-12-12;4;5
12;2025-12-12;5;331
12;2025-12-12;6;1434
12;2025-12-12;7;2750
12;2025-12-12;8;3395
12;2025-12-12;9;2548
12;2025-12-12;10;1916
12;2025-12-12;11;1904
12;2025-12-12;12;1946
12;2025-12-12;13;2204
12;2025-12-12;14;1994
12;2025-12-12;15;2239
12;2025-12-12;16;2941
12;2025-12-12;17;2938
12;2025-12-12;18;2579
12;2025-12-12;19;2126
12;2025-12-12;20;1391
12;2025-12-12;21;1012
12;2025-12-12;22;507
12;2025-12-12;23;336
12;2025-12-13;0;69
12;2025-12-13;1;2
12;2025-12-13;2;0
12;2025-12-13;3;0
12;2025-12-13;4;2
12;2025-12-13;5;227
12;2025-12-13;6;806
12;2025-12-13;7;916
12;2025-12-13;8;1068
12;2025-12-13;9;1272
12;2025-12-13;10;1512
12;2025-12-13;11;1533
12;2025-12-13;12;1574
12;2025-12-13;13;1786
12;2025-12-13;14;1613
12;2025-12-13;15;1585
12;2025-12-13;16;1707
12;2025-12-13;17;1635
12;2025-12-13;18;1624
12;2025-12-13;19;1365
12;2025-12-13;20;959
12;2025-12-13;21;778
12;2025-12-13;22;396
12;2025-12-13;23;297
12;2025-12-14;0;84
12;2025-12-14;1;4
12;2025-12-14;2;0
12;2025-12-14;3;0
12;2025-12-14;4;3
12;2025-12-14;5;134
12;2025-12-14;6;529
12;2025-12-14;7;719
12;2025-12-14;8;734
12;2025-12-14;9;921
12;2025-12-14;10;1163
12;2025-12-14;11;1268
12;2025-12-14;12;1346
12;2025-12-14;13;1579
12;2025-12-14;14;1479
12;2025-12-14;15;1511
12;2025-12-14;16;1513
12;2025-12-14;17;1566
12;2025-12-14;18;1359
12;2025-12-14;19;1012
12;2025-12-14;20;788
12;2025-12-14;21;604
12;2025-12-14;22;394
12;2025-12-14;23;199
12;2025-12-15;0;53
12;2025-12-15;1;3
12;2025-12-15;2;0
12;2025-12-15;3;0
12;2025-12-15;4;7
12;2025-12-15;5;307
12;2025-12-15;6;1446
12;2025-12-15;7;2676
12;2025-12-15;8;3571
12;2025-12-15;9;2486
12;2025-12-15;10;1966
12;2025-12-15;11;1883
12;2025-12-15;12;2063
12;2025-12-15;13;1992
12;2025-12-15;14;1978
12;2025-12-15;15;2174
12;2025-12-15;16;2704
12;2025-12-15;17;2999
12;2025-12-15;18;3157
12;2025-12-15;19;2335
12;2025-12-15;20;1629
12;2025-12-15;21;964
12;2025-12-15;22;465
12;2025-12-15;23;235
12;2025-12-16;0;55
12;2025-12-16;1;1
12;2025-12-16;2;0
12;2025-12-16;3;0
12;2025-12-16;4;7
12;2025-12-16;5;323
12;2025-12-16;6;1453
12;2025-12-16;7;2772
12;2025-12-16;8;3722
12;2025-12-16;9;2650
12;2025-12-16;10;2166
12;2025-12-16;11;2066
12;2025-12-16;12;2090
12;2025-12-16;13;2128
12;2025-12-16;14;1991
12;2025-12-16;15;2235
12;2025-12-16;16;2727
12;2025-12-16;17;3089
12;2025-12-16;18;3227
12;2025-12-16;19;2405
12;2025-12-16;20;1576
12;2025-12-16;21;982
12;2025-12-16;22;498
12;2025-12-16;23;263
12;2025-12-17;0;55
12;2025-12-17;1;1
12;2025-12-17;2;0
12;2025-12-17;3;0
12;2025-12-17;4;7
12;2025-12-17;5;323
12;2025-12-17;6;1453
12;2025-12-17;7;2772
12;2025-12-17;8;3722
12;2025-12-17;9;2650
12;2025-12-17;10;2166
12;2025-12-17;11;2066
12;2025-12-17;12;2090
12;2025-12-17;13;2128
12;2025-12-17;14;1991
12;2025-12-17;15;2235
12;2025-12-17;16;2727
12;2025-12-17;17;3089
12;2025-12-17;18;3227
12;2025-12-17;19;2405
12;2025-12-17;20;1576
12;2025-12-17;21;982
12;2025-12-17;22;498
12;2025-12-17;23;263
12;2025-12-18;0;55
12;2025-12-18;1;1
12;2025-12-18;2;0
12;2025-12-18;3;0
12;2025-12-18;4;7
12;2025-12-18;5;323
12;2025-12-18;6;1453
12;2025-12-18;7;2772
12;2025-12-18;8;3722
12;2025-12-18;9;2650
12;2025-12-18;10;2166
12;2025-12-18;11;2066
12;2025-12-18;12;2090
12;2025-12-18;13;2128
12;2025-12-18;14;1991
12;2025-12-18;15;2235
12;2025-12-18;16;2727
12;2025-12-18;17;3089
12;2025-12-18;18;3227
12;2025-12-18;19;2405
12;2025-12-18;20;1576
12;2025-12-18;21;982
12;2025-12-18;22;498
12;2025-12-18;23;263
12;2025-12-19;0;56
12;2025-12-19;1;1
12;2025-12-19;2;0
12;2025-12-19;3;0
12;2025-12-19;4;5
12;2025-12-19;5;331
12;2025-12-19;6;1434
12;2025-12-19;7;2750
12;2025-12-19;8;3395
12;2025-12-19;9;2548
12;2025-12-19;10;1916
12;2025-12-19;11;1904
12;2025-12-19;12;1946
12;2025-12-19;13;2204
12;2025-12-19;14;1994
12;2025-12-19;15;2239
12;2025-12-19;16;2941
12;2025-12-19;17;2938
12;2025-12-19;18;2579
12;2025-12-19;19;2126
12;2025-12-19;20;1391
12;2025-12-19;21;1012
12;2025-12-19;22;507
12;2025-12-19;23;336
12;2025-12-20;0;69
12;2025-12-20;1;2
12;2025-12-20;2;0
12;2025-12-20;3;0
12;2025-12-20;4;2
12;2025-12-20;5;227
12;2025-12-20;6;806
12;2025-12-20;7;916
12;2025-12-20;8;1068
12;2025-12-20;9;1272
12;2025-12-20;10;1512
12;2025-12-20;11;1533
12;2025-12-20;12;1574
12;2025-12-20;13;1786
12;2025-12-20;14;1613
12;2025-12-20;15;1585
12;2025-12-20;16;1707
12;2025-12-20;17;1635
12;2025-12-20;18;1624
12;2025-12-20;19;1365
12;2025-12-20;20;959
12;2025-12-20;21;778
12;2025-12-20;22;396
12;2025-12-20;23;297
12;2025-12-21;0;84
12;2025-12-21;1;4
12;2025-12-21;2;0
12;2025-12-21;3;0
12;2025-12-21;4;3
12;2025-12-21;5;134
12;2025-12-21;6;529
12;2025-12-21;7;719
12;2025-12-21;8;734
12;2025-12-21;9;921
12;2025-12-21;10;1163
12;2025-12-21;11;1268
12;2025-12-21;12;1346
12;2025-12-21;13;1579
12;2025-12-21;14;1479
12;2025-12-21;15;1511
12;2025-12-21;16;1513
12;2025-12-21;17;1566
12;2025-12-21;18;1359
12;2025-12-21;19;1012
12;2025-12-21;20;788
12;2025-12-21;21;604
12;2025-12-21;22;394
12;2025-12-21;23;199
12;2025-12-22;0;53
12;2025-12-22;1;3
12;2025-12-22;2;0
12;2025-12-22;3;0
12;2025-12-22;4;7
12;2025-12-22;5;307
12;2025-12-22;6;1446
12;2025-12-22;7;2676
12;2025-12-22;8;3571
12;2025-12-22;9;2486
12;2025-12-22;10;1966
12;2025-12-22;11;1883
12;2025-12-22;12;2063
12;2025-12-22;13;1992
12;2025-12-22;14;1978
12;2025-12-22;15;2174
12;2025-12-22;16;2704
12;2025-12-22;17;2999
12;2025-12-22;18;3157
12;2025-12-22;19;2335
12;2025-12-22;20;1629
12;2025-12-22;21;964
12;2025-12-22;22;465
12;2025-12-22;23;235
12;2025-12-23;0;55
12;2025-12-23;1;1
12;2025-12-23;2;0
12;2025-12-23;3;0
12;2025-12-23;4;7
12;2025-12-23;5;323
12;2025-12-23;6;1453
12;2025-12-23;7;2772
12;2025-12-23;8;3722
12;2025-12-23;9;2650
12;2025-12-23;10;2166
12;2025-12-23;11;2066
12;2025-12-23;12;2090
12;2025-12-23;13;2128
12;2025-12-23;14;1991
12;2025-12-23;15;2235
12;2025-12-23;16;2727
12;2025-12-23;17;3089
12;2025-12-23;18;3227
12;2025-12-23;19;2405
12;2025-12-23;20;1576
12;2025-12-23;21;982
12;2025-12-23;22;498
12;2025-12-23;23;263
12;2025-12-24;0;55
12;2025-12-24;1;1
12;2025-12-24;2;0
12;2025-12-24;3;0
12;2025-12-24;4;7
12;2025-12-24;5;323
12;2025-12-24;6;1453
12;2025-12-24;7;2772
12;2025-12-24;8;3722
12;2025-12-24;9;2650
12;2025-12-24;10;2166
12;2025-12-24;11;2066
12;2025-12-24;12;2090
12;2025-12-24;13;2128
12;2025-12-24;14;1991
12;2025-12-24;15;2235
12;2025-12-24;16;2727
12;2025-12-24;17;3089
12;2025-12-24;18;3227
12;2025-12-24;19;2405
12;2025-12-24;20;1576
12;2025-12-24;21;982
12;2025-12-24;22;498
12;2025-12-24;23;263
12;2025-12-25;0;55
12;2025-12-25;1;1
12;2025-12-25;2;0
12;2025-12-25;3;0
12;2025-12-25;4;7
12;2025-12-25;5;323
12;2025-12-25;6;1453
12;2025-12-25;7;2772
12;2025-12-25;8;3722
12;2025-12-25;9;2650
12;2025-12-25;10;2166
12;2025-12-25;11;2066
12;2025-12-25;12;2090
12;2025-12-25;13;2128
12;2025-12-25;14;1991
12;2025-12-25;15;2235
12;2025-12-25;16;2727
12;2025-12-25;17;3089
12;2025-12-25;18;3227
12;2025-12-25;19;2405
12;2025-12-25;20;1576
12;2025-12-25;21;982
12;2025-12-25;22;498
12;2025-12-25;23;263
12;2025-12-26;0;56
12;2025-12-26;1;1
12;2025-12-26;2;0
12;2025-12-26;3;0
12;2025-12-26;4;5
12;2025-12-26;5;331
12;2025-12-26;6;1434
12;2025-12-26;7;2750
12;2025-12-26;8;3395
12;2025-12-26;9;2548
12;2025-12-26;10;1916
12;2025-12-26;11;1904
12;2025-12-26;12;1946
12;2025-12-26;13;2204
12;2025-12-26;14;1994
12;2025-12-26;15;2239
12;2025-12-26;16;2941
12;2025-12-26;17;2938
12;2025-12-26;18;2579
12;2025-12-26;19;2126
12;2025-12-26;20;1391
12;2025-12-26;21;1012
12;2025-12-26;22;507
12;2025-12-26;23;336
12;2025-12-27;0;69
12;2025-12-27;1;2
12;2025-12-27;2;0
12;2025-12-27;3;0
12;2025-12-27;4;2
12;2025-12-27;5;227
12;2025-12-27;6;806
12;2025-12-27;7;916
12;2025-12-27;8;1068
12;2025-12-27;9;1272
12;2025-12-27;10;1512
12;2025-12-27;11;1533
12;2025-12-27;12;1574
12;2025-12-27;13;1786
12;2025-12-27;14;1613
12;2025-12-27;15;1585
12;2025-12-27;16;1707
12;2025-12-27;17;1635
12;2025-12-27;18;1624
12;2025-12-27;19;1365
12;2025-12-27;20;959
12;2025-12-27;21;778
12;2025-12-27;22;396
12;2025-12-27;23;297
12;2025-12-28;0;84
12;2025-12-28;1;4
12;2025-12-28;2;0
12;2025-12-28;3;0
12;2025-12-28;4;3
12;2025-12-28;5;134
12;2025-12-28;6;529
12;2025-12-28;7;719
12;2025-12-28;8;734
12;2025-12-28;9;921
12;2025-12-28;10;1163
12;2025-12-28;11;1268
12;2025-12-28;12;1346
12;2025-12-28;13;1579
12;2025-12-28;14;1479
12;2025-12-28;15;1511
12;2025-12-28;16;1513
12;2025-12-28;17;1566
12;2025-12-28;18;1359
12;2025-12-28;19;1012
12;2025-12-28;20;788
12;2025-12-28;21;604
12;2025-12-28;22;394
12;2025-12-28;23;199
12;2025-12-29;0;48
12;2025-12-29;1;1
12;2025-12-29;2;0
12;2025-12-29;3;0
12;2025-12-29;4;4
12;2025-12-29;5;285
12;2025-12-29;6;1234
12;2025-12-29;7;2365
12;2025-12-29;8;2920
12;2025-12-29;9;2191
12;2025-12-29;10;1648
12;2025-12-29;11;1637
12;2025-12-29;12;1673
12;2025-12-29;13;1896
12;2025-12-29;14;1715
12;2025-12-29;15;1926
12;2025-12-29;16;2529
12;2025-12-29;17;2527
12;2025-12-29;18;2218
12;2025-12-29;19;1828
12;2025-12-29;20;1197
12;2025-12-29;21;870
12;2025-12-29;22;436
12;2025-12-29;23;289
12;2025-12-30;0;48
12;2025-12-30;1;1
12;2025-12-30;2;0
12;2025-12-30;3;0
12;2025-12-30;4;4
12;2025-12-30;5;285
12;2025-12-30;6;1234
12;2025-12-30;7;2365
12;2025-12-30;8;2920
12;2025-12-30;9;2191
12;2025-12-30;10;1648
12;2025-12-30;11;1637
12;2025-12-30;12;1673
12;2025-12-30;13;1896
12;2025-12-30;14;1715
12;2025-12-30;15;1926
12;2025-12-30;16;2529
12;2025-12-30;17;2527
12;2025-12-30;18;2218
12;2025-12-30;19;1828
12;2025-12-30;20;1197
12;2025-12-30;21;870
12;2025-12-30;22;436
12;2025-12-30;23;289
12;2025-12-31;0;58
12;2025-12-31;1;2
12;2025-12-31;2;0
12;2025-12-31;3;0
12;2025-12-31;4;1
12;2025-12-31;5;193
12;2025-12-31;6;685
12;2025-12-31;7;779
12;2025-12-31;8;908
12;2025-12-31;9;1081
12;2025-12-31;10;1285
12;2025-12-31;11;1303
12;2025-12-31;12;1338
12;2025-12-31;13;1518
12;2025-12-31;14;1371
12;2025-12-31;15;1347
12;2025-12-31;16;1451
12;2025-12-31;17;1389
12;2025-12-31;18;1381
12;2025-12-31;19;638
12;2025-12-31;20;448
12;2025-12-31;21;364
12;2025-12-31;22;185
12;2025-12-31;23;139
17;2025-11-01;0;123
17;2025-11-01;1;15
17;2025-11-01;2;0
17;2025-11-01;3;0
17;2025-11-01;4;21
17;2025-11-01;5;268
17;2025-11-01;6;1315
17;2025-11-01;7;3564
17;2025-11-01;8;4516
17;2025-11-01;9;3263
17;2025-11-01;10;2584
17;2025-11-01;11;2629
17;2025-11-01;12;2598
17;2025-11-01;13;2675
17;2025-11-01;14;2734
17;2025-11-01;15;2971
17;2025-11-01;16;3592
17;2025-11-01;17;4085
17;2025-11-01;18;3707
17;2025-11-01;19;2742
17;2025-11-01;20;2020
17;2025-11-01;21;1359
17;2025-11-01;22;655
17;2025-11-01;23;407
17;2025-11-02;0;188
17;2025-11-02;1;24
17;2025-11-02;2;0
17;2025-11-02;3;0
17;2025-11-02;4;3
17;2025-11-02;5;107
17;2025-11-02;6;441
17;2025-11-02;7;857
17;2025-11-02;8;1248
17;2025-11-02;9;1709
17;2025-11-02;10;2017
17;2025-11-02;11;2594
17;2025-11-02;12;2943
17;2025-11-02;13;3195
17;2025-11-02;14;3332
17;2025-11-02;15;3262
17;2025-11-02;16;3172
17;2025-11-02;17;3011
17;2025-11-02;18;2596
17;2025-11-02;19;2078
17;2025-11-02;20;1532
17;2025-11-02;21;1132
17;2025-11-02;22;693
17;2025-11-02;23;318
17;2025-11-03;0;181
17;2025-11-03;1;23
17;2025-11-03;2;0
17;2025-11-03;3;0
17;2025-11-03;4;3
17;2025-11-03;5;104
17;2025-11-03;6;427
17;2025-11-03;7;829
17;2025-11-03;8;1207
17;2025-11-03;9;1653
17;2025-11-03;10;1951
17;2025-11-03;11;2508
17;2025-11-03;12;2846
17;2025-11-03;13;3090
17;2025-11-03;14;3221
17;2025-11-03;15;3154
17;2025-11-03;16;3067
17;2025-11-03;17;2912
17;2025-11-03;18;2510
17;2025-11-03;19;2009
17;2025-11-03;20;1481
17;2025-11-03;21;1094
17;2025-11-03;22;670
17;2025-11-03;23;308
17;2025-11-04;0;181
17;2025-11-04;1;23
17;2025-11-04;2;0
17;2025-11-04;3;0
17;2025-11-04;4;3
17;2025-11-04;5;104
17;2025-11-04;6;427
17;2025-11-04;7;829
17;2025-11-04;8;1207
17;2025-11-04;9;1653
17;2025-11-04;10;1951
17;2025-11-04;11;2508
17;2025-11-04;12;2846
17;2025-11-04;13;3090
17;2025-11-04;14;3221
17;2025-11-04;15;3154
17;2025-11-04;16;3067
17;2025-11-04;17;2912
17;2025-11-04;18;2510
17;2025-11-04;19;2009
17;2025-11-04;20;1481
17;2025-11-04;21;1094
17;2025-11-04;22;670
17;2025-11-04;23;308
17;2025-11-05;0;120
17;2025-11-05;1;11
17;2025-11-05;2;0
17;2025-11-05;3;0
17;2025-11-05;4;25
17;2025-11-05;5;316
17;2025-11-05;6;1538
17;2025-11-05;7;4248
17;2025-11-05;8;5421
17;2025-11-05;9;3893
17;2025-11-05;10;3094
17;2025-11-05;11;3059
17;2025-11-05;12;3071
17;2025-11-05;13;3122
17;2025-11-05;14;3250
17;2025-11-05;15;3301
17;2025-11-05;16;3675
17;2025-11-05;17;4565
17;2025-11-05;18;4819
17;2025-11-05;19;3348
17;2025-11-05;20;2355
17;2025-11-05;21;1459
17;2025-11-05;22;697
17;2025-11-05;23;379
17;2025-11-06;0;120
17;2025-11-06;1;11
17;2025-11-06;2;0
17;2025-11-06;3;0
17;2025-11-06;4;25
17;2025-11-06;5;316
17;2025-11-06;6;1538
17;2025-11-06;7;4248
17;2025-11-06;8;5421
17;2025-11-06;9;3893
17;2025-11-06;10;3094
17;2025-11-06;11;3059
17;2025-11-06;12;3071
17;2025-11-06;13;3122
17;2025-11-06;14;3250
17;2025-11-06;15;3301
17;2025-11-06;16;3675
17;2025-11-06;17;4565
17;2025-11-06;18;4819
17;2025-11-06;19;3348
17;2025-11-06;20;2355
17;2025-11-06;21;1459
17;2025-11-06;22;697
17;2025-11-06;23;379
17;2025-11-07;0;145
17;2025-11-07;1;18
17;2025-11-07;2;0
17;2025-11-07;3;0
17;2025-11-07;4;25
17;2025-11-07;5;315
17;2025-11-07;6;1547
17;2025-11-07;7;4193
17;2025-11-07;8;5313
17;2025-11-07;9;3839
17;2025-11-07;10;3040
17;2025-11-07;11;3093
17;2025-11-07;12;3056
17;2025-11-07;13;3147
17;2025-11-07;14;3217
17;2025-11-07;15;3495
17;2025-11-07;16;4226
17;2025-11-07;17;4806
17;2025-11-07;18;4361
17;2025-11-07;19;3226
17;2025-11-07;20;2377
17;2025-11-07;21;1599
17;2025-11-07;22;770
17;2025-11-07;23;479
17;2025-11-08;0;203
17;2025-11-08;1;28
17;2025-11-08;2;0
17;2025-11-08;3;0
17;2025-11-08;4;5
17;2025-11-08;5;137
17;2025-11-08;6;584
17;2025-11-08;7;1274
17;2025-11-08;8;1806
17;2025-11-08;9;2298
17;2025-11-08;10;2569
17;2025-11-08;11;3062
17;2025-11-08;12;3391
17;2025-11-08;13;3658
17;2025-11-08;14;3673
17;2025-11-08;15;3666
17;2025-11-08;16;3682
17;2025-11-08;17;3391
17;2025-11-08;18;3002
17;2025-11-08;19;2373
17;2025-11-08;20;1868
17;2025-11-08;21;1340
17;2025-11-08;22;807
17;2025-11-08;23;453
17;2025-11-09;0;188
17;2025-11-09;1;24
17;2025-11-09;2;0
17;2025-11-09;3;0
17;2025-11-09;4;3
17;2025-11-09;5;107
17;2025-11-09;6;441
17;2025-11-09;7;857
17;2025-11-09;8;1248
17;2025-11-09;9;1709
17;2025-11-09;10;2017
17;2025-11-09;11;2594
17;2025-11-09;12;2943
17;2025-11-09;13;3195
17;2025-11-09;14;3332
17;2025-11-09;15;3262
17;2025-11-09;16;3172
17;2025-11-09;17;3011
17;2025-11-09;18;2596
17;2025-11-09;19;2078
17;2025-11-09;20;1532
17;2025-11-09;21;1132
17;2025-11-09;22;693
17;2025-11-09;23;318
17;2025-11-10;0;121
17;2025-11-10;1;14
17;2025-11-10;2;0
17;2025-11-10;3;0
17;2025-11-10;4;27
17;2025-11-10;5;295
17;2025-11-10;6;1527
17;2025-11-10;7;4106
17;2025-11-10;8;5399
17;2025-11-10;9;3822
17;2025-11-10;10;2901
17;2025-11-10;11;2842
17;2025-11-10;12;2890
17;2025-11-10;13;3009
17;2025-11-10;14;3026
17;2025-11-10;15;3119
17;2025-11-10;16;3625
17;2025-11-10;17;4259
17;2025-11-10;18;4546
17;2025-11-10;19;2756
17;2025-11-10;20;2041
17;2025-11-10;21;1345
17;2025-11-10;22;631
17;2025-11-10;23;310
17;2025-11-11;0;120
17;2025-11-11;1;11
17;2025-11-11;2;0
17;2025-11-11;3;0
17;2025-11-11;4;25
17;2025-11-11;5;316
17;2025-11-11;6;1538
17;2025-11-11;7;4248
17;2025-11-11;8;5421
17;2025-11-11;9;3893
17;2025-11-11;10;3094
17;2025-11-11;11;3059
17;2025-11-11;12;3071
17;2025-11-11;13;3122
17;2025-11-11;14;3250
17;2025-11-11;15;3301
17;2025-11-11;16;3675
17;2025-11-11;17;4565
17;2025-11-11;18;4819
17;2025-11-11;19;3348
17;2025-11-11;20;2355
17;2025-11-11;21;1459
17;2025-11-11;22;697
17;2025-11-11;23;379
17;2025-11-12;0;120
17;2025-11-12;1;11
17;2025-11-12;2;0
17;2025-11-12;3;0
17;2025-11-12;4;25
17;2025-11-12;5;316
17;2025-11-12;6;1538
17;2025-11-12;7;4248
17;2025-11-12;8;5421
17;2025-11-12;9;3893
17;2025-11-12;10;3094
17;2025-11-12;11;3059
17;2025-11-12;12;3071
17;2025-11-12;13;3122
17;2025-11-12;14;3250
17;2025-11-12;15;3301
17;2025-11-12;16;3675
17;2025-11-12;17;4565
17;2025-11-12;18;4819
17;2025-11-12;19;3348
17;2025-11-12;20;2355
17;2025-11-12;21;1459
17;2025-11-12;22;697
17;2025-11-12;23;379
17;2025-11-13;0;120
17;2025-11-13;1;11
17;2025-11-13;2;0
17;2025-11-13;3;0
17;2025-11-13;4;25
17;2025-11-13;5;316
17;2025-11-13;6;1538
17;2025-11-13;7;4248
17;2025-11-13;8;5421
17;2025-11-13;9;3893
17;2025-11-13;10;3094
17;2025-11-13;11;3059
17;2025-11-13;12;3071
17;2025-11-13;13;3122
17;2025-11-13;14;3250
17;2025-11-13;15;3301
17;2025-11-13;16;3675
17;2025-11-13;17;4565
17;2025-11-13;18;4819
17;2025-11-13;19;3348
17;2025-11-13;20;2355
17;2025-11-13;21;1459
17;2025-11-13;22;697
17;2025-11-13;23;379
17;2025-11-14;0;145
17;2025-11-14;1;18
17;2025-11-14;2;0
17;2025-11-14;3;0
17;2025-11-14;4;25
17;2025-11-14;5;315
17;2025-11-14;6;1547
17;2025-11-14;7;4193
17;2025-11-14;8;5313
17;2025-11-14;9;3839
17;2025-11-14;10;3040
17;2025-11-14;11;3093
17;2025-11-14;12;3056
17;2025-11-14;13;3147
17;2025-11-14;14;3217
17;2025-11-14;15;3495
17;2025-11-14;16;4226
17;2025-11-14;17;4806
17;2025-11-14;18;4361
17;2025-11-14;19;3226
17;2025-11-14;20;2377
17;2025-11-14;21;1599
17;2025-11-14;22;770
17;2025-11-14;23;479
17;2025-11-15;0;193
17;2025-11-15;1;27
17;2025-11-15;2;0
17;2025-11-15;3;0
17;2025-11-15;4;5
17;2025-11-15;5;130
17;2025-11-15;6;554
17;2025-11-15;7;1208
17;2025-11-15;8;1713
17;2025-11-15;9;2179
17;2025-11-15;10;2436
17;2025-11-15;11;2903
17;2025-11-15;12;3216
17;2025-11-15;13;3469
17;2025-11-15;14;3483
17;2025-11-15;15;3476
17;2025-11-15;16;3492
17;2025-11-15;17;3216
17;2025-11-15;18;2847
17;2025-11-15;19;2250
17;2025-11-15;20;1772
17;2025-11-15;21;1271
17;2025-11-15;22;765
17;2025-11-15;23;429
17;2025-11-16;0;188
17;2025-11-16;1;24
17;2025-11-16;2;0
17;2025-11-16;3;0
17;2025-11-16;4;3
17;2025-11-16;5;107
17;2025-11-16;6;441
17;2025-11-16;7;857
17;2025-11-16;8;1248
17;2025-11-16;9;1709
17;2025-11-16;10;2017
17;2025-11-16;11;2594
17;2025-11-16;12;2943
17;2025-11-16;13;3195
17;2025-11-16;14;3332
17;2025-11-16;15;3262
17;2025-11-16;16;3172
17;2025-11-16;17;3011
17;2025-11-16;18;2596
17;2025-11-16;19;2078
17;2025-11-16;20;1532
17;2025-11-16;21;1132
17;2025-11-16;22;693
17;2025-11-16;23;318
17;2025-11-17;0;121
17;2025-11-17;1;14
17;2025-11-17;2;0
17;2025-11-17;3;0
17;2025-11-17;4;27
17;2025-11-17;5;295
17;2025-11-17;6;1527
17;2025-11-17;7;4106
17;2025-11-17;8;5399
17;2025-11-17;9;3822
17;2025-11-17;10;2901
17;2025-11-17;11;2842
17;2025-11-17;12;2890
17;2025-11-17;13;3009
17;2025-11-17;14;3026
17;2025-11-17;15;3119
17;2025-11-17;16;3625
17;2025-11-17;17;4259
17;2025-11-17;18;4546
17;2025-11-17;19;2756
17;2025-11-17;20;2041
17;2025-11-17;21;1345
17;2025-11-17;22;631
17;2025-11-17;23;310
17;2025-11-18;0;120
17;2025-11-18;1;11
17;2025-11-18;2;0
17;2025-11-18;3;0
17;2025-11-18;4;25
17;2025-11-18;5;316
17;2025-11-18;6;1538
17;2025-11-18;7;4248
17;2025-11-18;8;5421
17;2025-11-18;9;3893
17;2025-11-18;10;3094
17;2025-11-18;11;3059
17;2025-11-18;12;3071
17;2025-11-18;13;3122
17;2025-11-18;14;3250
17;2025-11-18;15;3301
17;2025-11-18;16;3675
17;2025-11-18;17;4565
17;2025-11-18;18;4819
17;2025-11-18;19;3348
17;2025-11-18;20;2355
17;2025-11-18;21;1459
17;2025-11-18;22;697
17;2025-11-18;23;379
17;2025-11-19;0;120
17;2025-11-19;1;11
17;2025-11-19;2;0
17;2025-11-19;3;0
17;2025-11-19;4;25
17;2025-11-19;5;316
17;2025-11-19;6;1538
17;2025-11-19;7;4248
17;2025-11-19;8;5421
17;2025-11-19;9;3893
17;2025-11-19;10;3094
17;2025-11-19;11;3059
17;2025-11-19;12;3071
17;2025-11-19;13;3122
17;2025-11-19;14;3250
17;2025-11-19;15;3301
17;2025-11-19;16;3675
17;2025-11-19;17;4565
17;2025-11-19;18;4819
17;2025-11-19;19;3348
17;2025-11-19;20;2355
17;2025-11-19;21;1459
17;2025-11-19;22;697
17;2025-11-19;23;379
17;2025-11-20;0;120
17;2025-11-20;1;11
17;2025-11-20;2;0
17;2025-11-20;3;0
17;2025-11-20;4;25
17;2025-11-20;5;316
17;2025-11-20;6;1538
17;2025-11-20;7;4248
17;2025-11-20;8;5421
17;2025-11-20;9;3893
17;2025-11-20;10;3094
17;2025-11-20;11;3059
17;2025-11-20;12;3071
17;2025-11-20;13;3122
17;2025-11-20;14;3250
17;2025-11-20;15;3301
17;2025-11-20;16;3675
17;2025-11-20;17;4565
17;2025-11-20;18;4819
17;2025-11-20;19;3348
17;2025-11-20;20;2355
17;2025-11-20;21;1459
17;2025-11-20;22;697
17;2025-11-20;23;379
17;2025-11-21;0;145
17;2025-11-21;1;18
17;2025-11-21;2;0
17;2025-11-21;3;0
17;2025-11-21;4;25
17;2025-11-21;5;315
17;2025-11-21;6;1547
17;2025-11-21;7;4193
17;2025-11-21;8;5313
17;2025-11-21;9;3839
17;2025-11-21;10;3040
17;2025-11-21;11;3093
17;2025-11-21;12;3056
17;2025-11-21;13;3147
17;2025-11-21;14;3217
17;2025-11-21;15;3495
17;2025-11-21;16;4226
17;2025-11-21;17;4806
17;2025-11-21;18;4361
17;2025-11-21;19;3226
17;2025-11-21;20;2377
17;2025-11-21;21;1599
17;2025-11-21;22;770
17;2025-11-21;23;479
17;2025-11-22;0;203
17;2025-11-22;1;28
17;2025-11-22;2;0
17;2025-11-22;3;0
17;2025-11-22;4;5
17;2025-11-22;5;137
17;2025-11-22;6;584
17;2025-11-22;7;1274
17;2025-11-22;8;1806
17;2025-11-22;9;2298
17;2025-11-22;10;2569
17;2025-11-22;11;3062
17;2025-11-22;12;3391
17;2025-11-22;13;3658
17;2025-11-22;14;3673
17;2025-11-22;15;3666
17;2025-11-22;16;3682
17;2025-11-22;17;3391
17;2025-11-22;18;3002
17;2025-11-22;19;2373
17;2025-11-22;20;1868
17;2025-11-22;21;1340
17;2025-11-22;22;807
17;2025-11-22;23;453
17;2025-11-23;0;188
17;2025-11-23;1;24
17;2025-11-23;2;0
17;2025-11-23;3;0
17;2025-11-23;4;3
17;2025-11-23;5;107
17;2025-11-23;6;441
17;2025-11-23;7;857
17;2025-11-23;8;1248
17;2025-11-23;9;1709
17;2025-11-23;10;2017
17;2025-11-23;11;2594
17;2025-11-23;12;2943
17;2025-11-23;13;3195
17;2025-11-23;14;3332
17;2025-11-23;15;3262
17;2025-11-23;16;3172
17;2025-11-23;17;3011
17;2025-11-23;18;2596
17;2025-11-23;19;2078
17;2025-11-23;20;1532
17;2025-11-23;21;1132
17;2025-11-23;22;693
17;2025-11-23;23;318
17;2025-11-24;0;121
17;2025-11-24;1;14
17;2025-11-24;2;0
17;2025-11-24;3;0
17;2025-11-24;4;27
17;2025-11-24;5;295
17;2025-11-24;6;1527
17;2025-11-24;7;4106
17;2025-11-24;8;5399
17;2025-11-24;9;3822
17;2025-11-24;10;2901
17;2025-11-24;11;2842
17;2025-11-24;12;2890
17;2025-11-24;13;3009
17;2025-11-24;14;3026
17;2025-11-24;15;3119
17;2025-11-24;16;3625
17;2025-11-24;17;4259
17;2025-11-24;18;4546
17;2025-11-24;19;2756
17;2025-11-24;20;2041
17;2025-11-24;21;1345
17;2025-11-24;22;631
17;2025-11-24;23;310
17;2025-11-25;0;120
17;2025-11-25;1;11
17;2025-11-25;2;0
17;2025-11-25;3;0
17;2025-11-25;4;25
17;2025-11-25;5;316
17;2025-11-25;6;1538
17;2025-11-25;7;4248
17;2025-11-25;8;5421
17;2025-11-25;9;3893
17;2025-11-25;10;3094
17;2025-11-25;11;3059
17;2025-11-25;12;3071
17;2025-11-25;13;3122
17;2025-11-25;14;3250
17;2025-11-25;15;3301
17;2025-11-25;16;3675
17;2025-11-25;17;4565
17;2025-11-25;18;4819
17;2025-11-25;19;3348
17;2025-11-25;20;2355
17;2025-11-25;21;1459
17;2025-11-25;22;697
17;2025-11-25;23;379
17;2025-11-26;0;120
17;2025-11-26;1;11
17;2025-11-26;2;0
17;2025-11-26;3;0
17;2025-11-26;4;25
17;2025-11-26;5;316
17;2025-11-26;6;1538
17;2025-11-26;7;4248
17;2025-11-26;8;5421
17;2025-11-26;9;3893
17;2025-11-26;10;3094
17;2025-11-26;11;3059
17;2025-11-26;12;3071
17;2025-11-26;13;3122
17;2025-11-26;14;3250
17;2025-11-26;15;3301
17;2025-11-26;16;3675
17;2025-11-26;17;4565
17;2025-11-26;18;4819
17;2025-11-26;19;3348
17;2025-11-26;20;2355
17;2025-11-26;21;1459
17;2025-11-26;22;697
17;2025-11-26;23;379
17;2025-11-27;0;120
17;2025-11-27;1;11
17;2025-11-27;2;0
17;2025-11-27;3;0
17;2025-11-27;4;25
17;2025-11-27;5;316
17;2025-11-27;6;1538
17;2025-11-27;7;4248
17;2025-11-27;8;5421
17;2025-11-27;9;3893
17;2025-11-27;10;3094
17;2025-11-27;11;3059
17;2025-11-27;12;3071
17;2025-11-27;13;3122
17;2025-11-27;14;3250
17;2025-11-27;15;3301
17;2025-11-27;16;3675
17;2025-11-27;17;4565
17;2025-11-27;18;4819
17;2025-11-27;19;3348
17;2025-11-27;20;2355
17;2025-11-27;21;1459
17;2025-11-27;22;697
17;2025-11-27;23;379
17;2025-11-28;0;145
17;2025-11-28;1;18
17;2025-11-28;2;0
17;2025-11-28;3;0
17;2025-11-28;4;25
17;2025-11-28;5;315
17;2025-11-28;6;1547
17;2025-11-28;7;4193
17;2025-11-28;8;5313
17;2025-11-28;9;3839
17;2025-11-28;10;3040
17;2025-11-28;11;3093
17;2025-11-28;12;3056
17;2025-11-28;13;3147
17;2025-11-28;14;3217
17;2025-11-28;15;3495
17;2025-11-28;16;4226
17;2025-11-28;17;4806
17;2025-11-28;18;4361
17;2025-11-28;19;3226
17;2025-11-28;20;2377
17;2025-11-28;21;1599
17;2025-11-28;22;770
17;2025-11-28;23;479
17;2025-11-29;0;203
17;2025-11-29;1;28
17;2025-11-29;2;0
17;2025-11-29;3;0
17;2025-11-29;4;5
17;2025-11-29;5;137
17;2025-11-29;6;584
17;2025-11-29;7;1274
17;2025-11-29;8;1806
17;2025-11-29;9;2298
17;2025-11-29;10;2569
17;2025-11-29;11;3062
17;2025-11-29;12;3391
17;2025-11-29;13;3658
17;2025-11-29;14;3673
17;2025-11-29;15;3666
17;2025-11-29;16;3682
17;2025-11-29;17;3391
17;2025-11-29;18;3002
17;2025-11-29;19;2373
17;2025-11-29;20;1868
17;2025-11-29;21;1340
17;2025-11-29;22;807
17;2025-11-29;23;453
17;2025-11-30;0;188
17;2025-11-30;1;24
17;2025-11-30;2;0
17;2025-11-30;3;0
17;2025-11-30;4;3
17;2025-11-30;5;107
17;2025-11-30;6;441
17;2025-11-30;7;857
17;2025-11-30;8;1248
17;2025-11-30;9;1709
17;2025-11-30;10;2017
17;2025-11-30;11;2594
17;2025-11-30;12;2943
17;2025-11-30;13;3195
17;2025-11-30;14;3332
17;2025-11-30;15;3262
17;2025-11-30;16;3172
17;2025-11-30;17;3011
17;2025-11-30;18;2596
17;2025-11-30;19;2078
17;2025-11-30;20;1532
17;2025-11-30;21;1132
17;2025-11-30;22;693
17;2025-11-30;23;318
17;2025-12-01;0;121
17;2025-12-01;1;14
17;2025-12-01;2;0
17;2025-12-01;3;0
17;2025-12-01;4;27
17;2025-12-01;5;295
17;2025-12-01;6;1527
17;2025-12-01;7;4106
17;2025-12-01;8;5399
17;2025-12-01;9;3822
17;2025-12-01;10;2901
17;2025-12-01;11;2842
17;2025-12-01;12;2890
17;2025-12-01;13;3009
17;2025-12-01;14;3026
17;2025-12-01;15;3119
17;2025-12-01;16;3625
17;2025-12-01;17;4259
17;2025-12-01;18;4546
17;2025-12-01;19;2756
17;2025-12-01;20;2041
17;2025-12-01;21;1345
17;2025-12-01;22;631
17;2025-12-01;23;310
17;2025-12-02;0;120
17;2025-12-02;1;11
17;2025-12-02;2;0
17;2025-12-02;3;0
17;2025-12-02;4;25
17;2025-12-02;5;316
17;2025-12-02;6;1538
17;2025-12-02;7;4248
17;2025-12-02;8;5421
17;2025-12-02;9;3893
17;2025-12-02;10;3094
17;2025-12-02;11;3059
17;2025-12-02;12;3071
17;2025-12-02;13;3122
17;2025-12-02;14;3250
17;2025-12-02;15;3301
17;2025-12-02;16;3675
17;2025-12-02;17;4565
17;2025-12-02;18;4819
17;2025-12-02;19;3348
17;2025-12-02;20;2355
17;2025-12-02;21;1459
17;2025-12-02;22;697
17;2025-12-02;23;379
17;2025-12-03;0;120
17;2025-12-03;1;11
17;2025-12-03;2;0
17;2025-12-03;3;0
17;2025-12-03;4;25
17;2025-12-03;5;316
17;2025-12-03;6;1538
17;2025-12-03;7;4248
17;2025-12-03;8;5421
17;2025-12-03;9;3893
17;2025-12-03;10;3094
17;2025-12-03;11;3059
17;2025-12-03;12;3071
17;2025-12-03;13;3122
17;2025-12-03;14;3250
17;2025-12-03;15;3301
17;2025-12-03;16;3675
17;2025-12-03;17;4565
17;2025-12-03;18;4819
17;2025-12-03;19;3348
17;2025-12-03;20;2355
17;2025-12-03;21;1459
17;2025-12-03;22;697
17;2025-12-03;23;379
17;2025-12-04;0;120
17;2025-12-04;1;11
17;2025-12-04;2;0
17;2025-12-04;3;0
17;2025-12-04;4;25
17;2025-12-04;5;316
17;2025-12-04;6;1538
17;2025-12-04;7;4248
17;2025-12-04;8;5421
17;2025-12-04;9;3893
17;2025-12-04;10;3094
17;2025-12-04;11;3059
17;2025-12-04;12;3071
17;2025-12-04;13;3122
17;2025-12-04;14;3250
17;2025-12-04;15;3301
17;2025-12-04;16;3675
17;2025-12-04;17;4565
17;2025-12-04;18;4819
17;2025-12-04;19;3348
17;2025-12-04;20;2355
17;2025-12-04;21;1459
17;2025-12-04;22;697
17;2025-12-04;23;379
17;2025-12-05;0;145
17;2025-12-05;1;18
17;2025-12-05;2;0
17;2025-12-05;3;0
17;2025-12-05;4;25
17;2025-12-05;5;315
17;2025-12-05;6;1547
17;2025-12-05;7;4193
17;2025-12-05;8;5313
17;2025-12-05;9;3839
17;2025-12-05;10;3040
17;2025-12-05;11;3093
17;2025-12-05;12;3056
17;2025-12-05;13;3147
17;2025-12-05;14;3217
17;2025-12-05;15;3495
17;2025-12-05;16;4226
17;2025-12-05;17;4806
17;2025-12-05;18;4361
17;2025-12-05;19;3226
17;2025-12-05;20;2377
17;2025-12-05;21;1599
17;2025-12-05;22;770
17;2025-12-05;23;479
17;2025-12-06;0;203
17;2025-12-06;1;28
17;2025-12-06;2;0
17;2025-12-06;3;0
17;2025-12-06;4;5
17;2025-12-06;5;137
17;2025-12-06;6;584
17;2025-12-06;7;1274
17;2025-12-06;8;1806
17;2025-12-06;9;2298
17;2025-12-06;10;2569
17;2025-12-06;11;3062
17;2025-12-06;12;3391
17;2025-12-06;13;3658
17;2025-12-06;14;3673
17;2025-12-06;15;3666
17;2025-12-06;16;3682
17;2025-12-06;17;3391
17;2025-12-06;18;3002
17;2025-12-06;19;2373
17;2025-12-06;20;1868
17;2025-12-06;21;1340
17;2025-12-06;22;807
17;2025-12-06;23;453
17;2025-12-07;0;188
17;2025-12-07;1;24
17;2025-12-07;2;0
17;2025-12-07;3;0
17;2025-12-07;4;3
17;2025-12-07;5;107
17;2025-12-07;6;441
17;2025-12-07;7;857
17;2025-12-07;8;1248
17;2025-12-07;9;1709
17;2025-12-07;10;2017
17;2025-12-07;11;2594
17;2025-12-07;12;2943
17;2025-12-07;13;3195
17;2025-12-07;14;3332
17;2025-12-07;15;3262
17;2025-12-07;16;3172
17;2025-12-07;17;3011
17;2025-12-07;18;2596
17;2025-12-07;19;2078
17;2025-12-07;20;1532
17;2025-12-07;21;1132
17;2025-12-07;22;693
17;2025-12-07;23;318
17;2025-12-08;0;121
17;2025-12-08;1;14
17;2025-12-08;2;0
17;2025-12-08;3;0
17;2025-12-08;4;27
17;2025-12-08;5;295
17;2025-12-08;6;1527
17;2025-12-08;7;4106
17;2025-12-08;8;5399
17;2025-12-08;9;3822
17;2025-12-08;10;2901
17;2025-12-08;11;2842
17;2025-12-08;12;2890
17;2025-12-08;13;3009
17;2025-12-08;14;3026
17;2025-12-08;15;3119
17;2025-12-08;16;3625
17;2025-12-08;17;4259
17;2025-12-08;18;4546
17;2025-12-08;19;2756
17;2025-12-08;20;2041
17;2025-12-08;21;1345
17;2025-12-08;22;631
17;2025-12-08;23;310
17;2025-12-09;0;120
17;2025-12-09;1;11
17;2025-12-09;2;0
17;2025-12-09;3;0
17;2025-12-09;4;25
17;2025-12-09;5;316
17;2025-12-09;6;1538
17;2025-12-09;7;4248
17;2025-12-09;8;5421
17;2025-12-09;9;3893
17;2025-12-09;10;3094
17;2025-12-09;11;3059
17;2025-12-09;12;3071
17;2025-12-09;13;3122
17;2025-12-09;14;3250
17;2025-12-09;15;3301
17;2025-12-09;16;3675
17;2025-12-09;17;4565
17;2025-12-09;18;4819
17;2025-12-09;19;3348
17;2025-12-09;20;2355
17;2025-12-09;21;1459
17;2025-12-09;22;697
17;2025-12-09;23;379
17;2025-12-10;0;120
17;2025-12-10;1;11
17;2025-12-10;2;0
17;2025-12-10;3;0
17;2025-12-10;4;25
17;2025-12-10;5;316
17;2025-12-10;6;1538
17;2025-12-10;7;4248
17;2025-12-10;8;5421
17;2025-12-10;9;3893
17;2025-12-10;10;3094
17;2025-12-10;11;3059
17;2025-12-10;12;3071
17;2025-12-10;13;3122
17;2025-12-10;14;3250
17;2025-12-10;15;3301
17;2025-12-10;16;3675
17;2025-12-10;17;4565
17;2025-12-10;18;4819
17;2025-12-10;19;3348
17;2025-12-10;20;2355
17;2025-12-10;21;1459
17;2025-12-10;22;697
17;2025-12-10;23;379
17;2025-12-11;0;120
17;2025-12-11;1;11
17;2025-12-11;2;0
17;2025-12-11;3;0
17;2025-12-11;4;25
17;2025-12-11;5;316
17;2025-12-11;6;1538
17;2025-12-11;7;4248
17;2025-12-11;8;5421
17;2025-12-11;9;3893
17;2025-12-11;10;3094
17;2025-12-11;11;3059
17;2025-12-11;12;3071
17;2025-12-11;13;3122
17;2025-12-11;14;3250
17;2025-12-11;15;3301
17;2025-12-11;16;3675
17;2025-12-11;17;4565
17;2025-12-11;18;4819
17;2025-12-11;19;3348
17;2025-12-11;20;2355
17;2025-12-11;21;1459
17;2025-12-11;22;697
17;2025-12-11;23;379
17;2025-12-12;0;145
17;2025-12-12;1;18
17;2025-12-12;2;0
17;2025-12-12;3;0
17;2025-12-12;4;25
17;2025-12-12;5;315
17;2025-12-12;6;1547
17;2025-12-12;7;4193
17;2025-12-12;8;5313
17;2025-12-12;9;3839
17;2025-12-12;10;3040
17;2025-12-12;11;3093
17;2025-12-12;12;3056
17;2025-12-12;13;3147
17;2025-12-12;14;3217
17;2025-12-12;15;3495
17;2025-12-12;16;4226
17;2025-12-12;17;4806
17;2025-12-12;18;4361
17;2025-12-12;19;3226
17;2025-12-12;20;2377
17;2025-12-12;21;1599
17;2025-12-12;22;770
17;2025-12-12;23;479
17;2025-12-13;0;203
17;2025-12-13;1;28
17;2025-12-13;2;0
17;2025-12-13;3;0
17;2025-12-13;4;5
17;2025-12-13;5;137
17;2025-12-13;6;584
17;2025-12-13;7;1274
17;2025-12-13;8;1806
17;2025-12-13;9;2298
17;2025-12-13;10;2569
17;2025-12-13;11;3062
17;2025-12-13;12;3391
17;2025-12-13;13;3658
17;2025-12-13;14;3673
17;2025-12-13;15;3666
17;2025-12-13;16;3682
17;2025-12-13;17;3391
17;2025-12-13;18;3002
17;2025-12-13;19;2373
17;2025-12-13;20;1868
17;2025-12-13;21;1340
17;2025-12-13;22;807
17;2025-12-13;23;453
17;2025-12-14;0;188
17;2025-12-14;1;24
17;2025-12-14;2;0
17;2025-12-14;3;0
17;2025-12-14;4;3
17;2025-12-14;5;107
17;2025-12-14;6;441
17;2025-12-14;7;857
17;2025-12-14;8;1248
17;2025-12-14;9;1709
17;2025-12-14;10;2017
17;2025-12-14;11;2594
17;2025-12-14;12;2943
17;2025-12-14;13;3195
17;2025-12-14;14;3332
17;2025-12-14;15;3262
17;2025-12-14;16;3172
17;2025-12-14;17;3011
17;2025-12-14;18;2596
17;2025-12-14;19;2078
17;2025-12-14;20;1532
17;2025-12-14;21;1132
17;2025-12-14;22;693
17;2025-12-14;23;318
17;2025-12-15;0;121
17;2025-12-15;1;14
17;2025-12-15;2;0
17;2025-12-15;3;0
17;2025-12-15;4;27
17;2025-12-15;5;295
17;2025-12-15;6;1527
17;2025-12-15;7;4106
17;2025-12-15;8;5399
17;2025-12-15;9;3822
17;2025-12-15;10;2901
17;2025-12-15;11;2842
17;2025-12-15;12;2890
17;2025-12-15;13;3009
17;2025-12-15;14;3026
17;2025-12-15;15;3119
17;2025-12-15;16;3625
17;2025-12-15;17;4259
17;2025-12-15;18;4546
17;2025-12-15;19;2756
17;2025-12-15;20;2041
17;2025-12-15;21;1345
17;2025-12-15;22;631
17;2025-12-15;23;310
17;2025-12-16;0;120
17;2025-12-16;1;11
17;2025-12-16;2;0
17;2025-12-16;3;0
17;2025-12-16;4;25
17;2025-12-16;5;316
17;2025-12-16;6;1538
17;2025-12-16;7;4248
17;2025-12-16;8;5421
17;2025-12-16;9;3893
17;2025-12-16;10;3094
17;2025-12-16;11;3059
17;2025-12-16;12;3071
17;2025-12-16;13;3122
17;2025-12-16;14;3250
17;2025-12-16;15;3301
17;2025-12-16;16;3675
17;2025-12-16;17;4565
17;2025-12-16;18;4819
17;2025-12-16;19;3348
17;2025-12-16;20;2355
17;2025-12-16;21;1459
17;2025-12-16;22;697
17;2025-12-16;23;379
17;2025-12-17;0;120
17;2025-12-17;1;11
17;2025-12-17;2;0
17;2025-12-17;3;0
17;2025-12-17;4;25
17;2025-12-17;5;316
17;2025-12-17;6;1538
17;2025-12-17;7;4248
17;2025-12-17;8;5421
17;2025-12-17;9;3893
17;2025-12-17;10;3094
17;2025-12-17;11;3059
17;2025-12-17;12;3071
17;2025-12-17;13;3122
17;2025-12-17;14;3250
17;2025-12-17;15;3301
17;2025-12-17;16;3675
17;2025-12-17;17;4565
17;2025-12-17;18;4819
17;2025-12-17;19;3348
17;2025-12-17;20;2355
17;2025-12-17;21;1459
17;2025-12-17;22;697
17;2025-12-17;23;379
17;2025-12-18;0;120
17;2025-12-18;1;11
17;2025-12-18;2;0
17;2025-12-18;3;0
17;2025-12-18;4;25
17;2025-12-18;5;316
17;2025-12-18;6;1538
17;2025-12-18;7;4248
17;2025-12-18;8;5421
17;2025-12-18;9;3893
17;2025-12-18;10;3094
17;2025-12-18;11;3059
17;2025-12-18;12;3071
17;2025-12-18;13;3122
17;2025-12-18;14;3250
17;2025-12-18;15;3301
17;2025-12-18;16;3675
17;2025-12-18;17;4565
17;2025-12-18;18;4819
17;2025-12-18;19;3348
17;2025-12-18;20;2355
17;2025-12-18;21;1459
17;2025-12-18;22;697
17;2025-12-18;23;379
17;2025-12-19;0;145
17;2025-12-19;1;18
17;2025-12-19;2;0
17;2025-12-19;3;0
17;2025-12-19;4;25
17;2025-12-19;5;315
17;2025-12-19;6;1547
17;2025-12-19;7;4193
17;2025-12-19;8;5313
17;2025-12-19;9;3839
17;2025-12-19;10;3040
17;2025-12-19;11;3093
17;2025-12-19;12;3056
17;2025-12-19;13;3147
17;2025-12-19;14;3217
17;2025-12-19;15;3495
17;2025-12-19;16;4226
17;2025-12-19;17;4806
17;2025-12-19;18;4361
17;2025-12-19;19;3226
17;2025-12-19;20;2377
17;2025-12-19;21;1599
17;2025-12-19;22;770
17;2025-12-19;23;479
17;2025-12-20;0;203
17;2025-12-20;1;28
17;2025-12-20;2;0
17;2025-12-20;3;0
17;2025-12-20;4;5
17;2025-12-20;5;137
17;2025-12-20;6;584
17;2025-12-20;7;1274
17;2025-12-20;8;1806
17;2025-12-20;9;2298
17;2025-12-20;10;2569
17;2025-12-20;11;3062
17;2025-12-20;12;3391
17;2025-12-20;13;3658
17;2025-12-20;14;3673
17;2025-12-20;15;3666
17;2025-12-20;16;3682
17;2025-12-20;17;3391
17;2025-12-20;18;3002
17;2025-12-20;19;2373
17;2025-12-20;20;1868
17;2025-12-20;21;1340
17;2025-12-20;22;807
17;2025-12-20;23;453
17;2025-12-21;0;188
17;2025-12-21;1;24
17;2025-12-21;2;0
17;2025-12-21;3;0
17;2025-12-21;4;3
17;2025-12-21;5;107
17;2025-12-21;6;441
17;2025-12-21;7;857
17;2025-12-21;8;1248
17;2025-12-21;9;1709
17;2025-12-21;10;2017
17;2025-12-21;11;2594
17;2025-12-21;12;2943
17;2025-12-21;13;3195
17;2025-12-21;14;3332
17;2025-12-21;15;3262
17;2025-12-21;16;3172
17;2025-12-21;17;3011
17;2025-12-21;18;2596
17;2025-12-21;19;2078
17;2025-12-21;20;1532
17;2025-12-21;21;1132
17;2025-12-21;22;693
17;2025-12-21;23;318
17;2025-12-22;0;121
17;2025-12-22;1;14
17;2025-12-22;2;0
17;2025-12-22;3;0
17;2025-12-22;4;27
17;2025-12-22;5;295
17;2025-12-22;6;1527
17;2025-12-22;7;4106
17;2025-12-22;8;5399
17;2025-12-22;9;3822
17;2025-12-22;10;2901
17;2025-12-22;11;2842
17;2025-12-22;12;2890
17;2025-12-22;13;3009
17;2025-12-22;14;3026
17;2025-12-22;15;3119
17;2025-12-22;16;3625
17;2025-12-22;17;4259
17;2025-12-22;18;4546
17;2025-12-22;19;2756
17;2025-12-22;20;2041
17;2025-12-22;21;1345
17;2025-12-22;22;631
17;2025-12-22;23;310
17;2025-12-23;0;120
17;2025-12-23;1;11
17;2025-12-23;2;0
17;2025-12-23;3;0
17;2025-12-23;4;25
17;2025-12-23;5;316
17;2025-12-23;6;1538
17;2025-12-23;7;4248
17;2025-12-23;8;5421
17;2025-12-23;9;3893
17;2025-12-23;10;3094
17;2025-12-23;11;3059
17;2025-12-23;12;3071
17;2025-12-23;13;3122
17;2025-12-23;14;3250
17;2025-12-23;15;3301
17;2025-12-23;16;3675
17;2025-12-23;17;4565
17;2025-12-23;18;4819
17;2025-12-23;19;3348
17;2025-12-23;20;2355
17;2025-12-23;21;1459
17;2025-12-23;22;697
17;2025-12-23;23;379
17;2025-12-24;0;120
17;2025-12-24;1;11
17;2025-12-24;2;0
17;2025-12-24;3;0
17;2025-12-24;4;25
17;2025-12-24;5;316
17;2025-12-24;6;1538
17;2025-12-24;7;4248
17;2025-12-24;8;5421
17;2025-12-24;9;3893
17;2025-12-24;10;3094
17;2025-12-24;11;3059
17;2025-12-24;12;3071
17;2025-12-24;13;3122
17;2025-12-24;14;3250
17;2025-12-24;15;3301
17;2025-12-24;16;3675
17;2025-12-24;17;4565
17;2025-12-24;18;4819
17;2025-12-24;19;3348
17;2025-12-24;20;2355
17;2025-12-24;21;1459
17;2025-12-24;22;697
17;2025-12-24;23;379
17;2025-12-25;0;120
17;2025-12-25;1;11
17;2025-12-25;2;0
17;2025-12-25;3;0
17;2025-12-25;4;25
17;2025-12-25;5;316
17;2025-12-25;6;1538
17;2025-12-25;7;4248
17;2025-12-25;8;5421
17;2025-12-25;9;3893
17;2025-12-25;10;3094
17;2025-12-25;11;3059
17;2025-12-25;12;3071
17;2025-12-25;13;3122
17;2025-12-25;14;3250
17;2025-12-25;15;3301
17;2025-12-25;16;3675
17;2025-12-25;17;4565
17;2025-12-25;18;4819
17;2025-12-25;19;3348
17;2025-12-25;20;2355
17;2025-12-25;21;1459
17;2025-12-25;22;697
17;2025-12-25;23;379
17;2025-12-26;0;145
17;2025-12-26;1;18
17;2025-12-26;2;0
17;2025-12-26;3;0
17;2025-12-26;4;25
17;2025-12-26;5;315
17;2025-12-26;6;1547
17;2025-12-26;7;4193
17;2025-12-26;8;5313
17;2025-12-26;9;3839
17;2025-12-26;10;3040
17;2025-12-26;11;3093
17;2025-12-26;12;3056
17;2025-12-26;13;3147
17;2025-12-26;14;3217
17;2025-12-26;15;3495
17;2025-12-26;16;4226
17;2025-12-26;17;4806
17;2025-12-26;18;4361
17;2025-12-26;19;3226
17;2025-12-26;20;2377
17;2025-12-26;21;1599
17;2025-12-26;22;770
17;2025-12-26;23;479
17;2025-12-27;0;203
17;2025-12-27;1;28
17;2025-12-27;2;0
17;2025-12-27;3;0
17;2025-12-27;4;5
17;2025-12-27;5;137
17;2025-12-27;6;584
17;2025-12-27;7;1274
17;2025-12-27;8;1806
17;2025-12-27;9;2298
17;2025-12-27;10;2569
17;2025-12-27;11;3062
17;2025-12-27;12;3391
17;2025-12-27;13;3658
17;2025-12-27;14;3673
17;2025-12-27;15;3666
17;2025-12-27;16;3682
17;2025-12-27;17;3391
17;2025-12-27;18;3002
17;2025-12-27;19;2373
17;2025-12-27;20;1868
17;2025-12-27;21;1340
17;2025-12-27;22;807
17;2025-12-27;23;453
17;2025-12-28;0;188
17;2025-12-28;1;24
17;2025-12-28;2;0
17;2025-12-28;3;0
17;2025-12-28;4;3
17;2025-12-28;5;107
17;2025-12-28;6;441
17;2025-12-28;7;857
17;2025-12-28;8;1248
17;2025-12-28;9;1709
17;2025-12-28;10;2017
17;2025-12-28;11;2594
17;2025-12-28;12;2943
17;2025-12-28;13;3195
17;2025-12-28;14;3332
17;2025-12-28;15;3262
17;2025-12-28;16;3172
17;2025-12-28;17;3011
17;2025-12-28;18;2596
17;2025-12-28;19;2078
17;2025-12-28;20;1532
17;2025-12-28;21;1132
17;2025-12-28;22;693
17;2025-12-28;23;318
17;2025-12-29;0;125
17;2025-12-29;1;15
17;2025-12-29;2;0
17;2025-12-29;3;0
17;2025-12-29;4;21
17;2025-12-29;5;271
17;2025-12-29;6;1330
17;2025-12-29;7;3606
17;2025-12-29;8;4569
17;2025-12-29;9;3301
17;2025-12-29;10;2614
17;2025-12-29;11;2660
17;2025-12-29;12;2628
17;2025-12-29;13;2707
17;2025-12-29;14;2766
17;2025-12-29;15;3006
17;2025-12-29;16;3635
17;2025-12-29;17;4133
17;2025-12-29;18;3750
17;2025-12-29;19;2775
17;2025-12-29;20;2044
17;2025-12-29;21;1375
17;2025-12-29;22;662
17;2025-12-29;23;412
17;2025-12-30;0;125
17;2025-12-30;1;15
17;2025-12-30;2;0
17;2025-12-30;3;0
17;2025-12-30;4;21
17;2025-12-30;5;271
17;2025-12-30;6;1330
17;2025-12-30;7;3606
17;2025-12-30;8;4569
17;2025-12-30;9;3301
17;2025-12-30;10;2614
17;2025-12-30;11;2660
17;2025-12-30;12;2628
17;2025-12-30;13;2707
17;2025-12-30;14;2766
17;2025-12-30;15;3006
17;2025-12-30;16;3635
17;2025-12-30;17;4133
17;2025-12-30;18;3750
17;2025-12-30;19;2775
17;2025-12-30;20;2044
17;2025-12-30;21;1375
17;2025-12-30;22;662
17;2025-12-30;23;412
17;2025-12-31;0;173
17;2025-12-31;1;24
17;2025-12-31;2;0
17;2025-12-31;3;0
17;2025-12-31;4;5
17;2025-12-31;5;116
17;2025-12-31;6;497
17;2025-12-31;7;1083
17;2025-12-31;8;1535
17;2025-12-31;9;1953
17;2025-12-31;10;2183
17;2025-12-31;11;2602
17;2025-12-31;12;2883
17;2025-12-31;13;3109
17;2025-12-31;14;3122
17;2025-12-31;15;3116
17;2025-12-31;16;3130
17;2025-12-31;17;2883
17;2025-12-31;18;2552
17;2025-12-31;19;1109
17;2025-12-31;20;873
17;2025-12-31;21;627
17;2025-12-31;22;377
17;2025-12-31;23;212
25;2025-11-01;0;0
25;2025-11-01;1;0
25;2025-11-01;2;0
25;2025-11-01;3;0
25;2025-11-01;4;0
25;2025-11-01;5;14
25;2025-11-01;6;242
25;2025-11-01;7;497
25;2025-11-01;8;764
25;2025-11-01;9;388
25;2025-11-01;10;355
25;2025-11-01;11;393
25;2025-11-01;12;375
25;2025-11-01;13;496
25;2025-11-01;14;411
25;2025-11-01;15;570
25;2025-11-01;16;727
25;2025-11-01;17;698
25;2025-11-01;18;615
25;2025-11-01;19;566
25;2025-11-01;20;302
25;2025-11-01;21;196
25;2025-11-01;22;96
25;2025-11-01;23;13
25;2025-11-02;0;16
25;2025-11-02;1;1
25;2025-11-02;2;0
25;2025-11-02;3;0
25;2025-11-02;4;0
25;2025-11-02;5;11
25;2025-11-02;6;114
25;2025-11-02;7;106
25;2025-11-02;8;201
25;2025-11-02;9;226
25;2025-11-02;10;230
25;2025-11-02;11;330
25;2025-11-02;12;395
25;2025-11-02;13;521
25;2025-11-02;14;615
25;2025-11-02;15;703
25;2025-11-02;16;598
25;2025-11-02;17;596
25;2025-11-02;18;457
25;2025-11-02;19;306
25;2025-11-02;20;243
25;2025-11-02;21;151
25;2025-11-02;22;96
25;2025-11-02;23;36
25;2025-11-03;0;16
25;2025-11-03;1;0
25;2025-11-03;2;0
25;2025-11-03;3;0
25;2025-11-03;4;0
25;2025-11-03;5;10
25;2025-11-03;6;110
25;2025-11-03;7;103
25;2025-11-03;8;194
25;2025-11-03;9;219
25;2025-11-03;10;223
25;2025-11-03;11;319
25;2025-11-03;12;382
25;2025-11-03;13;504
25;2025-11-03;14;594
25;2025-11-03;15;680
25;2025-11-03;16;579
25;2025-11-03;17;576
25;2025-11-03;18;441
25;2025-11-03;19;296
25;2025-11-03;20;235
25;2025-11-03;21;146
25;2025-11-03;22;93
25;2025-11-03;23;35
25;2025-11-04;0;16
25;2025-11-04;1;0
25;2025-11-04;2;0
25;2025-11-04;3;0
25;2025-11-04;4;0
25;2025-11-04;5;10
25;2025-11-04;6;110
25;2025-11-04;7;103
25;2025-11-04;8;194
25;2025-11-04;9;219
25;2025-11-04;10;223
25;2025-11-04;11;319
25;2025-11-04;12;382
25;2025-11-04;13;504
25;2025-11-04;14;594
25;2025-11-04;15;680
25;2025-11-04;16;579
25;2025-11-04;17;576
25;2025-11-04;18;441
25;2025-11-04;19;296
25;2025-11-04;20;235
25;2025-11-04;21;146
25;2025-11-04;22;93
25;2025-11-04;23;35
25;2025-11-05;0;1
25;2025-11-05;1;0
25;2025-11-05;2;0
25;2025-11-05;3;0
25;2025-11-05;4;0
25;2025-11-05;5;21
25;2025-11-05;6;278
25;2025-11-05;7;546
25;2025-11-05;8;922
25;2025-11-05;9;472
25;2025-11-05;10;392
25;2025-11-05;11;458
25;2025-11-05;12;448
25;2025-11-05;13;542
25;2025-11-05;14;489
25;2025-11-05;15;623
25;2025-11-05;16;707
25;2025-11-05;17;804
25;2025-11-05;18;801
25;2025-11-05;19;632
25;2025-11-05;20;337
25;2025-11-05;21;231
25;2025-11-05;22;93
25;2025-11-05;23;6
25;2025-11-06;0;1
25;2025-11-06;1;0
25;2025-11-06;2;0
25;2025-11-06;3;0
25;2025-11-06;4;0
25;2025-11-06;5;21
25;2025-11-06;6;278
25;2025-11-06;7;546
25;2025-11-06;8;922
25;2025-11-06;9;472
25;2025-11-06;10;392
25;2025-11-06;11;458
25;2025-11-06;12;448
25;2025-11-06;13;542
25;2025-11-06;14;489
25;2025-11-06;15;623
25;2025-11-06;16;707
25;2025-11-06;17;804
25;2025-11-06;18;801
25;2025-11-06;19;632
25;2025-11-06;20;337
25;2025-11-06;21;231
25;2025-11-06;22;93
25;2025-11-06;23;6
25;2025-11-07;0;0
25;2025-11-07;1;0
25;2025-11-07;2;0
25;2025-11-07;3;0
25;2025-11-07;4;0
25;2025-11-07;5;17
25;2025-11-07;6;285
25;2025-11-07;7;585
25;2025-11-07;8;899
25;2025-11-07;9;457
25;2025-11-07;10;418
25;2025-11-07;11;462
25;2025-11-07;12;441
25;2025-11-07;13;583
25;2025-11-07;14;484
25;2025-11-07;15;671
25;2025-11-07;16;855
25;2025-11-07;17;822
25;2025-11-07;18;724
25;2025-11-07;19;666
25;2025-11-07;20;356
25;2025-11-07;21;231
25;2025-11-07;22;113
25;2025-11-07;23;15
25;2025-11-08;0;6
25;2025-11-08;1;0
25;2025-11-08;2;0
25;2025-11-08;3;0
25;2025-11-08;4;0
25;2025-11-08;5;22
25;2025-11-08;6;142
25;2025-11-08;7;139
25;2025-11-08;8;322
25;2025-11-08;9;290
25;2025-11-08;10;299
25;2025-11-08;11;397
25;2025-11-08;12;418
25;2025-11-08;13;691
25;2025-11-08;14;698
25;2025-11-08;15;819
25;2025-11-08;16;768
25;2025-11-08;17;614
25;2025-11-08;18;539
25;2025-11-08;19;466
25;2025-11-08;20;264
25;2025-11-08;21;202
25;2025-11-08;22;117
25;2025-11-08;23;44
25;2025-11-09;0;16
25;2025-11-09;1;1
25;2025-11-09;2;0
25;2025-11-09;3;0
25;2025-11-09;4;0
25;2025-11-09;5;11
25;2025-11-09;6;114
25;2025-11-09;7;106
25;2025-11-09;8;201
25;2025-11-09;9;226
25;2025-11-09;10;230
25;2025-11-09;11;330
25;2025-11-09;12;395
25;2025-11-09;13;521
25;2025-11-09;14;615
25;2025-11-09;15;703
25;2025-11-09;16;598
25;2025-11-09;17;596
25;2025-11-09;18;457
25;2025-11-09;19;306
25;2025-11-09;20;243
25;2025-11-09;21;151
25;2025-11-09;22;96
25;2025-11-09;23;36
25;2025-11-10;0;8
25;2025-11-10;1;0
25;2025-11-10;2;0
25;2025-11-10;3;0
25;2025-11-10;4;0
25;2025-11-10;5;22
25;2025-11-10;6;263
25;2025-11-10;7;555
25;2025-11-10;8;998
25;2025-11-10;9;557
25;2025-11-10;10;351
25;2025-11-10;11;436
25;2025-11-10;12;429
25;2025-11-10;13;585
25;2025-11-10;14;488
25;2025-11-10;15;497
25;2025-11-10;16;715
25;2025-11-10;17;781
25;2025-11-10;18;761
25;2025-11-10;19;581
25;2025-11-10;20;302
25;2025-11-10;21;195
25;2025-11-10;22;82
25;2025-11-10;23;11
25;2025-11-11;0;1
25;2025-11-11;1;0
25;2025-11-11;2;0
25;2025-11-11;3;0
25;2025-11-11;4;0
25;2025-11-11;5;21
25;2025-11-11;6;278
25;2025-11-11;7;546
25;2025-11-11;8;922
25;2025-11-11;9;472
25;2025-11-11;10;392
25;2025-11-11;11;458
25;2025-11-11;12;448
25;2025-11-11;13;542
25;2025-11-11;14;489
25;2025-11-11;15;623
25;2025-11-11;16;707
25;2025-11-11;17;804
25;2025-11-11;18;801
25;2025-11-11;19;632
25;2025-11-11;20;337
25;2025-11-11;21;231
25;2025-11-11;22;93
25;2025-11-11;23;6
25;2025-11-12;0;1
25;2025-11-12;1;0
25;2025-11-12;2;0
25;2025-11-12;3;0
25;2025-11-12;4;0
25;2025-11-12;5;21
25;2025-11-12;6;278
25;2025-11-12;7;546
25;2025-11-12;8;922
25;2025-11-12;9;472
25;2025-11-12;10;392
25;2025-11-12;11;458
25;2025-11-12;12;448
25;2025-11-12;13;542
25;2025-11-12;14;489
25;2025-11-12;15;623
25;2025-11-12;16;707
25;2025-11-12;17;804
25;2025-11-12;18;801
25;2025-11-12;19;632
25;2025-11-12;20;337
25;2025-11-12;21;231
25;2025-11-12;22;93
25;2025-11-12;23;6
25;2025-11-13;0;1
25;2025-11-13;1;0
25;2025-11-13;2;0
25;2025-11-13;3;0
25;2025-11-13;4;0
25;2025-11-13;5;21
25;2025-11-13;6;278
25;2025-11-13;7;546
25;2025-11-13;8;922
25;2025-11-13;9;472
25;2025-11-13;10;392
25;2025-11-13;11;458
25;2025-11-13;12;448
25;2025-11-13;13;542
25;2025-11-13;14;489
25;2025-11-13;15;623
25;2025-11-13;16;707
25;2025-11-13;17;804
25;2025-11-13;18;801
25;2025-11-13;19;632
25;2025-11-13;20;337
25;2025-11-13;21;231
25;2025-11-13;22;93
25;2025-11-13;23;6
25;2025-11-14;0;0
25;2025-11-14;1;0
25;2025-11-14;2;0
25;2025-11-14;3;0
25;2025-11-14;4;0
25;2025-11-14;5;17
25;2025-11-14;6;285
25;2025-11-14;7;585
25;2025-11-14;8;899
25;2025-11-14;9;457
25;2025-11-14;10;418
25;2025-11-14;11;462
25;2025-11-14;12;441
25;2025-11-14;13;583
25;2025-11-14;14;484
25;2025-11-14;15;671
25;2025-11-14;16;855
25;2025-11-14;17;822
25;2025-11-14;18;724
25;2025-11-14;19;666
25;2025-11-14;20;356
25;2025-11-14;21;231
25;2025-11-14;22;113
25;2025-11-14;23;15
25;2025-11-15;0;6
25;2025-11-15;1;0
25;2025-11-15;2;0
25;2025-11-15;3;0
25;2025-11-15;4;0
25;2025-11-15;5;21
25;2025-11-15;6;135
25;2025-11-15;7;132
25;2025-11-15;8;306
25;2025-11-15;9;275
25;2025-11-15;10;283
25;2025-11-15;11;376
25;2025-11-15;12;396
25;2025-11-15;13;655
25;2025-11-15;14;662
25;2025-11-15;15;777
25;2025-11-15;16;729
25;2025-11-15;17;583
25;2025-11-15;18;512
25;2025-11-15;19;442
25;2025-11-15;20;250
25;2025-11-15;21;192
25;2025-11-15;22;111
25;2025-11-15;23;42
25;2025-11-16;0;16
25;2025-11-16;1;1
25;2025-11-16;2;0
25;2025-11-16;3;0
25;2025-11-16;4;0
25;2025-11-16;5;11
25;2025-11-16;6;114
25;2025-11-16;7;106
25;2025-11-16;8;201
25;2025-11-16;9;226
25;2025-11-16;10;230
25;2025-11-16;11;330
25;2025-11-16;12;395
25;2025-11-16;13;521
25;2025-11-16;14;615
25;2025-11-16;15;703
25;2025-11-16;16;598
25;2025-11-16;17;596
25;2025-11-16;18;457
25;2025-11-16;19;306
25;2025-11-16;20;243
25;2025-11-16;21;151
25;2025-11-16;22;96
25;2025-11-16;23;36
25;2025-11-17;0;8
25;2025-11-17;1;0
25;2025-11-17;2;0
25;2025-11-17;3;0
25;2025-11-17;4;0
25;2025-11-17;5;22
25;2025-11-17;6;263
25;2025-11-17;7;555
25;2025-11-17;8;998
25;2025-11-17;9;557
25;2025-11-17;10;351
25;2025-11-17;11;436
25;2025-11-17;12;429
25;2025-11-17;13;585
25;2025-11-17;14;488
25;2025-11-17;15;497
25;2025-11-17;16;715
25;2025-11-17;17;781
25;2025-11-17;18;761
25;2025-11-17;19;581
25;2025-11-17;20;302
25;2025-11-17;21;195
25;2025-11-17;22;82
25;2025-11-17;23;11
25;2025-11-18;0;1
25;2025-11-18;1;0
25;2025-11-18;2;0
25;2025-11-18;3;0
25;2025-11-18;4;0
25;2025-11-18;5;21
25;2025-11-18;6;278
25;2025-11-18;7;546
25;2025-11-18;8;922
25;2025-11-18;9;472
25;2025-11-18;10;392
25;2025-11-18;11;458
25;2025-11-18;12;448
25;2025-11-18;13;542
25;2025-11-18;14;489
25;2025-11-18;15;623
25;2025-11-18;16;707
25;2025-11-18;17;804
25;2025-11-18;18;801
25;2025-11-18;19;632
25;2025-11-18;20;337
25;2025-11-18;21;231
25;2025-11-18;22;93
25;2025-11-18;23;6
25;2025-11-19;0;1
25;2025-11-19;1;0
25;2025-11-19;2;0
25;2025-11-19;3;0
25;2025-11-19;4;0
25;2025-11-19;5;21
25;2025-11-19;6;278
25;2025-11-19;7;546
25;2025-11-19;8;922
25;2025-11-19;9;472
25;2025-11-19;10;392
25;2025-11-19;11;458
25;2025-11-19;12;448
25;2025-11-19;13;542
25;2025-11-19;14;489
25;2025-11-19;15;623
25;2025-11-19;16;707
25;2025-11-19;17;804
25;2025-11-19;18;801
25;2025-11-19;19;632
25;2025-11-19;20;337
25;2025-11-19;21;231
25;2025-11-19;22;93
25;2025-11-19;23;6
25;2025-11-20;0;1
25;2025-11-20;1;0
25;2025-11-20;2;0
25;2025-11-20;3;0
25;2025-11-20;4;0
25;2025-11-20;5;21
25;2025-11-20;6;278
25;2025-11-20;7;546
25;2025-11-20;8;922
25;2025-11-20;9;472
25;2025-11-20;10;392
25;2025-11-20;11;458
25;2025-11-20;12;448
25;2025-11-20;13;542
25;2025-11-20;14;489
25;2025-11-20;15;623
25;2025-11-20;16;707
25;2025-11-20;17;804
25;2025-11-20;18;801
25;2025-11-20;19;632
25;2025-11-20;20;337
25;2025-11-20;21;231
25;2025-11-20;22;93
25;2025-11-20;23;6
25;2025-11-21;0;0
25;2025-11-21;1;0
25;2025-11-21;2;0
25;2025-11-21;3;0
25;2025-11-21;4;0
25;2025-11-21;5;17
25;2025-11-21;6;285
25;2025-11-21;7;585
25;2025-11-21;8;899
25;2025-11-21;9;457
25;2025-11-21;10;418
25;2025-11-21;11;462
25;2025-11-21;12;441
25;2025-11-21;13;583
25;2025-11-21;14;484
25;2025-11-21;15;671
25;2025-11-21;16;855
25;2025-11-21;17;822
25;2025-11-21;18;724
25;2025-11-21;19;666
25;2025-11-21;20;356
25;2025-11-21;21;231
25;2025-11-21;22;113
25;2025-11-21;23;15
25;2025-11-22;0;6
25;2025-11-22;1;0
25;2025-11-22;2;0
25;2025-11-22;3;0
25;2025-11-22;4;0
25;2025-11-22;5;22
25;2025-11-22;6;142
25;2025-11-22;7;139
25;2025-11-22;8;322
25;2025-11-22;9;290
25;2025-11-22;10;299
25;2025-11-22;11;397
25;2025-11-22;12;418
25;2025-11-22;13;691
25;2025-11-22;14;698
25;2025-11-22;15;819
25;2025-11-22;16;768
25;2025-11-22;17;614
25;2025-11-22;18;539
25;2025-11-22;19;466
25;2025-11-22;20;264
25;2025-11-22;21;202
25;2025-11-22;22;117
25;2025-11-22;23;44
25;2025-11-23;0;16
25;2025-11-23;1;1
25;2025-11-23;2;0
25;2025-11-23;3;0
25;2025-11-23;4;0
25;2025-11-23;5;11
25;2025-11-23;6;114
25;2025-11-23;7;106
25;2025-11-23;8;201
25;2025-11-23;9;226
25;2025-11-23;10;230
25;2025-11-23;11;330
25;2025-11-23;12;395
25;2025-11-23;13;521
25;2025-11-23;14;615
25;2025-11-23;15;703
25;2025-11-23;16;598
25;2025-11-23;17;596
25;2025-11-23;18;457
25;2025-11-23;19;306
25;2025-11-23;20;243
25;2025-11-23;21;151
25;2025-11-23;22;96
25;2025-11-23;23;36
25;2025-11-24;0;8
25;2025-11-24;1;0
25;2025-11-24;2;0
25;2025-11-24;3;0
25;2025-11-24;4;0
25;2025-11-24;5;22
25;2025-11-24;6;263
25;2025-11-24;7;555
25;2025-11-24;8;998
25;2025-11-24;9;557
25;2025-11-24;10;351
25;2025-11-24;11;436
25;2025-11-24;12;429
25;2025-11-24;13;585
25;2025-11-24;14;488
25;2025-11-24;15;497
25;2025-11-24;16;715
25;2025-11-24;17;781
25;2025-11-24;18;761
25;2025-11-24;19;581
25;2025-11-24;20;302
25;2025-11-24;21;195
25;2025-11-24;22;82
25;2025-11-24;23;11
25;2025-11-25;0;1
25;2025-11-25;1;0
25;2025-11-25;2;0
25;2025-11-25;3;0
25;2025-11-25;4;0
25;2025-11-25;5;21
25;2025-11-25;6;278
25;2025-11-25;7;546
25;2025-11-25;8;922
25;2025-11-25;9;472
25;2025-11-25;10;392
25;2025-11-25;11;458
25;2025-11-25;12;448
25;2025-11-25;13;542
25;2025-11-25;14;489
25;2025-11-25;15;623
25;2025-11-25;16;707
25;2025-11-25;17;804
25;2025-11-25;18;801
25;2025-11-25;19;632
25;2025-11-25;20;337
25;2025-11-25;21;231
25;2025-11-25;22;93
25;2025-11-25;23;6
25;2025-11-26;0;1
25;2025-11-26;1;0
25;2025-11-26;2;0
25;2025-11-26;3;0
25;2025-11-26;4;0
25;2025-11-26;5;21
25;2025-11-26;6;278
25;2025-11-26;7;546
25;2025-11-26;8;922
25;2025-11-26;9;472
25;2025-11-26;10;392
25;2025-11-26;11;458
25;2025-11-26;12;448
25;2025-11-26;13;542
25;2025-11-26;14;489
25;2025-11-26;15;623
25;2025-11-26;16;707
25;2025-11-26;17;804
25;2025-11-26;18;801
25;2025-11-26;19;632
25;2025-11-26;20;337
25;2025-11-26;21;231
25;2025-11-26;22;93
25;2025-11-26;23;6
25;2025-11-27;0;1
25;2025-11-27;1;0
25;2025-11-27;2;0
25;2025-11-27;3;0
25;2025-11-27;4;0
25;2025-11-27;5;21
25;2025-11-27;6;278
25;2025-11-27;7;546
25;2025-11-27;8;922
25;2025-11-27;9;472
25;2025-11-27;10;392
25;2025-11-27;11;458
25;2025-11-27;12;448
25;2025-11-27;13;542
25;2025-11-27;14;489
25;2025-11-27;15;623
25;2025-11-27;16;707
25;2025-11-27;17;804
25;2025-11-27;18;801
25;2025-11-27;19;632
25;2025-11-27;20;337
25;2025-11-27;21;231
25;2025-11-27;22;93
25;2025-11-27;23;6
25;2025-11-28;0;0
25;2025-11-28;1;0
25;2025-11-28;2;0
25;2025-11-28;3;0
25;2025-11-28;4;0
25;2025-11-28;5;17
25;2025-11-28;6;285
25;2025-11-28;7;585
25;2025-11-28;8;899
25;2025-11-28;9;457
25;2025-11-28;10;418
25;2025-11-28;11;462
25;2025-11-28;12;441
25;2025-11-28;13;583
25;2025-11-28;14;484
25;2025-11-28;15;671
25;2025-11-28;16;855
25;2025-11-28;17;822
25;2025-11-28;18;724
25;2025-11-28;19;666
25;2025-11-28;20;356
25;2025-11-28;21;231
25;2025-11-28;22;113
25;2025-11-28;23;15
25;2025-11-29;0;6
25;2025-11-29;1;0
25;2025-11-29;2;0
25;2025-11-29;3;0
25;2025-11-29;4;0
25;2025-11-29;5;22
25;2025-11-29;6;142
25;2025-11-29;7;139
25;2025-11-29;8;322
25;2025-11-29;9;290
25;2025-11-29;10;299
25;2025-11-29;11;397
25;2025-11-29;12;418
25;2025-11-29;13;691
25;2025-11-29;14;698
25;2025-11-29;15;819
25;2025-11-29;16;768
25;2025-11-29;17;614
25;2025-11-29;18;539
25;2025-11-29;19;466
25;2025-11-29;20;264
25;2025-11-29;21;202
25;2025-11-29;22;117
25;2025-11-29;23;44
25;2025-11-30;0;16
25;2025-11-30;1;1
25;2025-11-30;2;0
25;2025-11-30;3;0
25;2025-11-30;4;0
25;2025-11-30;5;11
25;2025-11-30;6;114
25;2025-11-30;7;106
25;2025-11-30;8;201
25;2025-11-30;9;226
25;2025-11-30;10;230
25;2025-11-30;11;330
25;2025-11-30;12;395
25;2025-11-30;13;521
25;2025-11-30;14;615
25;2025-11-30;15;703
25;2025-11-30;16;598
25;2025-11-30;17;596
25;2025-11-30;18;457
25;2025-11-30;19;306
25;2025-11-30;20;243
25;2025-11-30;21;151
25;2025-11-30;22;96
25;2025-11-30;23;36
25;2025-12-01;0;8
25;2025-12-01;1;0
25;2025-12-01;2;0
25;2025-12-01;3;0
25;2025-12-01;4;0
25;2025-12-01;5;22
25;2025-12-01;6;263
25;2025-12-01;7;555
25;2025-12-01;8;998
25;2025-12-01;9;557
25;2025-12-01;10;351
25;2025-12-01;11;436
25;2025-12-01;12;429
25;2025-12-01;13;585
25;2025-12-01;14;488
25;2025-12-01;15;497
25;2025-12-01;16;715
25;2025-12-01;17;781
25;2025-12-01;18;761
25;2025-12-01;19;581
25;2025-12-01;20;302
25;2025-12-01;21;195
25;2025-12-01;22;82
25;2025-12-01;23;11
25;2025-12-02;0;1
25;2025-12-02;1;0
25;2025-12-02;2;0
25;2025-12-02;3;0
25;2025-12-02;4;0
25;2025-12-02;5;21
25;2025-12-02;6;278
25;2025-12-02;7;546
25;2025-12-02;8;922
25;2025-12-02;9;472
25;2025-12-02;10;392
25;2025-12-02;11;458
25;2025-12-02;12;448
25;2025-12-02;13;542
25;2025-12-02;14;489
25;2025-12-02;15;623
25;2025-12-02;16;707
25;2025-12-02;17;804
25;2025-12-02;18;801
25;2025-12-02;19;632
25;2025-12-02;20;337
25;2025-12-02;21;231
25;2025-12-02;22;93
25;2025-12-02;23;6
25;2025-12-03;0;1
25;2025-12-03;1;0
25;2025-12-03;2;0
25;2025-12-03;3;0
25;2025-12-03;4;0
25;2025-12-03;5;21
25;2025-12-03;6;278
25;2025-12-03;7;546
25;2025-12-03;8;922
25;2025-12-03;9;472
25;2025-12-03;10;392
25;2025-12-03;11;458
25;2025-12-03;12;448
25;2025-12-03;13;542
25;2025-12-03;14;489
25;2025-12-03;15;623
25;2025-12-03;16;707
25;2025-12-03;17;804
25;2025-12-03;18;801
25;2025-12-03;19;632
25;2025-12-03;20;337
25;2025-12-03;21;231
25;2025-12-03;22;93
25;2025-12-03;23;6
25;2025-12-04;0;1
25;2025-12-04;1;0
25;2025-12-04;2;0
25;2025-12-04;3;0
25;2025-12-04;4;0
25;2025-12-04;5;21
25;2025-12-04;6;278
25;2025-12-04;7;546
25;2025-12-04;8;922
25;2025-12-04;9;472
25;2025-12-04;10;392
25;2025-12-04;11;458
25;2025-12-04;12;448
25;2025-12-04;13;542
25;2025-12-04;14;489
25;2025-12-04;15;623
25;2025-12-04;16;707
25;2025-12-04;17;804
25;2025-12-04;18;801
25;2025-12-04;19;632
25;2025-12-04;20;337
25;2025-12-04;21;231
25;2025-12-04;22;93
25;2025-12-04;23;6
25;2025-12-05;0;0
25;2025-12-05;1;0
25;2025-12-05;2;0
25;2025-12-05;3;0
25;2025-12-05;4;0
25;2025-12-05;5;17
25;2025-12-05;6;285
25;2025-12-05;7;585
25;2025-12-05;8;899
25;2025-12-05;9;457
25;2025-12-05;10;418
25;2025-12-05;11;462
25;2025-12-05;12;441
25;2025-12-05;13;583
25;2025-12-05;14;484
25;2025-12-05;15;671
25;2025-12-05;16;855
25;2025-12-05;17;822
25;2025-12-05;18;724
25;2025-12-05;19;666
25;2025-12-05;20;356
25;2025-12-05;21;231
25;2025-12-05;22;113
25;2025-12-05;23;15
25;2025-12-06;0;6
25;2025-12-06;1;0
25;2025-12-06;2;0
25;2025-12-06;3;0
25;2025-12-06;4;0
25;2025-12-06;5;22
25;2025-12-06;6;142
25;2025-12-06;7;139
25;2025-12-06;8;322
25;2025-12-06;9;290
25;2025-12-06;10;299
25;2025-12-06;11;397
25;2025-12-06;12;418
25;2025-12-06;13;691
25;2025-12-06;14;698
25;2025-12-06;15;819
25;2025-12-06;16;768
25;2025-12-06;17;614
25;2025-12-06;18;539
25;2025-12-06;19;466
25;2025-12-06;20;264
25;2025-12-06;21;202
25;2025-12-06;22;117
25;2025-12-06;23;44
25;2025-12-07;0;16
25;2025-12-07;1;1
25;2025-12-07;2;0
25;2025-12-07;3;0
25;2025-12-07;4;0
25;2025-12-07;5;11
25;2025-12-07;6;114
25;2025-12-07;7;106
25;2025-12-07;8;201
25;2025-12-07;9;226
25;2025-12-07;10;230
25;2025-12-07;11;330
25;2025-12-07;12;395
25;2025-12-07;13;521
25;2025-12-07;14;615
25;2025-12-07;15;703
25;2025-12-07;16;598
25;2025-12-07;17;596
25;2025-12-07;18;457
25;2025-12-07;19;306
25;2025-12-07;20;243
25;2025-12-07;21;151
25;2025-12-07;22;96
25;2025-12-07;23;36
25;2025-12-08;0;8
25;2025-12-08;1;0
25;2025-12-08;2;0
25;2025-12-08;3;0
25;2025-12-08;4;0
25;2025-12-08;5;22
25;2025-12-08;6;263
25;2025-12-08;7;555
25;2025-12-08;8;998
25;2025-12-08;9;557
25;2025-12-08;10;351
25;2025-12-08;11;436
25;2025-12-08;12;429
25;2025-12-08;13;585
25;2025-12-08;14;488
25;2025-12-08;15;497
25;2025-12-08;16;715
25;2025-12-08;17;781
25;2025-12-08;18;761
25;2025-12-08;19;581
25;2025-12-08;20;302
25;2025-12-08;21;195
25;2025-12-08;22;82
25;2025-12-08;23;11
25;2025-12-09;0;1
25;2025-12-09;1;0
25;2025-12-09;2;0
25;2025-12-09;3;0
25;2025-12-09;4;0
25;2025-12-09;5;21
25;2025-12-09;6;278
25;2025-12-09;7;546
25;2025-12-09;8;922
25;2025-12-09;9;472
25;2025-12-09;10;392
25;2025-12-09;11;458
25;2025-12-09;12;448
25;2025-12-09;13;542
25;2025-12-09;14;489
25;2025-12-09;15;623
25;2025-12-09;16;707
25;2025-12-09;17;804
25;2025-12-09;18;801
25;2025-12-09;19;632
25;2025-12-09;20;337
25;2025-12-09;21;231
25;2025-12-09;22;93
25;2025-12-09;23;6
25;2025-12-10;0;1
25;2025-12-10;1;0
25;2025-12-10;2;0
25;2025-12-10;3;0
25;2025-12-10;4;0
25;2025-12-10;5;21
25;2025-12-10;6;278
25;2025-12-10;7;546
25;2025-12-10;8;922
25;2025-12-10;9;472
25;2025-12-10;10;392
25;2025-12-10;11;458
25;2025-12-10;12;448
25;2025-12-10;13;542
25;2025-12-10;14;489
25;2025-12-10;15;623
25;2025-12-10;16;707
25;2025-12-10;17;804
25;2025-12-10;18;801
25;2025-12-10;19;632
25;2025-12-10;20;337
25;2025-12-10;21;231
25;2025-12-10;22;93
25;2025-12-10;23;6
25;2025-12-11;0;1
25;2025-12-11;1;0
25;2025-12-11;2;0
25;2025-12-11;3;0
25;2025-12-11;4;0
25;2025-12-11;5;21
25;2025-12-11;6;278
25;2025-12-11;7;546
25;2025-12-11;8;922
25;2025-12-11;9;472
25;2025-12-11;10;392
25;2025-12-11;11;458
25;2025-12-11;12;448
25;2025-12-11;13;542
25;2025-12-11;14;489
25;2025-12-11;15;623
25;2025-12-11;16;707
25;2025-12-11;17;804
25;2025-12-11;18;801
25;2025-12-11;19;632
25;2025-12-11;20;337
25;2025-12-11;21;231
25;2025-12-11;22;93
25;2025-12-11;23;6
25;2025-12-12;0;0
25;2025-12-12;1;0
25;2025-12-12;2;0
25;2025-12-12;3;0
25;2025-12-12;4;0
25;2025-12-12;5;17
25;2025-12-12;6;285
25;2025-12-12;7;585
25;2025-12-12;8;899
25;2025-12-12;9;457
25;2025-12-12;10;418
25;2025-12-12;11;462
25;2025-12-12;12;441
25;2025-12-12;13;583
25;2025-12-12;14;484
25;2025-12-12;15;671
25;2025-12-12;16;855
25;2025-12-12;17;822
25;2025-12-12;18;724
25;2025-12-12;19;666
25;2025-12-12;20;356
25;2025-12-12;21;231
25;2025-12-12;22;113
25;2025-12-12;23;15
25;2025-12-13;0;6
25;2025-12-13;1;0
25;2025-12-13;2;0
25;2025-12-13;3;0
25;2025-12-13;4;0
25;2025-12-13;5;22
25;2025-12-13;6;142
25;2025-12-13;7;139
25;2025-12-13;8;322
25;2025-12-13;9;290
25;2025-12-13;10;299
25;2025-12-13;11;397
25;2025-12-13;12;418
25;2025-12-13;13;691
25;2025-12-13;14;698
25;2025-12-13;15;819
25;2025-12-13;16;768
25;2025-12-13;17;614
25;2025-12-13;18;539
25;2025-12-13;19;466
25;2025-12-13;20;264
25;2025-12-13;21;202
25;2025-12-13;22;117
25;2025-12-13;23;44
25;2025-12-14;0;16
25;2025-12-14;1;1
25;2025-12-14;2;0
25;2025-12-14;3;0
25;2025-12-14;4;0
25;2025-12-14;5;11
25;2025-12-14;6;114
25;2025-12-14;7;106
25;2025-12-14;8;201
25;2025-12-14;9;226
25;2025-12-14;10;230
25;2025-12-14;11;330
25;2025-12-14;12;395
25;2025-12-14;13;521
25;2025-12-14;14;615
25;2025-12-14;15;703
25;2025-12-14;16;598
25;2025-12-14;17;596
25;2025-12-14;18;457
25;2025-12-14;19;306
25;2025-12-14;20;243
25;2025-12-14;21;151
25;2025-12-14;22;96
25;2025-12-14;23;36
25;2025-12-15;0;8
25;2025-12-15;1;0
25;2025-12-15;2;0
25;2025-12-15;3;0
25;2025-12-15;4;0
25;2025-12-15;5;22
25;2025-12-15;6;263
25;2025-12-15;7;555
25;2025-12-15;8;998
25;2025-12-15;9;557
25;2025-12-15;10;351
25;2025-12-15;11;436
25;2025-12-15;12;429
25;2025-12-15;13;585
25;2025-12-15;14;488
25;2025-12-15;15;497
25;2025-12-15;16;715
25;2025-12-15;17;781
25;2025-12-15;18;761
25;2025-12-15;19;581
25;2025-12-15;20;302
25;2025-12-15;21;195
25;2025-12-15;22;82
25;2025-12-15;23;11
25;2025-12-16;0;1
25;2025-12-16;1;0
25;2025-12-16;2;0
25;2025-12-16;3;0
25;2025-12-16;4;0
25;2025-12-16;5;21
25;2025-12-16;6;278
25;2025-12-16;7;546
25;2025-12-16;8;922
25;2025-12-16;9;472
25;2025-12-16;10;392
25;2025-12-16;11;458
25;2025-12-16;12;448
25;2025-12-16;13;542
25;2025-12-16;14;489
25;2025-12-16;15;623
25;2025-12-16;16;707
25;2025-12-16;17;804
25;2025-12-16;18;801
25;2025-12-16;19;632
25;2025-12-16;20;337
25;2025-12-16;21;231
25;2025-12-16;22;93
25;2025-12-16;23;6
25;2025-12-17;0;1
25;2025-12-17;1;0
25;2025-12-17;2;0
25;2025-12-17;3;0
25;2025-12-17;4;0
25;2025-12-17;5;21
25;2025-12-17;6;278
25;2025-12-17;7;546
25;2025-12-17;8;922
25;2025-12-17;9;472
25;2025-12-17;10;392
25;2025-12-17;11;458
25;2025-12-17;12;448
25;2025-12-17;13;542
25;2025-12-17;14;489
25;2025-12-17;15;623
25;2025-12-17;16;707
25;2025-12-17;17;804
25;2025-12-17;18;801
25;2025-12-17;19;632
25;2025-12-17;20;337
25;2025-12-17;21;231
25;2025-12-17;22;93
25;2025-12-17;23;6
25;2025-12-18;0;1
25;2025-12-18;1;0
25;2025-12-18;2;0
25;2025-12-18;3;0
25;2025-12-18;4;0
25;2025-12-18;5;21
25;2025-12-18;6;278
25;2025-12-18;7;546
25;2025-12-18;8;922
25;2025-12-18;9;472
25;2025-12-18;10;392
25;2025-12-18;11;458
25;2025-12-18;12;448
25;2025-12-18;13;542
25;2025-12-18;14;489
25;2025-12-18;15;623
25;2025-12-18;16;707
25;2025-12-18;17;804
25;2025-12-18;18;801
25;2025-12-18;19;632
25;2025-12-18;20;337
25;2025-12-18;21;231
25;2025-12-18;22;93
25;2025-12-18;23;6
25;2025-12-19;0;0
25;2025-12-19;1;0
25;2025-12-19;2;0
25;2025-12-19;3;0
25;2025-12-19;4;0
25;2025-12-19;5;17
25;2025-12-19;6;285
25;2025-12-19;7;585
25;2025-12-19;8;899
25;2025-12-19;9;457
25;2025-12-19;10;418
25;2025-12-19;11;462
25;2025-12-19;12;441
25;2025-12-19;13;583
25;2025-12-19;14;484
25;2025-12-19;15;671
25;2025-12-19;16;855
25;2025-12-19;17;822
25;2025-12-19;18;724
25;2025-12-19;19;666
25;2025-12-19;20;356
25;2025-12-19;21;231
25;2025-12-19;22;113
25;2025-12-19;23;15
25;2025-12-20;0;6
25;2025-12-20;1;0
25;2025-12-20;2;0
25;2025-12-20;3;0
25;2025-12-20;4;0
25;2025-12-20;5;22
25;2025-12-20;6;142
25;2025-12-20;7;139
25;2025-12-20;8;322
25;2025-12-20;9;290
25;2025-12-20;10;299
25;2025-12-20;11;397
25;2025-12-20;12;418
25;2025-12-20;13;691
25;2025-12-20;14;698
25;2025-12-20;15;819
25;2025-12-20;16;768
25;2025-12-20;17;614
25;2025-12-20;18;539
25;2025-12-20;19;466
25;2025-12-20;20;264
25;2025-12-20;21;202
25;2025-12-20;22;117
25;2025-12-20;23;44
25;2025-12-21;0;16
25;2025-12-21;1;1
25;2025-12-21;2;0
25;2025-12-21;3;0
25;2025-12-21;4;0
25;2025-12-21;5;11
25;2025-12-21;6;114
25;2025-12-21;7;106
25;2025-12-21;8;201
25;2025-12-21;9;226
25;2025-12-21;10;230
25;2025-12-21;11;330
25;2025-12-21;12;395
25;2025-12-21;13;521
25;2025-12-21;14;615
25;2025-12-21;15;703
25;2025-12-21;16;598
25;2025-12-21;17;596
25;2025-12-21;18;457
25;2025-12-21;19;306
25;2025-12-21;20;243
25;2025-12-21;21;151
25;2025-12-21;22;96
25;2025-12-21;23;36
25;2025-12-22;0;8
25;2025-12-22;1;0
25;2025-12-22;2;0
25;2025-12-22;3;0
25;2025-12-22;4;0
25;2025-12-22;5;22
25;2025-12-22;6;263
25;2025-12-22;7;555
25;2025-12-22;8;998
25;2025-12-22;9;557
25;2025-12-22;10;351
25;2025-12-22;11;436
25;2025-12-22;12;429
25;2025-12-22;13;585
25;2025-12-22;14;488
25;2025-12-22;15;497
25;2025-12-22;16;715
25;2025-12-22;17;781
25;2025-12-22;18;761
25;2025-12-22;19;581
25;2025-12-22;20;302
25;2025-12-22;21;195
25;2025-12-22;22;82
25;2025-12-22;23;11
25;2025-12-23;0;1
25;2025-12-23;1;0
25;2025-12-23;2;0
25;2025-12-23;3;0
25;2025-12-23;4;0
25;2025-12-23;5;21
25;2025-12-23;6;278
25;2025-12-23;7;546
25;2025-12-23;8;922
25;2025-12-23;9;472
25;2025-12-23;10;392
25;2025-12-23;11;458
25;2025-12-23;12;448
25;2025-12-23;13;542
25;2025-12-23;14;489
25;2025-12-23;15;623
25;2025-12-23;16;707
25;2025-12-23;17;804
25;2025-12-23;18;801
25;2025-12-23;19;632
25;2025-12-23;20;337
25;2025-12-23;21;231
25;2025-12-23;22;93
25;2025-12-23;23;6
25;2025-12-24;0;1
25;2025-12-24;1;0
25;2025-12-24;2;0
25;2025-12-24;3;0
25;2025-12-24;4;0
25;2025-12-24;5;21
25;2025-12-24;6;278
25;2025-12-24;7;546
25;2025-12-24;8;922
25;2025-12-24;9;472
25;2025-12-24;10;392
25;2025-12-24;11;458
25;2025-12-24;12;448
25;2025-12-24;13;542
25;2025-12-24;14;489
25;2025-12-24;15;623
25;2025-12-24;16;707
25;2025-12-24;17;804
25;2025-12-24;18;801
25;2025-12-24;19;632
25;2025-12-24;20;337
25;2025-12-24;21;231
25;2025-12-24;22;93
25;2025-12-24;23;6
25;2025-12-25;0;1
25;2025-12-25;1;0
25;2025-12-25;2;0
25;2025-12-25;3;0
25;2025-12-25;4;0
25;2025-12-25;5;21
25;2025-12-25;6;278
25;2025-12-25;7;546
25;2025-12-25;8;922
25;2025-12-25;9;472
25;2025-12-25;10;392
25;2025-12-25;11;458
25;2025-12-25;12;448
25;2025-12-25;13;542
25;2025-12-25;14;489
25;2025-12-25;15;623
25;2025-12-25;16;707
25;2025-12-25;17;804
25;2025-12-25;18;801
25;2025-12-25;19;632
25;2025-12-25;20;337
25;2025-12-25;21;231
25;2025-12-25;22;93
25;2025-12-25;23;6
25;2025-12-26;0;0
25;2025-12-26;1;0
25;2025-12-26;2;0
25;2025-12-26;3;0
25;2025-12-26;4;0
25;2025-12-26;5;17
25;2025-12-26;6;285
25;2025-12-26;7;585
25;2025-12-26;8;899
25;2025-12-26;9;457
25;2025-12-26;10;418
25;2025-12-26;11;462
25;2025-12-26;12;441
25;2025-12-26;13;583
25;2025-12-26;14;484
25;2025-12-26;15;671
25;2025-12-26;16;855
25;2025-12-26;17;822
25;2025-12-26;18;724
25;2025-12-26;19;666
25;2025-12-26;20;356
25;2025-12-26;21;231
25;2025-12-26;22;113
25;2025-12-26;23;15
25;2025-12-27;0;6
25;2025-12-27;1;0
25;2025-12-27;2;0
25;2025-12-27;3;0
25;2025-12-27;4;0
25;2025-12-27;5;22
25;2025-12-27;6;142
25;2025-12-27;7;139
25;2025-12-27;8;322
25;2025-12-27;9;290
25;2025-12-27;10;299
25;2025-12-27;11;397
25;2025-12-27;12;418
25;2025-12-27;13;691
25;2025-12-27;14;698
25;2025-12-27;15;819
25;2025-12-27;16;768
25;2025-12-27;17;614
25;2025-12-27;18;539
25;2025-12-27;19;466
25;2025-12-27;20;264
25;2025-12-27;21;202
25;2025-12-27;22;117
25;2025-12-27;23;44
25;2025-12-28;0;16
25;2025-12-28;1;1
25;2025-12-28;2;0
25;2025-12-28;3;0
25;2025-12-28;4;0
25;2025-12-28;5;11
25;2025-12-28;6;114
25;2025-12-28;7;106
25;2025-12-28;8;201
25;2025-12-28;9;226
25;2025-12-28;10;230
25;2025-12-28;11;330
25;2025-12-28;12;395
25;2025-12-28;13;521
25;2025-12-28;14;615
25;2025-12-28;15;703
25;2025-12-28;16;598
25;2025-12-28;17;596
25;2025-12-28;18;457
25;2025-12-28;19;306
25;2025-12-28;20;243
25;2025-12-28;21;151
25;2025-12-28;22;96
25;2025-12-28;23;36
25;2025-12-29;0;0
25;2025-12-29;1;0
25;2025-12-29;2;0
25;2025-12-29;3;0
25;2025-12-29;4;0
25;2025-12-29;5;14
25;2025-12-29;6;245
25;2025-12-29;7;503
25;2025-12-29;8;773
25;2025-12-29;9;393
25;2025-12-29;10;360
25;2025-12-29;11;397
25;2025-12-29;12;379
25;2025-12-29;13;501
25;2025-12-29;14;416
25;2025-12-29;15;577
25;2025-12-29;16;735
25;2025-12-29;17;707
25;2025-12-29;18;622
25;2025-12-29;19;573
25;2025-12-29;20;306
25;2025-12-29;21;198
25;2025-12-29;22;97
25;2025-12-29;23;13
25;2025-12-30;0;0
25;2025-12-30;1;0
25;2025-12-30;2;0
25;2025-12-30;3;0
25;2025-12-30;4;0
25;2025-12-30;5;14
25;2025-12-30;6;245
25;2025-12-30;7;503
25;2025-12-30;8;773
25;2025-12-30;9;393
25;2025-12-30;10;360
25;2025-12-30;11;397
25;2025-12-30;12;379
25;2025-12-30;13;501
25;2025-12-30;14;416
25;2025-12-30;15;577
25;2025-12-30;16;735
25;2025-12-30;17;707
25;2025-12-30;18;622
25;2025-12-30;19;573
25;2025-12-30;20;306
25;2025-12-30;21;198
25;2025-12-30;22;97
25;2025-12-30;23;13
25;2025-12-31;0;5
25;2025-12-31;1;0
25;2025-12-31;2;0
25;2025-12-31;3;0
25;2025-12-31;4;0
25;2025-12-31;5;18
25;2025-12-31;6;121
25;2025-12-31;7;118
25;2025-12-31;8;274
25;2025-12-31;9;247
25;2025-12-31;10;254
25;2025-12-31;11;337
25;2025-12-31;12;355
25;2025-12-31;13;588
25;2025-12-31;14;594
25;2025-12-31;15;696
25;2025-12-31;16;653
25;2025-12-31;17;522
25;2025-12-31;18;459
25;2025-12-31;19;218
25;2025-12-31;20;123
25;2025-12-31;21;94
25;2025-12-31;22;55
25;2025-12-31;23;21
26;2025-11-01;0;26
26;2025-11-01;1;1
26;2025-11-01;2;0
26;2025-11-01;3;0
26;2025-11-01;4;1
26;2025-11-01;5;69
26;2025-11-01;6;404
26;2025-11-01;7;853
26;2025-11-01;8;1848
26;2025-11-01;9;1157
26;2025-11-01;10;1039
26;2025-11-01;11;928
26;2025-11-01;12;921
26;2025-11-01;13;950
26;2025-11-01;14;1137
26;2025-11-01;15;1124
26;2025-11-01;16;1373
26;2025-11-01;17;1480
26;2025-11-01;18;1084
26;2025-11-01;19;850
26;2025-11-01;20;541
26;2025-11-01;21;386
26;2025-11-01;22;162
26;2025-11-01;23;127
26;2025-11-02;0;48
26;2025-11-02;1;4
26;2025-11-02;2;0
26;2025-11-02;3;0
26;2025-11-02;4;1
26;2025-11-02;5;20
26;2025-11-02;6;153
26;2025-11-02;7;252
26;2025-11-02;8;374
26;2025-11-02;9;513
26;2025-11-02;10;577
26;2025-11-02;11;807
26;2025-11-02;12;797
26;2025-11-02;13;857
26;2025-11-02;14;838
26;2025-11-02;15;766
26;2025-11-02;16;731
26;2025-11-02;17;756
26;2025-11-02;18;678
26;2025-11-02;19;496
26;2025-11-02;20;389
26;2025-11-02;21;270
26;2025-11-02;22;156
26;2025-11-02;23;103
26;2025-11-03;0;47
26;2025-11-03;1;4
26;2025-11-03;2;0
26;2025-11-03;3;0
26;2025-11-03;4;1
26;2025-11-03;5;19
26;2025-11-03;6;148
26;2025-11-03;7;244
26;2025-11-03;8;361
26;2025-11-03;9;496
26;2025-11-03;10;558
26;2025-11-03;11;781
26;2025-11-03;12;771
26;2025-11-03;13;829
26;2025-11-03;14;810
26;2025-11-03;15;741
26;2025-11-03;16;707
26;2025-11-03;17;731
26;2025-11-03;18;655
26;2025-11-03;19;480
26;2025-11-03;20;376
26;2025-11-03;21;261
26;2025-11-03;22;151
26;2025-11-03;23;100
26;2025-11-04;0;47
26;2025-11-04;1;4
26;2025-11-04;2;0
26;2025-11-04;3;0
26;2025-11-04;4;1
26;2025-11-04;5;19
26;2025-11-04;6;148
26;2025-11-04;7;244
26;2025-11-04;8;361
26;2025-11-04;9;496
26;2025-11-04;10;558
26;2025-11-04;11;781
26;2025-11-04;12;771
26;2025-11-04;13;829
26;2025-11-04;14;810
26;2025-11-04;15;741
26;2025-11-04;16;707
26;2025-11-04;17;731
26;2025-11-04;18;655
26;2025-11-04;19;480
26;2025-11-04;20;376
26;2025-11-04;21;261
26;2025-11-04;22;151
26;2025-11-04;23;100
26;2025-11-05;0;33
26;2025-11-05;1;0
26;2025-11-05;2;0
26;2025-11-05;3;0
26;2025-11-05;4;2
26;2025-11-05;5;97
26;2025-11-05;6;457
26;2025-11-05;7;1077
26;2025-11-05;8;2234
26;2025-11-05;9;1453
26;2025-11-05;10;1199
26;2025-11-05;11;1100
26;2025-11-05;12;1182
26;2025-11-05;13;1157
26;2025-11-05;14;1332
26;2025-11-05;15;1374
26;2025-11-05;16;1486
26;2025-11-05;17;1715
26;2025-11-05;18;1860
26;2025-11-05;19;1235
26;2025-11-05;20;736
26;2025-11-05;21;494
26;2025-11-05;22;201
26;2025-11-05;23;125
26;2025-11-06;0;33
26;2025-11-06;1;0
26;2025-11-06;2;0
26;2025-11-06;3;0
26;2025-11-06;4;2
26;2025-11-06;5;97
26;2025-11-06;6;457
26;2025-11-06;7;1077
26;2025-11-06;8;2234
26;2025-11-06;9;1453
26;2025-11-06;10;1199
26;2025-11-06;11;1100
26;2025-11-06;12;1182
26;2025-11-06;13;1157
26;2025-11-06;14;1332
26;2025-11-06;15;1374
26;2025-11-06;16;1486
26;2025-11-06;17;1715
26;2025-11-06;18;1860
26;2025-11-06;19;1235
26;2025-11-06;20;736
26;2025-11-06;21;494
26;2025-11-06;22;201
26;2025-11-06;23;125
26;2025-11-07;0;30
26;2025-11-07;1;1
26;2025-11-07;2;0
26;2025-11-07;3;0
26;2025-11-07;4;1
26;2025-11-07;5;82
26;2025-11-07;6;476
26;2025-11-07;7;1003
26;2025-11-07;8;2174
26;2025-11-07;9;1361
26;2025-11-07;10;1223
26;2025-11-07;11;1092
26;2025-11-07;12;1083
26;2025-11-07;13;1117
26;2025-11-07;14;1338
26;2025-11-07;15;1322
26;2025-11-07;16;1616
26;2025-11-07;17;1741
26;2025-11-07;18;1276
26;2025-11-07;19;1000
26;2025-11-07;20;636
26;2025-11-07;21;454
26;2025-11-07;22;191
26;2025-11-07;23;149
26;2025-11-08;0;51
26;2025-11-08;1;2
26;2025-11-08;2;0
26;2025-11-08;3;0
26;2025-11-08;4;2
26;2025-11-08;5;50
26;2025-11-08;6;227
26;2025-11-08;7;363
26;2025-11-08;8;608
26;2025-11-08;9;656
26;2025-11-08;10;812
26;2025-11-08;11;974
26;2025-11-08;12;1050
26;2025-11-08;13;1026
26;2025-11-08;14;1075
26;2025-11-08;15;968
26;2025-11-08;16;1016
26;2025-11-08;17;929
26;2025-11-08;18;858
26;2025-11-08;19;746
26;2025-11-08;20;526
26;2025-11-08;21;342
26;2025-11-08;22;196
26;2025-11-08;23;153
26;2025-11-09;0;48
26;2025-11-09;1;4
26;2025-11-09;2;0
26;2025-11-09;3;0
26;2025-11-09;4;1
26;2025-11-09;5;20
26;2025-11-09;6;153
26;2025-11-09;7;252
26;2025-11-09;8;374
26;2025-11-09;9;513
26;2025-11-09;10;577
26;2025-11-09;11;807
26;2025-11-09;12;797
26;2025-11-09;13;857
26;2025-11-09;14;838
26;2025-11-09;15;766
26;2025-11-09;16;731
26;2025-11-09;17;756
26;2025-11-09;18;678
26;2025-11-09;19;496
26;2025-11-09;20;389
26;2025-11-09;21;270
26;2025-11-09;22;156
26;2025-11-09;23;103
26;2025-11-10;0;24
26;2025-11-10;1;2
26;2025-11-10;2;0
26;2025-11-10;3;0
26;2025-11-10;4;1
26;2025-11-10;5;91
26;2025-11-10;6;452
26;2025-11-10;7;1111
26;2025-11-10;8;2171
26;2025-11-10;9;1380
26;2025-11-10;10;1193
26;2025-11-10;11;1023
26;2025-11-10;12;1054
26;2025-11-10;13;1125
26;2025-11-10;14;1244
26;2025-11-10;15;1274
26;2025-11-10;16;1374
26;2025-11-10;17;1673
26;2025-11-10;18;1831
26;2025-11-10;19;1167
26;2025-11-10;20;726
26;2025-11-10;21;453
26;2025-11-10;22;188
26;2025-11-10;23;106
26;2025-11-11;0;33
26;2025-11-11;1;0
26;2025-11-11;2;0
26;2025-11-11;3;0
26;2025-11-11;4;2
26;2025-11-11;5;97
26;2025-11-11;6;457
26;2025-11-11;7;1077
26;2025-11-11;8;2234
26;2025-11-11;9;1453
26;2025-11-11;10;1199
26;2025-11-11;11;1100
26;2025-11-11;12;1182
26;2025-11-11;13;1157
26;2025-11-11;14;1332
26;2025-11-11;15;1374
26;2025-11-11;16;1486
26;2025-11-11;17;1715
26;2025-11-11;18;1860
26;2025-11-11;19;1235
26;2025-11-11;20;736
26;2025-11-11;21;494
26;2025-11-11;22;201
26;2025-11-11;23;125
26;2025-11-12;0;33
26;2025-11-12;1;0
26;2025-11-12;2;0
26;2025-11-12;3;0
26;2025-11-12;4;2
26;2025-11-12;5;97
26;2025-11-12;6;457
26;2025-11-12;7;1077
26;2025-11-12;8;2234
26;2025-11-12;9;1453
26;2025-11-12;10;1199
26;2025-11-12;11;1100
26;2025-11-12;12;1182
26;2025-11-12;13;1157
26;2025-11-12;14;1332
26;2025-11-12;15;1374
26;2025-11-12;16;1486
26;2025-11-12;17;1715
26;2025-11-12;18;1860
26;2025-11-12;19;1235
26;2025-11-12;20;736
26;2025-11-12;21;494
26;2025-11-12;22;201
26;2025-11-12;23;125
26;2025-11-13;0;33
26;2025-11-13;1;0
26;2025-11-13;2;0
26;2025-11-13;3;0
26;2025-11-13;4;2
26;2025-11-13;5;97
26;2025-11-13;6;457
26;2025-11-13;7;1077
26;2025-11-13;8;2234
26;2025-11-13;9;1453
26;2025-11-13;10;1199
26;2025-11-13;11;1100
26;2025-11-13;12;1182
26;2025-11-13;13;1157
26;2025-11-13;14;1332
26;2025-11-13;15;1374
26;2025-11-13;16;1486
26;2025-11-13;17;1715
26;2025-11-13;18;1860
26;2025-11-13;19;1235
26;2025-11-13;20;736
26;2025-11-13;21;494
26;2025-11-13;22;201
26;2025-11-13;23;125
26;2025-11-14;0;30
26;2025-11-14;1;1
26;2025-11-14;2;0
26;2025-11-14;3;0
26;2025-11-14;4;1
26;2025-11-14;5;82
26;2025-11-14;6;476
26;2025-11-14;7;1003
26;2025-11-14;8;2174
26;2025-11-14;9;1361
26;2025-11-14;10;1223
26;2025-11-14;11;1092
26;2025-11-14;12;1083
26;2025-11-14;13;1117
26;2025-11-14;14;1338
26;2025-11-14;15;1322
26;2025-11-14;16;1616
26;2025-11-14;17;1741
26;2025-11-14;18;1276
26;2025-11-14;19;1000
26;2025-11-14;20;636
26;2025-11-14;21;454
26;2025-11-14;22;191
26;2025-11-14;23;149
26;2025-11-15;0;48
26;2025-11-15;1;2
26;2025-11-15;2;0
26;2025-11-15;3;0
26;2025-11-15;4;2
26;2025-11-15;5;48
26;2025-11-15;6;216
26;2025-11-15;7;345
26;2025-11-15;8;576
26;2025-11-15;9;622
26;2025-11-15;10;770
26;2025-11-15;11;924
26;2025-11-15;12;996
26;2025-11-15;13;973
26;2025-11-15;14;1020
26;2025-11-15;15;918
26;2025-11-15;16;963
26;2025-11-15;17;881
26;2025-11-15;18;813
26;2025-11-15;19;707
26;2025-11-15;20;499
26;2025-11-15;21;324
26;2025-11-15;22;186
26;2025-11-15;23;145
26;2025-11-16;0;48
26;2025-11-16;1;4
26;2025-11-16;2;0
26;2025-11-16;3;0
26;2025-11-16;4;1
26;2025-11-16;5;20
26;2025-11-16;6;153
26;2025-11-16;7;252
26;2025-11-16;8;374
26;2025-11-16;9;513
26;2025-11-16;10;577
26;2025-11-16;11;807
26;2025-11-16;12;797
26;2025-11-16;13;857
26;2025-11-16;14;838
26;2025-11-16;15;766
26;2025-11-16;16;731
26;2025-11-16;17;756
26;2025-11-16;18;678
26;2025-11-16;19;496
26;2025-11-16;20;389
26;2025-11-16;21;270
26;2025-11-16;22;156
26;2025-11-16;23;103
26;2025-11-17;0;24
26;2025-11-17;1;2
26;2025-11-17;2;0
26;2025-11-17;3;0
26;2025-11-17;4;1
26;2025-11-17;5;91
26;2025-11-17;6;452
26;2025-11-17;7;1111
26;2025-11-17;8;2171
26;2025-11-17;9;1380
26;2025-11-17;10;1193
26;2025-11-17;11;1023
26;2025-11-17;12;1054
26;2025-11-17;13;1125
26;2025-11-17;14;1244
26;2025-11-17;15;1274
26;2025-11-17;16;1374
26;2025-11-17;17;1673
26;2025-11-17;18;1831
26;2025-11-17;19;1167
26;2025-11-17;20;726
26;2025-11-17;21;453
26;2025-11-17;22;188
26;2025-11-17;23;106
26;2025-11-18;0;33
26;2025-11-18;1;0
26;2025-11-18;2;0
26;2025-11-18;3;0
26;2025-11-18;4;2
26;2025-11-18;5;97
26;2025-11-18;6;457
26;2025-11-18;7;1077
26;2025-11-18;8;2234
26;2025-11-18;9;1453
26;2025-11-18;10;1199
26;2025-11-18;11;1100
26;2025-11-18;12;1182
26;2025-11-18;13;1157
26;2025-11-18;14;1332
26;2025-11-18;15;1374
26;2025-11-18;16;1486
26;2025-11-18;17;1715
26;2025-11-18;18;1860
26;2025-11-18;19;1235
26;2025-11-18;20;736
26;2025-11-18;21;494
26;2025-11-18;22;201
26;2025-11-18;23;125
26;2025-11-19;0;33
26;2025-11-19;1;0
26;2025-11-19;2;0
26;2025-11-19;3;0
26;2025-11-19;4;2
26;2025-11-19;5;97
26;2025-11-19;6;457
26;2025-11-19;7;1077
26;2025-11-19;8;2234
26;2025-11-19;9;1453
26;2025-11-19;10;1199
26;2025-11-19;11;1100
26;2025-11-19;12;1182
26;2025-11-19;13;1157
26;2025-11-19;14;1332
26;2025-11-19;15;1374
26;2025-11-19;16;1486
26;2025-11-19;17;1715
26;2025-11-19;18;1860
26;2025-11-19;19;1235
26;2025-11-19;20;736
26;2025-11-19;21;494
26;2025-11-19;22;201
26;2025-11-19;23;125
26;2025-11-20;0;33
26;2025-11-20;1;0
26;2025-11-20;2;0
26;2025-11-20;3;0
26;2025-11-20;4;2
26;2025-11-20;5;97
26;2025-11-20;6;457
26;2025-11-20;7;1077
26;2025-11-20;8;2234
26;2025-11-20;9;1453
26;2025-11-20;10;1199
26;2025-11-20;11;1100
26;2025-11-20;12;1182
26;2025-11-20;13;1157
26;2025-11-20;14;1332
26;2025-11-20;15;1374
26;2025-11-20;16;1486
26;2025-11-20;17;1715
26;2025-11-20;18;1860
26;2025-11-20;19;1235
26;2025-11-20;20;736
26;2025-11-20;21;494
26;2025-11-20;22;201
26;2025-11-20;23;125
26;2025-11-21;0;30
26;2025-11-21;1;1
26;2025-11-21;2;0
26;2025-11-21;3;0
26;2025-11-21;4;1
26;2025-11-21;5;82
26;2025-11-21;6;476
26;2025-11-21;7;1003
26;2025-11-21;8;2174
26;2025-11-21;9;1361
26;2025-11-21;10;1223
26;2025-11-21;11;1092
26;2025-11-21;12;1083
26;2025-11-21;13;1117
26;2025-11-21;14;1338
26;2025-11-21;15;1322
26;2025-11-21;16;1616
26;2025-11-21;17;1741
26;2025-11-21;18;1276
26;2025-11-21;19;1000
26;2025-11-21;20;636
26;2025-11-21;21;454
26;2025-11-21;22;191
26;2025-11-21;23;149
26;2025-11-22;0;51
26;2025-11-22;1;2
26;2025-11-22;2;0
26;2025-11-22;3;0
26;2025-11-22;4;2
26;2025-11-22;5;50
26;2025-11-22;6;227
26;2025-11-22;7;363
26;2025-11-22;8;608
26;2025-11-22;9;656
26;2025-11-22;10;812
26;2025-11-22;11;974
26;2025-11-22;12;1050
26;2025-11-22;13;1026
26;2025-11-22;14;1075
26;2025-11-22;15;968
26;2025-11-22;16;1016
26;2025-11-22;17;929
26;2025-11-22;18;858
26;2025-11-22;19;746
26;2025-11-22;20;526
26;2025-11-22;21;342
26;2025-11-22;22;196
26;2025-11-22;23;153
26;2025-11-23;0;48
26;2025-11-23;1;4
26;2025-11-23;2;0
26;2025-11-23;3;0
26;2025-11-23;4;1
26;2025-11-23;5;20
26;2025-11-23;6;153
26;2025-11-23;7;252
26;2025-11-23;8;374
26;2025-11-23;9;513
26;2025-11-23;10;577
26;2025-11-23;11;807
26;2025-11-23;12;797
26;2025-11-23;13;857
26;2025-11-23;14;838
26;2025-11-23;15;766
26;2025-11-23;16;731
26;2025-11-23;17;756
26;2025-11-23;18;678
26;2025-11-23;19;496
26;2025-11-23;20;389
26;2025-11-23;21;270
26;2025-11-23;22;156
26;2025-11-23;23;103
26;2025-11-24;0;24
26;2025-11-24;1;2
26;2025-11-24;2;0
26;2025-11-24;3;0
26;2025-11-24;4;1
26;2025-11-24;5;91
26;2025-11-24;6;452
26;2025-11-24;7;1111
26;2025-11-24;8;2171
26;2025-11-24;9;1380
26;2025-11-24;10;1193
26;2025-11-24;11;1023
26;2025-11-24;12;1054
26;2025-11-24;13;1125
26;2025-11-24;14;1244
26;2025-11-24;15;1274
26;2025-11-24;16;1374
26;2025-11-24;17;1673
26;2025-11-24;18;1831
26;2025-11-24;19;1167
26;2025-11-24;20;726
26;2025-11-24;21;453
26;2025-11-24;22;188
26;2025-11-24;23;106
26;2025-11-25;0;33
26;2025-11-25;1;0
26;2025-11-25;2;0
26;2025-11-25;3;0
26;2025-11-25;4;2
26;2025-11-25;5;97
26;2025-11-25;6;457
26;2025-11-25;7;1077
26;2025-11-25;8;2234
26;2025-11-25;9;1453
26;2025-11-25;10;1199
26;2025-11-25;11;1100
26;2025-11-25;12;1182
26;2025-11-25;13;1157
26;2025-11-25;14;1332
26;2025-11-25;15;1374
26;2025-11-25;16;1486
26;2025-11-25;17;1715
26;2025-11-25;18;1860
26;2025-11-25;19;1235
26;2025-11-25;20;736
26;2025-11-25;21;494
26;2025-11-25;22;201
26;2025-11-25;23;125
26;2025-11-26;0;33
26;2025-11-26;1;0
26;2025-11-26;2;0
26;2025-11-26;3;0
26;2025-11-26;4;2
26;2025-11-26;5;97
26;2025-11-26;6;457
26;2025-11-26;7;1077
26;2025-11-26;8;2234
26;2025-11-26;9;1453
26;2025-11-26;10;1199
26;2025-11-26;11;1100
26;2025-11-26;12;1182
26;2025-11-26;13;1157
26;2025-11-26;14;1332
26;2025-11-26;15;1374
26;2025-11-26;16;1486
26;2025-11-26;17;1715
26;2025-11-26;18;1860
26;2025-11-26;19;1235
26;2025-11-26;20;736
26;2025-11-26;21;494
26;2025-11-26;22;201
26;2025-11-26;23;125
26;2025-11-27;0;33
26;2025-11-27;1;0
26;2025-11-27;2;0
26;2025-11-27;3;0
26;2025-11-27;4;2
26;2025-11-27;5;97
26;2025-11-27;6;457
26;2025-11-27;7;1077
26;2025-11-27;8;2234
26;2025-11-27;9;1453
26;2025-11-27;10;1199
26;2025-11-27;11;1100
26;2025-11-27;12;1182
26;2025-11-27;13;1157
26;2025-11-27;14;1332
26;2025-11-27;15;1374
26;2025-11-27;16;1486
26;2025-11-27;17;1715
26;2025-11-27;18;1860
26;2025-11-27;19;1235
26;2025-11-27;20;736
26;2025-11-27;21;494
26;2025-11-27;22;201
26;2025-11-27;23;125
26;2025-11-28;0;30
26;2025-11-28;1;1
26;2025-11-28;2;0
26;2025-11-28;3;0
26;2025-11-28;4;1
26;2025-11-28;5;82
26;2025-11-28;6;476
26;2025-11-28;7;1003
26;2025-11-28;8;2174
26;2025-11-28;9;1361
26;2025-11-28;10;1223
26;2025-11-28;11;1092
26;2025-11-28;12;1083
26;2025-11-28;13;1117
26;2025-11-28;14;1338
26;2025-11-28;15;1322
26;2025-11-28;16;1616
26;2025-11-28;17;1741
26;2025-11-28;18;1276
26;2025-11-28;19;1000
26;2025-11-28;20;636
26;2025-11-28;21;454
26;2025-11-28;22;191
26;2025-11-28;23;149
26;2025-11-29;0;51
26;2025-11-29;1;2
26;2025-11-29;2;0
26;2025-11-29;3;0
26;2025-11-29;4;2
26;2025-11-29;5;50
26;2025-11-29;6;227
26;2025-11-29;7;363
26;2025-11-29;8;608
26;2025-11-29;9;656
26;2025-11-29;10;812
26;2025-11-29;11;974
26;2025-11-29;12;1050
26;2025-11-29;13;1026
26;2025-11-29;14;1075
26;2025-11-29;15;968
26;2025-11-29;16;1016
26;2025-11-29;17;929
26;2025-11-29;18;858
26;2025-11-29;19;746
26;2025-11-29;20;526
26;2025-11-29;21;342
26;2025-11-29;22;196
26;2025-11-29;23;153
26;2025-11-30;0;48
26;2025-11-30;1;4
26;2025-11-30;2;0
26;2025-11-30;3;0
26;2025-11-30;4;1
26;2025-11-30;5;20
26;2025-11-30;6;153
26;2025-11-30;7;252
26;2025-11-30;8;374
26;2025-11-30;9;513
26;2025-11-30;10;577
26;2025-11-30;11;807
26;2025-11-30;12;797
26;2025-11-30;13;857
26;2025-11-30;14;838
26;2025-11-30;15;766
26;2025-11-30;16;731
26;2025-11-30;17;756
26;2025-11-30;18;678
26;2025-11-30;19;496
26;2025-11-30;20;389
26;2025-11-30;21;270
26;2025-11-30;22;156
26;2025-11-30;23;103
26;2025-12-01;0;24
26;2025-12-01;1;2
26;2025-12-01;2;0
26;2025-12-01;3;0
26;2025-12-01;4;1
26;2025-12-01;5;91
26;2025-12-01;6;452
26;2025-12-01;7;1111
26;2025-12-01;8;2171
26;2025-12-01;9;1380
26;2025-12-01;10;1193
26;2025-12-01;11;1023
26;2025-12-01;12;1054
26;2025-12-01;13;1125
26;2025-12-01;14;1244
26;2025-12-01;15;1274
26;2025-12-01;16;1374
26;2025-12-01;17;1673
26;2025-12-01;18;1831
26;2025-12-01;19;1167
26;2025-12-01;20;726
26;2025-12-01;21;453
26;2025-12-01;22;188
26;2025-12-01;23;106
26;2025-12-02;0;33
26;2025-12-02;1;0
26;2025-12-02;2;0
26;2025-12-02;3;0
26;2025-12-02;4;2
26;2025-12-02;5;97
26;2025-12-02;6;457
26;2025-12-02;7;1077
26;2025-12-02;8;2234
26;2025-12-02;9;1453
26;2025-12-02;10;1199
26;2025-12-02;11;1100
26;2025-12-02;12;1182
26;2025-12-02;13;1157
26;2025-12-02;14;1332
26;2025-12-02;15;1374
26;2025-12-02;16;1486
26;2025-12-02;17;1715
26;2025-12-02;18;1860
26;2025-12-02;19;1235
26;2025-12-02;20;736
26;2025-12-02;21;494
26;2025-12-02;22;201
26;2025-12-02;23;125
26;2025-12-03;0;33
26;2025-12-03;1;0
26;2025-12-03;2;0
26;2025-12-03;3;0
26;2025-12-03;4;2
26;2025-12-03;5;97
26;2025-12-03;6;457
26;2025-12-03;7;1077
26;2025-12-03;8;2234
26;2025-12-03;9;1453
26;2025-12-03;10;1199
26;2025-12-03;11;1100
26;2025-12-03;12;1182
26;2025-12-03;13;1157
26;2025-12-03;14;1332
26;2025-12-03;15;1374
26;2025-12-03;16;1486
26;2025-12-03;17;1715
26;2025-12-03;18;1860
26;2025-12-03;19;1235
26;2025-12-03;20;736
26;2025-12-03;21;494
26;2025-12-03;22;201
26;2025-12-03;23;125
26;2025-12-04;0;33
26;2025-12-04;1;0
26;2025-12-04;2;0
26;2025-12-04;3;0
26;2025-12-04;4;2
26;2025-12-04;5;97
26;2025-12-04;6;457
26;2025-12-04;7;1077
26;2025-12-04;8;2234
26;2025-12-04;9;1453
26;2025-12-04;10;1199
26;2025-12-04;11;1100
26;2025-12-04;12;1182
26;2025-12-04;13;1157
26;2025-12-04;14;1332
26;2025-12-04;15;1374
26;2025-12-04;16;1486
26;2025-12-04;17;1715
26;2025-12-04;18;1860
26;2025-12-04;19;1235
26;2025-12-04;20;736
26;2025-12-04;21;494
26;2025-12-04;22;201
26;2025-12-04;23;125
26;2025-12-05;0;30
26;2025-12-05;1;1
26;2025-12-05;2;0
26;2025-12-05;3;0
26;2025-12-05;4;1
26;2025-12-05;5;82
26;2025-12-05;6;476
26;2025-12-05;7;1003
26;2025-12-05;8;2174
26;2025-12-05;9;1361
26;2025-12-05;10;1223
26;2025-12-05;11;1092
26;2025-12-05;12;1083
26;2025-12-05;13;1117
26;2025-12-05;14;1338
26;2025-12-05;15;1322
26;2025-12-05;16;1616
26;2025-12-05;17;1741
26;2025-12-05;18;1276
26;2025-12-05;19;1000
26;2025-12-05;20;636
26;2025-12-05;21;454
26;2025-12-05;22;191
26;2025-12-05;23;149
26;2025-12-06;0;51
26;2025-12-06;1;2
26;2025-12-06;2;0
26;2025-12-06;3;0
26;2025-12-06;4;2
26;2025-12-06;5;50
26;2025-12-06;6;227
26;2025-12-06;7;363
26;2025-12-06;8;608
26;2025-12-06;9;656
26;2025-12-06;10;812
26;2025-12-06;11;974
26;2025-12-06;12;1050
26;2025-12-06;13;1026
26;2025-12-06;14;1075
26;2025-12-06;15;968
26;2025-12-06;16;1016
26;2025-12-06;17;929
26;2025-12-06;18;858
26;2025-12-06;19;746
26;2025-12-06;20;526
26;2025-12-06;21;342
26;2025-12-06;22;196
26;2025-12-06;23;153
26;2025-12-07;0;48
26;2025-12-07;1;4
26;2025-12-07;2;0
26;2025-12-07;3;0
26;2025-12-07;4;1
26;2025-12-07;5;20
26;2025-12-07;6;153
26;2025-12-07;7;252
26;2025-12-07;8;374
26;2025-12-07;9;513
26;2025-12-07;10;577
26;2025-12-07;11;807
26;2025-12-07;12;797
26;2025-12-07;13;857
26;2025-12-07;14;838
26;2025-12-07;15;766
26;2025-12-07;16;731
26;2025-12-07;17;756
26;2025-12-07;18;678
26;2025-12-07;19;496
26;2025-12-07;20;389
26;2025-12-07;21;270
26;2025-12-07;22;156
26;2025-12-07;23;103
26;2025-12-08;0;24
26;2025-12-08;1;2
26;2025-12-08;2;0
26;2025-12-08;3;0
26;2025-12-08;4;1
26;2025-12-08;5;91
26;2025-12-08;6;452
26;2025-12-08;7;1111
26;2025-12-08;8;2171
26;2025-12-08;9;1380
26;2025-12-08;10;1193
26;2025-12-08;11;1023
26;2025-12-08;12;1054
26;2025-12-08;13;1125
26;2025-12-08;14;1244
26;2025-12-08;15;1274
26;2025-12-08;16;1374
26;2025-12-08;17;1673
26;2025-12-08;18;1831
26;2025-12-08;19;1167
26;2025-12-08;20;726
26;2025-12-08;21;453
26;2025-12-08;22;188
26;2025-12-08;23;106
26;2025-12-09;0;33
26;2025-12-09;1;0
26;2025-12-09;2;0
26;2025-12-09;3;0
26;2025-12-09;4;2
26;2025-12-09;5;97
26;2025-12-09;6;457
26;2025-12-09;7;1077
26;2025-12-09;8;2234
26;2025-12-09;9;1453
26;2025-12-09;10;1199
26;2025-12-09;11;1100
26;2025-12-09;12;1182
26;2025-12-09;13;1157
26;2025-12-09;14;1332
26;2025-12-09;15;1374
26;2025-12-09;16;1486
26;2025-12-09;17;1715
26;2025-12-09;18;1860
26;2025-12-09;19;1235
26;2025-12-09;20;736
26;2025-12-09;21;494
26;2025-12-09;22;201
26;2025-12-09;23;125
26;2025-12-10;0;33
26;2025-12-10;1;0
26;2025-12-10;2;0
26;2025-12-10;3;0
26;2025-12-10;4;2
26;2025-12-10;5;97
26;2025-12-10;6;457
26;2025-12-10;7;1077
26;2025-12-10;8;2234
26;2025-12-10;9;1453
26;2025-12-10;10;1199
26;2025-12-10;11;1100
26;2025-12-10;12;1182
26;2025-12-10;13;1157
26;2025-12-10;14;1332
26;2025-12-10;15;1374
26;2025-12-10;16;1486
26;2025-12-10;17;1715
26;2025-12-10;18;1860
26;2025-12-10;19;1235
26;2025-12-10;20;736
26;2025-12-10;21;494
26;2025-12-10;22;201
26;2025-12-10;23;125
26;2025-12-11;0;33
26;2025-12-11;1;0
26;2025-12-11;2;0
26;2025-12-11;3;0
26;2025-12-11;4;2
26;2025-12-11;5;97
26;2025-12-11;6;457
26;2025-12-11;7;1077
26;2025-12-11;8;2234
26;2025-12-11;9;1453
26;2025-12-11;10;1199
26;2025-12-11;11;1100
26;2025-12-11;12;1182
26;2025-12-11;13;1157
26;2025-12-11;14;1332
26;2025-12-11;15;1374
26;2025-12-11;16;1486
26;2025-12-11;17;1715
26;2025-12-11;18;1860
26;2025-12-11;19;1235
26;2025-12-11;20;736
26;2025-12-11;21;494
26;2025-12-11;22;201
26;2025-12-11;23;125
26;2025-12-12;0;30
26;2025-12-12;1;1
26;2025-12-12;2;0
26;2025-12-12;3;0
26;2025-12-12;4;1
26;2025-12-12;5;82
26;2025-12-12;6;476
26;2025-12-12;7;1003
26;2025-12-12;8;2174
26;2025-12-12;9;1361
26;2025-12-12;10;1223
26;2025-12-12;11;1092
26;2025-12-12;12;1083
26;2025-12-12;13;1117
26;2025-12-12;14;1338
26;2025-12-12;15;1322
26;2025-12-12;16;1616
26;2025-12-12;17;1741
26;2025-12-12;18;1276
26;2025-12-12;19;1000
26;2025-12-12;20;636
26;2025-12-12;21;454
26;2025-12-12;22;191
26;2025-12-12;23;149
26;2025-12-13;0;51
26;2025-12-13;1;2
26;2025-12-13;2;0
26;2025-12-13;3;0
26;2025-12-13;4;2
26;2025-12-13;5;50
26;2025-12-13;6;227
26;2025-12-13;7;363
26;2025-12-13;8;608
26;2025-12-13;9;656
26;2025-12-13;10;812
26;2025-12-13;11;974
26;2025-12-13;12;1050
26;2025-12-13;13;1026
26;2025-12-13;14;1075
26;2025-12-13;15;968
26;2025-12-13;16;1016
26;2025-12-13;17;929
26;2025-12-13;18;858
26;2025-12-13;19;746
26;2025-12-13;20;526
26;2025-12-13;21;342
26;2025-12-13;22;196
26;2025-12-13;23;153
26;2025-12-14;0;48
26;2025-12-14;1;4
26;2025-12-14;2;0
26;2025-12-14;3;0
26;2025-12-14;4;1
26;2025-12-14;5;20
26;2025-12-14;6;153
26;2025-12-14;7;252
26;2025-12-14;8;374
26;2025-12-14;9;513
26;2025-12-14;10;577
26;2025-12-14;11;807
26;2025-12-14;12;797
26;2025-12-14;13;857
26;2025-12-14;14;838
26;2025-12-14;15;766
26;2025-12-14;16;731
26;2025-12-14;17;756
26;2025-12-14;18;678
26;2025-12-14;19;496
26;2025-12-14;20;389
26;2025-12-14;21;270
26;2025-12-14;22;156
26;2025-12-14;23;103
26;2025-12-15;0;24
26;2025-12-15;1;2
26;2025-12-15;2;0
26;2025-12-15;3;0
26;2025-12-15;4;1
26;2025-12-15;5;91
26;2025-12-15;6;452
26;2025-12-15;7;1111
26;2025-12-15;8;2171
26;2025-12-15;9;1380
26;2025-12-15;10;1193
26;2025-12-15;11;1023
26;2025-12-15;12;1054
26;2025-12-15;13;1125
26;2025-12-15;14;1244
26;2025-12-15;15;1274
26;2025-12-15;16;1374
26;2025-12-15;17;1673
26;2025-12-15;18;1831
26;2025-12-15;19;1167
26;2025-12-15;20;726
26;2025-12-15;21;453
26;2025-12-15;22;188
26;2025-12-15;23;106
26;2025-12-16;0;33
26;2025-12-16;1;0
26;2025-12-16;2;0
26;2025-12-16;3;0
26;2025-12-16;4;2
26;2025-12-16;5;97
26;2025-12-16;6;457
26;2025-12-16;7;1077
26;2025-12-16;8;2234
26;2025-12-16;9;1453
26;2025-12-16;10;1199
26;2025-12-16;11;1100
26;2025-12-16;12;1182
26;2025-12-16;13;1157
26;2025-12-16;14;1332
26;2025-12-16;15;1374
26;2025-12-16;16;1486
26;2025-12-16;17;1715
26;2025-12-16;18;1860
26;2025-12-16;19;1235
26;2025-12-16;20;736
26;2025-12-16;21;494
26;2025-12-16;22;201
26;2025-12-16;23;125
26;2025-12-17;0;33
26;2025-12-17;1;0
26;2025-12-17;2;0
26;2025-12-17;3;0
26;2025-12-17;4;2
26;2025-12-17;5;97
26;2025-12-17;6;457
26;2025-12-17;7;1077
26;2025-12-17;8;2234
26;2025-12-17;9;1453
26;2025-12-17;10;1199
26;2025-12-17;11;1100
26;2025-12-17;12;1182
26;2025-12-17;13;1157
26;2025-12-17;14;1332
26;2025-12-17;15;1374
26;2025-12-17;16;1486
26;2025-12-17;17;1715
26;2025-12-17;18;1860
26;2025-12-17;19;1235
26;2025-12-17;20;736
26;2025-12-17;21;494
26;2025-12-17;22;201
26;2025-12-17;23;125
26;2025-12-18;0;33
26;2025-12-18;1;0
26;2025-12-18;2;0
26;2025-12-18;3;0
26;2025-12-18;4;2
26;2025-12-18;5;97
26;2025-12-18;6;457
26;2025-12-18;7;1077
26;2025-12-18;8;2234
26;2025-12-18;9;1453
26;2025-12-18;10;1199
26;2025-12-18;11;1100
26;2025-12-18;12;1182
26;2025-12-18;13;1157
26;2025-12-18;14;1332
26;2025-12-18;15;1374
26;2025-12-18;16;1486
26;2025-12-18;17;1715
26;2025-12-18;18;1860
26;2025-12-18;19;1235
26;2025-12-18;20;736
26;2025-12-18;21;494
26;2025-12-18;22;201
26;2025-12-18;23;125
26;2025-12-19;0;30
26;2025-12-19;1;1
26;2025-12-19;2;0
26;2025-12-19;3;0
26;2025-12-19;4;1
26;2025-12-19;5;82
26;2025-12-19;6;476
26;2025-12-19;7;1003
26;2025-12-19;8;2174
26;2025-12-19;9;1361
26;2025-12-19;10;1223
26;2025-12-19;11;1092
26;2025-12-19;12;1083
26;2025-12-19;13;1117
26;2025-12-19;14;1338
26;2025-12-19;15;1322
26;2025-12-19;16;1616
26;2025-12-19;17;1741
26;2025-12-19;18;1276
26;2025-12-19;19;1000
26;2025-12-19;20;636
26;2025-12-19;21;454
26;2025-12-19;22;191
26;2025-12-19;23;149
26;2025-12-20;0;51
26;2025-12-20;1;2
26;2025-12-20;2;0
26;2025-12-20;3;0
26;2025-12-20;4;2
26;2025-12-20;5;50
26;2025-12-20;6;227
26;2025-12-20;7;363
26;2025-12-20;8;608
26;2025-12-20;9;656
26;2025-12-20;10;812
26;2025-12-20;11;974
26;2025-12-20;12;1050
26;2025-12-20;13;1026
26;2025-12-20;14;1075
26;2025-12-20;15;968
26;2025-12-20;16;1016
26;2025-12-20;17;929
26;2025-12-20;18;858
26;2025-12-20;19;746
26;2025-12-20;20;526
26;2025-12-20;21;342
26;2025-12-20;22;196
26;2025-12-20;23;153
26;2025-12-21;0;48
26;2025-12-21;1;4
26;2025-12-21;2;0
26;2025-12-21;3;0
26;2025-12-21;4;1
26;2025-12-21;5;20
26;2025-12-21;6;153
26;2025-12-21;7;252
26;2025-12-21;8;374
26;2025-12-21;9;513
26;2025-12-21;10;577
26;2025-12-21;11;807
26;2025-12-21;12;797
26;2025-12-21;13;857
26;2025-12-21;14;838
26;2025-12-21;15;766
26;2025-12-21;16;731
26;2025-12-21;17;756
26;2025-12-21;18;678
26;2025-12-21;19;496
26;2025-12-21;20;389
26;2025-12-21;21;270
26;2025-12-21;22;156
26;2025-12-21;23;103
26;2025-12-22;0;24
26;2025-12-22;1;2
26;2025-12-22;2;0
26;2025-12-22;3;0
26;2025-12-22;4;1
26;2025-12-22;5;91
26;2025-12-22;6;452
26;2025-12-22;7;1111
26;2025-12-22;8;2171
26;2025-12-22;9;1380
26;2025-12-22;10;1193
26;2025-12-22;11;1023
26;2025-12-22;12;1054
26;2025-12-22;13;1125
26;2025-12-22;14;1244
26;2025-12-22;15;1274
26;2025-12-22;16;1374
26;2025-12-22;17;1673
26;2025-12-22;18;1831
26;2025-12-22;19;1167
26;2025-12-22;20;726
26;2025-12-22;21;453
26;2025-12-22;22;188
26;2025-12-22;23;106
26;2025-12-23;0;33
26;2025-12-23;1;0
26;2025-12-23;2;0
26;2025-12-23;3;0
26;2025-12-23;4;2
26;2025-12-23;5;97
26;2025-12-23;6;457
26;2025-12-23;7;1077
26;2025-12-23;8;2234
26;2025-12-23;9;1453
26;2025-12-23;10;1199
26;2025-12-23;11;1100
26;2025-12-23;12;1182
26;2025-12-23;13;1157
26;2025-12-23;14;1332
26;2025-12-23;15;1374
26;2025-12-23;16;1486
26;2025-12-23;17;1715
26;2025-12-23;18;1860
26;2025-12-23;19;1235
26;2025-12-23;20;736
26;2025-12-23;21;494
26;2025-12-23;22;201
26;2025-12-23;23;125
26;2025-12-24;0;33
26;2025-12-24;1;0
26;2025-12-24;2;0
26;2025-12-24;3;0
26;2025-12-24;4;2
26;2025-12-24;5;97
26;2025-12-24;6;457
26;2025-12-24;7;1077
26;2025-12-24;8;2234
26;2025-12-24;9;1453
26;2025-12-24;10;1199
26;2025-12-24;11;1100
26;2025-12-24;12;1182
26;2025-12-24;13;1157
26;2025-12-24;14;1332
26;2025-12-24;15;1374
26;2025-12-24;16;1486
26;2025-12-24;17;1715
26;2025-12-24;18;1860
26;2025-12-24;19;1235
26;2025-12-24;20;736
26;2025-12-24;21;494
26;2025-12-24;22;201
26;2025-12-24;23;125
26;2025-12-25;0;33
26;2025-12-25;1;0
26;2025-12-25;2;0
26;2025-12-25;3;0
26;2025-12-25;4;2
26;2025-12-25;5;97
26;2025-12-25;6;457
26;2025-12-25;7;1077
26;2025-12-25;8;2234
26;2025-12-25;9;1453
26;2025-12-25;10;1199
26;2025-12-25;11;1100
26;2025-12-25;12;1182
26;2025-12-25;13;1157
26;2025-12-25;14;1332
26;2025-12-25;15;1374
26;2025-12-25;16;1486
26;2025-12-25;17;1715
26;2025-12-25;18;1860
26;2025-12-25;19;1235
26;2025-12-25;20;736
26;2025-12-25;21;494
26;2025-12-25;22;201
26;2025-12-25;23;125
26;2025-12-26;0;30
26;2025-12-26;1;1
26;2025-12-26;2;0
26;2025-12-26;3;0
26;2025-12-26;4;1
26;2025-12-26;5;82
26;2025-12-26;6;476
26;2025-12-26;7;1003
26;2025-12-26;8;2174
26;2025-12-26;9;1361
26;2025-12-26;10;1223
26;2025-12-26;11;1092
26;2025-12-26;12;1083
26;2025-12-26;13;1117
26;2025-12-26;14;1338
26;2025-12-26;15;1322
26;2025-12-26;16;1616
26;2025-12-26;17;1741
26;2025-12-26;18;1276
26;2025-12-26;19;1000
26;2025-12-26;20;636
26;2025-12-26;21;454
26;2025-12-26;22;191
26;2025-12-26;23;149
26;2025-12-27;0;51
26;2025-12-27;1;2
26;2025-12-27;2;0
26;2025-12-27;3;0
26;2025-12-27;4;2
26;2025-12-27;5;50
26;2025-12-27;6;227
26;2025-12-27;7;363
26;2025-12-27;8;608
26;2025-12-27;9;656
26;2025-12-27;10;812
26;2025-12-27;11;974
26;2025-12-27;12;1050
26;2025-12-27;13;1026
26;2025-12-27;14;1075
26;2025-12-27;15;968
26;2025-12-27;16;1016
26;2025-12-27;17;929
26;2025-12-27;18;858
26;2025-12-27;19;746
26;2025-12-27;20;526
26;2025-12-27;21;342
26;2025-12-27;22;196
26;2025-12-27;23;153
26;2025-12-28;0;48
26;2025-12-28;1;4
26;2025-12-28;2;0
26;2025-12-28;3;0
26;2025-12-28;4;1
26;2025-12-28;5;20
26;2025-12-28;6;153
26;2025-12-28;7;252
26;2025-12-28;8;374
26;2025-12-28;9;513
26;2025-12-28;10;577
26;2025-12-28;11;807
26;2025-12-28;12;797
26;2025-12-28;13;857
26;2025-12-28;14;838
26;2025-12-28;15;766
26;2025-12-28;16;731
26;2025-12-28;17;756
26;2025-12-28;18;678
26;2025-12-28;19;496
26;2025-12-28;20;389
26;2025-12-28;21;270
26;2025-12-28;22;156
26;2025-12-28;23;103
26;2025-12-29;0;26
26;2025-12-29;1;1
26;2025-12-29;2;0
26;2025-12-29;3;0
26;2025-12-29;4;1
26;2025-12-29;5;70
26;2025-12-29;6;409
26;2025-12-29;7;863
26;2025-12-29;8;1870
26;2025-12-29;9;1170
26;2025-12-29;10;1052
26;2025-12-29;11;939
26;2025-12-29;12;932
26;2025-12-29;13;961
26;2025-12-29;14;1151
26;2025-12-29;15;1137
26;2025-12-29;16;1390
26;2025-12-29;17;1497
26;2025-12-29;18;1097
26;2025-12-29;19;860
26;2025-12-29;20;547
26;2025-12-29;21;391
26;2025-12-29;22;164
26;2025-12-29;23;128
26;2025-12-30;0;26
26;2025-12-30;1;1
26;2025-12-30;2;0
26;2025-12-30;3;0
26;2025-12-30;4;1
26;2025-12-30;5;70
26;2025-12-30;6;409
26;2025-12-30;7;863
26;2025-12-30;8;1870
26;2025-12-30;9;1170
26;2025-12-30;10;1052
26;2025-12-30;11;939
26;2025-12-30;12;932
26;2025-12-30;13;961
26;2025-12-30;14;1151
26;2025-12-30;15;1137
26;2025-12-30;16;1390
26;2025-12-30;17;1497
26;2025-12-30;18;1097
26;2025-12-30;19;860
26;2025-12-30;20;547
26;2025-12-30;21;391
26;2025-12-30;22;164
26;2025-12-30;23;128
26;2025-12-31;0;43
26;2025-12-31;1;2
26;2025-12-31;2;0
26;2025-12-31;3;0
26;2025-12-31;4;1
26;2025-12-31;5;43
26;2025-12-31;6;193
26;2025-12-31;7;309
26;2025-12-31;8;516
26;2025-12-31;9;558
26;2025-12-31;10;690
26;2025-12-31;11;828
26;2025-12-31;12;893
26;2025-12-31;13;872
26;2025-12-31;14;914
26;2025-12-31;15;823
26;2025-12-31;16;863
26;2025-12-31;17;789
26;2025-12-31;18;729
26;2025-12-31;19;349
26;2025-12-31;20;246
26;2025-12-31;21;160
26;2025-12-31;22;92
26;2025-12-31;23;72
28;2025-11-01;0;2
28;2025-11-01;1;0
28;2025-11-01;2;0
28;2025-11-01;3;0
28;2025-11-01;4;1
28;2025-11-01;5;65
28;2025-11-01;6;239
28;2025-11-01;7;734
28;2025-11-01;8;1129
28;2025-11-01;9;723
28;2025-11-01;10;543
28;2025-11-01;11;519
28;2025-11-01;12;684
28;2025-11-01;13;623
28;2025-11-01;14;612
28;2025-11-01;15;628
28;2025-11-01;16;825
28;2025-11-01;17;865
28;2025-11-01;18;757
28;2025-11-01;19;563
28;2025-11-01;20;367
28;2025-11-01;21;285
28;2025-11-01;22;110
28;2025-11-01;23;16
28;2025-11-02;0;2
28;2025-11-02;1;0
28;2025-11-02;2;0
28;2025-11-02;3;0
28;2025-11-02;4;0
28;2025-11-02;5;30
28;2025-11-02;6;76
28;2025-11-02;7;164
28;2025-11-02;8;254
28;2025-11-02;9;351
28;2025-11-02;10;396
28;2025-11-02;11;434
28;2025-11-02;12;448
28;2025-11-02;13;546
28;2025-11-02;14;517
28;2025-11-02;15;513
28;2025-11-02;16;459
28;2025-11-02;17;496
28;2025-11-02;18;425
28;2025-11-02;19;385
28;2025-11-02;20;290
28;2025-11-02;21;233
28;2025-11-02;22;110
28;2025-11-02;23;13
28;2025-11-03;0;2
28;2025-11-03;1;0
28;2025-11-03;2;0
28;2025-11-03;3;0
28;2025-11-03;4;0
28;2025-11-03;5;29
28;2025-11-03;6;74
28;2025-11-03;7;158
28;2025-11-03;8;246
28;2025-11-03;9;340
28;2025-11-03;10;383
28;2025-11-03;11;419
28;2025-11-03;12;433
28;2025-11-03;13;528
28;2025-11-03;14;500
28;2025-11-03;15;496
28;2025-11-03;16;444
28;2025-11-03;17;479
28;2025-11-03;18;411
28;2025-11-03;19;372
28;2025-11-03;20;280
28;2025-11-03;21;225
28;2025-11-03;22;106
28;2025-11-03;23;12
28;2025-11-04;0;2
28;2025-11-04;1;0
28;2025-11-04;2;0
28;2025-11-04;3;0
28;2025-11-04;4;0
28;2025-11-04;5;29
28;2025-11-04;6;74
28;2025-11-04;7;158
28;2025-11-04;8;246
28;2025-11-04;9;340
28;2025-11-04;10;383
28;2025-11-04;11;419
28;2025-11-04;12;433
28;2025-11-04;13;528
28;2025-11-04;14;500
28;2025-11-04;15;496
28;2025-11-04;16;444
28;2025-11-04;17;479
28;2025-11-04;18;411
28;2025-11-04;19;372
28;2025-11-04;20;280
28;2025-11-04;21;225
28;2025-11-04;22;106
28;2025-11-04;23;12
28;2025-11-05;0;0
28;2025-11-05;1;0
28;2025-11-05;2;0
28;2025-11-05;3;0
28;2025-11-05;4;1
28;2025-11-05;5;79
28;2025-11-05;6;252
28;2025-11-05;7;803
28;2025-11-05;8;1328
28;2025-11-05;9;849
28;2025-11-05;10;628
28;2025-11-05;11;575
28;2025-11-05;12;713
28;2025-11-05;13;708
28;2025-11-05;14;679
28;2025-11-05;15;711
28;2025-11-05;16;907
28;2025-11-05;17;1086
28;2025-11-05;18;1063
28;2025-11-05;19;777
28;2025-11-05;20;547
28;2025-11-05;21;335
28;2025-11-05;22;121
28;2025-11-05;23;11
28;2025-11-06;0;0
28;2025-11-06;1;0
28;2025-11-06;2;0
28;2025-11-06;3;0
28;2025-11-06;4;1
28;2025-11-06;5;79
28;2025-11-06;6;252
28;2025-11-06;7;803
28;2025-11-06;8;1328
28;2025-11-06;9;849
28;2025-11-06;10;628
28;2025-11-06;11;575
28;2025-11-06;12;713
28;2025-11-06;13;708
28;2025-11-06;14;679
28;2025-11-06;15;711
28;2025-11-06;16;907
28;2025-11-06;17;1086
28;2025-11-06;18;1063
28;2025-11-06;19;777
28;2025-11-06;20;547
28;2025-11-06;21;335
28;2025-11-06;22;121
28;2025-11-06;23;11
28;2025-11-07;0;2
28;2025-11-07;1;0
28;2025-11-07;2;0
28;2025-11-07;3;0
28;2025-11-07;4;2
28;2025-11-07;5;76
28;2025-11-07;6;281
28;2025-11-07;7;864
28;2025-11-07;8;1328
28;2025-11-07;9;851
28;2025-11-07;10;639
28;2025-11-07;11;611
28;2025-11-07;12;805
28;2025-11-07;13;733
28;2025-11-07;14;720
28;2025-11-07;15;739
28;2025-11-07;16;971
28;2025-11-07;17;1017
28;2025-11-07;18;890
28;2025-11-07;19;663
28;2025-11-07;20;432
28;2025-11-07;21;335
28;2025-11-07;22;130
28;2025-11-07;23;19
28;2025-11-08;0;2
28;2025-11-08;1;0
28;2025-11-08;2;0
28;2025-11-08;3;0
28;2025-11-08;4;1
28;2025-11-08;5;39
28;2025-11-08;6;107
28;2025-11-08;7;235
28;2025-11-08;8;409
28;2025-11-08;9;461
28;2025-11-08;10;503
28;2025-11-08;11;508
28;2025-11-08;12;602
28;2025-11-08;13;608
28;2025-11-08;14;564
28;2025-11-08;15;611
28;2025-11-08;16;614
28;2025-11-08;17;589
28;2025-11-08;18;509
28;2025-11-08;19;385
28;2025-11-08;20;285
28;2025-11-08;21;259
28;2025-11-08;22;103
28;2025-11-08;23;12
28;2025-11-09;0;2
28;2025-11-09;1;0
28;2025-11-09;2;0
28;2025-11-09;3;0
28;2025-11-09;4;0
28;2025-11-09;5;30
28;2025-11-09;6;76
28;2025-11-09;7;164
28;2025-11-09;8;254
28;2025-11-09;9;351
28;2025-11-09;10;396
28;2025-11-09;11;434
28;2025-11-09;12;448
28;2025-11-09;13;546
28;2025-11-09;14;517
28;2025-11-09;15;513
28;2025-11-09;16;459
28;2025-11-09;17;496
28;2025-11-09;18;425
28;2025-11-09;19;385
28;2025-11-09;20;290
28;2025-11-09;21;233
28;2025-11-09;22;110
28;2025-11-09;23;13
28;2025-11-10;0;0
28;2025-11-10;1;1
28;2025-11-10;2;0
28;2025-11-10;3;0
28;2025-11-10;4;2
28;2025-11-10;5;73
28;2025-11-10;6;254
28;2025-11-10;7;735
28;2025-11-10;8;1261
28;2025-11-10;9;824
28;2025-11-10;10;620
28;2025-11-10;11;531
28;2025-11-10;12;693
28;2025-11-10;13;674
28;2025-11-10;14;632
28;2025-11-10;15;610
28;2025-11-10;16;881
28;2025-11-10;17;987
28;2025-11-10;18;939
28;2025-11-10;19;700
28;2025-11-10;20;451
28;2025-11-10;21;288
28;2025-11-10;22;102
28;2025-11-10;23;3
28;2025-11-11;0;0
28;2025-11-11;1;0
28;2025-11-11;2;0
28;2025-11-11;3;0
28;2025-11-11;4;1
28;2025-11-11;5;79
28;2025-11-11;6;252
28;2025-11-11;7;803
28;2025-11-11;8;1328
28;2025-11-11;9;849
28;2025-11-11;10;628
28;2025-11-11;11;575
28;2025-11-11;12;713
28;2025-11-11;13;708
28;2025-11-11;14;679
28;2025-11-11;15;711
28;2025-11-11;16;907
28;2025-11-11;17;1086
28;2025-11-11;18;1063
28;2025-11-11;19;777
28;2025-11-11;20;547
28;2025-11-11;21;335
28;2025-11-11;22;121
28;2025-11-11;23;11
28;2025-11-12;0;0
28;2025-11-12;1;0
28;2025-11-12;2;0
28;2025-11-12;3;0
28;2025-11-12;4;1
28;2025-11-12;5;79
28;2025-11-12;6;252
28;2025-11-12;7;803
28;2025-11-12;8;1328
28;2025-11-12;9;849
28;2025-11-12;10;628
28;2025-11-12;11;575
28;2025-11-12;12;713
28;2025-11-12;13;708
28;2025-11-12;14;679
28;2025-11-12;15;711
28;2025-11-12;16;907
28;2025-11-12;17;1086
28;2025-11-12;18;1063
28;2025-11-12;19;777
28;2025-11-12;20;547
28;2025-11-12;21;335
28;2025-11-12;22;121
28;2025-11-12;23;11
28;2025-11-13;0;0
28;2025-11-13;1;0
28;2025-11-13;2;0
28;2025-11-13;3;0
28;2025-11-13;4;1
28;2025-11-13;5;79
28;2025-11-13;6;252
28;2025-11-13;7;803
28;2025-11-13;8;1328
28;2025-11-13;9;849
28;2025-11-13;10;628
28;2025-11-13;11;575
28;2025-11-13;12;713
28;2025-11-13;13;708
28;2025-11-13;14;679
28;2025-11-13;15;711
28;2025-11-13;16;907
28;2025-11-13;17;1086
28;2025-11-13;18;1063
28;2025-11-13;19;777
28;2025-11-13;20;547
28;2025-11-13;21;335
28;2025-11-13;22;121
28;2025-11-13;23;11
28;2025-11-14;0;2
28;2025-11-14;1;0
28;2025-11-14;2;0
28;2025-11-14;3;0
28;2025-11-14;4;2
28;2025-11-14;5;76
28;2025-11-14;6;281
28;2025-11-14;7;864
28;2025-11-14;8;1328
28;2025-11-14;9;851
28;2025-11-14;10;639
28;2025-11-14;11;611
28;2025-11-14;12;805
28;2025-11-14;13;733
28;2025-11-14;14;720
28;2025-11-14;15;739
28;2025-11-14;16;971
28;2025-11-14;17;1017
28;2025-11-14;18;890
28;2025-11-14;19;663
28;2025-11-14;20;432
28;2025-11-14;21;335
28;2025-11-14;22;130
28;2025-11-14;23;19
28;2025-11-15;0;2
28;2025-11-15;1;0
28;2025-11-15;2;0
28;2025-11-15;3;0
28;2025-11-15;4;1
28;2025-11-15;5;37
28;2025-11-15;6;102
28;2025-11-15;7;223
28;2025-11-15;8;388
28;2025-11-15;9;437
28;2025-11-15;10;477
28;2025-11-15;11;482
28;2025-11-15;12;571
28;2025-11-15;13;576
28;2025-11-15;14;535
28;2025-11-15;15;579
28;2025-11-15;16;582
28;2025-11-15;17;559
28;2025-11-15;18;482
28;2025-11-15;19;365
28;2025-11-15;20;270
28;2025-11-15;21;245
28;2025-11-15;22;98
28;2025-11-15;23;11
28;2025-11-16;0;2
28;2025-11-16;1;0
28;2025-11-16;2;0
28;2025-11-16;3;0
28;2025-11-16;4;0
28;2025-11-16;5;30
28;2025-11-16;6;76
28;2025-11-16;7;164
28;2025-11-16;8;254
28;2025-11-16;9;351
28;2025-11-16;10;396
28;2025-11-16;11;434
28;2025-11-16;12;448
28;2025-11-16;13;546
28;2025-11-16;14;517
28;2025-11-16;15;513
28;2025-11-16;16;459
28;2025-11-16;17;496
28;2025-11-16;18;425
28;2025-11-16;19;385
28;2025-11-16;20;290
28;2025-11-16;21;233
28;2025-11-16;22;110
28;2025-11-16;23;13
28;2025-11-17;0;0
28;2025-11-17;1;1
28;2025-11-17;2;0
28;2025-11-17;3;0
28;2025-11-17;4;2
28;2025-11-17;5;73
28;2025-11-17;6;254
28;2025-11-17;7;735
28;2025-11-17;8;1261
28;2025-11-17;9;824
28;2025-11-17;10;620
28;2025-11-17;11;531
28;2025-11-17;12;693
28;2025-11-17;13;674
28;2025-11-17;14;632
28;2025-11-17;15;610
28;2025-11-17;16;881
28;2025-11-17;17;987
28;2025-11-17;18;939
28;2025-11-17;19;700
28;2025-11-17;20;451
28;2025-11-17;21;288
28;2025-11-17;22;102
28;2025-11-17;23;3
28;2025-11-18;0;0
28;2025-11-18;1;0
28;2025-11-18;2;0
28;2025-11-18;3;0
28;2025-11-18;4;1
28;2025-11-18;5;79
28;2025-11-18;6;252
28;2025-11-18;7;803
28;2025-11-18;8;1328
28;2025-11-18;9;849
28;2025-11-18;10;628
28;2025-11-18;11;575
28;2025-11-18;12;713
28;2025-11-18;13;708
28;2025-11-18;14;679
28;2025-11-18;15;711
28;2025-11-18;16;907
28;2025-11-18;17;1086
28;2025-11-18;18;1063
28;2025-11-18;19;777
28;2025-11-18;20;547
28;2025-11-18;21;335
28;2025-11-18;22;121
28;2025-11-18;23;11
28;2025-11-19;0;0
28;2025-11-19;1;0
28;2025-11-19;2;0
28;2025-11-19;3;0
28;2025-11-19;4;1
28;2025-11-19;5;79
28;2025-11-19;6;252
28;2025-11-19;7;803
28;2025-11-19;8;1328
28;2025-11-19;9;849
28;2025-11-19;10;628
28;2025-11-19;11;575
28;2025-11-19;12;713
28;2025-11-19;13;708
28;2025-11-19;14;679
28;2025-11-19;15;711
28;2025-11-19;16;907
28;2025-11-19;17;1086
28;2025-11-19;18;1063
28;2025-11-19;19;777
28;2025-11-19;20;547
28;2025-11-19;21;335
28;2025-11-19;22;121
28;2025-11-19;23;11
28;2025-11-20;0;0
28;2025-11-20;1;0
28;2025-11-20;2;0
28;2025-11-20;3;0
28;2025-11-20;4;1
28;2025-11-20;5;79
28;2025-11-20;6;252
28;2025-11-20;7;803
28;2025-11-20;8;1328
28;2025-11-20;9;849
28;2025-11-20;10;628
28;2025-11-20;11;575
28;2025-11-20;12;713
28;2025-11-20;13;708
28;2025-11-20;14;679
28;2025-11-20;15;711
28;2025-11-20;16;907
28;2025-11-20;17;1086
28;2025-11-20;18;1063
28;2025-11-20;19;777
28;2025-11-20;20;547
28;2025-11-20;21;335
28;2025-11-20;22;121
28;2025-11-20;23;11
28;2025-11-21;0;2
28;2025-11-21;1;0
28;2025-11-21;2;0
28;2025-11-21;3;0
28;2025-11-21;4;2
28;2025-11-21;5;76
28;2025-11-21;6;281
28;2025-11-21;7;864
28;2025-11-21;8;1328
28;2025-11-21;9;851
28;2025-11-21;10;639
28;2025-11-21;11;611
28;2025-11-21;12;805
28;2025-11-21;13;733
28;2025-11-21;14;720
28;2025-11-21;15;739
28;2025-11-21;16;971
28;2025-11-21;17;1017
28;2025-11-21;18;890
28;2025-11-21;19;663
28;2025-11-21;20;432
28;2025-11-21;21;335
28;2025-11-21;22;130
28;2025-11-21;23;19
28;2025-11-22;0;2
28;2025-11-22;1;0
28;2025-11-22;2;0
28;2025-11-22;3;0
28;2025-11-22;4;1
28;2025-11-22;5;39
28;2025-11-22;6;107
28;2025-11-22;7;235
28;2025-11-22;8;409
28;2025-11-22;9;461
28;2025-11-22;10;503
28;2025-11-22;11;508
28;2025-11-22;12;602
28;2025-11-22;13;608
28;2025-11-22;14;564
28;2025-11-22;15;611
28;2025-11-22;16;614
28;2025-11-22;17;589
28;2025-11-22;18;509
28;2025-11-22;19;385
28;2025-11-22;20;285
28;2025-11-22;21;259
28;2025-11-22;22;103
28;2025-11-22;23;12
28;2025-11-23;0;2
28;2025-11-23;1;0
28;2025-11-23;2;0
28;2025-11-23;3;0
28;2025-11-23;4;0
28;2025-11-23;5;30
28;2025-11-23;6;76
28;2025-11-23;7;164
28;2025-11-23;8;254
28;2025-11-23;9;351
28;2025-11-23;10;396
28;2025-11-23;11;434
28;2025-11-23;12;448
28;2025-11-23;13;546
28;2025-11-23;14;517
28;2025-11-23;15;513
28;2025-11-23;16;459
28;2025-11-23;17;496
28;2025-11-23;18;425
28;2025-11-23;19;385
28;2025-11-23;20;290
28;2025-11-23;21;233
28;2025-11-23;22;110
28;2025-11-23;23;13
28;2025-11-24;0;0
28;2025-11-24;1;1
28;2025-11-24;2;0
28;2025-11-24;3;0
28;2025-11-24;4;2
28;2025-11-24;5;73
28;2025-11-24;6;254
28;2025-11-24;7;735
28;2025-11-24;8;1261
28;2025-11-24;9;824
28;2025-11-24;10;620
28;2025-11-24;11;531
28;2025-11-24;12;693
28;2025-11-24;13;674
28;2025-11-24;14;632
28;2025-11-24;15;610
28;2025-11-24;16;881
28;2025-11-24;17;987
28;2025-11-24;18;939
28;2025-11-24;19;700
28;2025-11-24;20;451
28;2025-11-24;21;288
28;2025-11-24;22;102
28;2025-11-24;23;3
28;2025-11-25;0;0
28;2025-11-25;1;0
28;2025-11-25;2;0
28;2025-11-25;3;0
28;2025-11-25;4;1
28;2025-11-25;5;79
28;2025-11-25;6;252
28;2025-11-25;7;803
28;2025-11-25;8;1328
28;2025-11-25;9;849
28;2025-11-25;10;628
28;2025-11-25;11;575
28;2025-11-25;12;713
28;2025-11-25;13;708
28;2025-11-25;14;679
28;2025-11-25;15;711
28;2025-11-25;16;907
28;2025-11-25;17;1086
28;2025-11-25;18;1063
28;2025-11-25;19;777
28;2025-11-25;20;547
28;2025-11-25;21;335
28;2025-11-25;22;121
28;2025-11-25;23;11
28;2025-11-26;0;0
28;2025-11-26;1;0
28;2025-11-26;2;0
28;2025-11-26;3;0
28;2025-11-26;4;1
28;2025-11-26;5;79
28;2025-11-26;6;252
28;2025-11-26;7;803
28;2025-11-26;8;1328
28;2025-11-26;9;849
28;2025-11-26;10;628
28;2025-11-26;11;575
28;2025-11-26;12;713
28;2025-11-26;13;708
28;2025-11-26;14;679
28;2025-11-26;15;711
28;2025-11-26;16;907
28;2025-11-26;17;1086
28;2025-11-26;18;1063
28;2025-11-26;19;777
28;2025-11-26;20;547
28;2025-11-26;21;335
28;2025-11-26;22;121
28;2025-11-26;23;11
28;2025-11-27;0;0
28;2025-11-27;1;0
28;2025-11-27;2;0
28;2025-11-27;3;0
28;2025-11-27;4;1
28;2025-11-27;5;79
28;2025-11-27;6;252
28;2025-11-27;7;803
28;2025-11-27;8;1328
28;2025-11-27;9;849
28;2025-11-27;10;628
28;2025-11-27;11;575
28;2025-11-27;12;713
28;2025-11-27;13;708
28;2025-11-27;14;679
28;2025-11-27;15;711
28;2025-11-27;16;907
28;2025-11-27;17;1086
28;2025-11-27;18;1063
28;2025-11-27;19;777
28;2025-11-27;20;547
28;2025-11-27;21;335
28;2025-11-27;22;121
28;2025-11-27;23;11
28;2025-11-28;0;2
28;2025-11-28;1;0
28;2025-11-28;2;0
28;2025-11-28;3;0
28;2025-11-28;4;2
28;2025-11-28;5;76
28;2025-11-28;6;281
28;2025-11-28;7;864
28;2025-11-28;8;1328
28;2025-11-28;9;851
28;2025-11-28;10;639
28;2025-11-28;11;611
28;2025-11-28;12;805
28;2025-11-28;13;733
28;2025-11-28;14;720
28;2025-11-28;15;739
28;2025-11-28;16;971
28;2025-11-28;17;1017
28;2025-11-28;18;890
28;2025-11-28;19;663
28;2025-11-28;20;432
28;2025-11-28;21;335
28;2025-11-28;22;130
28;2025-11-28;23;19
28;2025-11-29;0;2
28;2025-11-29;1;0
28;2025-11-29;2;0
28;2025-11-29;3;0
28;2025-11-29;4;1
28;2025-11-29;5;39
28;2025-11-29;6;107
28;2025-11-29;7;235
28;2025-11-29;8;409
28;2025-11-29;9;461
28;2025-11-29;10;503
28;2025-11-29;11;508
28;2025-11-29;12;602
28;2025-11-29;13;608
28;2025-11-29;14;564
28;2025-11-29;15;611
28;2025-11-29;16;614
28;2025-11-29;17;589
28;2025-11-29;18;509
28;2025-11-29;19;385
28;2025-11-29;20;285
28;2025-11-29;21;259
28;2025-11-29;22;103
28;2025-11-29;23;12
28;2025-11-30;0;2
28;2025-11-30;1;0
28;2025-11-30;2;0
28;2025-11-30;3;0
28;2025-11-30;4;0
28;2025-11-30;5;30
28;2025-11-30;6;76
28;2025-11-30;7;164
28;2025-11-30;8;254
28;2025-11-30;9;351
28;2025-11-30;10;396
28;2025-11-30;11;434
28;2025-11-30;12;448
28;2025-11-30;13;546
28;2025-11-30;14;517
28;2025-11-30;15;513
28;2025-11-30;16;459
28;2025-11-30;17;496
28;2025-11-30;18;425
28;2025-11-30;19;385
28;2025-11-30;20;290
28;2025-11-30;21;233
28;2025-11-30;22;110
28;2025-11-30;23;13
28;2025-12-01;0;0
28;2025-12-01;1;1
28;2025-12-01;2;0
28;2025-12-01;3;0
28;2025-12-01;4;2
28;2025-12-01;5;73
28;2025-12-01;6;254
28;2025-12-01;7;735
28;2025-12-01;8;1261
28;2025-12-01;9;824
28;2025-12-01;10;620
28;2025-12-01;11;531
28;2025-12-01;12;693
28;2025-12-01;13;674
28;2025-12-01;14;632
28;2025-12-01;15;610
28;2025-12-01;16;881
28;2025-12-01;17;987
28;2025-12-01;18;939
28;2025-12-01;19;700
28;2025-12-01;20;451
28;2025-12-01;21;288
28;2025-12-01;22;102
28;2025-12-01;23;3
28;2025-12-02;0;0
28;2025-12-02;1;0
28;2025-12-02;2;0
28;2025-12-02;3;0
28;2025-12-02;4;1
28;2025-12-02;5;79
28;2025-12-02;6;252
28;2025-12-02;7;803
28;2025-12-02;8;1328
28;2025-12-02;9;849
28;2025-12-02;10;628
28;2025-12-02;11;575
28;2025-12-02;12;713
28;2025-12-02;13;708
28;2025-12-02;14;679
28;2025-12-02;15;711
28;2025-12-02;16;907
28;2025-12-02;17;1086
28;2025-12-02;18;1063
28;2025-12-02;19;777
28;2025-12-02;20;547
28;2025-12-02;21;335
28;2025-12-02;22;121
28;2025-12-02;23;11
28;2025-12-03;0;0
28;2025-12-03;1;0
28;2025-12-03;2;0
28;2025-12-03;3;0
28;2025-12-03;4;1
28;2025-12-03;5;79
28;2025-12-03;6;252
28;2025-12-03;7;803
28;2025-12-03;8;1328
28;2025-12-03;9;849
28;2025-12-03;10;628
28;2025-12-03;11;575
28;2025-12-03;12;713
28;2025-12-03;13;708
28;2025-12-03;14;679
28;2025-12-03;15;711
28;2025-12-03;16;907
28;2025-12-03;17;1086
28;2025-12-03;18;1063
28;2025-12-03;19;777
28;2025-12-03;20;547
28;2025-12-03;21;335
28;2025-12-03;22;121
28;2025-12-03;23;11
28;2025-12-04;0;0
28;2025-12-04;1;0
28;2025-12-04;2;0
28;2025-12-04;3;0
28;2025-12-04;4;1
28;2025-12-04;5;79
28;2025-12-04;6;252
28;2025-12-04;7;803
28;2025-12-04;8;1328
28;2025-12-04;9;849
28;2025-12-04;10;628
28;2025-12-04;11;575
28;2025-12-04;12;713
28;2025-12-04;13;708
28;2025-12-04;14;679
28;2025-12-04;15;711
28;2025-12-04;16;907
28;2025-12-04;17;1086
28;2025-12-04;18;1063
28;2025-12-04;19;777
28;2025-12-04;20;547
28;2025-12-04;21;335
28;2025-12-04;22;121
28;2025-12-04;23;11
28;2025-12-05;0;2
28;2025-12-05;1;0
28;2025-12-05;2;0
28;2025-12-05;3;0
28;2025-12-05;4;2
28;2025-12-05;5;76
28;2025-12-05;6;281
28;2025-12-05;7;864
28;2025-12-05;8;1328
28;2025-12-05;9;851
28;2025-12-05;10;639
28;2025-12-05;11;611
28;2025-12-05;12;805
28;2025-12-05;13;733
28;2025-12-05;14;720
28;2025-12-05;15;739
28;2025-12-05;16;971
28;2025-12-05;17;1017
28;2025-12-05;18;890
28;2025-12-05;19;663
28;2025-12-05;20;432
28;2025-12-05;21;335
28;2025-12-05;22;130
28;2025-12-05;23;19
28;2025-12-06;0;2
28;2025-12-06;1;0
28;2025-12-06;2;0
28;2025-12-06;3;0
28;2025-12-06;4;1
28;2025-12-06;5;39
28;2025-12-06;6;107
28;2025-12-06;7;235
28;2025-12-06;8;409
28;2025-12-06;9;461
28;2025-12-06;10;503
28;2025-12-06;11;508
28;2025-12-06;12;602
28;2025-12-06;13;608
28;2025-12-06;14;564
28;2025-12-06;15;611
28;2025-12-06;16;614
28;2025-12-06;17;589
28;2025-12-06;18;509
28;2025-12-06;19;385
28;2025-12-06;20;285
28;2025-12-06;21;259
28;2025-12-06;22;103
28;2025-12-06;23;12
28;2025-12-07;0;2
28;2025-12-07;1;0
28;2025-12-07;2;0
28;2025-12-07;3;0
28;2025-12-07;4;0
28;2025-12-07;5;30
28;2025-12-07;6;76
28;2025-12-07;7;164
28;2025-12-07;8;254
28;2025-12-07;9;351
28;2025-12-07;10;396
28;2025-12-07;11;434
28;2025-12-07;12;448
28;2025-12-07;13;546
28;2025-12-07;14;517
28;2025-12-07;15;513
28;2025-12-07;16;459
28;2025-12-07;17;496
28;2025-12-07;18;425
28;2025-12-07;19;385
28;2025-12-07;20;290
28;2025-12-07;21;233
28;2025-12-07;22;110
28;2025-12-07;23;13
28;2025-12-08;0;0
28;2025-12-08;1;1
28;2025-12-08;2;0
28;2025-12-08;3;0
28;2025-12-08;4;2
28;2025-12-08;5;73
28;2025-12-08;6;254
28;2025-12-08;7;735
28;2025-12-08;8;1261
28;2025-12-08;9;824
28;2025-12-08;10;620
28;2025-12-08;11;531
28;2025-12-08;12;693
28;2025-12-08;13;674
28;2025-12-08;14;632
28;2025-12-08;15;610
28;2025-12-08;16;881
28;2025-12-08;17;987
28;2025-12-08;18;939
28;2025-12-08;19;700
28;2025-12-08;20;451
28;2025-12-08;21;288
28;2025-12-08;22;102
28;2025-12-08;23;3
28;2025-12-09;0;0
28;2025-12-09;1;0
28;2025-12-09;2;0
28;2025-12-09;3;0
28;2025-12-09;4;1
28;2025-12-09;5;79
28;2025-12-09;6;252
28;2025-12-09;7;803
28;2025-12-09;8;1328
28;2025-12-09;9;849
28;2025-12-09;10;628
28;2025-12-09;11;575
28;2025-12-09;12;713
28;2025-12-09;13;708
28;2025-12-09;14;679
28;2025-12-09;15;711
28;2025-12-09;16;907
28;2025-12-09;17;1086
28;2025-12-09;18;1063
28;2025-12-09;19;777
28;2025-12-09;20;547
28;2025-12-09;21;335
28;2025-12-09;22;121
28;2025-12-09;23;11
28;2025-12-10;0;0
28;2025-12-10;1;0
28;2025-12-10;2;0
28;2025-12-10;3;0
28;2025-12-10;4;1
28;2025-12-10;5;79
28;2025-12-10;6;252
28;2025-12-10;7;803
28;2025-12-10;8;1328
28;2025-12-10;9;849
28;2025-12-10;10;628
28;2025-12-10;11;575
28;2025-12-10;12;713
28;2025-12-10;13;708
28;2025-12-10;14;679
28;2025-12-10;15;711
28;2025-12-10;16;907
28;2025-12-10;17;1086
28;2025-12-10;18;1063
28;2025-12-10;19;777
28;2025-12-10;20;547
28;2025-12-10;21;335
28;2025-12-10;22;121
28;2025-12-10;23;11
28;2025-12-11;0;0
28;2025-12-11;1;0
28;2025-12-11;2;0
28;2025-12-11;3;0
28;2025-12-11;4;1
28;2025-12-11;5;79
28;2025-12-11;6;252
28;2025-12-11;7;803
28;2025-12-11;8;1328
28;2025-12-11;9;849
28;2025-12-11;10;628
28;2025-12-11;11;575
28;2025-12-11;12;713
28;2025-12-11;13;708
28;2025-12-11;14;679
28;2025-12-11;15;711
28;2025-12-11;16;907
28;2025-12-11;17;1086
28;2025-12-11;18;1063
28;2025-12-11;19;777
28;2025-12-11;20;547
28;2025-12-11;21;335
28;2025-12-11;22;121
28;2025-12-11;23;11
28;2025-12-12;0;2
28;2025-12-12;1;0
28;2025-12-12;2;0
28;2025-12-12;3;0
28;2025-12-12;4;2
28;2025-12-12;5;76
28;2025-12-12;6;281
28;2025-12-12;7;864
28;2025-12-12;8;1328
28;2025-12-12;9;851
28;2025-12-12;10;639
28;2025-12-12;11;611
28;2025-12-12;12;805
28;2025-12-12;13;733
28;2025-12-12;14;720
28;2025-12-12;15;739
28;2025-12-12;16;971
28;2025-12-12;17;1017
28;2025-12-12;18;890
28;2025-12-12;19;663
28;2025-12-12;20;432
28;2025-12-12;21;335
28;2025-12-12;22;130
28;2025-12-12;23;19
28;2025-12-13;0;2
28;2025-12-13;1;0
28;2025-12-13;2;0
28;2025-12-13;3;0
28;2025-12-13;4;1
28;2025-12-13;5;39
28;2025-12-13;6;107
28;2025-12-13;7;235
28;2025-12-13;8;409
28;2025-12-13;9;461
28;2025-12-13;10;503
28;2025-12-13;11;508
28;2025-12-13;12;602
28;2025-12-13;13;608
28;2025-12-13;14;564
28;2025-12-13;15;611
28;2025-12-13;16;614
28;2025-12-13;17;589
28;2025-12-13;18;509
28;2025-12-13;19;385
28;2025-12-13;20;285
28;2025-12-13;21;259
28;2025-12-13;22;103
28;2025-12-13;23;12
28;2025-12-14;0;2
28;2025-12-14;1;0
28;2025-12-14;2;0
28;2025-12-14;3;0
28;2025-12-14;4;0
28;2025-12-14;5;30
28;2025-12-14;6;76
28;2025-12-14;7;164
28;2025-12-14;8;254
28;2025-12-14;9;351
28;2025-12-14;10;396
28;2025-12-14;11;434
28;2025-12-14;12;448
28;2025-12-14;13;546
28;2025-12-14;14;517
28;2025-12-14;15;513
28;2025-12-14;16;459
28;2025-12-14;17;496
28;2025-12-14;18;425
28;2025-12-14;19;385
28;2025-12-14;20;290
28;2025-12-14;21;233
28;2025-12-14;22;110
28;2025-12-14;23;13
28;2025-12-15;0;0
28;2025-12-15;1;1
28;2025-12-15;2;0
28;2025-12-15;3;0
28;2025-12-15;4;2
28;2025-12-15;5;73
28;2025-12-15;6;254
28;2025-12-15;7;735
28;2025-12-15;8;1261
28;2025-12-15;9;824
28;2025-12-15;10;620
28;2025-12-15;11;531
28;2025-12-15;12;693
28;2025-12-15;13;674
28;2025-12-15;14;632
28;2025-12-15;15;610
28;2025-12-15;16;881
28;2025-12-15;17;987
28;2025-12-15;18;939
28;2025-12-15;19;700
28;2025-12-15;20;451
28;2025-12-15;21;288
28;2025-12-15;22;102
28;2025-12-15;23;3
28;2025-12-16;0;0
28;2025-12-16;1;0
28;2025-12-16;2;0
28;2025-12-16;3;0
28;2025-12-16;4;1
28;2025-12-16;5;79
28;2025-12-16;6;252
28;2025-12-16;7;803
28;2025-12-16;8;1328
28;2025-12-16;9;849
28;2025-12-16;10;628
28;2025-12-16;11;575
28;2025-12-16;12;713
28;2025-12-16;13;708
28;2025-12-16;14;679
28;2025-12-16;15;711
28;2025-12-16;16;907
28;2025-12-16;17;1086
28;2025-12-16;18;1063
28;2025-12-16;19;777
28;2025-12-16;20;547
28;2025-12-16;21;335
28;2025-12-16;22;121
28;2025-12-16;23;11
28;2025-12-17;0;0
28;2025-12-17;1;0
28;2025-12-17;2;0
28;2025-12-17;3;0
28;2025-12-17;4;1
28;2025-12-17;5;79
28;2025-12-17;6;252
28;2025-12-17;7;803
28;2025-12-17;8;1328
28;2025-12-17;9;849
28;2025-12-17;10;628
28;2025-12-17;11;575
28;2025-12-17;12;713
28;2025-12-17;13;708
28;2025-12-17;14;679
28;2025-12-17;15;711
28;2025-12-17;16;907
28;2025-12-17;17;1086
28;2025-12-17;18;1063
28;2025-12-17;19;777
28;2025-12-17;20;547
28;2025-12-17;21;335
28;2025-12-17;22;121
28;2025-12-17;23;11
28;2025-12-18;0;0
28;2025-12-18;1;0
28;2025-12-18;2;0
28;2025-12-18;3;0
28;2025-12-18;4;1
28;2025-12-18;5;79
28;2025-12-18;6;252
28;2025-12-18;7;803
28;2025-12-18;8;1328
28;2025-12-18;9;849
28;2025-12-18;10;628
28;2025-12-18;11;575
28;2025-12-18;12;713
28;2025-12-18;13;708
28;2025-12-18;14;679
28;2025-12-18;15;711
28;2025-12-18;16;907
28;2025-12-18;17;1086
28;2025-12-18;18;1063
28;2025-12-18;19;777
28;2025-12-18;20;547
28;2025-12-18;21;335
28;2025-12-18;22;121
28;2025-12-18;23;11
28;2025-12-19;0;2
28;2025-12-19;1;0
28;2025-12-19;2;0
28;2025-12-19;3;0
28;2025-12-19;4;2
28;2025-12-19;5;76
28;2025-12-19;6;281
28;2025-12-19;7;864
28;2025-12-19;8;1328
28;2025-12-19;9;851
28;2025-12-19;10;639
28;2025-12-19;11;611
28;2025-12-19;12;805
28;2025-12-19;13;733
28;2025-12-19;14;720
28;2025-12-19;15;739
28;2025-12-19;16;971
28;2025-12-19;17;1017
28;2025-12-19;18;890
28;2025-12-19;19;663
28;2025-12-19;20;432
28;2025-12-19;21;335
28;2025-12-19;22;130
28;2025-12-19;23;19
28;2025-12-20;0;2
28;2025-12-20;1;0
28;2025-12-20;2;0
28;2025-12-20;3;0
28;2025-12-20;4;1
28;2025-12-20;5;39
28;2025-12-20;6;107
28;2025-12-20;7;235
28;2025-12-20;8;409
28;2025-12-20;9;461
28;2025-12-20;10;503
28;2025-12-20;11;508
28;2025-12-20;12;602
28;2025-12-20;13;608
28;2025-12-20;14;564
28;2025-12-20;15;611
28;2025-12-20;16;614
28;2025-12-20;17;589
28;2025-12-20;18;509
28;2025-12-20;19;385
28;2025-12-20;20;285
28;2025-12-20;21;259
28;2025-12-20;22;103
28;2025-12-20;23;12
28;2025-12-21;0;2
28;2025-12-21;1;0
28;2025-12-21;2;0
28;2025-12-21;3;0
28;2025-12-21;4;0
28;2025-12-21;5;30
28;2025-12-21;6;76
28;2025-12-21;7;164
28;2025-12-21;8;254
28;2025-12-21;9;351
28;2025-12-21;10;396
28;2025-12-21;11;434
28;2025-12-21;12;448
28;2025-12-21;13;546
28;2025-12-21;14;517
28;2025-12-21;15;513
28;2025-12-21;16;459
28;2025-12-21;17;496
28;2025-12-21;18;425
28;2025-12-21;19;385
28;2025-12-21;20;290
28;2025-12-21;21;233
28;2025-12-21;22;110
28;2025-12-21;23;13
28;2025-12-22;0;0
28;2025-12-22;1;1
28;2025-12-22;2;0
28;2025-12-22;3;0
28;2025-12-22;4;2
28;2025-12-22;5;73
28;2025-12-22;6;254
28;2025-12-22;7;735
28;2025-12-22;8;1261
28;2025-12-22;9;824
28;2025-12-22;10;620
28;2025-12-22;11;531
28;2025-12-22;12;693
28;2025-12-22;13;674
28;2025-12-22;14;632
28;2025-12-22;15;610
28;2025-12-22;16;881
28;2025-12-22;17;987
28;2025-12-22;18;939
28;2025-12-22;19;700
28;2025-12-22;20;451
28;2025-12-22;21;288
28;2025-12-22;22;102
28;2025-12-22;23;3
28;2025-12-23;0;0
28;2025-12-23;1;0
28;2025-12-23;2;0
28;2025-12-23;3;0
28;2025-12-23;4;1
28;2025-12-23;5;79
28;2025-12-23;6;252
28;2025-12-23;7;803
28;2025-12-23;8;1328
28;2025-12-23;9;849
28;2025-12-23;10;628
28;2025-12-23;11;575
28;2025-12-23;12;713
28;2025-12-23;13;708
28;2025-12-23;14;679
28;2025-12-23;15;711
28;2025-12-23;16;907
28;2025-12-23;17;1086
28;2025-12-23;18;1063
28;2025-12-23;19;777
28;2025-12-23;20;547
28;2025-12-23;21;335
28;2025-12-23;22;121
28;2025-12-23;23;11
28;2025-12-24;0;0
28;2025-12-24;1;0
28;2025-12-24;2;0
28;2025-12-24;3;0
28;2025-12-24;4;1
28;2025-12-24;5;79
28;2025-12-24;6;252
28;2025-12-24;7;803
28;2025-12-24;8;1328
28;2025-12-24;9;849
28;2025-12-24;10;628
28;2025-12-24;11;575
28;2025-12-24;12;713
28;2025-12-24;13;708
28;2025-12-24;14;679
28;2025-12-24;15;711
28;2025-12-24;16;907
28;2025-12-24;17;1086
28;2025-12-24;18;1063
28;2025-12-24;19;777
28;2025-12-24;20;547
28;2025-12-24;21;335
28;2025-12-24;22;121
28;2025-12-24;23;11
28;2025-12-25;0;0
28;2025-12-25;1;0
28;2025-12-25;2;0
28;2025-12-25;3;0
28;2025-12-25;4;1
28;2025-12-25;5;79
28;2025-12-25;6;252
28;2025-12-25;7;803
28;2025-12-25;8;1328
28;2025-12-25;9;849
28;2025-12-25;10;628
28;2025-12-25;11;575
28;2025-12-25;12;713
28;2025-12-25;13;708
28;2025-12-25;14;679
28;2025-12-25;15;711
28;2025-12-25;16;907
28;2025-12-25;17;1086
28;2025-12-25;18;1063
28;2025-12-25;19;777
28;2025-12-25;20;547
28;2025-12-25;21;335
28;2025-12-25;22;121
28;2025-12-25;23;11
28;2025-12-26;0;2
28;2025-12-26;1;0
28;2025-12-26;2;0
28;2025-12-26;3;0
28;2025-12-26;4;2
28;2025-12-26;5;76
28;2025-12-26;6;281
28;2025-12-26;7;864
28;2025-12-26;8;1328
28;2025-12-26;9;851
28;2025-12-26;10;639
28;2025-12-26;11;611
28;2025-12-26;12;805
28;2025-12-26;13;733
28;2025-12-26;14;720
28;2025-12-26;15;739
28;2025-12-26;16;971
28;2025-12-26;17;1017
28;2025-12-26;18;890
28;2025-12-26;19;663
28;2025-12-26;20;432
28;2025-12-26;21;335
28;2025-12-26;22;130
28;2025-12-26;23;19
28;2025-12-27;0;2
28;2025-12-27;1;0
28;2025-12-27;2;0
28;2025-12-27;3;0
28;2025-12-27;4;1
28;2025-12-27;5;39
28;2025-12-27;6;107
28;2025-12-27;7;235
28;2025-12-27;8;409
28;2025-12-27;9;461
28;2025-12-27;10;503
28;2025-12-27;11;508
28;2025-12-27;12;602
28;2025-12-27;13;608
28;2025-12-27;14;564
28;2025-12-27;15;611
28;2025-12-27;16;614
28;2025-12-27;17;589
28;2025-12-27;18;509
28;2025-12-27;19;385
28;2025-12-27;20;285
28;2025-12-27;21;259
28;2025-12-27;22;103
28;2025-12-27;23;12
28;2025-12-28;0;2
28;2025-12-28;1;0
28;2025-12-28;2;0
28;2025-12-28;3;0
28;2025-12-28;4;0
28;2025-12-28;5;30
28;2025-12-28;6;76
28;2025-12-28;7;164
28;2025-12-28;8;254
28;2025-12-28;9;351
28;2025-12-28;10;396
28;2025-12-28;11;434
28;2025-12-28;12;448
28;2025-12-28;13;546
28;2025-12-28;14;517
28;2025-12-28;15;513
28;2025-12-28;16;459
28;2025-12-28;17;496
28;2025-12-28;18;425
28;2025-12-28;19;385
28;2025-12-28;20;290
28;2025-12-28;21;233
28;2025-12-28;22;110
28;2025-12-28;23;13
28;2025-12-29;0;2
28;2025-12-29;1;0
28;2025-12-29;2;0
28;2025-12-29;3;0
28;2025-12-29;4;1
28;2025-12-29;5;66
28;2025-12-29;6;242
28;2025-12-29;7;743
28;2025-12-29;8;1142
28;2025-12-29;9;732
28;2025-12-29;10;549
28;2025-12-29;11;525
28;2025-12-29;12;692
28;2025-12-29;13;630
28;2025-12-29;14;620
28;2025-12-29;15;636
28;2025-12-29;16;835
28;2025-12-29;17;875
28;2025-12-29;18;766
28;2025-12-29;19;570
28;2025-12-29;20;371
28;2025-12-29;21;288
28;2025-12-29;22;112
28;2025-12-29;23;16
28;2025-12-30;0;2
28;2025-12-30;1;0
28;2025-12-30;2;0
28;2025-12-30;3;0
28;2025-12-30;4;1
28;2025-12-30;5;66
28;2025-12-30;6;242
28;2025-12-30;7;743
28;2025-12-30;8;1142
28;2025-12-30;9;732
28;2025-12-30;10;549
28;2025-12-30;11;525
28;2025-12-30;12;692
28;2025-12-30;13;630
28;2025-12-30;14;620
28;2025-12-30;15;636
28;2025-12-30;16;835
28;2025-12-30;17;875
28;2025-12-30;18;766
28;2025-12-30;19;570
28;2025-12-30;20;371
28;2025-12-30;21;288
28;2025-12-30;22;112
28;2025-12-30;23;16
28;2025-12-31;0;2
28;2025-12-31;1;0
28;2025-12-31;2;0
28;2025-12-31;3;0
28;2025-12-31;4;1
28;2025-12-31;5;33
28;2025-12-31;6;91
28;2025-12-31;7;200
28;2025-12-31;8;348
28;2025-12-31;9;392
28;2025-12-31;10;428
28;2025-12-31;11;432
28;2025-12-31;12;512
28;2025-12-31;13;517
28;2025-12-31;14;479
28;2025-12-31;15;519
28;2025-12-31;16;522
28;2025-12-31;17;501
28;2025-12-31;18;432
28;2025-12-31;19;180
28;2025-12-31;20;133
28;2025-12-31;21;121
28;2025-12-31;22;48
28;2025-12-31;23;6
50;2025-11-01;0;31
50;2025-11-01;1;1
50;2025-11-01;2;0
50;2025-11-01;3;0
50;2025-11-01;4;3
50;2025-11-01;5;59
50;2025-11-01;6;435
50;2025-11-01;7;1497
50;2025-11-01;8;2367
50;2025-11-01;9;1844
50;2025-11-01;10;1282
50;2025-11-01;11;1289
50;2025-11-01;12;1199
50;2025-11-01;13;1298
50;2025-11-01;14;1237
50;2025-11-01;15;1476
50;2025-11-01;16;1935
50;2025-11-01;17;1833
50;2025-11-01;18;1364
50;2025-11-01;19;1012
50;2025-11-01;20;732
50;2025-11-01;21;464
50;2025-11-01;22;230
50;2025-11-01;23;139
50;2025-11-02;0;2
50;2025-11-02;1;0
50;2025-11-02;2;0
50;2025-11-02;3;0
50;2025-11-02;4;0
50;2025-11-02;5;1
50;2025-11-02;6;3
50;2025-11-02;7;5
50;2025-11-02;8;11
50;2025-11-02;9;8
50;2025-11-02;10;22
50;2025-11-02;11;74
50;2025-11-02;12;57
50;2025-11-02;13;69
50;2025-11-02;14;117
50;2025-11-02;15;95
50;2025-11-02;16;112
50;2025-11-02;17;100
50;2025-11-02;18;59
50;2025-11-02;19;65
50;2025-11-02;20;47
50;2025-11-02;21;30
50;2025-11-02;22;35
50;2025-11-02;23;10
50;2025-11-03;0;2
50;2025-11-03;1;0
50;2025-11-03;2;0
50;2025-11-03;3;0
50;2025-11-03;4;0
50;2025-11-03;5;0
50;2025-11-03;6;3
50;2025-11-03;7;5
50;2025-11-03;8;11
50;2025-11-03;9;8
50;2025-11-03;10;21
50;2025-11-03;11;71
50;2025-11-03;12;55
50;2025-11-03;13;67
50;2025-11-03;14;113
50;2025-11-03;15;92
50;2025-11-03;16;108
50;2025-11-03;17;97
50;2025-11-03;18;57
50;2025-11-03;19;62
50;2025-11-03;20;45
50;2025-11-03;21;29
50;2025-11-03;22;34
50;2025-11-03;23;10
50;2025-11-04;0;2
50;2025-11-04;1;0
50;2025-11-04;2;0
50;2025-11-04;3;0
50;2025-11-04;4;0
50;2025-11-04;5;0
50;2025-11-04;6;3
50;2025-11-04;7;5
50;2025-11-04;8;11
50;2025-11-04;9;8
50;2025-11-04;10;21
50;2025-11-04;11;71
50;2025-11-04;12;55
50;2025-11-04;13;67
50;2025-11-04;14;113
50;2025-11-04;15;92
50;2025-11-04;16;108
50;2025-11-04;17;97
50;2025-11-04;18;57
50;2025-11-04;19;62
50;2025-11-04;20;45
50;2025-11-04;21;29
50;2025-11-04;22;34
50;2025-11-04;23;10
50;2025-11-05;0;30
50;2025-11-05;1;2
50;2025-11-05;2;0
50;2025-11-05;3;0
50;2025-11-05;4;3
50;2025-11-05;5;75
50;2025-11-05;6;527
50;2025-11-05;7;1679
50;2025-11-05;8;2800
50;2025-11-05;9;2164
50;2025-11-05;10;1725
50;2025-11-05;11;1521
50;2025-11-05;12;1463
50;2025-11-05;13;1523
50;2025-11-05;14;1428
50;2025-11-05;15;1670
50;2025-11-05;16;1668
50;2025-11-05;17;2427
50;2025-11-05;18;2435
50;2025-11-05;19;1458
50;2025-11-05;20;943
50;2025-11-05;21;643
50;2025-11-05;22;244
50;2025-11-05;23;149
50;2025-11-06;0;30
50;2025-11-06;1;2
50;2025-11-06;2;0
50;2025-11-06;3;0
50;2025-11-06;4;3
50;2025-11-06;5;75
50;2025-11-06;6;527
50;2025-11-06;7;1679
50;2025-11-06;8;2800
50;2025-11-06;9;2164
50;2025-11-06;10;1725
50;2025-11-06;11;1521
50;2025-11-06;12;1463
50;2025-11-06;13;1523
50;2025-11-06;14;1428
50;2025-11-06;15;1670
50;2025-11-06;16;1668
50;2025-11-06;17;2427
50;2025-11-06;18;2435
50;2025-11-06;19;1458
50;2025-11-06;20;943
50;2025-11-06;21;643
50;2025-11-06;22;244
50;2025-11-06;23;149
50;2025-11-07;0;36
50;2025-11-07;1;1
50;2025-11-07;2;0
50;2025-11-07;3;0
50;2025-11-07;4;4
50;2025-11-07;5;69
50;2025-11-07;6;511
50;2025-11-07;7;1761
50;2025-11-07;8;2785
50;2025-11-07;9;2169
50;2025-11-07;10;1509
50;2025-11-07;11;1517
50;2025-11-07;12;1410
50;2025-11-07;13;1527
50;2025-11-07;14;1456
50;2025-11-07;15;1737
50;2025-11-07;16;2276
50;2025-11-07;17;2157
50;2025-11-07;18;1604
50;2025-11-07;19;1191
50;2025-11-07;20;861
50;2025-11-07;21;546
50;2025-11-07;22;271
50;2025-11-07;23;163
50;2025-11-08;0;51
50;2025-11-08;1;6
50;2025-11-08;2;0
50;2025-11-08;3;2
50;2025-11-08;4;0
50;2025-11-08;5;9
50;2025-11-08;6;11
50;2025-11-08;7;17
50;2025-11-08;8;33
50;2025-11-08;9;65
50;2025-11-08;10;24
50;2025-11-08;11;41
50;2025-11-08;12;74
50;2025-11-08;13;49
50;2025-11-08;14;60
50;2025-11-08;15;88
50;2025-11-08;16;56
50;2025-11-08;17;55
50;2025-11-08;18;14
50;2025-11-08;19;12
50;2025-11-08;20;9
50;2025-11-08;21;9
50;2025-11-08;22;9
50;2025-11-08;23;3
50;2025-11-09;0;2
50;2025-11-09;1;0
50;2025-11-09;2;0
50;2025-11-09;3;0
50;2025-11-09;4;0
50;2025-11-09;5;1
50;2025-11-09;6;3
50;2025-11-09;7;5
50;2025-11-09;8;11
50;2025-11-09;9;8
50;2025-11-09;10;22
50;2025-11-09;11;74
50;2025-11-09;12;57
50;2025-11-09;13;69
50;2025-11-09;14;117
50;2025-11-09;15;95
50;2025-11-09;16;112
50;2025-11-09;17;100
50;2025-11-09;18;59
50;2025-11-09;19;65
50;2025-11-09;20;47
50;2025-11-09;21;30
50;2025-11-09;22;35
50;2025-11-09;23;10
50;2025-11-10;0;8
50;2025-11-10;1;3
50;2025-11-10;2;2
50;2025-11-10;3;0
50;2025-11-10;4;4
50;2025-11-10;5;67
50;2025-11-10;6;519
50;2025-11-10;7;1696
50;2025-11-10;8;2816
50;2025-11-10;9;2269
50;2025-11-10;10;1634
50;2025-11-10;11;1441
50;2025-11-10;12;1314
50;2025-11-10;13;1472
50;2025-11-10;14;1389
50;2025-11-10;15;1651
50;2025-11-10;16;1608
50;2025-11-10;17;2284
50;2025-11-10;18;2502
50;2025-11-10;19;1278
50;2025-11-10;20;867
50;2025-11-10;21;629
50;2025-11-10;22;223
50;2025-11-10;23;120
50;2025-11-11;0;30
50;2025-11-11;1;2
50;2025-11-11;2;0
50;2025-11-11;3;0
50;2025-11-11;4;3
50;2025-11-11;5;75
50;2025-11-11;6;527
50;2025-11-11;7;1679
50;2025-11-11;8;2800
50;2025-11-11;9;2164
50;2025-11-11;10;1725
50;2025-11-11;11;1521
50;2025-11-11;12;1463
50;2025-11-11;13;1523
50;2025-11-11;14;1428
50;2025-11-11;15;1670
50;2025-11-11;16;1668
50;2025-11-11;17;2427
50;2025-11-11;18;2435
50;2025-11-11;19;1458
50;2025-11-11;20;943
50;2025-11-11;21;643
50;2025-11-11;22;244
50;2025-11-11;23;149
50;2025-11-12;0;30
50;2025-11-12;1;2
50;2025-11-12;2;0
50;2025-11-12;3;0
50;2025-11-12;4;3
50;2025-11-12;5;75
50;2025-11-12;6;527
50;2025-11-12;7;1679
50;2025-11-12;8;2800
50;2025-11-12;9;2164
50;2025-11-12;10;1725
50;2025-11-12;11;1521
50;2025-11-12;12;1463
50;2025-11-12;13;1523
50;2025-11-12;14;1428
50;2025-11-12;15;1670
50;2025-11-12;16;1668
50;2025-11-12;17;2427
50;2025-11-12;18;2435
50;2025-11-12;19;1458
50;2025-11-12;20;943
50;2025-11-12;21;643
50;2025-11-12;22;244
50;2025-11-12;23;149
50;2025-11-13;0;30
50;2025-11-13;1;2
50;2025-11-13;2;0
50;2025-11-13;3;0
50;2025-11-13;4;3
50;2025-11-13;5;75
50;2025-11-13;6;527
50;2025-11-13;7;1679
50;2025-11-13;8;2800
50;2025-11-13;9;2164
50;2025-11-13;10;1725
50;2025-11-13;11;1521
50;2025-11-13;12;1463
50;2025-11-13;13;1523
50;2025-11-13;14;1428
50;2025-11-13;15;1670
50;2025-11-13;16;1668
50;2025-11-13;17;2427
50;2025-11-13;18;2435
50;2025-11-13;19;1458
50;2025-11-13;20;943
50;2025-11-13;21;643
50;2025-11-13;22;244
50;2025-11-13;23;149
50;2025-11-14;0;36
50;2025-11-14;1;1
50;2025-11-14;2;0
50;2025-11-14;3;0
50;2025-11-14;4;4
50;2025-11-14;5;69
50;2025-11-14;6;511
50;2025-11-14;7;1761
50;2025-11-14;8;2785
50;2025-11-14;9;2169
50;2025-11-14;10;1509
50;2025-11-14;11;1517
50;2025-11-14;12;1410
50;2025-11-14;13;1527
50;2025-11-14;14;1456
50;2025-11-14;15;1737
50;2025-11-14;16;2276
50;2025-11-14;17;2157
50;2025-11-14;18;1604
50;2025-11-14;19;1191
50;2025-11-14;20;861
50;2025-11-14;21;546
50;2025-11-14;22;271
50;2025-11-14;23;163
50;2025-11-15;0;49
50;2025-11-15;1;6
50;2025-11-15;2;0
50;2025-11-15;3;2
50;2025-11-15;4;0
50;2025-11-15;5;8
50;2025-11-15;6;10
50;2025-11-15;7;16
50;2025-11-15;8;31
50;2025-11-15;9;62
50;2025-11-15;10;23
50;2025-11-15;11;39
50;2025-11-15;12;70
50;2025-11-15;13;46
50;2025-11-15;14;57
50;2025-11-15;15;83
50;2025-11-15;16;53
50;2025-11-15;17;52
50;2025-11-15;18;13
50;2025-11-15;19;12
50;2025-11-15;20;8
50;2025-11-15;21;9
50;2025-11-15;22;9
50;2025-11-15;23;2
50;2025-11-16;0;2
50;2025-11-16;1;0
50;2025-11-16;2;0
50;2025-11-16;3;0
50;2025-11-16;4;0
50;2025-11-16;5;1
50;2025-11-16;6;3
50;2025-11-16;7;5
50;2025-11-16;8;11
50;2025-11-16;9;8
50;2025-11-16;10;22
50;2025-11-16;11;74
50;2025-11-16;12;57
50;2025-11-16;13;69
50;2025-11-16;14;117
50;2025-11-16;15;95
50;2025-11-16;16;112
50;2025-11-16;17;100
50;2025-11-16;18;59
50;2025-11-16;19;65
50;2025-11-16;20;47
50;2025-11-16;21;30
50;2025-11-16;22;35
50;2025-11-16;23;10
50;2025-11-17;0;8
50;2025-11-17;1;3
50;2025-11-17;2;2
50;2025-11-17;3;0
50;2025-11-17;4;4
50;2025-11-17;5;67
50;2025-11-17;6;519
50;2025-11-17;7;1696
50;2025-11-17;8;2816
50;2025-11-17;9;2269
50;2025-11-17;10;1634
50;2025-11-17;11;1441
50;2025-11-17;12;1314
50;2025-11-17;13;1472
50;2025-11-17;14;1389
50;2025-11-17;15;1651
50;2025-11-17;16;1608
50;2025-11-17;17;2284
50;2025-11-17;18;2502
50;2025-11-17;19;1278
50;2025-11-17;20;867
50;2025-11-17;21;629
50;2025-11-17;22;223
50;2025-11-17;23;120
50;2025-11-18;0;30
50;2025-11-18;1;2
50;2025-11-18;2;0
50;2025-11-18;3;0
50;2025-11-18;4;3
50;2025-11-18;5;75
50;2025-11-18;6;527
50;2025-11-18;7;1679
50;2025-11-18;8;2800
50;2025-11-18;9;2164
50;2025-11-18;10;1725
50;2025-11-18;11;1521
50;2025-11-18;12;1463
50;2025-11-18;13;1523
50;2025-11-18;14;1428
50;2025-11-18;15;1670
50;2025-11-18;16;1668
50;2025-11-18;17;2427
50;2025-11-18;18;2435
50;2025-11-18;19;1458
50;2025-11-18;20;943
50;2025-11-18;21;643
50;2025-11-18;22;244
50;2025-11-18;23;149
50;2025-11-19;0;30
50;2025-11-19;1;2
50;2025-11-19;2;0
50;2025-11-19;3;0
50;2025-11-19;4;3
50;2025-11-19;5;75
50;2025-11-19;6;527
50;2025-11-19;7;1679
50;2025-11-19;8;2800
50;2025-11-19;9;2164
50;2025-11-19;10;1725
50;2025-11-19;11;1521
50;2025-11-19;12;1463
50;2025-11-19;13;1523
50;2025-11-19;14;1428
50;2025-11-19;15;1670
50;2025-11-19;16;1668
50;2025-11-19;17;2427
50;2025-11-19;18;2435
50;2025-11-19;19;1458
50;2025-11-19;20;943
50;2025-11-19;21;643
50;2025-11-19;22;244
50;2025-11-19;23;149
50;2025-11-20;0;30
50;2025-11-20;1;2
50;2025-11-20;2;0
50;2025-11-20;3;0
50;2025-11-20;4;3
50;2025-11-20;5;75
50;2025-11-20;6;527
50;2025-11-20;7;1679
50;2025-11-20;8;2800
50;2025-11-20;9;2164
50;2025-11-20;10;1725
50;2025-11-20;11;1521
50;2025-11-20;12;1463
50;2025-11-20;13;1523
50;2025-11-20;14;1428
50;2025-11-20;15;1670
50;2025-11-20;16;1668
50;2025-11-20;17;2427
50;2025-11-20;18;2435
50;2025-11-20;19;1458
50;2025-11-20;20;943
50;2025-11-20;21;643
50;2025-11-20;22;244
50;2025-11-20;23;149
50;2025-11-21;0;36
50;2025-11-21;1;1
50;2025-11-21;2;0
50;2025-11-21;3;0
50;2025-11-21;4;4
50;2025-11-21;5;69
50;2025-11-21;6;511
50;2025-11-21;7;1761
50;2025-11-21;8;2785
50;2025-11-21;9;2169
50;2025-11-21;10;1509
50;2025-11-21;11;1517
50;2025-11-21;12;1410
50;2025-11-21;13;1527
50;2025-11-21;14;1456
50;2025-11-21;15;1737
50;2025-11-21;16;2276
50;2025-11-21;17;2157
50;2025-11-21;18;1604
50;2025-11-21;19;1191
50;2025-11-21;20;861
50;2025-11-21;21;546
50;2025-11-21;22;271
50;2025-11-21;23;163
50;2025-11-22;0;51
50;2025-11-22;1;6
50;2025-11-22;2;0
50;2025-11-22;3;2
50;2025-11-22;4;0
50;2025-11-22;5;9
50;2025-11-22;6;11
50;2025-11-22;7;17
50;2025-11-22;8;33
50;2025-11-22;9;65
50;2025-11-22;10;24
50;2025-11-22;11;41
50;2025-11-22;12;74
50;2025-11-22;13;49
50;2025-11-22;14;60
50;2025-11-22;15;88
50;2025-11-22;16;56
50;2025-11-22;17;55
50;2025-11-22;18;14
50;2025-11-22;19;12
50;2025-11-22;20;9
50;2025-11-22;21;9
50;2025-11-22;22;9
50;2025-11-22;23;3
50;2025-11-23;0;2
50;2025-11-23;1;0
50;2025-11-23;2;0
50;2025-11-23;3;0
50;2025-11-23;4;0
50;2025-11-23;5;1
50;2025-11-23;6;3
50;2025-11-23;7;5
50;2025-11-23;8;11
50;2025-11-23;9;8
50;2025-11-23;10;22
50;2025-11-23;11;74
50;2025-11-23;12;57
50;2025-11-23;13;69
50;2025-11-23;14;117
50;2025-11-23;15;95
50;2025-11-23;16;112
50;2025-11-23;17;100
50;2025-11-23;18;59
50;2025-11-23;19;65
50;2025-11-23;20;47
50;2025-11-23;21;30
50;2025-11-23;22;35
50;2025-11-23;23;10
50;2025-11-24;0;8
50;2025-11-24;1;3
50;2025-11-24;2;2
50;2025-11-24;3;0
50;2025-11-24;4;4
50;2025-11-24;5;67
50;2025-11-24;6;519
50;2025-11-24;7;1696
50;2025-11-24;8;2816
50;2025-11-24;9;2269
50;2025-11-24;10;1634
50;2025-11-24;11;1441
50;2025-11-24;12;1314
50;2025-11-24;13;1472
50;2025-11-24;14;1389
50;2025-11-24;15;1651
50;2025-11-24;16;1608
50;2025-11-24;17;2284
50;2025-11-24;18;2502
50;2025-11-24;19;1278
50;2025-11-24;20;867
50;2025-11-24;21;629
50;2025-11-24;22;223
50;2025-11-24;23;120
50;2025-11-25;0;30
50;2025-11-25;1;2
50;2025-11-25;2;0
50;2025-11-25;3;0
50;2025-11-25;4;3
50;2025-11-25;5;75
50;2025-11-25;6;527
50;2025-11-25;7;1679
50;2025-11-25;8;2800
50;2025-11-25;9;2164
50;2025-11-25;10;1725
50;2025-11-25;11;1521
50;2025-11-25;12;1463
50;2025-11-25;13;1523
50;2025-11-25;14;1428
50;2025-11-25;15;1670
50;2025-11-25;16;1668
50;2025-11-25;17;2427
50;2025-11-25;18;2435
50;2025-11-25;19;1458
50;2025-11-25;20;943
50;2025-11-25;21;643
50;2025-11-25;22;244
50;2025-11-25;23;149
50;2025-11-26;0;30
50;2025-11-26;1;2
50;2025-11-26;2;0
50;2025-11-26;3;0
50;2025-11-26;4;3
50;2025-11-26;5;75
50;2025-11-26;6;527
50;2025-11-26;7;1679
50;2025-11-26;8;2800
50;2025-11-26;9;2164
50;2025-11-26;10;1725
50;2025-11-26;11;1521
50;2025-11-26;12;1463
50;2025-11-26;13;1523
50;2025-11-26;14;1428
50;2025-11-26;15;1670
50;2025-11-26;16;1668
50;2025-11-26;17;2427
50;2025-11-26;18;2435
50;2025-11-26;19;1458
50;2025-11-26;20;943
50;2025-11-26;21;643
50;2025-11-26;22;244
50;2025-11-26;23;149
50;2025-11-27;0;30
50;2025-11-27;1;2
50;2025-11-27;2;0
50;2025-11-27;3;0
50;2025-11-27;4;3
50;2025-11-27;5;75
50;2025-11-27;6;527
50;2025-11-27;7;1679
50;2025-11-27;8;2800
50;2025-11-27;9;2164
50;2025-11-27;10;1725
50;2025-11-27;11;1521
50;2025-11-27;12;1463
50;2025-11-27;13;1523
50;2025-11-27;14;1428
50;2025-11-27;15;1670
50;2025-11-27;16;1668
50;2025-11-27;17;2427
50;2025-11-27;18;2435
50;2025-11-27;19;1458
50;2025-11-27;20;943
50;2025-11-27;21;643
50;2025-11-27;22;244
50;2025-11-27;23;149
50;2025-11-28;0;36
50;2025-11-28;1;1
50;2025-11-28;2;0
50;2025-11-28;3;0
50;2025-11-28;4;4
50;2025-11-28;5;69
50;2025-11-28;6;511
50;2025-11-28;7;1761
50;2025-11-28;8;2785
50;2025-11-28;9;2169
50;2025-11-28;10;1509
50;2025-11-28;11;1517
50;2025-11-28;12;1410
50;2025-11-28;13;1527
50;2025-11-28;14;1456
50;2025-11-28;15;1737
50;2025-11-28;16;2276
50;2025-11-28;17;2157
50;2025-11-28;18;1604
50;2025-11-28;19;1191
50;2025-11-28;20;861
50;2025-11-28;21;546
50;2025-11-28;22;271
50;2025-11-28;23;163
50;2025-11-29;0;51
50;2025-11-29;1;6
50;2025-11-29;2;0
50;2025-11-29;3;2
50;2025-11-29;4;0
50;2025-11-29;5;9
50;2025-11-29;6;11
50;2025-11-29;7;17
50;2025-11-29;8;33
50;2025-11-29;9;65
50;2025-11-29;10;24
50;2025-11-29;11;41
50;2025-11-29;12;74
50;2025-11-29;13;49
50;2025-11-29;14;60
50;2025-11-29;15;88
50;2025-11-29;16;56
50;2025-11-29;17;55
50;2025-11-29;18;14
50;2025-11-29;19;12
50;2025-11-29;20;9
50;2025-11-29;21;9
50;2025-11-29;22;9
50;2025-11-29;23;3
50;2025-11-30;0;2
50;2025-11-30;1;0
50;2025-11-30;2;0
50;2025-11-30;3;0
50;2025-11-30;4;0
50;2025-11-30;5;1
50;2025-11-30;6;3
50;2025-11-30;7;5
50;2025-11-30;8;11
50;2025-11-30;9;8
50;2025-11-30;10;22
50;2025-11-30;11;74
50;2025-11-30;12;57
50;2025-11-30;13;69
50;2025-11-30;14;117
50;2025-11-30;15;95
50;2025-11-30;16;112
50;2025-11-30;17;100
50;2025-11-30;18;59
50;2025-11-30;19;65
50;2025-11-30;20;47
50;2025-11-30;21;30
50;2025-11-30;22;35
50;2025-11-30;23;10
50;2025-12-01;0;8
50;2025-12-01;1;3
50;2025-12-01;2;2
50;2025-12-01;3;0
50;2025-12-01;4;4
50;2025-12-01;5;67
50;2025-12-01;6;519
50;2025-12-01;7;1696
50;2025-12-01;8;2816
50;2025-12-01;9;2269
50;2025-12-01;10;1634
50;2025-12-01;11;1441
50;2025-12-01;12;1314
50;2025-12-01;13;1472
50;2025-12-01;14;1389
50;2025-12-01;15;1651
50;2025-12-01;16;1608
50;2025-12-01;17;2284
50;2025-12-01;18;2502
50;2025-12-01;19;1278
50;2025-12-01;20;867
50;2025-12-01;21;629
50;2025-12-01;22;223
50;2025-12-01;23;120
50;2025-12-02;0;30
50;2025-12-02;1;2
50;2025-12-02;2;0
50;2025-12-02;3;0
50;2025-12-02;4;3
50;2025-12-02;5;75
50;2025-12-02;6;527
50;2025-12-02;7;1679
50;2025-12-02;8;2800
50;2025-12-02;9;2164
50;2025-12-02;10;1725
50;2025-12-02;11;1521
50;2025-12-02;12;1463
50;2025-12-02;13;1523
50;2025-12-02;14;1428
50;2025-12-02;15;1670
50;2025-12-02;16;1668
50;2025-12-02;17;2427
50;2025-12-02;18;2435
50;2025-12-02;19;1458
50;2025-12-02;20;943
50;2025-12-02;21;643
50;2025-12-02;22;244
50;2025-12-02;23;149
50;2025-12-03;0;30
50;2025-12-03;1;2
50;2025-12-03;2;0
50;2025-12-03;3;0
50;2025-12-03;4;3
50;2025-12-03;5;75
50;2025-12-03;6;527
50;2025-12-03;7;1679
50;2025-12-03;8;2800
50;2025-12-03;9;2164
50;2025-12-03;10;1725
50;2025-12-03;11;1521
50;2025-12-03;12;1463
50;2025-12-03;13;1523
50;2025-12-03;14;1428
50;2025-12-03;15;1670
50;2025-12-03;16;1668
50;2025-12-03;17;2427
50;2025-12-03;18;2435
50;2025-12-03;19;1458
50;2025-12-03;20;943
50;2025-12-03;21;643
50;2025-12-03;22;244
50;2025-12-03;23;149
50;2025-12-04;0;30
50;2025-12-04;1;2
50;2025-12-04;2;0
50;2025-12-04;3;0
50;2025-12-04;4;3
50;2025-12-04;5;75
50;2025-12-04;6;527
50;2025-12-04;7;1679
50;2025-12-04;8;2800
50;2025-12-04;9;2164
50;2025-12-04;10;1725
50;2025-12-04;11;1521
50;2025-12-04;12;1463
50;2025-12-04;13;1523
50;2025-12-04;14;1428
50;2025-12-04;15;1670
50;2025-12-04;16;1668
50;2025-12-04;17;2427
50;2025-12-04;18;2435
50;2025-12-04;19;1458
50;2025-12-04;20;943
50;2025-12-04;21;643
50;2025-12-04;22;244
50;2025-12-04;23;149
50;2025-12-05;0;36
50;2025-12-05;1;1
50;2025-12-05;2;0
50;2025-12-05;3;0
50;2025-12-05;4;4
50;2025-12-05;5;69
50;2025-12-05;6;511
50;2025-12-05;7;1761
50;2025-12-05;8;2785
50;2025-12-05;9;2169
50;2025-12-05;10;1509
50;2025-12-05;11;1517
50;2025-12-05;12;1410
50;2025-12-05;13;1527
50;2025-12-05;14;1456
50;2025-12-05;15;1737
50;2025-12-05;16;2276
50;2025-12-05;17;2157
50;2025-12-05;18;1604
50;2025-12-05;19;1191
50;2025-12-05;20;861
50;2025-12-05;21;546
50;2025-12-05;22;271
50;2025-12-05;23;163
50;2025-12-06;0;51
50;2025-12-06;1;6
50;2025-12-06;2;0
50;2025-12-06;3;2
50;2025-12-06;4;0
50;2025-12-06;5;9
50;2025-12-06;6;11
50;2025-12-06;7;17
50;2025-12-06;8;33
50;2025-12-06;9;65
50;2025-12-06;10;24
50;2025-12-06;11;41
50;2025-12-06;12;74
50;2025-12-06;13;49
50;2025-12-06;14;60
50;2025-12-06;15;88
50;2025-12-06;16;56
50;2025-12-06;17;55
50;2025-12-06;18;14
50;2025-12-06;19;12
50;2025-12-06;20;9
50;2025-12-06;21;9
50;2025-12-06;22;9
50;2025-12-06;23;3
50;2025-12-07;0;2
50;2025-12-07;1;0
50;2025-12-07;2;0
50;2025-12-07;3;0
50;2025-12-07;4;0
50;2025-12-07;5;1
50;2025-12-07;6;3
50;2025-12-07;7;5
50;2025-12-07;8;11
50;2025-12-07;9;8
50;2025-12-07;10;22
50;2025-12-07;11;74
50;2025-12-07;12;57
50;2025-12-07;13;69
50;2025-12-07;14;117
50;2025-12-07;15;95
50;2025-12-07;16;112
50;2025-12-07;17;100
50;2025-12-07;18;59
50;2025-12-07;19;65
50;2025-12-07;20;47
50;2025-12-07;21;30
50;2025-12-07;22;35
50;2025-12-07;23;10
50;2025-12-08;0;8
50;2025-12-08;1;3
50;2025-12-08;2;2
50;2025-12-08;3;0
50;2025-12-08;4;4
50;2025-12-08;5;67
50;2025-12-08;6;519
50;2025-12-08;7;1696
50;2025-12-08;8;2816
50;2025-12-08;9;2269
50;2025-12-08;10;1634
50;2025-12-08;11;1441
50;2025-12-08;12;1314
50;2025-12-08;13;1472
50;2025-12-08;14;1389
50;2025-12-08;15;1651
50;2025-12-08;16;1608
50;2025-12-08;17;2284
50;2025-12-08;18;2502
50;2025-12-08;19;1278
50;2025-12-08;20;867
50;2025-12-08;21;629
50;2025-12-08;22;223
50;2025-12-08;23;120
50;2025-12-09;0;30
50;2025-12-09;1;2
50;2025-12-09;2;0
50;2025-12-09;3;0
50;2025-12-09;4;3
50;2025-12-09;5;75
50;2025-12-09;6;527
50;2025-12-09;7;1679
50;2025-12-09;8;2800
50;2025-12-09;9;2164
50;2025-12-09;10;1725
50;2025-12-09;11;1521
50;2025-12-09;12;1463
50;2025-12-09;13;1523
50;2025-12-09;14;1428
50;2025-12-09;15;1670
50;2025-12-09;16;1668
50;2025-12-09;17;2427
50;2025-12-09;18;2435
50;2025-12-09;19;1458
50;2025-12-09;20;943
50;2025-12-09;21;643
50;2025-12-09;22;244
50;2025-12-09;23;149
50;2025-12-10;0;30
50;2025-12-10;1;2
50;2025-12-10;2;0
50;2025-12-10;3;0
50;2025-12-10;4;3
50;2025-12-10;5;75
50;2025-12-10;6;527
50;2025-12-10;7;1679
50;2025-12-10;8;2800
50;2025-12-10;9;2164
50;2025-12-10;10;1725
50;2025-12-10;11;1521
50;2025-12-10;12;1463
50;2025-12-10;13;1523
50;2025-12-10;14;1428
50;2025-12-10;15;1670
50;2025-12-10;16;1668
50;2025-12-10;17;2427
50;2025-12-10;18;2435
50;2025-12-10;19;1458
50;2025-12-10;20;943
50;2025-12-10;21;643
50;2025-12-10;22;244
50;2025-12-10;23;149
50;2025-12-11;0;30
50;2025-12-11;1;2
50;2025-12-11;2;0
50;2025-12-11;3;0
50;2025-12-11;4;3
50;2025-12-11;5;75
50;2025-12-11;6;527
50;2025-12-11;7;1679
50;2025-12-11;8;2800
50;2025-12-11;9;2164
50;2025-12-11;10;1725
50;2025-12-11;11;1521
50;2025-12-11;12;1463
50;2025-12-11;13;1523
50;2025-12-11;14;1428
50;2025-12-11;15;1670
50;2025-12-11;16;1668
50;2025-12-11;17;2427
50;2025-12-11;18;2435
50;2025-12-11;19;1458
50;2025-12-11;20;943
50;2025-12-11;21;643
50;2025-12-11;22;244
50;2025-12-11;23;149
50;2025-12-12;0;36
50;2025-12-12;1;1
50;2025-12-12;2;0
50;2025-12-12;3;0
50;2025-12-12;4;4
50;2025-12-12;5;69
50;2025-12-12;6;511
50;2025-12-12;7;1761
50;2025-12-12;8;2785
50;2025-12-12;9;2169
50;2025-12-12;10;1509
50;2025-12-12;11;1517
50;2025-12-12;12;1410
50;2025-12-12;13;1527
50;2025-12-12;14;1456
50;2025-12-12;15;1737
50;2025-12-12;16;2276
50;2025-12-12;17;2157
50;2025-12-12;18;1604
50;2025-12-12;19;1191
50;2025-12-12;20;861
50;2025-12-12;21;546
50;2025-12-12;22;271
50;2025-12-12;23;163
50;2025-12-13;0;51
50;2025-12-13;1;6
50;2025-12-13;2;0
50;2025-12-13;3;2
50;2025-12-13;4;0
50;2025-12-13;5;9
50;2025-12-13;6;11
50;2025-12-13;7;17
50;2025-12-13;8;33
50;2025-12-13;9;65
50;2025-12-13;10;24
50;2025-12-13;11;41
50;2025-12-13;12;74
50;2025-12-13;13;49
50;2025-12-13;14;60
50;2025-12-13;15;88
50;2025-12-13;16;56
50;2025-12-13;17;55
50;2025-12-13;18;14
50;2025-12-13;19;12
50;2025-12-13;20;9
50;2025-12-13;21;9
50;2025-12-13;22;9
50;2025-12-13;23;3
50;2025-12-14;0;2
50;2025-12-14;1;0
50;2025-12-14;2;0
50;2025-12-14;3;0
50;2025-12-14;4;0
50;2025-12-14;5;1
50;2025-12-14;6;3
50;2025-12-14;7;5
50;2025-12-14;8;11
50;2025-12-14;9;8
50;2025-12-14;10;22
50;2025-12-14;11;74
50;2025-12-14;12;57
50;2025-12-14;13;69
50;2025-12-14;14;117
50;2025-12-14;15;95
50;2025-12-14;16;112
50;2025-12-14;17;100
50;2025-12-14;18;59
50;2025-12-14;19;65
50;2025-12-14;20;47
50;2025-12-14;21;30
50;2025-12-14;22;35
50;2025-12-14;23;10
50;2025-12-15;0;8
50;2025-12-15;1;3
50;2025-12-15;2;2
50;2025-12-15;3;0
50;2025-12-15;4;4
50;2025-12-15;5;67
50;2025-12-15;6;519
50;2025-12-15;7;1696
50;2025-12-15;8;2816
50;2025-12-15;9;2269
50;2025-12-15;10;1634
50;2025-12-15;11;1441
50;2025-12-15;12;1314
50;2025-12-15;13;1472
50;2025-12-15;14;1389
50;2025-12-15;15;1651
50;2025-12-15;16;1608
50;2025-12-15;17;2284
50;2025-12-15;18;2502
50;2025-12-15;19;1278
50;2025-12-15;20;867
50;2025-12-15;21;629
50;2025-12-15;22;223
50;2025-12-15;23;120
50;2025-12-16;0;30
50;2025-12-16;1;2
50;2025-12-16;2;0
50;2025-12-16;3;0
50;2025-12-16;4;3
50;2025-12-16;5;75
50;2025-12-16;6;527
50;2025-12-16;7;1679
50;2025-12-16;8;2800
50;2025-12-16;9;2164
50;2025-12-16;10;1725
50;2025-12-16;11;1521
50;2025-12-16;12;1463
50;2025-12-16;13;1523
50;2025-12-16;14;1428
50;2025-12-16;15;1670
50;2025-12-16;16;1668
50;2025-12-16;17;2427
50;2025-12-16;18;2435
50;2025-12-16;19;1458
50;2025-12-16;20;943
50;2025-12-16;21;643
50;2025-12-16;22;244
50;2025-12-16;23;149
50;2025-12-17;0;30
50;2025-12-17;1;2
50;2025-12-17;2;0
50;2025-12-17;3;0
50;2025-12-17;4;3
50;2025-12-17;5;75
50;2025-12-17;6;527
50;2025-12-17;7;1679
50;2025-12-17;8;2800
50;2025-12-17;9;2164
50;2025-12-17;10;1725
50;2025-12-17;11;1521
50;2025-12-17;12;1463
50;2025-12-17;13;1523
50;2025-12-17;14;1428
50;2025-12-17;15;1670
50;2025-12-17;16;1668
50;2025-12-17;17;2427
50;2025-12-17;18;2435
50;2025-12-17;19;1458
50;2025-12-17;20;943
50;2025-12-17;21;643
50;2025-12-17;22;244
50;2025-12-17;23;149
50;2025-12-18;0;30
50;2025-12-18;1;2
50;2025-12-18;2;0
50;2025-12-18;3;0
50;2025-12-18;4;3
50;2025-12-18;5;75
50;2025-12-18;6;527
50;2025-12-18;7;1679
50;2025-12-18;8;2800
50;2025-12-18;9;2164
50;2025-12-18;10;1725
50;2025-12-18;11;1521
50;2025-12-18;12;1463
50;2025-12-18;13;1523
50;2025-12-18;14;1428
50;2025-12-18;15;1670
50;2025-12-18;16;1668
50;2025-12-18;17;2427
50;2025-12-18;18;2435
50;2025-12-18;19;1458
50;2025-12-18;20;943
50;2025-12-18;21;643
50;2025-12-18;22;244
50;2025-12-18;23;149
50;2025-12-19;0;36
50;2025-12-19;1;1
50;2025-12-19;2;0
50;2025-12-19;3;0
50;2025-12-19;4;4
50;2025-12-19;5;69
50;2025-12-19;6;511
50;2025-12-19;7;1761
50;2025-12-19;8;2785
50;2025-12-19;9;2169
50;2025-12-19;10;1509
50;2025-12-19;11;1517
50;2025-12-19;12;1410
50;2025-12-19;13;1527
50;2025-12-19;14;1456
50;2025-12-19;15;1737
50;2025-12-19;16;2276
50;2025-12-19;17;2157
50;2025-12-19;18;1604
50;2025-12-19;19;1191
50;2025-12-19;20;861
50;2025-12-19;21;546
50;2025-12-19;22;271
50;2025-12-19;23;163
50;2025-12-20;0;51
50;2025-12-20;1;6
50;2025-12-20;2;0
50;2025-12-20;3;2
50;2025-12-20;4;0
50;2025-12-20;5;9
50;2025-12-20;6;11
50;2025-12-20;7;17
50;2025-12-20;8;33
50;2025-12-20;9;65
50;2025-12-20;10;24
50;2025-12-20;11;41
50;2025-12-20;12;74
50;2025-12-20;13;49
50;2025-12-20;14;60
50;2025-12-20;15;88
50;2025-12-20;16;56
50;2025-12-20;17;55
50;2025-12-20;18;14
50;2025-12-20;19;12
50;2025-12-20;20;9
50;2025-12-20;21;9
50;2025-12-20;22;9
50;2025-12-20;23;3
50;2025-12-21;0;2
50;2025-12-21;1;0
50;2025-12-21;2;0
50;2025-12-21;3;0
50;2025-12-21;4;0
50;2025-12-21;5;1
50;2025-12-21;6;3
50;2025-12-21;7;5
50;2025-12-21;8;11
50;2025-12-21;9;8
50;2025-12-21;10;22
50;2025-12-21;11;74
50;2025-12-21;12;57
50;2025-12-21;13;69
50;2025-12-21;14;117
50;2025-12-21;15;95
50;2025-12-21;16;112
50;2025-12-21;17;100
50;2025-12-21;18;59
50;2025-12-21;19;65
50;2025-12-21;20;47
50;2025-12-21;21;30
50;2025-12-21;22;35
50;2025-12-21;23;10
50;2025-12-22;0;8
50;2025-12-22;1;3
50;2025-12-22;2;2
50;2025-12-22;3;0
50;2025-12-22;4;4
50;2025-12-22;5;67
50;2025-12-22;6;519
50;2025-12-22;7;1696
50;2025-12-22;8;2816
50;2025-12-22;9;2269
50;2025-12-22;10;1634
50;2025-12-22;11;1441
50;2025-12-22;12;1314
50;2025-12-22;13;1472
50;2025-12-22;14;1389
50;2025-12-22;15;1651
50;2025-12-22;16;1608
50;2025-12-22;17;2284
50;2025-12-22;18;2502
50;2025-12-22;19;1278
50;2025-12-22;20;867
50;2025-12-22;21;629
50;2025-12-22;22;223
50;2025-12-22;23;120
50;2025-12-23;0;30
50;2025-12-23;1;2
50;2025-12-23;2;0
50;2025-12-23;3;0
50;2025-12-23;4;3
50;2025-12-23;5;75
50;2025-12-23;6;527
50;2025-12-23;7;1679
50;2025-12-23;8;2800
50;2025-12-23;9;2164
50;2025-12-23;10;1725
50;2025-12-23;11;1521
50;2025-12-23;12;1463
50;2025-12-23;13;1523
50;2025-12-23;14;1428
50;2025-12-23;15;1670
50;2025-12-23;16;1668
50;2025-12-23;17;2427
50;2025-12-23;18;2435
50;2025-12-23;19;1458
50;2025-12-23;20;943
50;2025-12-23;21;643
50;2025-12-23;22;244
50;2025-12-23;23;149
50;2025-12-24;0;30
50;2025-12-24;1;2
50;2025-12-24;2;0
50;2025-12-24;3;0
50;2025-12-24;4;3
50;2025-12-24;5;75
50;2025-12-24;6;527
50;2025-12-24;7;1679
50;2025-12-24;8;2800
50;2025-12-24;9;2164
50;2025-12-24;10;1725
50;2025-12-24;11;1521
50;2025-12-24;12;1463
50;2025-12-24;13;1523
50;2025-12-24;14;1428
50;2025-12-24;15;1670
50;2025-12-24;16;1668
50;2025-12-24;17;2427
50;2025-12-24;18;2435
50;2025-12-24;19;1458
50;2025-12-24;20;943
50;2025-12-24;21;643
50;2025-12-24;22;244
50;2025-12-24;23;149
50;2025-12-25;0;30
50;2025-12-25;1;2
50;2025-12-25;2;0
50;2025-12-25;3;0
50;2025-12-25;4;3
50;2025-12-25;5;75
50;2025-12-25;6;527
50;2025-12-25;7;1679
50;2025-12-25;8;2800
50;2025-12-25;9;2164
50;2025-12-25;10;1725
50;2025-12-25;11;1521
50;2025-12-25;12;1463
50;2025-12-25;13;1523
50;2025-12-25;14;1428
50;2025-12-25;15;1670
50;2025-12-25;16;1668
50;2025-12-25;17;2427
50;2025-12-25;18;2435
50;2025-12-25;19;1458
50;2025-12-25;20;943
50;2025-12-25;21;643
50;2025-12-25;22;244
50;2025-12-25;23;149
50;2025-12-26;0;36
50;2025-12-26;1;1
50;2025-12-26;2;0
50;2025-12-26;3;0
50;2025-12-26;4;4
50;2025-12-26;5;69
50;2025-12-26;6;511
50;2025-12-26;7;1761
50;2025-12-26;8;2785
50;2025-12-26;9;2169
50;2025-12-26;10;1509
50;2025-12-26;11;1517
50;2025-12-26;12;1410
50;2025-12-26;13;1527
50;2025-12-26;14;1456
50;2025-12-26;15;1737
50;2025-12-26;16;2276
50;2025-12-26;17;2157
50;2025-12-26;18;1604
50;2025-12-26;19;1191
50;2025-12-26;20;861
50;2025-12-26;21;546
50;2025-12-26;22;271
50;2025-12-26;23;163
50;2025-12-27;0;51
50;2025-12-27;1;6
50;2025-12-27;2;0
50;2025-12-27;3;2
50;2025-12-27;4;0
50;2025-12-27;5;9
50;2025-12-27;6;11
50;2025-12-27;7;17
50;2025-12-27;8;33
50;2025-12-27;9;65
50;2025-12-27;10;24
50;2025-12-27;11;41
50;2025-12-27;12;74
50;2025-12-27;13;49
50;2025-12-27;14;60
50;2025-12-27;15;88
50;2025-12-27;16;56
50;2025-12-27;17;55
50;2025-12-27;18;14
50;2025-12-27;19;12
50;2025-12-27;20;9
50;2025-12-27;21;9
50;2025-12-27;22;9
50;2025-12-27;23;3
50;2025-12-28;0;2
50;2025-12-28;1;0
50;2025-12-28;2;0
50;2025-12-28;3;0
50;2025-12-28;4;0
50;2025-12-28;5;1
50;2025-12-28;6;3
50;2025-12-28;7;5
50;2025-12-28;8;11
50;2025-12-28;9;8
50;2025-12-28;10;22
50;2025-12-28;11;74
50;2025-12-28;12;57
50;2025-12-28;13;69
50;2025-12-28;14;117
50;2025-12-28;15;95
50;2025-12-28;16;112
50;2025-12-28;17;100
50;2025-12-28;18;59
50;2025-12-28;19;65
50;2025-12-28;20;47
50;2025-12-28;21;30
50;2025-12-28;22;35
50;2025-12-28;23;10
50;2025-12-29;0;31
50;2025-12-29;1;1
50;2025-12-29;2;0
50;2025-12-29;3;0
50;2025-12-29;4;3
50;2025-12-29;5;60
50;2025-12-29;6;440
50;2025-12-29;7;1514
50;2025-12-29;8;2395
50;2025-12-29;9;1866
50;2025-12-29;10;1298
50;2025-12-29;11;1304
50;2025-12-29;12;1213
50;2025-12-29;13;1313
50;2025-12-29;14;1252
50;2025-12-29;15;1494
50;2025-12-29;16;1958
50;2025-12-29;17;1855
50;2025-12-29;18;1380
50;2025-12-29;19;1024
50;2025-12-29;20;740
50;2025-12-29;21;469
50;2025-12-29;22;233
50;2025-12-29;23;140
50;2025-12-30;0;31
50;2025-12-30;1;1
50;2025-12-30;2;0
50;2025-12-30;3;0
50;2025-12-30;4;3
50;2025-12-30;5;60
50;2025-12-30;6;440
50;2025-12-30;7;1514
50;2025-12-30;8;2395
50;2025-12-30;9;1866
50;2025-12-30;10;1298
50;2025-12-30;11;1304
50;2025-12-30;12;1213
50;2025-12-30;13;1313
50;2025-12-30;14;1252
50;2025-12-30;15;1494
50;2025-12-30;16;1958
50;2025-12-30;17;1855
50;2025-12-30;18;1380
50;2025-12-30;19;1024
50;2025-12-30;20;740
50;2025-12-30;21;469
50;2025-12-30;22;233
50;2025-12-30;23;140
50;2025-12-31;0;44
50;2025-12-31;1;5
50;2025-12-31;2;0
50;2025-12-31;3;2
50;2025-12-31;4;0
50;2025-12-31;5;7
50;2025-12-31;6;9
50;2025-12-31;7;14
50;2025-12-31;8;28
50;2025-12-31;9;56
50;2025-12-31;10;20
50;2025-12-31;11;35
50;2025-12-31;12;63
50;2025-12-31;13;42
50;2025-12-31;14;51
50;2025-12-31;15;75
50;2025-12-31;16;48
50;2025-12-31;17;47
50;2025-12-31;18;12
50;2025-12-31;19;6
50;2025-12-31;20;4
50;2025-12-31;21;4
50;2025-12-31;22;4
50;2025-12-31;23;1
