route;date;hour;prediction
1;2025-11-01;0;3
1;2025-11-01;1;0
1;2025-11-01;2;0
1;2025-11-01;3;0
1;2025-11-01;4;6
1;2025-11-01;5;121
1;2025-11-01;6;426
1;2025-11-01;7;1341
1;2025-11-01;8;1628
1;2025-11-01;9;1267
1;2025-11-01;10;1127
1;2025-11-01;11;1203
1;2025-11-01;12;1199
1;2025-11-01;13;1242
1;2025-11-01;14;1167
1;2025-11-01;15;1316
1;2025-11-01;16;1418
1;2025-11-01;17;1621
1;2025-11-01;18;1310
1;2025-11-01;19;1095
1;2025-11-01;20;702
1;2025-11-01;21;427
1;2025-11-01;22;157
1;2025-11-01;23;35
1;2025-11-02;0;0
1;2025-11-02;1;0
1;2025-11-02;2;0
1;2025-11-02;3;0
1;2025-11-02;4;0
1;2025-11-02;5;21
1;2025-11-02;6;120
1;2025-11-02;7;276
1;2025-11-02;8;372
1;2025-11-02;9;646
1;2025-11-02;10;718
1;2025-11-02;11;759
1;2025-11-02;12;874
1;2025-11-02;13;907
1;2025-11-02;14;845
1;2025-11-02;15;754
1;2025-11-02;16;694
1;2025-11-02;17;609
1;2025-11-02;18;527
1;2025-11-02;19;458
1;2025-11-02;20;351
1;2025-11-02;21;287
1;2025-11-02;22;105
1;2025-11-02;23;27
1;2025-11-03;0;0
1;2025-11-03;1;0
1;2025-11-03;2;0
1;2025-11-03;3;0
1;2025-11-03;4;0
1;2025-11-03;5;21
1;2025-11-03;6;116
1;2025-11-03;7;267
1;2025-11-03;8;360
1;2025-11-03;9;624
1;2025-11-03;10;695
1;2025-11-03;11;734
1;2025-11-03;12;845
1;2025-11-03;13;877
1;2025-11-03;14;817
1;2025-11-03;15;729
1;2025-11-03;16;671
1;2025-11-03;17;589
1;2025-11-03;18;510
1;2025-11-03;19;443
1;2025-11-03;20;339
1;2025-11-03;21;278
1;2025-11-03;22;101
1;2025-11-03;23;26
1;2025-11-04;0;0
1;2025-11-04;1;0
1;2025-11-04;2;0
1;2025-11-04;3;0
1;2025-11-04;4;0
1;2025-11-04;5;21
1;2025-11-04;6;116
1;2025-11-04;7;267
1;2025-11-04;8;360
1;2025-11-04;9;624
1;2025-11-04;10;695
1;2025-11-04;11;734
1;2025-11-04;12;845
1;2025-11-04;13;877
1;2025-11-04;14;817
1;2025-11-04;15;729
1;2025-11-04;16;671
1;2025-11-04;17;589
1;2025-11-04;18;510
1;2025-11-04;19;443
1;2025-11-04;20;339
1;2025-11-04;21;278
1;2025-11-04;22;101
1;2025-11-04;23;26
1;2025-11-05;0;4
1;2025-11-05;1;0
1;2025-11-05;2;0
1;2025-11-05;3;0
1;2025-11-05;4;10
1;2025-11-05;5;118
1;2025-11-05;6;521
1;2025-11-05;7;1593
1;2025-11-05;8;2078
1;2025-11-05;9;1539
1;2025-11-05;10;1423
1;2025-11-05;11;1401
1;2025-11-05;12;1465
1;2025-11-05;13;1505
1;2025-11-05;14;1422
1;2025-11-05;15;1544
1;2025-11-05;16;1558
1;2025-11-05;17;1849
1;2025-11-05;18;1879
1;2025-11-05;19;1403
1;2025-11-05;20;919
1;2025-11-05;21;500
1;2025-11-05;22;182
1;2025-11-05;23;36
1;2025-11-06;0;4
1;2025-11-06;1;0
1;2025-11-06;2;0
1;2025-11-06;3;0
1;2025-11-06;4;10
1;2025-11-06;5;118
1;2025-11-06;6;521
1;2025-11-06;7;1593
1;2025-11-06;8;2078
1;2025-11-06;9;1539
1;2025-11-06;10;1423
1;2025-11-06;11;1401
1;2025-11-06;12;1465
1;2025-11-06;13;1505
1;2025-11-06;14;1422
1;2025-11-06;15;1544
1;2025-11-06;16;1558
1;2025-11-06;17;1849
1;2025-11-06;18;1879
1;2025-11-06;19;1403
1;2025-11-06;20;919
1;2025-11-06;21;500
1;2025-11-06;22;182
1;2025-11-06;23;36
1;2025-11-07;0;4
1;2025-11-07;1;0
1;2025-11-07;2;0
1;2025-11-07;3;0
1;2025-11-07;4;7
1;2025-11-07;5;142
1;2025-11-07;6;501
1;2025-11-07;7;1577
1;2025-11-07;8;1915
1;2025-11-07;9;1490
1;2025-11-07;10;1326
1;2025-11-07;11;1415
1;2025-11-07;12;1411
1;2025-11-07;13;1461
1;2025-11-07;14;1373
1;2025-11-07;15;1549
1;2025-11-07;16;1669
1;2025-11-07;17;1907
1;2025-11-07;18;1541
1;2025-11-07;19;1289
1;2025-11-07;20;826
1;2025-11-07;21;503
1;2025-11-07;22;185
1;2025-11-07;23;42
1;2025-11-08;0;4
1;2025-11-08;1;0
1;2025-11-08;2;0
1;2025-11-08;3;0
1;2025-11-08;4;1
1;2025-11-08;5;32
1;2025-11-08;6;158
1;2025-11-08;7;368
1;2025-11-08;8;509
1;2025-11-08;9;785
1;2025-11-08;10;962
1;2025-11-08;11;944
1;2025-11-08;12;1139
1;2025-11-08;13;1190
1;2025-11-08;14;1105
1;2025-11-08;15;958
1;2025-11-08;16;816
1;2025-11-08;17;765
1;2025-11-08;18;671
1;2025-11-08;19;578
1;2025-11-08;20;444
1;2025-11-08;21;312
1;2025-11-08;22;123
1;2025-11-08;23;26
1;2025-11-09;0;0
1;2025-11-09;1;0
1;2025-11-09;2;0
1;2025-11-09;3;0
1;2025-11-09;4;0
1;2025-11-09;5;21
1;2025-11-09;6;120
1;2025-11-09;7;276
1;2025-11-09;8;372
1;2025-11-09;9;646
1;2025-11-09;10;718
1;2025-11-09;11;759
1;2025-11-09;12;874
1;2025-11-09;13;907
1;2025-11-09;14;845
1;2025-11-09;15;754
1;2025-11-09;16;694
1;2025-11-09;17;609
1;2025-11-09;18;527
1;2025-11-09;19;458
1;2025-11-09;20;351
1;2025-11-09;21;287
1;2025-11-09;22;105
1;2025-11-09;23;27
1;2025-11-10;0;0
1;2025-11-10;1;0
1;2025-11-10;2;0
1;2025-11-10;3;0
1;2025-11-10;4;10
1;2025-11-10;5;139
1;2025-11-10;6;503
1;2025-11-10;7;1497
1;2025-11-10;8;2032
1;2025-11-10;9;1532
1;2025-11-10;10;1297
1;2025-11-10;11;1301
1;2025-11-10;12;1435
1;2025-11-10;13;1523
1;2025-11-10;14;1528
1;2025-11-10;15;1643
1;2025-11-10;16;1692
1;2025-11-10;17;1943
1;2025-11-10;18;2115
1;2025-11-10;19;1495
1;2025-11-10;20;937
1;2025-11-10;21;460
1;2025-11-10;22;184
1;2025-11-10;23;54
1;2025-11-11;0;4
1;2025-11-11;1;0
1;2025-11-11;2;0
1;2025-11-11;3;0
1;2025-11-11;4;10
1;2025-11-11;5;118
1;2025-11-11;6;521
1;2025-11-11;7;1593
1;2025-11-11;8;2078
1;2025-11-11;9;1539
1;2025-11-11;10;1423
1;2025-11-11;11;1401
1;2025-11-11;12;1465
1;2025-11-11;13;1505
1;2025-11-11;14;1422
1;2025-11-11;15;1544
1;2025-11-11;16;1558
1;2025-11-11;17;1849
1;2025-11-11;18;1879
1;2025-11-11;19;1403
1;2025-11-11;20;919
1;2025-11-11;21;500
1;2025-11-11;22;182
1;2025-11-11;23;36
1;2025-11-12;0;4
1;2025-11-12;1;0
1;2025-11-12;2;0
1;2025-11-12;3;0
1;2025-11-12;4;10
1;2025-11-12;5;118
1;2025-11-12;6;521
1;2025-11-12;7;1593
1;2025-11-12;8;2078
1;2025-11-12;9;1539
1;2025-11-12;10;1423
1;2025-11-12;11;1401
1;2025-11-12;12;1465
1;2025-11-12;13;1505
1;2025-11-12;14;1422
1;2025-11-12;15;1544
1;2025-11-12;16;1558
1;2025-11-12;17;1849
1;2025-11-12;18;1879
1;2025-11-12;19;1403
1;2025-11-12;20;919
1;2025-11-12;21;500
1;2025-11-12;22;182
1;2025-11-12;23;36
1;2025-11-13;0;4
1;2025-11-13;1;0
1;2025-11-13;2;0
1;2025-11-13;3;0
1;2025-11-13;4;10
1;2025-11-13;5;118
1;2025-11-13;6;521
1;2025-11-13;7;1593
1;2025-11-13;8;2078
1;2025-11-13;9;1539
1;2025-11-13;10;1423
1;2025-11-13;11;1401
1;2025-11-13;12;1465
1;2025-11-13;13;1505
1;2025-11-13;14;1422
1;2025-11-13;15;1544
1;2025-11-13;16;1558
1;2025-11-13;17;1849
1;2025-11-13;18;1879
1;2025-11-13;19;1403
1;2025-11-13;20;919
1;2025-11-13;21;500
1;2025-11-13;22;182
1;2025-11-13;23;36
1;2025-11-14;0;4
1;2025-11-14;1;0
1;2025-11-14;2;0
1;2025-11-14;3;0
1;2025-11-14;4;7
1;2025-11-14;5;142
1;2025-11-14;6;501
1;2025-11-14;7;1577
1;2025-11-14;8;1915
1;2025-11-14;9;1490
1;2025-11-14;10;1326
1;2025-11-14;11;1415
1;2025-11-14;12;1411
1;2025-11-14;13;1461
1;2025-11-14;14;1373
1;2025-11-14;15;1549
1;2025-11-14;16;1669
1;2025-11-14;17;1907
1;2025-11-14;18;1541
1;2025-11-14;19;1289
1;2025-11-14;20;826
1;2025-11-14;21;503
1;2025-11-14;22;185
1;2025-11-14;23;42
1;2025-11-15;0;4
1;2025-11-15;1;0
1;2025-11-15;2;0
1;2025-11-15;3;0
1;2025-11-15;4;0
1;2025-11-15;5;31
1;2025-11-15;6;150
1;2025-11-15;7;349
1;2025-11-15;8;483
1;2025-11-15;9;744
1;2025-11-15;10;912
1;2025-11-15;11;895
1;2025-11-15;12;1080
1;2025-11-15;13;1129
1;2025-11-15;14;1048
1;2025-11-15;15;909
1;2025-11-15;16;773
1;2025-11-15;17;726
1;2025-11-15;18;636
1;2025-11-15;19;548
1;2025-11-15;20;421
1;2025-11-15;21;295
1;2025-11-15;22;117
1;2025-11-15;23;24
1;2025-11-16;0;0
1;2025-11-16;1;0
1;2025-11-16;2;0
1;2025-11-16;3;0
1;2025-11-16;4;0
1;2025-11-16;5;21
1;2025-11-16;6;120
1;2025-11-16;7;276
1;2025-11-16;8;372
1;2025-11-16;9;646
1;2025-11-16;10;718
1;2025-11-16;11;759
1;2025-11-16;12;874
1;2025-11-16;13;907
1;2025-11-16;14;845
1;2025-11-16;15;754
1;2025-11-16;16;694
1;2025-11-16;17;609
1;2025-11-16;18;527
1;2025-11-16;19;458
1;2025-11-16;20;351
1;2025-11-16;21;287
1;2025-11-16;22;105
1;2025-11-16;23;27
1;2025-11-17;0;0
1;2025-11-17;1;0
1;2025-11-17;2;0
1;2025-11-17;3;0
1;2025-11-17;4;10
1;2025-11-17;5;139
1;2025-11-17;6;503
1;2025-11-17;7;1497
1;2025-11-17;8;2032
1;2025-11-17;9;1532
1;2025-11-17;10;1297
1;2025-11-17;11;1301
1;2025-11-17;12;1435
1;2025-11-17;13;1523
1;2025-11-17;14;1528
1;2025-11-17;15;1643
1;2025-11-17;16;1692
1;2025-11-17;17;1943
1;2025-11-17;18;2115
1;2025-11-17;19;1495
1;2025-11-17;20;937
1;2025-11-17;21;460
1;2025-11-17;22;184
1;2025-11-17;23;54
1;2025-11-18;0;4
1;2025-11-18;1;0
1;2025-11-18;2;0
1;2025-11-18;3;0
1;2025-11-18;4;10
1;2025-11-18;5;118
1;2025-11-18;6;521
1;2025-11-18;7;1593
1;2025-11-18;8;2078
1;2025-11-18;9;1539
1;2025-11-18;10;1423
1;2025-11-18;11;1401
1;2025-11-18;12;1465
1;2025-11-18;13;1505
1;2025-11-18;14;1422
1;2025-11-18;15;1544
1;2025-11-18;16;1558
1;2025-11-18;17;1849
1;2025-11-18;18;1879
1;2025-11-18;19;1403
1;2025-11-18;20;919
1;2025-11-18;21;500
1;2025-11-18;22;182
1;2025-11-18;23;36
1;2025-11-19;0;4
1;2025-11-19;1;0
1;2025-11-19;2;0
1;2025-11-19;3;0
1;2025-11-19;4;10
1;2025-11-19;5;118
1;2025-11-19;6;521
1;2025-11-19;7;1593
1;2025-11-19;8;2078
1;2025-11-19;9;1539
1;2025-11-19;10;1423
1;2025-11-19;11;1401
1;2025-11-19;12;1465
1;2025-11-19;13;1505
1;2025-11-19;14;1422
1;2025-11-19;15;1544
1;2025-11-19;16;1558
1;2025-11-19;17;1849
1;2025-11-19;18;1879
1;2025-11-19;19;1403
1;2025-11-19;20;919
1;2025-11-19;21;500
1;2025-11-19;22;182
1;2025-11-19;23;36
1;2025-11-20;0;4
1;2025-11-20;1;0
1;2025-11-20;2;0
1;2025-11-20;3;0
1;2025-11-20;4;10
1;2025-11-20;5;118
1;2025-11-20;6;521
1;2025-11-20;7;1593
1;2025-11-20;8;2078
1;2025-11-20;9;1539
1;2025-11-20;10;1423
1;2025-11-20;11;1401
1;2025-11-20;12;1465
1;2025-11-20;13;1505
1;2025-11-20;14;1422
1;2025-11-20;15;1544
1;2025-11-20;16;1558
1;2025-11-20;17;1849
1;2025-11-20;18;1879
1;2025-11-20;19;1403
1;2025-11-20;20;919
1;2025-11-20;21;500
1;2025-11-20;22;182
1;2025-11-20;23;36
1;2025-11-21;0;4
1;2025-11-21;1;0
1;2025-11-21;2;0
1;2025-11-21;3;0
1;2025-11-21;4;7
1;2025-11-21;5;142
1;2025-11-21;6;501
1;2025-11-21;7;1577
1;2025-11-21;8;1915
1;2025-11-21;9;1490
1;2025-11-21;10;1326
1;2025-11-21;11;1415
1;2025-11-21;12;1411
1;2025-11-21;13;1461
1;2025-11-21;14;1373
1;2025-11-21;15;1549
1;2025-11-21;16;1669
1;2025-11-21;17;1907
1;2025-11-21;18;1541
1;2025-11-21;19;1289
1;2025-11-21;20;826
1;2025-11-21;21;503
1;2025-11-21;22;185
1;2025-11-21;23;42
1;2025-11-22;0;4
1;2025-11-22;1;0
1;2025-11-22;2;0
1;2025-11-22;3;0
1;2025-11-22;4;1
1;2025-11-22;5;32
1;2025-11-22;6;158
1;2025-11-22;7;368
1;2025-11-22;8;509
1;2025-11-22;9;785
1;2025-11-22;10;962
1;2025-11-22;11;944
1;2025-11-22;12;1139
1;2025-11-22;13;1190
1;2025-11-22;14;1105
1;2025-11-22;15;958
1;2025-11-22;16;816
1;2025-11-22;17;765
1;2025-11-22;18;671
1;2025-11-22;19;578
1;2025-11-22;20;444
1;2025-11-22;21;312
1;2025-11-22;22;123
1;2025-11-22;23;26
1;2025-11-23;0;0
1;2025-11-23;1;0
1;2025-11-23;2;0
1;2025-11-23;3;0
1;2025-11-23;4;0
1;2025-11-23;5;21
1;2025-11-23;6;120
1;2025-11-23;7;276
1;2025-11-23;8;372
1;2025-11-23;9;646
1;2025-11-23;10;718
1;2025-11-23;11;759
1;2025-11-23;12;874
1;2025-11-23;13;907
1;2025-11-23;14;845
1;2025-11-23;15;754
1;2025-11-23;16;694
1;2025-11-23;17;609
1;2025-11-23;18;527
1;2025-11-23;19;458
1;2025-11-23;20;351
1;2025-11-23;21;287
1;2025-11-23;22;105
1;2025-11-23;23;27
1;2025-11-24;0;0
1;2025-11-24;1;0
1;2025-11-24;2;0
1;2025-11-24;3;0
1;2025-11-24;4;10
1;2025-11-24;5;139
1;2025-11-24;6;503
1;2025-11-24;7;1497
1;2025-11-24;8;2032
1;2025-11-24;9;1532
1;2025-11-24;10;1297
1;2025-11-24;11;1301
1;2025-11-24;12;1435
1;2025-11-24;13;1523
1;2025-11-24;14;1528
1;2025-11-24;15;1643
1;2025-11-24;16;1692
1;2025-11-24;17;1943
1;2025-11-24;18;2115
1;2025-11-24;19;1495
1;2025-11-24;20;937
1;2025-11-24;21;460
1;2025-11-24;22;184
1;2025-11-24;23;54
1;2025-11-25;0;4
1;2025-11-25;1;0
1;2025-11-25;2;0
1;2025-11-25;3;0
1;2025-11-25;4;10
1;2025-11-25;5;118
1;2025-11-25;6;521
1;2025-11-25;7;1593
1;2025-11-25;8;2078
1;2025-11-25;9;1539
1;2025-11-25;10;1423
1;2025-11-25;11;1401
1;2025-11-25;12;1465
1;2025-11-25;13;1505
1;2025-11-25;14;1422
1;2025-11-25;15;1544
1;2025-11-25;16;1558
1;2025-11-25;17;1849
1;2025-11-25;18;1879
1;2025-11-25;19;1403
1;2025-11-25;20;919
1;2025-11-25;21;500
1;2025-11-25;22;182
1;2025-11-25;23;36
1;2025-11-26;0;4
1;2025-11-26;1;0
1;2025-11-26;2;0
1;2025-11-26;3;0
1;2025-11-26;4;10
1;2025-11-26;5;118
1;2025-11-26;6;521
1;2025-11-26;7;1593
1;2025-11-26;8;2078
1;2025-11-26;9;1539
1;2025-11-26;10;1423
1;2025-11-26;11;1401
1;2025-11-26;12;1465
1;2025-11-26;13;1505
1;2025-11-26;14;1422
1;2025-11-26;15;1544
1;2025-11-26;16;1558
1;2025-11-26;17;1849
1;2025-11-26;18;1879
1;2025-11-26;19;1403
1;2025-11-26;20;919
1;2025-11-26;21;500
1;2025-11-26;22;182
1;2025-11-26;23;36
1;2025-11-27;0;4
1;2025-11-27;1;0
1;2025-11-27;2;0
1;2025-11-27;3;0
1;2025-11-27;4;10
1;2025-11-27;5;118
1;2025-11-27;6;521
1;2025-11-27;7;1593
1;2025-11-27;8;2078
1;2025-11-27;9;1539
1;2025-11-27;10;1423
1;2025-11-27;11;1401
1;2025-11-27;12;1465
1;2025-11-27;13;1505
1;2025-11-27;14;1422
1;2025-11-27;15;1544
1;2025-11-27;16;1558
1;2025-11-27;17;1849
1;2025-11-27;18;1879
1;2025-11-27;19;1403
1;2025-11-27;20;919
1;2025-11-27;21;500
1;2025-11-27;22;182
1;2025-11-27;23;36
1;2025-11-28;0;4
1;2025-11-28;1;0
1;2025-11-28;2;0
1;2025-11-28;3;0
1;2025-11-28;4;7
1;2025-11-28;5;142
1;2025-11-28;6;501
1;2025-11-28;7;1577
1;2025-11-28;8;1915
1;2025-11-28;9;1490
1;2025-11-28;10;1326
1;2025-11-28;11;1415
1;2025-11-28;12;1411
1;2025-11-28;13;1461
1;2025-11-28;14;1373
1;2025-11-28;15;1549
1;2025-11-28;16;1669
1;2025-11-28;17;1907
1;2025-11-28;18;1541
1;2025-11-28;19;1289
1;2025-11-28;20;826
1;2025-11-28;21;503
1;2025-11-28;22;185
1;2025-11-28;23;42
1;2025-11-29;0;4
1;2025-11-29;1;0
1;2025-11-29;2;0
1;2025-11-29;3;0
1;2025-11-29;4;1
1;2025-11-29;5;32
1;2025-11-29;6;158
1;2025-11-29;7;368
1;2025-11-29;8;509
1;2025-11-29;9;785
1;2025-11-29;10;962
1;2025-11-29;11;944
1;2025-11-29;12;1139
1;2025-11-29;13;1190
1;2025-11-29;14;1105
1;2025-11-29;15;958
1;2025-11-29;16;816
1;2025-11-29;17;765
1;2025-11-29;18;671
1;2025-11-29;19;578
1;2025-11-29;20;444
1;2025-11-29;21;312
1;2025-11-29;22;123
1;2025-11-29;23;26
1;2025-11-30;0;0
1;2025-11-30;1;0
1;2025-11-30;2;0
1;2025-11-30;3;0
1;2025-11-30;4;0
1;2025-11-30;5;21
1;2025-11-30;6;120
1;2025-11-30;7;276
1;2025-11-30;8;372
1;2025-11-30;9;646
1;2025-11-30;10;718
1;2025-11-30;11;759
1;2025-11-30;12;874
1;2025-11-30;13;907
1;2025-11-30;14;845
1;2025-11-30;15;754
1;2025-11-30;16;694
1;2025-11-30;17;609
1;2025-11-30;18;527
1;2025-11-30;19;458
1;2025-11-30;20;351
1;2025-11-30;21;287
1;2025-11-30;22;105
1;2025-11-30;23;27
1;2025-12-01;0;0
1;2025-12-01;1;0
1;2025-12-01;2;0
1;2025-12-01;3;0
1;2025-12-01;4;10
1;2025-12-01;5;139
1;2025-12-01;6;503
1;2025-12-01;7;1497
1;2025-12-01;8;2032
1;2025-12-01;9;1532
1;2025-12-01;10;1297
1;2025-12-01;11;1301
1;2025-12-01;12;1435
1;2025-12-01;13;1523
1;2025-12-01;14;1528
1;2025-12-01;15;1643
1;2025-12-01;16;1692
1;2025-12-01;17;1943
1;2025-12-01;18;2115
1;2025-12-01;19;1495
1;2025-12-01;20;937
1;2025-12-01;21;460
1;2025-12-01;22;184
1;2025-12-01;23;54
1;2025-12-02;0;4
1;2025-12-02;1;0
1;2025-12-02;2;0
1;2025-12-02;3;0
1;2025-12-02;4;10
1;2025-12-02;5;118
1;2025-12-02;6;521
1;2025-12-02;7;1593
1;2025-12-02;8;2078
1;2025-12-02;9;1539
1;2025-12-02;10;1423
1;2025-12-02;11;1401
1;2025-12-02;12;1465
1;2025-12-02;13;1505
1;2025-12-02;14;1422
1;2025-12-02;15;1544
1;2025-12-02;16;1558
1;2025-12-02;17;1849
1;2025-12-02;18;1879
1;2025-12-02;19;1403
1;2025-12-02;20;919
1;2025-12-02;21;500
1;2025-12-02;22;182
1;2025-12-02;23;36
1;2025-12-03;0;4
1;2025-12-03;1;0
1;2025-12-03;2;0
1;2025-12-03;3;0
1;2025-12-03;4;10
1;2025-12-03;5;118
1;2025-12-03;6;521
1;2025-12-03;7;1593
1;2025-12-03;8;2078
1;2025-12-03;9;1539
1;2025-12-03;10;1423
1;2025-12-03;11;1401
1;2025-12-03;12;1465
1;2025-12-03;13;1505
1;2025-12-03;14;1422
1;2025-12-03;15;1544
1;2025-12-03;16;1558
1;2025-12-03;17;1849
1;2025-12-03;18;1879
1;2025-12-03;19;1403
1;2025-12-03;20;919
1;2025-12-03;21;500
1;2025-12-03;22;182
1;2025-12-03;23;36
1;2025-12-04;0;4
1;2025-12-04;1;0
1;2025-12-04;2;0
1;2025-12-04;3;0
1;2025-12-04;4;10
1;2025-12-04;5;118
1;2025-12-04;6;521
1;2025-12-04;7;1593
1;2025-12-04;8;2078
1;2025-12-04;9;1539
1;2025-12-04;10;1423
1;2025-12-04;11;1401
1;2025-12-04;12;1465
1;2025-12-04;13;1505
1;2025-12-04;14;1422
1;2025-12-04;15;1544
1;2025-12-04;16;1558
1;2025-12-04;17;1849
1;2025-12-04;18;1879
1;2025-12-04;19;1403
1;2025-12-04;20;919
1;2025-12-04;21;500
1;2025-12-04;22;182
1;2025-12-04;23;36
1;2025-12-05;0;4
1;2025-12-05;1;0
1;2025-12-05;2;0
1;2025-12-05;3;0
1;2025-12-05;4;7
1;2025-12-05;5;142
1;2025-12-05;6;501
1;2025-12-05;7;1577
1;2025-12-05;8;1915
1;2025-12-05;9;1490
1;2025-12-05;10;1326
1;2025-12-05;11;1415
1;2025-12-05;12;1411
1;2025-12-05;13;1461
1;2025-12-05;14;1373
1;2025-12-05;15;1549
1;2025-12-05;16;1669
1;2025-12-05;17;1907
1;2025-12-05;18;1541
1;2025-12-05;19;1289
1;2025-12-05;20;826
1;2025-12-05;21;503
1;2025-12-05;22;185
1;2025-12-05;23;42
1;2025-12-06;0;4
1;2025-12-06;1;0
1;2025-12-06;2;0
1;2025-12-06;3;0
1;2025-12-06;4;1
1;2025-12-06;5;32
1;2025-12-06;6;158
1;2025-12-06;7;368
1;2025-12-06;8;509
1;2025-12-06;9;785
1;2025-12-06;10;962
1;2025-12-06;11;944
1;2025-12-06;12;1139
1;2025-12-06;13;1190
1;2025-12-06;14;1105
1;2025-12-06;15;958
1;2025-12-06;16;816
1;2025-12-06;17;765
1;2025-12-06;18;671
1;2025-12-06;19;578
1;2025-12-06;20;444
1;2025-12-06;21;312
1;2025-12-06;22;123
1;2025-12-06;23;26
1;2025-12-07;0;0
1;2025-12-07;1;0
1;2025-12-07;2;0
1;2025-12-07;3;0
1;2025-12-07;4;0
1;2025-12-07;5;21
1;2025-12-07;6;120
1;2025-12-07;7;276
1;2025-12-07;8;372
1;2025-12-07;9;646
1;2025-12-07;10;718
1;2025-12-07;11;759
1;2025-12-07;12;874
1;2025-12-07;13;907
1;2025-12-07;14;845
1;2025-12-07;15;754
1;2025-12-07;16;694
1;2025-12-07;17;609
1;2025-12-07;18;527
1;2025-12-07;19;458
1;2025-12-07;20;351
1;2025-12-07;21;287
1;2025-12-07;22;105
1;2025-12-07;23;27
1;2025-12-08;0;0
1;2025-12-08;1;0
1;2025-12-08;2;0
1;2025-12-08;3;0
1;2025-12-08;4;10
1;2025-12-08;5;139
1;2025-12-08;6;503
1;2025-12-08;7;1497
1;2025-12-08;8;2032
1;2025-12-08;9;1532
1;2025-12-08;10;1297
1;2025-12-08;11;1301
1;2025-12-08;12;1435
1;2025-12-08;13;1523
1;2025-12-08;14;1528
1;2025-12-08;15;1643
1;2025-12-08;16;1692
1;2025-12-08;17;1943
1;2025-12-08;18;2115
1;2025-12-08;19;1495
1;2025-12-08;20;937
1;2025-12-08;21;460
1;2025-12-08;22;184
1;2025-12-08;23;54
1;2025-12-09;0;4
1;2025-12-09;1;0
1;2025-12-09;2;0
1;2025-12-09;3;0
1;2025-12-09;4;10
1;2025-12-09;5;118
1;2025-12-09;6;521
1;2025-12-09;7;1593
1;2025-12-09;8;2078
1;2025-12-09;9;1539
1;2025-12-09;10;1423
1;2025-12-09;11;1401
1;2025-12-09;12;1465
1;2025-12-09;13;1505
1;2025-12-09;14;1422
1;2025-12-09;15;1544
1;2025-12-09;16;1558
1;2025-12-09;17;1849
1;2025-12-09;18;1879
1;2025-12-09;19;1403
1;2025-12-09;20;919
1;2025-12-09;21;500
1;2025-12-09;22;182
1;2025-12-09;23;36
1;2025-12-10;0;4
1;2025-12-10;1;0
1;2025-12-10;2;0
1;2025-12-10;3;0
1;2025-12-10;4;10
1;2025-12-10;5;118
1;2025-12-10;6;521
1;2025-12-10;7;1593
1;2025-12-10;8;2078
1;2025-12-10;9;1539
1;2025-12-10;10;1423
1;2025-12-10;11;1401
1;2025-12-10;12;1465
1;2025-12-10;13;1505
1;2025-12-10;14;1422
1;2025-12-10;15;1544
1;2025-12-10;16;1558
1;2025-12-10;17;1849
1;2025-12-10;18;1879
1;2025-12-10;19;1403
1;2025-12-10;20;919
1;2025-12-10;21;500
1;2025-12-10;22;182
1;2025-12-10;23;36
1;2025-12-11;0;4
1;2025-12-11;1;0
1;2025-12-11;2;0
1;2025-12-11;3;0
1;2025-12-11;4;10
1;2025-12-11;5;118
1;2025-12-11;6;521
1;2025-12-11;7;1593
1;2025-12-11;8;2078
1;2025-12-11;9;1539
1;2025-12-11;10;1423
1;2025-12-11;11;1401
1;2025-12-11;12;1465
1;2025-12-11;13;1505
1;2025-12-11;14;1422
1;2025-12-11;15;1544
1;2025-12-11;16;1558
1;2025-12-11;17;1849
1;2025-12-11;18;1879
1;2025-12-11;19;1403
1;2025-12-11;20;919
1;2025-12-11;21;500
1;2025-12-11;22;182
1;2025-12-11;23;36
1;2025-12-12;0;4
1;2025-12-12;1;0
1;2025-12-12;2;0
1;2025-12-12;3;0
1;2025-12-12;4;7
1;2025-12-12;5;142
1;2025-12-12;6;501
1;2025-12-12;7;1577
1;2025-12-12;8;1915
1;2025-12-12;9;1490
1;2025-12-12;10;1326
1;2025-12-12;11;1415
1;2025-12-12;12;1411
1;2025-12-12;13;1461
1;2025-12-12;14;1373
1;2025-12-12;15;1549
1;2025-12-12;16;1669
1;2025-12-12;17;1907
1;2025-12-12;18;1541
1;2025-12-12;19;1289
1;2025-12-12;20;826
1;2025-12-12;21;503
1;2025-12-12;22;185
1;2025-12-12;23;42
1;2025-12-13;0;4
1;2025-12-13;1;0
1;2025-12-13;2;0
1;2025-12-13;3;0
1;2025-12-13;4;1
1;2025-12-13;5;32
1;2025-12-13;6;158
1;2025-12-13;7;368
1;2025-12-13;8;509
1;2025-12-13;9;785
1;2025-12-13;10;962
1;2025-12-13;11;944
1;2025-12-13;12;1139
1;2025-12-13;13;1190
1;2025-12-13;14;1105
1;2025-12-13;15;958
1;2025-12-13;16;816
1;2025-12-13;17;765
1;2025-12-13;18;671
1;2025-12-13;19;578
1;2025-12-13;20;444
1;2025-12-13;21;312
1;2025-12-13;22;123
1;2025-12-13;23;26
1;2025-12-14;0;0
1;2025-12-14;1;0
1;2025-12-14;2;0
1;2025-12-14;3;0
1;2025-12-14;4;0
1;2025-12-14;5;21
1;2025-12-14;6;120
1;2025-12-14;7;276
1;2025-12-14;8;372
1;2025-12-14;9;646
1;2025-12-14;10;718
1;2025-12-14;11;759
1;2025-12-14;12;874
1;2025-12-14;13;907
1;2025-12-14;14;845
1;2025-12-14;15;754
1;2025-12-14;16;694
1;2025-12-14;17;609
1;2025-12-14;18;527
1;2025-12-14;19;458
1;2025-12-14;20;351
1;2025-12-14;21;287
1;2025-12-14;22;105
1;2025-12-14;23;27
1;2025-12-15;0;0
1;2025-12-15;1;0
1;2025-12-15;2;0
1;2025-12-15;3;0
1;2025-12-15;4;10
1;2025-12-15;5;139
1;2025-12-15;6;503
1;2025-12-15;7;1497
1;2025-12-15;8;2032
1;2025-12-15;9;1532
1;2025-12-15;10;1297
1;2025-12-15;11;1301
1;2025-12-15;12;1435
1;2025-12-15;13;1523
1;2025-12-15;14;1528
1;2025-12-15;15;1643
1;2025-12-15;16;1692
1;2025-12-15;17;1943
1;2025-12-15;18;2115
1;2025-12-15;19;1495
1;2025-12-15;20;937
1;2025-12-15;21;460
1;2025-12-15;22;184
1;2025-12-15;23;54
1;2025-12-16;0;4
1;2025-12-16;1;0
1;2025-12-16;2;0
1;2025-12-16;3;0
1;2025-12-16;4;10
1;2025-12-16;5;118
1;2025-12-16;6;521
1;2025-12-16;7;1593
1;2025-12-16;8;2078
1;2025-12-16;9;1539
1;2025-12-16;10;1423
1;2025-12-16;11;1401
1;2025-12-16;12;1465
1;2025-12-16;13;1505
1;2025-12-16;14;1422
1;2025-12-16;15;1544
1;2025-12-16;16;1558
1;2025-12-16;17;1849
1;2025-12-16;18;1879
1;2025-12-16;19;1403
1;2025-12-16;20;919
1;2025-12-16;21;500
1;2025-12-16;22;182
1;2025-12-16;23;36
1;2025-12-17;0;4
1;2025-12-17;1;0
1;2025-12-17;2;0
1;2025-12-17;3;0
1;2025-12-17;4;10
1;2025-12-17;5;118
1;2025-12-17;6;521
1;2025-12-17;7;1593
1;2025-12-17;8;2078
1;2025-12-17;9;1539
1;2025-12-17;10;1423
1;2025-12-17;11;1401
1;2025-12-17;12;1465
1;2025-12-17;13;1505
1;2025-12-17;14;1422
1;2025-12-17;15;1544
1;2025-12-17;16;1558
1;2025-12-17;17;1849
1;2025-12-17;18;1879
1;2025-12-17;19;1403
1;2025-12-17;20;919
1;2025-12-17;21;500
1;2025-12-17;22;182
1;2025-12-17;23;36
1;2025-12-18;0;4
1;2025-12-18;1;0
1;2025-12-18;2;0
1;2025-12-18;3;0
1;2025-12-18;4;10
1;2025-12-18;5;118
1;2025-12-18;6;521
1;2025-12-18;7;1593
1;2025-12-18;8;2078
1;2025-12-18;9;1539
1;2025-12-18;10;1423
1;2025-12-18;11;1401
1;2025-12-18;12;1465
1;2025-12-18;13;1505
1;2025-12-18;14;1422
1;2025-12-18;15;1544
1;2025-12-18;16;1558
1;2025-12-18;17;1849
1;2025-12-18;18;1879
1;2025-12-18;19;1403
1;2025-12-18;20;919
1;2025-12-18;21;500
1;2025-12-18;22;182
1;2025-12-18;23;36
1;2025-12-19;0;4
1;2025-12-19;1;0
1;2025-12-19;2;0
1;2025-12-19;3;0
1;2025-12-19;4;7
1;2025-12-19;5;142
1;2025-12-19;6;501
1;2025-12-19;7;1577
1;2025-12-19;8;1915
1;2025-12-19;9;1490
1;2025-12-19;10;1326
1;2025-12-19;11;1415
1;2025-12-19;12;1411
1;2025-12-19;13;1461
1;2025-12-19;14;1373
1;2025-12-19;15;1549
1;2025-12-19;16;1669
1;2025-12-19;17;1907
1;2025-12-19;18;1541
1;2025-12-19;19;1289
1;2025-12-19;20;826
1;2025-12-19;21;503
1;2025-12-19;22;185
1;2025-12-19;23;42
1;2025-12-20;0;4
1;2025-12-20;1;0
1;2025-12-20;2;0
1;2025-12-20;3;0
1;2025-12-20;4;1
1;2025-12-20;5;32
1;2025-12-20;6;158
1;2025-12-20;7;368
1;2025-12-20;8;509
1;2025-12-20;9;785
1;2025-12-20;10;962
1;2025-12-20;11;944
1;2025-12-20;12;1139
1;2025-12-20;13;1190
1;2025-12-20;14;1105
1;2025-12-20;15;958
1;2025-12-20;16;816
1;2025-12-20;17;765
1;2025-12-20;18;671
1;2025-12-20;19;578
1;2025-12-20;20;444
1;2025-12-20;21;312
1;2025-12-20;22;123
1;2025-12-20;23;26
1;2025-12-21;0;0
1;2025-12-21;1;0
1;2025-12-21;2;0
1;2025-12-21;3;0
1;2025-12-21;4;0
1;2025-12-21;5;21
1;2025-12-21;6;120
1;2025-12-21;7;276
1;2025-12-21;8;372
1;2025-12-21;9;646
1;2025-12-21;10;718
1;2025-12-21;11;759
1;2025-12-21;12;874
1;2025-12-21;13;907
1;2025-12-21;14;845
1;2025-12-21;15;754
1;2025-12-21;16;694
1;2025-12-21;17;609
1;2025-12-21;18;527
1;2025-12-21;19;458
1;2025-12-21;20;351
1;2025-12-21;21;287
1;2025-12-21;22;105
1;2025-12-21;23;27
1;2025-12-22;0;0
1;2025-12-22;1;0
1;2025-12-22;2;0
1;2025-12-22;3;0
1;2025-12-22;4;10
1;2025-12-22;5;139
1;2025-12-22;6;503
1;2025-12-22;7;1497
1;2025-12-22;8;2032
1;2025-12-22;9;1532
1;2025-12-22;10;1297
1;2025-12-22;11;1301
1;2025-12-22;12;1435
1;2025-12-22;13;1523
1;2025-12-22;14;1528
1;2025-12-22;15;1643
1;2025-12-22;16;1692
1;2025-12-22;17;1943
1;2025-12-22;18;2115
1;2025-12-22;19;1495
1;2025-12-22;20;937
1;2025-12-22;21;460
1;2025-12-22;22;184
1;2025-12-22;23;54
1;2025-12-23;0;4
1;2025-12-23;1;0
1;2025-12-23;2;0
1;2025-12-23;3;0
1;2025-12-23;4;10
1;2025-12-23;5;118
1;2025-12-23;6;521
1;2025-12-23;7;1593
1;2025-12-23;8;2078
1;2025-12-23;9;1539
1;2025-12-23;10;1423
1;2025-12-23;11;1401
1;2025-12-23;12;1465
1;2025-12-23;13;1505
1;2025-12-23;14;1422
1;2025-12-23;15;1544
1;2025-12-23;16;1558
1;2025-12-23;17;1849
1;2025-12-23;18;1879
1;2025-12-23;19;1403
1;2025-12-23;20;919
1;2025-12-23;21;500
1;2025-12-23;22;182
1;2025-12-23;23;36
1;2025-12-24;0;4
1;2025-12-24;1;0
1;2025-12-24;2;0
1;2025-12-24;3;0
1;2025-12-24;4;10
1;2025-12-24;5;118
1;2025-12-24;6;521
1;2025-12-24;7;1593
1;2025-12-24;8;2078
1;2025-12-24;9;1539
1;2025-12-24;10;1423
1;2025-12-24;11;1401
1;2025-12-24;12;1465
1;2025-12-24;13;1505
1;2025-12-24;14;1422
1;2025-12-24;15;1544
1;2025-12-24;16;1558
1;2025-12-24;17;1849
1;2025-12-24;18;1879
1;2025-12-24;19;1403
1;2025-12-24;20;919
1;2025-12-24;21;500
1;2025-12-24;22;182
1;2025-12-24;23;36
1;2025-12-25;0;4
1;2025-12-25;1;0
1;2025-12-25;2;0
1;2025-12-25;3;0
1;2025-12-25;4;10
1;2025-12-25;5;118
1;2025-12-25;6;521
1;2025-12-25;7;1593
1;2025-12-25;8;2078
1;2025-12-25;9;1539
1;2025-12-25;10;1423
1;2025-12-25;11;1401
1;2025-12-25;12;1465
1;2025-12-25;13;1505
1;2025-12-25;14;1422
1;2025-12-25;15;1544
1;2025-12-25;16;1558
1;2025-12-25;17;1849
1;2025-12-25;18;1879
1;2025-12-25;19;1403
1;2025-12-25;20;919
1;2025-12-25;21;500
1;2025-12-25;22;182
1;2025-12-25;23;36
1;2025-12-26;0;4
1;2025-12-26;1;0
1;2025-12-26;2;0
1;2025-12-26;3;0
1;2025-12-26;4;7
1;2025-12-26;5;142
1;2025-12-26;6;501
1;2025-12-26;7;1577
1;2025-12-26;8;1915
1;2025-12-26;9;1490
1;2025-12-26;10;1326
1;2025-12-26;11;1415
1;2025-12-26;12;1411
1;2025-12-26;13;1461
1;2025-12-26;14;1373
1;2025-12-26;15;1549
1;2025-12-26;16;1669
1;2025-12-26;17;1907
1;2025-12-26;18;1541
1;2025-12-26;19;1289
1;2025-12-26;20;826
1;2025-12-26;21;503
1;2025-12-26;22;185
1;2025-12-26;23;42
1;2025-12-27;0;4
1;2025-12-27;1;0
1;2025-12-27;2;0
1;2025-12-27;3;0
1;2025-12-27;4;1
1;2025-12-27;5;32
1;2025-12-27;6;158
1;2025-12-27;7;368
1;2025-12-27;8;509
1;2025-12-27;9;785
1;2025-12-27;10;962
1;2025-12-27;11;944
1;2025-12-27;12;1139
1;2025-12-27;13;1190
1;2025-12-27;14;1105
1;2025-12-27;15;958
1;2025-12-27;16;816
1;2025-12-27;17;765
1;2025-12-27;18;671
1;2025-12-27;19;578
1;2025-12-27;20;444
1;2025-12-27;21;312
1;2025-12-27;22;123
1;2025-12-27;23;26
1;2025-12-28;0;0
1;2025-12-28;1;0
1;2025-12-28;2;0
1;2025-12-28;3;0
1;2025-12-28;4;0
1;2025-12-28;5;21
1;2025-12-28;6;120
1;2025-12-28;7;276
1;2025-12-28;8;372
1;2025-12-28;9;646
1;2025-12-28;10;718
1;2025-12-28;11;759
1;2025-12-28;12;874
1;2025-12-28;13;907
1;2025-12-28;14;845
1;2025-12-28;15;754
1;2025-12-28;16;694
1;2025-12-28;17;609
1;2025-12-28;18;527
1;2025-12-28;19;458
1;2025-12-28;20;351
1;2025-12-28;21;287
1;2025-12-28;22;105
1;2025-12-28;23;27
1;2025-12-29;0;3
1;2025-12-29;1;0
1;2025-12-29;2;0
1;2025-12-29;3;0
1;2025-12-29;4;6
1;2025-12-29;5;122
1;2025-12-29;6;431
1;2025-12-29;7;1356
1;2025-12-29;8;1647
1;2025-12-29;9;1282
1;2025-12-29;10;1141
1;2025-12-29;11;1217
1;2025-12-29;12;1213
1;2025-12-29;13;1256
1;2025-12-29;14;1180
1;2025-12-29;15;1332
1;2025-12-29;16;1435
1;2025-12-29;17;1640
1;2025-12-29;18;1325
1;2025-12-29;19;1108
1;2025-12-29;20;711
1;2025-12-29;21;432
1;2025-12-29;22;159
1;2025-12-29;23;36
1;2025-12-30;0;3
1;2025-12-30;1;0
1;2025-12-30;2;0
1;2025-12-30;3;0
1;2025-12-30;4;6
1;2025-12-30;5;122
1;2025-12-30;6;431
1;2025-12-30;7;1356
1;2025-12-30;8;1647
1;2025-12-30;9;1282
1;2025-12-30;10;1141
1;2025-12-30;11;1217
1;2025-12-30;12;1213
1;2025-12-30;13;1256
1;2025-12-30;14;1180
1;2025-12-30;15;1332
1;2025-12-30;16;1435
1;2025-12-30;17;1640
1;2025-12-30;18;1325
1;2025-12-30;19;1108
1;2025-12-30;20;711
1;2025-12-30;21;432
1;2025-12-30;22;159
1;2025-12-30;23;36
1;2025-12-31;0;4
1;2025-12-31;1;0
1;2025-12-31;2;0
1;2025-12-31;3;0
1;2025-12-31;4;0
1;2025-12-31;5;27
1;2025-12-31;6;135
1;2025-12-31;7;313
1;2025-12-31;8;433
1;2025-12-31;9;667
1;2025-12-31;10;818
1;2025-12-31;11;802
1;2025-12-31;12;968
1;2025-12-31;13;1012
1;2025-12-31;14;939
1;2025-12-31;15;815
1;2025-12-31;16;693
1;2025-12-31;17;650
1;2025-12-31;18;570
1;2025-12-31;19;270
1;2025-12-31;20;207
1;2025-12-31;21;146
1;2025-12-31;22;58
1;2025-12-31;23;12
5;2025-11-01;0;0
5;2025-11-01;1;0
5;2025-11-01;2;0
5;2025-11-01;3;0
5;2025-11-01;4;0
5;2025-11-01;5;0
5;2025-11-01;6;0
5;2025-11-01;7;0
5;2025-11-01;8;0
5;2025-11-01;9;0
5;2025-11-01;10;0
5;2025-11-01;11;0
5;2025-11-01;12;0
5;2025-11-01;13;0
5;2025-11-01;14;0
5;2025-11-01;15;0
5;2025-11-01;16;0
5;2025-11-01;17;0
5;2025-11-01;18;0
5;2025-11-01;19;0
5;2025-11-01;20;0
5;2025-11-01;21;0
5;2025-11-01;22;0
5;2025-11-01;23;0
5;2025-11-02;0;0
5;2025-11-02;1;0
5;2025-11-02;2;0
5;2025-11-02;3;0
5;2025-11-02;4;0
5;2025-11-02;5;0
5;2025-11-02;6;0
5;2025-11-02;7;0
5;2025-11-02;8;0
5;2025-11-02;9;0
5;2025-11-02;10;0
5;2025-11-02;11;0
5;2025-11-02;12;0
5;2025-11-02;13;0
5;2025-11-02;14;0
5;2025-11-02;15;0
5;2025-11-02;16;0
5;2025-11-02;17;0
5;2025-11-02;18;0
5;2025-11-02;19;0
5;2025-11-02;20;0
5;2025-11-02;21;0
5;2025-11-02;22;0
5;2025-11-02;23;0
5;2025-11-03;0;0
5;2025-11-03;1;0
5;2025-11-03;2;0
5;2025-11-03;3;0
5;2025-11-03;4;0
5;2025-11-03;5;0
5;2025-11-03;6;0
5;2025-11-03;7;0
5;2025-11-03;8;0
5;2025-11-03;9;0
5;2025-11-03;10;0
5;2025-11-03;11;0
5;2025-11-03;12;0
5;2025-11-03;13;0
5;2025-11-03;14;0
5;2025-11-03;15;0
5;2025-11-03;16;0
5;2025-11-03;17;0
5;2025-11-03;18;0
5;2025-11-03;19;0
5;2025-11-03;20;0
5;2025-11-03;21;0
5;2025-11-03;22;0
5;2025-11-03;23;0
5;2025-11-04;0;0
5;2025-11-04;1;0
5;2025-11-04;2;0
5;2025-11-04;3;0
5;2025-11-04;4;0
5;2025-11-04;5;0
5;2025-11-04;6;0
5;2025-11-04;7;0
5;2025-11-04;8;0
5;2025-11-04;9;0
5;2025-11-04;10;0
5;2025-11-04;11;0
5;2025-11-04;12;0
5;2025-11-04;13;0
5;2025-11-04;14;0
5;2025-11-04;15;0
5;2025-11-04;16;0
5;2025-11-04;17;0
5;2025-11-04;18;0
5;2025-11-04;19;0
5;2025-11-04;20;0
5;2025-11-04;21;0
5;2025-11-04;22;0
5;2025-11-04;23;0
5;2025-11-05;0;0
5;2025-11-05;1;0
5;2025-11-05;2;0
5;2025-11-05;3;0
5;2025-11-05;4;0
5;2025-11-05;5;0
5;2025-11-05;6;0
5;2025-11-05;7;0
5;2025-11-05;8;0
5;2025-11-05;9;0
5;2025-11-05;10;0
5;2025-11-05;11;0
5;2025-11-05;12;0
5;2025-11-05;13;0
5;2025-11-05;14;0
5;2025-11-05;15;0
5;2025-11-05;16;0
5;2025-11-05;17;0
5;2025-11-05;18;0
5;2025-11-05;19;0
5;2025-11-05;20;0
5;2025-11-05;21;0
5;2025-11-05;22;0
5;2025-11-05;23;0
5;2025-11-06;0;0
5;2025-11-06;1;0
5;2025-11-06;2;0
5;2025-11-06;3;0
5;2025-11-06;4;0
5;2025-11-06;5;0
5;2025-11-06;6;0
5;2025-11-06;7;0
5;2025-11-06;8;0
5;2025-11-06;9;0
5;2025-11-06;10;0
5;2025-11-06;11;0
5;2025-11-06;12;0
5;2025-11-06;13;0
5;2025-11-06;14;0
5;2025-11-06;15;0
5;2025-11-06;16;0
5;2025-11-06;17;0
5;2025-11-06;18;0
5;2025-11-06;19;0
5;2025-11-06;20;0
5;2025-11-06;21;0
5;2025-11-06;22;0
5;2025-11-06;23;0
5;2025-11-07;0;0
5;2025-11-07;1;0
5;2025-11-07;2;0
5;2025-11-07;3;0
5;2025-11-07;4;0
5;2025-11-07;5;0
5;2025-11-07;6;0
5;2025-11-07;7;0
5;2025-11-07;8;0
5;2025-11-07;9;0
5;2025-11-07;10;0
5;2025-11-07;11;0
5;2025-11-07;12;0
5;2025-11-07;13;0
5;2025-11-07;14;0
5;2025-11-07;15;0
5;2025-11-07;16;0
5;2025-11-07;17;0
5;2025-11-07;18;0
5;2025-11-07;19;0
5;2025-11-07;20;0
5;2025-11-07;21;0
5;2025-11-07;22;0
5;2025-11-07;23;0
5;2025-11-08;0;0
5;2025-11-08;1;0
5;2025-11-08;2;0
5;2025-11-08;3;0
5;2025-11-08;4;0
5;2025-11-08;5;0
5;2025-11-08;6;0
5;2025-11-08;7;0
5;2025-11-08;8;0
5;2025-11-08;9;0
5;2025-11-08;10;0
5;2025-11-08;11;0
5;2025-11-08;12;0
5;2025-11-08;13;0
5;2025-11-08;14;0
5;2025-11-08;15;0
5;2025-11-08;16;0
5;2025-11-08;17;0
5;2025-11-08;18;0
5;2025-11-08;19;0
5;2025-11-08;20;0
5;2025-11-08;21;0
5;2025-11-08;22;0
5;2025-11-08;23;0
5;2025-11-09;0;0
5;2025-11-09;1;0
5;2025-11-09;2;0
5;2025-11-09;3;0
5;2025-11-09;4;0
5;2025-11-09;5;0
5;2025-11-09;6;0
5;2025-11-09;7;0
5;2025-11-09;8;0
5;2025-11-09;9;0
5;2025-11-09;10;0
5;2025-11-09;11;0
5;2025-11-09;12;0
5;2025-11-09;13;0
5;2025-11-09;14;0
5;2025-11-09;15;0
5;2025-11-09;16;0
5;2025-11-09;17;0
5;2025-11-09;18;0
5;2025-11-09;19;0
5;2025-11-09;20;0
5;2025-11-09;21;0
5;2025-11-09;22;0
5;2025-11-09;23;0
5;2025-11-10;0;0
5;2025-11-10;1;0
5;2025-11-10;2;0
5;2025-11-10;3;0
5;2025-11-10;4;0
5;2025-11-10;5;0
5;2025-11-10;6;0
5;2025-11-10;7;0
5;2025-11-10;8;0
5;2025-11-10;9;0
5;2025-11-10;10;0
5;2025-11-10;11;0
5;2025-11-10;12;0
5;2025-11-10;13;0
5;2025-11-10;14;0
5;2025-11-10;15;0
5;2025-11-10;16;0
5;2025-11-10;17;0
5;2025-11-10;18;0
5;2025-11-10;19;0
5;2025-11-10;20;0
5;2025-11-10;21;0
5;2025-11-10;22;0
5;2025-11-10;23;0
5;2025-11-11;0;0
5;2025-11-11;1;0
5;2025-11-11;2;0
5;2025-11-11;3;0
5;2025-11-11;4;0
5;2025-11-11;5;0
5;2025-11-11;6;0
5;2025-11-11;7;0
5;2025-11-11;8;0
5;2025-11-11;9;0
5;2025-11-11;10;0
5;2025-11-11;11;0
5;2025-11-11;12;0
5;2025-11-11;13;0
5;2025-11-11;14;0
5;2025-11-11;15;0
5;2025-11-11;16;0
5;2025-11-11;17;0
5;2025-11-11;18;0
5;2025-11-11;19;0
5;2025-11-11;20;0
5;2025-11-11;21;0
5;2025-11-11;22;0
5;2025-11-11;23;0
5;2025-11-12;0;0
5;2025-11-12;1;0
5;2025-11-12;2;0
5;2025-11-12;3;0
5;2025-11-12;4;0
5;2025-11-12;5;0
5;2025-11-12;6;0
5;2025-11-12;7;0
5;2025-11-12;8;0
5;2025-11-12;9;0
5;2025-11-12;10;0
5;2025-11-12;11;0
5;2025-11-12;12;0
5;2025-11-12;13;0
5;2025-11-12;14;0
5;2025-11-12;15;0
5;2025-11-12;16;0
5;2025-11-12;17;0
5;2025-11-12;18;0
5;2025-11-12;19;0
5;2025-11-12;20;0
5;2025-11-12;21;0
5;2025-11-12;22;0
5;2025-11-12;23;0
5;2025-11-13;0;0
5;2025-11-13;1;0
5;2025-11-13;2;0
5;2025-11-13;3;0
5;2025-11-13;4;0
5;2025-11-13;5;0
5;2025-11-13;6;0
5;2025-11-13;7;0
5;2025-11-13;8;0
5;2025-11-13;9;0
5;2025-11-13;10;0
5;2025-11-13;11;0
5;2025-11-13;12;0
5;2025-11-13;13;0
5;2025-11-13;14;0
5;2025-11-13;15;0
5;2025-11-13;16;0
5;2025-11-13;17;0
5;2025-11-13;18;0
5;2025-11-13;19;0
5;2025-11-13;20;0
5;2025-11-13;21;0
5;2025-11-13;22;0
5;2025-11-13;23;0
5;2025-11-14;0;0
5;2025-11-14;1;0
5;2025-11-14;2;0
5;2025-11-14;3;0
5;2025-11-14;4;0
5;2025-11-14;5;0
5;2025-11-14;6;0
5;2025-11-14;7;0
5;2025-11-14;8;0
5;2025-11-14;9;0
5;2025-11-14;10;0
5;2025-11-14;11;0
5;2025-11-14;12;0
5;2025-11-14;13;0
5;2025-11-14;14;0
5;2025-11-14;15;0
5;2025-11-14;16;0
5;2025-11-14;17;0
5;2025-11-14;18;0
5;2025-11-14;19;0
5;2025-11-14;20;0
5;2025-11-14;21;0
5;2025-11-14;22;0
5;2025-11-14;23;0
5;2025-11-15;0;0
5;2025-11-15;1;0
5;2025-11-15;2;0
5;2025-11-15;3;0
5;2025-11-15;4;0
5;2025-11-15;5;0
5;2025-11-15;6;0
5;2025-11-15;7;0
5;2025-11-15;8;0
5;2025-11-15;9;0
5;2025-11-15;10;0
5;2025-11-15;11;0
5;2025-11-15;12;0
5;2025-11-15;13;0
5;2025-11-15;14;0
5;2025-11-15;15;0
5;2025-11-15;16;0
5;2025-11-15;17;0
5;2025-11-15;18;0
5;2025-11-15;19;0
5;2025-11-15;20;0
5;2025-11-15;21;0
5;2025-11-15;22;0
5;2025-11-15;23;0
5;2025-11-16;0;0
5;2025-11-16;1;0
5;2025-11-16;2;0
5;2025-11-16;3;0
5;2025-11-16;4;0
5;2025-11-16;5;0
5;2025-11-16;6;0
5;2025-11-16;7;0
5;2025-11-16;8;0
5;2025-11-16;9;0
5;2025-11-16;10;0
5;2025-11-16;11;0
5;2025-11-16;12;0
5;2025-11-16;13;0
5;2025-11-16;14;0
5;2025-11-16;15;0
5;2025-11-16;16;0
5;2025-11-16;17;0
5;2025-11-16;18;0
5;2025-11-16;19;0
5;2025-11-16;20;0
5;2025-11-16;21;0
5;2025-11-16;22;0
5;2025-11-16;23;0
5;2025-11-17;0;0
5;2025-11-17;1;0
5;2025-11-17;2;0
5;2025-11-17;3;0
5;2025-11-17;4;0
5;2025-11-17;5;0
5;2025-11-17;6;0
5;2025-11-17;7;0
5;2025-11-17;8;0
5;2025-11-17;9;0
5;2025-11-17;10;0
5;2025-11-17;11;0
5;2025-11-17;12;0
5;2025-11-17;13;0
5;2025-11-17;14;0
5;2025-11-17;15;0
5;2025-11-17;16;0
5;2025-11-17;17;0
5;2025-11-17;18;0
5;2025-11-17;19;0
5;2025-11-17;20;0
5;2025-11-17;21;0
5;2025-11-17;22;0
5;2025-11-17;23;0
5;2025-11-18;0;0
5;2025-11-18;1;0
5;2025-11-18;2;0
5;2025-11-18;3;0
5;2025-11-18;4;0
5;2025-11-18;5;0
5;2025-11-18;6;0
5;2025-11-18;7;0
5;2025-11-18;8;0
5;2025-11-18;9;0
5;2025-11-18;10;0
5;2025-11-18;11;0
5;2025-11-18;12;0
5;2025-11-18;13;0
5;2025-11-18;14;0
5;2025-11-18;15;0
5;2025-11-18;16;0
5;2025-11-18;17;0
5;2025-11-18;18;0
5;2025-11-18;19;0
5;2025-11-18;20;0
5;2025-11-18;21;0
5;2025-11-18;22;0
5;2025-11-18;23;0
5;2025-11-19;0;0
5;2025-11-19;1;0
5;2025-11-19;2;0
5;2025-11-19;3;0
5;2025-11-19;4;0
5;2025-11-19;5;0
5;2025-11-19;6;0
5;2025-11-19;7;0
5;2025-11-19;8;0
5;2025-11-19;9;0
5;2025-11-19;10;0
5;2025-11-19;11;0
5;2025-11-19;12;0
5;2025-11-19;13;0
5;2025-11-19;14;0
5;2025-11-19;15;0
5;2025-11-19;16;0
5;2025-11-19;17;0
5;2025-11-19;18;0
5;2025-11-19;19;0
5;2025-11-19;20;0
5;2025-11-19;21;0
5;2025-11-19;22;0
5;2025-11-19;23;0
5;2025-11-20;0;0
5;2025-11-20;1;0
5;2025-11-20;2;0
5;2025-11-20;3;0
5;2025-11-20;4;0
5;2025-11-20;5;0
5;2025-11-20;6;0
5;2025-11-20;7;0
5;2025-11-20;8;0
5;2025-11-20;9;0
5;2025-11-20;10;0
5;2025-11-20;11;0
5;2025-11-20;12;0
5;2025-11-20;13;0
5;2025-11-20;14;0
5;2025-11-20;15;0
5;2025-11-20;16;0
5;2025-11-20;17;0
5;2025-11-20;18;0
5;2025-11-20;19;0
5;2025-11-20;20;0
5;2025-11-20;21;0
5;2025-11-20;22;0
5;2025-11-20;23;0
5;2025-11-21;0;0
5;2025-11-21;1;0
5;2025-11-21;2;0
5;2025-11-21;3;0
5;2025-11-21;4;0
5;2025-11-21;5;0
5;2025-11-21;6;0
5;2025-11-21;7;0
5;2025-11-21;8;0
5;2025-11-21;9;0
5;2025-11-21;10;0
5;2025-11-21;11;0
5;2025-11-21;12;0
5;2025-11-21;13;0
5;2025-11-21;14;0
5;2025-11-21;15;0
5;2025-11-21;16;0
5;2025-11-21;17;0
5;2025-11-21;18;0
5;2025-11-21;19;0
5;2025-11-21;20;0
5;2025-11-21;21;0
5;2025-11-21;22;0
5;2025-11-21;23;0
5;2025-11-22;0;0
5;2025-11-22;1;0
5;2025-11-22;2;0
5;2025-11-22;3;0
5;2025-11-22;4;0
5;2025-11-22;5;0
5;2025-11-22;6;0
5;2025-11-22;7;0
5;2025-11-22;8;0
5;2025-11-22;9;0
5;2025-11-22;10;0
5;2025-11-22;11;0
5;2025-11-22;12;0
5;2025-11-22;13;0
5;2025-11-22;14;0
5;2025-11-22;15;0
5;2025-11-22;16;0
5;2025-11-22;17;0
5;2025-11-22;18;0
5;2025-11-22;19;0
5;2025-11-22;20;0
5;2025-11-22;21;0
5;2025-11-22;22;0
5;2025-11-22;23;0
5;2025-11-23;0;0
5;2025-11-23;1;0
5;2025-11-23;2;0
5;2025-11-23;3;0
5;2025-11-23;4;0
5;2025-11-23;5;0
5;2025-11-23;6;0
5;2025-11-23;7;0
5;2025-11-23;8;0
5;2025-11-23;9;0
5;2025-11-23;10;0
5;2025-11-23;11;0
5;2025-11-23;12;0
5;2025-11-23;13;0
5;2025-11-23;14;0
5;2025-11-23;15;0
5;2025-11-23;16;0
5;2025-11-23;17;0
5;2025-11-23;18;0
5;2025-11-23;19;0
5;2025-11-23;20;0
5;2025-11-23;21;0
5;2025-11-23;22;0
5;2025-11-23;23;0
5;2025-11-24;0;0
5;2025-11-24;1;0
5;2025-11-24;2;0
5;2025-11-24;3;0
5;2025-11-24;4;0
5;2025-11-24;5;0
5;2025-11-24;6;0
5;2025-11-24;7;0
5;2025-11-24;8;0
5;2025-11-24;9;0
5;2025-11-24;10;0
5;2025-11-24;11;0
5;2025-11-24;12;0
5;2025-11-24;13;0
5;2025-11-24;14;0
5;2025-11-24;15;0
5;2025-11-24;16;0
5;2025-11-24;17;0
5;2025-11-24;18;0
5;2025-11-24;19;0
5;2025-11-24;20;0
5;2025-11-24;21;0
5;2025-11-24;22;0
5;2025-11-24;23;0
5;2025-11-25;0;0
5;2025-11-25;1;0
5;2025-11-25;2;0
5;2025-11-25;3;0
5;2025-11-25;4;0
5;2025-11-25;5;0
5;2025-11-25;6;0
5;2025-11-25;7;0
5;2025-11-25;8;0
5;2025-11-25;9;0
5;2025-11-25;10;0
5;2025-11-25;11;0
5;2025-11-25;12;0
5;2025-11-25;13;0
5;2025-11-25;14;0
5;2025-11-25;15;0
5;2025-11-25;16;0
5;2025-11-25;17;0
5;2025-11-25;18;0
5;2025-11-25;19;0
5;2025-11-25;20;0
5;2025-11-25;21;0
5;2025-11-25;22;0
5;2025-11-25;23;0
5;2025-11-26;0;0
5;2025-11-26;1;0
5;2025-11-26;2;0
5;2025-11-26;3;0
5;2025-11-26;4;0
5;2025-11-26;5;0
5;2025-11-26;6;0
5;2025-11-26;7;0
5;2025-11-26;8;0
5;2025-11-26;9;0
5;2025-11-26;10;0
5;2025-11-26;11;0
5;2025-11-26;12;0
5;2025-11-26;13;0
5;2025-11-26;14;0
5;2025-11-26;15;0
5;2025-11-26;16;0
5;2025-11-26;17;0
5;2025-11-26;18;0
5;2025-11-26;19;0
5;2025-11-26;20;0
5;2025-11-26;21;0
5;2025-11-26;22;0
5;2025-11-26;23;0
5;2025-11-27;0;0
5;2025-11-27;1;0
5;2025-11-27;2;0
5;2025-11-27;3;0
5;2025-11-27;4;0
5;2025-11-27;5;0
5;2025-11-27;6;0
5;2025-11-27;7;0
5;2025-11-27;8;0
5;2025-11-27;9;0
5;2025-11-27;10;0
5;2025-11-27;11;0
5;2025-11-27;12;0
5;2025-11-27;13;0
5;2025-11-27;14;0
5;2025-11-27;15;0
5;2025-11-27;16;0
5;2025-11-27;17;0
5;2025-11-27;18;0
5;2025-11-27;19;0
5;2025-11-27;20;0
5;2025-11-27;21;0
5;2025-11-27;22;0
5;2025-11-27;23;0
5;2025-11-28;0;0
5;2025-11-28;1;0
5;2025-11-28;2;0
5;2025-11-28;3;0
5;2025-11-28;4;0
5;2025-11-28;5;0
5;2025-11-28;6;0
5;2025-11-28;7;0
5;2025-11-28;8;0
5;2025-11-28;9;0
5;2025-11-28;10;0
5;2025-11-28;11;0
5;2025-11-28;12;0
5;2025-11-28;13;0
5;2025-11-28;14;0
5;2025-11-28;15;0
5;2025-11-28;16;0
5;2025-11-28;17;0
5;2025-11-28;18;0
5;2025-11-28;19;0
5;2025-11-28;20;0
5;2025-11-28;21;0
5;2025-11-28;22;0
5;2025-11-28;23;0
5;2025-11-29;0;0
5;2025-11-29;1;0
5;2025-11-29;2;0
5;2025-11-29;3;0
5;2025-11-29;4;0
5;2025-11-29;5;0
5;2025-11-29;6;0
5;2025-11-29;7;0
5;2025-11-29;8;0
5;2025-11-29;9;0
5;2025-11-29;10;0
5;2025-11-29;11;0
5;2025-11-29;12;0
5;2025-11-29;13;0
5;2025-11-29;14;0
5;2025-11-29;15;0
5;2025-11-29;16;0
5;2025-11-29;17;0
5;2025-11-29;18;0
5;2025-11-29;19;0
5;2025-11-29;20;0
5;2025-11-29;21;0
5;2025-11-29;22;0
5;2025-11-29;23;0
5;2025-11-30;0;0
5;2025-11-30;1;0
5;2025-11-30;2;0
5;2025-11-30;3;0
5;2025-11-30;4;0
5;2025-11-30;5;0
5;2025-11-30;6;0
5;2025-11-30;7;0
5;2025-11-30;8;0
5;2025-11-30;9;0
5;2025-11-30;10;0
5;2025-11-30;11;0
5;2025-11-30;12;0
5;2025-11-30;13;0
5;2025-11-30;14;0
5;2025-11-30;15;0
5;2025-11-30;16;0
5;2025-11-30;17;0
5;2025-11-30;18;0
5;2025-11-30;19;0
5;2025-11-30;20;0
5;2025-11-30;21;0
5;2025-11-30;22;0
5;2025-11-30;23;0
5;2025-12-01;0;0
5;2025-12-01;1;0
5;2025-12-01;2;0
5;2025-12-01;3;0
5;2025-12-01;4;0
5;2025-12-01;5;0
5;2025-12-01;6;0
5;2025-12-01;7;0
5;2025-12-01;8;0
5;2025-12-01;9;0
5;2025-12-01;10;0
5;2025-12-01;11;0
5;2025-12-01;12;0
5;2025-12-01;13;0
5;2025-12-01;14;0
5;2025-12-01;15;0
5;2025-12-01;16;0
5;2025-12-01;17;0
5;2025-12-01;18;0
5;2025-12-01;19;0
5;2025-12-01;20;0
5;2025-12-01;21;0
5;2025-12-01;22;0
5;2025-12-01;23;0
5;2025-12-02;0;0
5;2025-12-02;1;0
5;2025-12-02;2;0
5;2025-12-02;3;0
5;2025-12-02;4;0
5;2025-12-02;5;0
5;2025-12-02;6;0
5;2025-12-02;7;0
5;2025-12-02;8;0
5;2025-12-02;9;0
5;2025-12-02;10;0
5;2025-12-02;11;0
5;2025-12-02;12;0
5;2025-12-02;13;0
5;2025-12-02;14;0
5;2025-12-02;15;0
5;2025-12-02;16;0
5;2025-12-02;17;0
5;2025-12-02;18;0
5;2025-12-02;19;0
5;2025-12-02;20;0
5;2025-12-02;21;0
5;2025-12-02;22;0
5;2025-12-02;23;0
5;2025-12-03;0;0
5;2025-12-03;1;0
5;2025-12-03;2;0
5;2025-12-03;3;0
5;2025-12-03;4;0
5;2025-12-03;5;0
5;2025-12-03;6;0
5;2025-12-03;7;0
5;2025-12-03;8;0
5;2025-12-03;9;0
5;2025-12-03;10;0
5;2025-12-03;11;0
5;2025-12-03;12;0
5;2025-12-03;13;0
5;2025-12-03;14;0
5;2025-12-03;15;0
5;2025-12-03;16;0
5;2025-12-03;17;0
5;2025-12-03;18;0
5;2025-12-03;19;0
5;2025-12-03;20;0
5;2025-12-03;21;0
5;2025-12-03;22;0
5;2025-12-03;23;0
5;2025-12-04;0;0
5;2025-12-04;1;0
5;2025-12-04;2;0
5;2025-12-04;3;0
5;2025-12-04;4;0
5;2025-12-04;5;0
5;2025-12-04;6;0
5;2025-12-04;7;0
5;2025-12-04;8;0
5;2025-12-04;9;0
5;2025-12-04;10;0
5;2025-12-04;11;0
5;2025-12-04;12;0
5;2025-12-04;13;0
5;2025-12-04;14;0
5;2025-12-04;15;0
5;2025-12-04;16;0
5;2025-12-04;17;0
5;2025-12-04;18;0
5;2025-12-04;19;0
5;2025-12-04;20;0
5;2025-12-04;21;0
5;2025-12-04;22;0
5;2025-12-04;23;0
5;2025-12-05;0;0
5;2025-12-05;1;0
5;2025-12-05;2;0
5;2025-12-05;3;0
5;2025-12-05;4;0
5;2025-12-05;5;0
5;2025-12-05;6;0
5;2025-12-05;7;0
5;2025-12-05;8;0
5;2025-12-05;9;0
5;2025-12-05;10;0
5;2025-12-05;11;0
5;2025-12-05;12;0
5;2025-12-05;13;0
5;2025-12-05;14;0
5;2025-12-05;15;0
5;2025-12-05;16;0
5;2025-12-05;17;0
5;2025-12-05;18;0
5;2025-12-05;19;0
5;2025-12-05;20;0
5;2025-12-05;21;0
5;2025-12-05;22;0
5;2025-12-05;23;0
5;2025-12-06;0;0
5;2025-12-06;1;0
5;2025-12-06;2;0
5;2025-12-06;3;0
5;2025-12-06;4;0
5;2025-12-06;5;0
5;2025-12-06;6;0
5;2025-12-06;7;0
5;2025-12-06;8;0
5;2025-12-06;9;0
5;2025-12-06;10;0
5;2025-12-06;11;0
5;2025-12-06;12;0
5;2025-12-06;13;0
5;2025-12-06;14;0
5;2025-12-06;15;0
5;2025-12-06;16;0
5;2025-12-06;17;0
5;2025-12-06;18;0
5;2025-12-06;19;0
5;2025-12-06;20;0
5;2025-12-06;21;0
5;2025-12-06;22;0
5;2025-12-06;23;0
5;2025-12-07;0;0
5;2025-12-07;1;0
5;2025-12-07;2;0
5;2025-12-07;3;0
5;2025-12-07;4;0
5;2025-12-07;5;0
5;2025-12-07;6;0
5;2025-12-07;7;0
5;2025-12-07;8;0
5;2025-12-07;9;0
5;2025-12-07;10;0
5;2025-12-07;11;0
5;2025-12-07;12;0
5;2025-12-07;13;0
5;2025-12-07;14;0
5;2025-12-07;15;0
5;2025-12-07;16;0
5;2025-12-07;17;0
5;2025-12-07;18;0
5;2025-12-07;19;0
5;2025-12-07;20;0
5;2025-12-07;21;0
5;2025-12-07;22;0
5;2025-12-07;23;0
5;2025-12-08;0;0
5;2025-12-08;1;0
5;2025-12-08;2;0
5;2025-12-08;3;0
5;2025-12-08;4;0
5;2025-12-08;5;0
5;2025-12-08;6;0
5;2025-12-08;7;0
5;2025-12-08;8;0
5;2025-12-08;9;0
5;2025-12-08;10;0
5;2025-12-08;11;0
5;2025-12-08;12;0
5;2025-12-08;13;0
5;2025-12-08;14;0
5;2025-12-08;15;0
5;2025-12-08;16;0
5;2025-12-08;17;0
5;2025-12-08;18;0
5;2025-12-08;19;0
5;2025-12-08;20;0
5;2025-12-08;21;0
5;2025-12-08;22;0
5;2025-12-08;23;0
5;2025-12-09;0;0
5;2025-12-09;1;0
5;2025-12-09;2;0
5;2025-12-09;3;0
5;2025-12-09;4;0
5;2025-12-09;5;0
5;2025-12-09;6;0
5;2025-12-09;7;0
5;2025-12-09;8;0
5;2025-12-09;9;0
5;2025-12-09;10;0
5;2025-12-09;11;0
5;2025-12-09;12;0
5;2025-12-09;13;0
5;2025-12-09;14;0
5;2025-12-09;15;0
5;2025-12-09;16;0
5;2025-12-09;17;0
5;2025-12-09;18;0
5;2025-12-09;19;0
5;2025-12-09;20;0
5;2025-12-09;21;0
5;2025-12-09;22;0
5;2025-12-09;23;0
5;2025-12-10;0;0
5;2025-12-10;1;0
5;2025-12-10;2;0
5;2025-12-10;3;0
5;2025-12-10;4;0
5;2025-12-10;5;0
5;2025-12-10;6;0
5;2025-12-10;7;0
5;2025-12-10;8;0
5;2025-12-10;9;0
5;2025-12-10;10;0
5;2025-12-10;11;0
5;2025-12-10;12;0
5;2025-12-10;13;0
5;2025-12-10;14;0
5;2025-12-10;15;0
5;2025-12-10;16;0
5;2025-12-10;17;0
5;2025-12-10;18;0
5;2025-12-10;19;0
5;2025-12-10;20;0
5;2025-12-10;21;0
5;2025-12-10;22;0
5;2025-12-10;23;0
5;2025-12-11;0;0
5;2025-12-11;1;0
5;2025-12-11;2;0
5;2025-12-11;3;0
5;2025-12-11;4;0
5;2025-12-11;5;0
5;2025-12-11;6;0
5;2025-12-11;7;0
5;2025-12-11;8;0
5;2025-12-11;9;0
5;2025-12-11;10;0
5;2025-12-11;11;0
5;2025-12-11;12;0
5;2025-12-11;13;0
5;2025-12-11;14;0
5;2025-12-11;15;0
5;2025-12-11;16;0
5;2025-12-11;17;0
5;2025-12-11;18;0
5;2025-12-11;19;0
5;2025-12-11;20;0
5;2025-12-11;21;0
5;2025-12-11;22;0
5;2025-12-11;23;0
5;2025-12-12;0;0
5;2025-12-12;1;0
5;2025-12-12;2;0
5;2025-12-12;3;0
5;2025-12-12;4;0
5;2025-12-12;5;0
5;2025-12-12;6;0
5;2025-12-12;7;0
5;2025-12-12;8;0
5;2025-12-12;9;0
5;2025-12-12;10;0
5;2025-12-12;11;0
5;2025-12-12;12;0
5;2025-12-12;13;0
5;2025-12-12;14;0
5;2025-12-12;15;0
5;2025-12-12;16;0
5;2025-12-12;17;0
5;2025-12-12;18;0
5;2025-12-12;19;0
5;2025-12-12;20;0
5;2025-12-12;21;0
5;2025-12-12;22;0
5;2025-12-12;23;0
5;2025-12-13;0;0
5;2025-12-13;1;0
5;2025-12-13;2;0
5;2025-12-13;3;0
5;2025-12-13;4;0
5;2025-12-13;5;0
5;2025-12-13;6;0
5;2025-12-13;7;0
5;2025-12-13;8;0
5;2025-12-13;9;0
5;2025-12-13;10;0
5;2025-12-13;11;0
5;2025-12-13;12;0
5;2025-12-13;13;0
5;2025-12-13;14;0
5;2025-12-13;15;0
5;2025-12-13;16;0
5;2025-12-13;17;0
5;2025-12-13;18;0
5;2025-12-13;19;0
5;2025-12-13;20;0
5;2025-12-13;21;0
5;2025-12-13;22;0
5;2025-12-13;23;0
5;2025-12-14;0;0
5;2025-12-14;1;0
5;2025-12-14;2;0
5;2025-12-14;3;0
5;2025-12-14;4;0
5;2025-12-14;5;0
5;2025-12-14;6;0
5;2025-12-14;7;0
5;2025-12-14;8;0
5;2025-12-14;9;0
5;2025-12-14;10;0
5;2025-12-14;11;0
5;2025-12-14;12;0
5;2025-12-14;13;0
5;2025-12-14;14;0
5;2025-12-14;15;0
5;2025-12-14;16;0
5;2025-12-14;17;0
5;2025-12-14;18;0
5;2025-12-14;19;0
5;2025-12-14;20;0
5;2025-12-14;21;0
5;2025-12-14;22;0
5;2025-12-14;23;0
5;2025-12-15;0;0
5;2025-12-15;1;0
5;2025-12-15;2;0
5;2025-12-15;3;0
5;2025-12-15;4;0
5;2025-12-15;5;0
5;2025-12-15;6;0
5;2025-12-15;7;0
5;2025-12-15;8;0
5;2025-12-15;9;0
5;2025-12-15;10;0
5;2025-12-15;11;0
5;2025-12-15;12;0
5;2025-12-15;13;0
5;2025-12-15;14;0
5;2025-12-15;15;0
5;2025-12-15;16;0
5;2025-12-15;17;0
5;2025-12-15;18;0
5;2025-12-15;19;0
5;2025-12-15;20;0
5;2025-12-15;21;0
5;2025-12-15;22;0
5;2025-12-15;23;0
5;2025-12-16;0;0
5;2025-12-16;1;0
5;2025-12-16;2;0
5;2025-12-16;3;0
5;2025-12-16;4;0
5;2025-12-16;5;0
5;2025-12-16;6;0
5;2025-12-16;7;0
5;2025-12-16;8;0
5;2025-12-16;9;0
5;2025-12-16;10;0
5;2025-12-16;11;0
5;2025-12-16;12;0
5;2025-12-16;13;0
5;2025-12-16;14;0
5;2025-12-16;15;0
5;2025-12-16;16;0
5;2025-12-16;17;0
5;2025-12-16;18;0
5;2025-12-16;19;0
5;2025-12-16;20;0
5;2025-12-16;21;0
5;2025-12-16;22;0
5;2025-12-16;23;0
5;2025-12-17;0;0
5;2025-12-17;1;0
5;2025-12-17;2;0
5;2025-12-17;3;0
5;2025-12-17;4;0
5;2025-12-17;5;0
5;2025-12-17;6;0
5;2025-12-17;7;0
5;2025-12-17;8;0
5;2025-12-17;9;0
5;2025-12-17;10;0
5;2025-12-17;11;0
5;2025-12-17;12;0
5;2025-12-17;13;0
5;2025-12-17;14;0
5;2025-12-17;15;0
5;2025-12-17;16;0
5;2025-12-17;17;0
5;2025-12-17;18;0
5;2025-12-17;19;0
5;2025-12-17;20;0
5;2025-12-17;21;0
5;2025-12-17;22;0
5;2025-12-17;23;0
5;2025-12-18;0;0
5;2025-12-18;1;0
5;2025-12-18;2;0
5;2025-12-18;3;0
5;2025-12-18;4;0
5;2025-12-18;5;0
5;2025-12-18;6;0
5;2025-12-18;7;0
5;2025-12-18;8;0
5;2025-12-18;9;0
5;2025-12-18;10;0
5;2025-12-18;11;0
5;2025-12-18;12;0
5;2025-12-18;13;0
5;2025-12-18;14;0
5;2025-12-18;15;0
5;2025-12-18;16;0
5;2025-12-18;17;0
5;2025-12-18;18;0
5;2025-12-18;19;0
5;2025-12-18;20;0
5;2025-12-18;21;0
5;2025-12-18;22;0
5;2025-12-18;23;0
5;2025-12-19;0;0
5;2025-12-19;1;0
5;2025-12-19;2;0
5;2025-12-19;3;0
5;2025-12-19;4;0
5;2025-12-19;5;0
5;2025-12-19;6;0
5;2025-12-19;7;0
5;2025-12-19;8;0
5;2025-12-19;9;0
5;2025-12-19;10;0
5;2025-12-19;11;0
5;2025-12-19;12;0
5;2025-12-19;13;0
5;2025-12-19;14;0
5;2025-12-19;15;0
5;2025-12-19;16;0
5;2025-12-19;17;0
5;2025-12-19;18;0
5;2025-12-19;19;0
5;2025-12-19;20;0
5;2025-12-19;21;0
5;2025-12-19;22;0
5;2025-12-19;23;0
5;2025-12-20;0;0
5;2025-12-20;1;0
5;2025-12-20;2;0
5;2025-12-20;3;0
5;2025-12-20;4;0
5;2025-12-20;5;0
5;2025-12-20;6;0
5;2025-12-20;7;0
5;2025-12-20;8;0
5;2025-12-20;9;0
5;2025-12-20;10;0
5;2025-12-20;11;0
5;2025-12-20;12;0
5;2025-12-20;13;0
5;2025-12-20;14;0
5;2025-12-20;15;0
5;2025-12-20;16;0
5;2025-12-20;17;0
5;2025-12-20;18;0
5;2025-12-20;19;0
5;2025-12-20;20;0
5;2025-12-20;21;0
5;2025-12-20;22;0
5;2025-12-20;23;0
5;2025-12-21;0;0
5;2025-12-21;1;0
5;2025-12-21;2;0
5;2025-12-21;3;0
5;2025-12-21;4;0
5;2025-12-21;5;0
5;2025-12-21;6;0
5;2025-12-21;7;0
5;2025-12-21;8;0
5;2025-12-21;9;0
5;2025-12-21;10;0
5;2025-12-21;11;0
5;2025-12-21;12;0
5;2025-12-21;13;0
5;2025-12-21;14;0
5;2025-12-21;15;0
5;2025-12-21;16;0
5;2025-12-21;17;0
5;2025-12-21;18;0
5;2025-12-21;19;0
5;2025-12-21;20;0
5;2025-12-21;21;0
5;2025-12-21;22;0
5;2025-12-21;23;0
5;2025-12-22;0;0
5;2025-12-22;1;0
5;2025-12-22;2;0
5;2025-12-22;3;0
5;2025-12-22;4;0
5;2025-12-22;5;0
5;2025-12-22;6;0
5;2025-12-22;7;0
5;2025-12-22;8;0
5;2025-12-22;9;0
5;2025-12-22;10;0
5;2025-12-22;11;0
5;2025-12-22;12;0
5;2025-12-22;13;0
5;2025-12-22;14;0
5;2025-12-22;15;0
5;2025-12-22;16;0
5;2025-12-22;17;0
5;2025-12-22;18;0
5;2025-12-22;19;0
5;2025-12-22;20;0
5;2025-12-22;21;0
5;2025-12-22;22;0
5;2025-12-22;23;0
5;2025-12-23;0;0
5;2025-12-23;1;0
5;2025-12-23;2;0
5;2025-12-23;3;0
5;2025-12-23;4;0
5;2025-12-23;5;0
5;2025-12-23;6;0
5;2025-12-23;7;0
5;2025-12-23;8;0
5;2025-12-23;9;0
5;2025-12-23;10;0
5;2025-12-23;11;0
5;2025-12-23;12;0
5;2025-12-23;13;0
5;2025-12-23;14;0
5;2025-12-23;15;0
5;2025-12-23;16;0
5;2025-12-23;17;0
5;2025-12-23;18;0
5;2025-12-23;19;0
5;2025-12-23;20;0
5;2025-12-23;21;0
5;2025-12-23;22;0
5;2025-12-23;23;0
5;2025-12-24;0;0
5;2025-12-24;1;0
5;2025-12-24;2;0
5;2025-12-24;3;0
5;2025-12-24;4;0
5;2025-12-24;5;0
5;2025-12-24;6;0
5;2025-12-24;7;0
5;2025-12-24;8;0
5;2025-12-24;9;0
5;2025-12-24;10;0
5;2025-12-24;11;0
5;2025-12-24;12;0
5;2025-12-24;13;0
5;2025-12-24;14;0
5;2025-12-24;15;0
5;2025-12-24;16;0
5;2025-12-24;17;0
5;2025-12-24;18;0
5;2025-12-24;19;0
5;2025-12-24;20;0
5;2025-12-24;21;0
5;2025-12-24;22;0
5;2025-12-24;23;0
5;2025-12-25;0;0
5;2025-12-25;1;0
5;2025-12-25;2;0
5;2025-12-25;3;0
5;2025-12-25;4;0
5;2025-12-25;5;0
5;2025-12-25;6;0
5;2025-12-25;7;0
5;2025-12-25;8;0
5;2025-12-25;9;0
5;2025-12-25;10;0
5;2025-12-25;11;0
5;2025-12-25;12;0
5;2025-12-25;13;0
5;2025-12-25;14;0
5;2025-12-25;15;0
5;2025-12-25;16;0
5;2025-12-25;17;0
5;2025-12-25;18;0
5;2025-12-25;19;0
5;2025-12-25;20;0
5;2025-12-25;21;0
5;2025-12-25;22;0
5;2025-12-25;23;0
5;2025-12-26;0;0
5;2025-12-26;1;0
5;2025-12-26;2;0
5;2025-12-26;3;0
5;2025-12-26;4;0
5;2025-12-26;5;0
5;2025-12-26;6;0
5;2025-12-26;7;0
5;2025-12-26;8;0
5;2025-12-26;9;0
5;2025-12-26;10;0
5;2025-12-26;11;0
5;2025-12-26;12;0
5;2025-12-26;13;0
5;2025-12-26;14;0
5;2025-12-26;15;0
5;2025-12-26;16;0
5;2025-12-26;17;0
5;2025-12-26;18;0
5;2025-12-26;19;0
5;2025-12-26;20;0
5;2025-12-26;21;0
5;2025-12-26;22;0
5;2025-12-26;23;0
5;2025-12-27;0;0
5;2025-12-27;1;0
5;2025-12-27;2;0
5;2025-12-27;3;0
5;2025-12-27;4;0
5;2025-12-27;5;0
5;2025-12-27;6;0
5;2025-12-27;7;0
5;2025-12-27;8;0
5;2025-12-27;9;0
5;2025-12-27;10;0
5;2025-12-27;11;0
5;2025-12-27;12;0
5;2025-12-27;13;0
5;2025-12-27;14;0
5;2025-12-27;15;0
5;2025-12-27;16;0
5;2025-12-27;17;0
5;2025-12-27;18;0
5;2025-12-27;19;0
5;2025-12-27;20;0
5;2025-12-27;21;0
5;2025-12-27;22;0
5;2025-12-27;23;0
5;2025-12-28;0;0
5;2025-12-28;1;0
5;2025-12-28;2;0
5;2025-12-28;3;0
5;2025-12-28;4;0
5;2025-12-28;5;0
5;2025-12-28;6;0
5;2025-12-28;7;0
5;2025-12-28;8;0
5;2025-12-28;9;0
5;2025-12-28;10;0
5;2025-12-28;11;0
5;2025-12-28;12;0
5;2025-12-28;13;0
5;2025-12-28;14;0
5;2025-12-28;15;0
5;2025-12-28;16;0
5;2025-12-28;17;0
5;2025-12-28;18;0
5;2025-12-28;19;0
5;2025-12-28;20;0
5;2025-12-28;21;0
5;2025-12-28;22;0
5;2025-12-28;23;0
5;2025-12-29;0;0
5;2025-12-29;1;0
5;2025-12-29;2;0
5;2025-12-29;3;0
5;2025-12-29;4;0
5;2025-12-29;5;0
5;2025-12-29;6;0
5;2025-12-29;7;0
5;2025-12-29;8;0
5;2025-12-29;9;0
5;2025-12-29;10;0
5;2025-12-29;11;0
5;2025-12-29;12;0
5;2025-12-29;13;0
5;2025-12-29;14;0
5;2025-12-29;15;0
5;2025-12-29;16;0
5;2025-12-29;17;0
5;2025-12-29;18;0
5;2025-12-29;19;0
5;2025-12-29;20;0
5;2025-12-29;21;0
5;2025-12-29;22;0
5;2025-12-29;23;0
5;2025-12-30;0;0
5;2025-12-30;1;0
5;2025-12-30;2;0
5;2025-12-30;3;0
5;2025-12-30;4;0
5;2025-12-30;5;0
5;2025-12-30;6;0
5;2025-12-30;7;0
5;2025-12-30;8;0
5;2025-12-30;9;0
5;2025-12-30;10;0
5;2025-12-30;11;0
5;2025-12-30;12;0
5;2025-12-30;13;0
5;2025-12-30;14;0
5;2025-12-30;15;0
5;2025-12-30;16;0
5;2025-12-30;17;0
5;2025-12-30;18;0
5;2025-12-30;19;0
5;2025-12-30;20;0
5;2025-12-30;21;0
5;2025-12-30;22;0
5;2025-12-30;23;0
5;2025-12-31;0;0
5;2025-12-31;1;0
5;2025-12-31;2;0
5;2025-12-31;3;0
5;2025-12-31;4;0
5;2025-12-31;5;0
5;2025-12-31;6;0
5;2025-12-31;7;0
5;2025-12-31;8;0
5;2025-12-31;9;0
5;2025-12-31;10;0
5;2025-12-31;11;0
5;2025-12-31;12;0
5;2025-12-31;13;0
5;2025-12-31;14;0
5;2025-12-31;15;0
5;2025-12-31;16;0
5;2025-12-31;17;0
5;2025-12-31;18;0
5;2025-12-31;19;0
5;2025-12-31;20;0
5;2025-12-31;21;0
5;2025-12-31;22;0
5;2025-12-31;23;0
7;2025-11-01;0;67
7;2025-11-01;1;13
7;2025-11-01;2;0
7;2025-11-01;3;0
7;2025-11-01;4;2
7;2025-11-01;5;150
7;2025-11-01;6;514
7;2025-11-01;7;1288
7;2025-11-01;8;1953
7;2025-11-01;9;1450
7;2025-11-01;10;1486
7;2025-11-01;11;1362
7;2025-11-01;12;1435
7;2025-11-01;13;1452
7;2025-11-01;14;1498
7;2025-11-01;15;1625
7;2025-11-01;16;1813
7;2025-11-01;17;2001
7;2025-11-01;18;1723
7;2025-11-01;19;1174
7;2025-11-01;20;847
7;2025-11-01;21;511
7;2025-11-01;22;281
7;2025-11-01;23;213
7;2025-11-02;0;105
7;2025-11-02;1;25
7;2025-11-02;2;0
7;2025-11-02;3;0
7;2025-11-02;4;1
7;2025-11-02;5;30
7;2025-11-02;6;132
7;2025-11-02;7;177
7;2025-11-02;8;400
7;2025-11-02;9;529
7;2025-11-02;10;410
7;2025-11-02;11;609
7;2025-11-02;12;658
7;2025-11-02;13;654
7;2025-11-02;14;683
7;2025-11-02;15;740
7;2025-11-02;16;637
7;2025-11-02;17;648
7;2025-11-02;18;673
7;2025-11-02;19;498
7;2025-11-02;20;412
7;2025-11-02;21;302
7;2025-11-02;22;156
7;2025-11-02;23;125
7;2025-11-03;0;102
7;2025-11-03;1;24
7;2025-11-03;2;0
7;2025-11-03;3;0
7;2025-11-03;4;1
7;2025-11-03;5;29
7;2025-11-03;6;128
7;2025-11-03;7;172
7;2025-11-03;8;386
7;2025-11-03;9;512
7;2025-11-03;10;396
7;2025-11-03;11;589
7;2025-11-03;12;636
7;2025-11-03;13;632
7;2025-11-03;14;661
7;2025-11-03;15;716
7;2025-11-03;16;616
7;2025-11-03;17;627
7;2025-11-03;18;651
7;2025-11-03;19;482
7;2025-11-03;20;398
7;2025-11-03;21;292
7;2025-11-03;22;151
7;2025-11-03;23;121
7;2025-11-04;0;102
7;2025-11-04;1;24
7;2025-11-04;2;0
7;2025-11-04;3;0
7;2025-11-04;4;1
7;2025-11-04;5;29
7;2025-11-04;6;128
7;2025-11-04;7;172
7;2025-11-04;8;386
7;2025-11-04;9;512
7;2025-11-04;10;396
7;2025-11-04;11;589
7;2025-11-04;12;636
7;2025-11-04;13;632
7;2025-11-04;14;661
7;2025-11-04;15;716
7;2025-11-04;16;616
7;2025-11-04;17;627
7;2025-11-04;18;651
7;2025-11-04;19;482
7;2025-11-04;20;398
7;2025-11-04;21;292
7;2025-11-04;22;151
7;2025-11-04;23;121
7;2025-11-05;0;60
7;2025-11-05;1;13
7;2025-11-05;2;0
7;2025-11-05;3;0
7;2025-11-05;4;2
7;2025-11-05;5;192
7;2025-11-05;6;610
7;2025-11-05;7;1665
7;2025-11-05;8;2561
7;2025-11-05;9;1936
7;2025-11-05;10;1737
7;2025-11-05;11;1618
7;2025-11-05;12;1808
7;2025-11-05;13;1630
7;2025-11-05;14;1741
7;2025-11-05;15;1841
7;2025-11-05;16;1918
7;2025-11-05;17;2454
7;2025-11-05;18;2697
7;2025-11-05;19;1766
7;2025-11-05;20;1107
7;2025-11-05;21;658
7;2025-11-05;22;313
7;2025-11-05;23;211
7;2025-11-06;0;60
7;2025-11-06;1;13
7;2025-11-06;2;0
7;2025-11-06;3;0
7;2025-11-06;4;2
7;2025-11-06;5;192
7;2025-11-06;6;610
7;2025-11-06;7;1665
7;2025-11-06;8;2561
7;2025-11-06;9;1936
7;2025-11-06;10;1737
7;2025-11-06;11;1618
7;2025-11-06;12;1808
7;2025-11-06;13;1630
7;2025-11-06;14;1741
7;2025-11-06;15;1841
7;2025-11-06;16;1918
7;2025-11-06;17;2454
7;2025-11-06;18;2697
7;2025-11-06;19;1766
7;2025-11-06;20;1107
7;2025-11-06;21;658
7;2025-11-06;22;313
7;2025-11-06;23;211
7;2025-11-07;0;78
7;2025-11-07;1;15
7;2025-11-07;2;1
7;2025-11-07;3;0
7;2025-11-07;4;2
7;2025-11-07;5;177
7;2025-11-07;6;605
7;2025-11-07;7;1516
7;2025-11-07;8;2297
7;2025-11-07;9;1706
7;2025-11-07;10;1748
7;2025-11-07;11;1602
7;2025-11-07;12;1689
7;2025-11-07;13;1709
7;2025-11-07;14;1763
7;2025-11-07;15;1912
7;2025-11-07;16;2133
7;2025-11-07;17;2354
7;2025-11-07;18;2028
7;2025-11-07;19;1381
7;2025-11-07;20;996
7;2025-11-07;21;601
7;2025-11-07;22;331
7;2025-11-07;23;251
7;2025-11-08;0;126
7;2025-11-08;1;28
7;2025-11-08;2;0
7;2025-11-08;3;0
7;2025-11-08;4;1
7;2025-11-08;5;51
7;2025-11-08;6;277
7;2025-11-08;7;308
7;2025-11-08;8;735
7;2025-11-08;9;592
7;2025-11-08;10;658
7;2025-11-08;11;698
7;2025-11-08;12;972
7;2025-11-08;13;914
7;2025-11-08;14;873
7;2025-11-08;15;856
7;2025-11-08;16;856
7;2025-11-08;17;843
7;2025-11-08;18;792
7;2025-11-08;19;627
7;2025-11-08;20;555
7;2025-11-08;21;388
7;2025-11-08;22;218
7;2025-11-08;23;177
7;2025-11-09;0;105
7;2025-11-09;1;25
7;2025-11-09;2;0
7;2025-11-09;3;0
7;2025-11-09;4;1
7;2025-11-09;5;30
7;2025-11-09;6;132
7;2025-11-09;7;177
7;2025-11-09;8;400
7;2025-11-09;9;529
7;2025-11-09;10;410
7;2025-11-09;11;609
7;2025-11-09;12;658
7;2025-11-09;13;654
7;2025-11-09;14;683
7;2025-11-09;15;740
7;2025-11-09;16;637
7;2025-11-09;17;648
7;2025-11-09;18;673
7;2025-11-09;19;498
7;2025-11-09;20;412
7;2025-11-09;21;302
7;2025-11-09;22;156
7;2025-11-09;23;125
7;2025-11-10;0;61
7;2025-11-10;1;11
7;2025-11-10;2;0
7;2025-11-10;3;0
7;2025-11-10;4;1
7;2025-11-10;5;191
7;2025-11-10;6;588
7;2025-11-10;7;1647
7;2025-11-10;8;2670
7;2025-11-10;9;1843
7;2025-11-10;10;1661
7;2025-11-10;11;1576
7;2025-11-10;12;1567
7;2025-11-10;13;1589
7;2025-11-10;14;1623
7;2025-11-10;15;1784
7;2025-11-10;16;1827
7;2025-11-10;17;2547
7;2025-11-10;18;2633
7;2025-11-10;19;1778
7;2025-11-10;20;1083
7;2025-11-10;21;612
7;2025-11-10;22;296
7;2025-11-10;23;153
7;2025-11-11;0;60
7;2025-11-11;1;13
7;2025-11-11;2;0
7;2025-11-11;3;0
7;2025-11-11;4;2
7;2025-11-11;5;192
7;2025-11-11;6;610
7;2025-11-11;7;1665
7;2025-11-11;8;2561
7;2025-11-11;9;1936
7;2025-11-11;10;1737
7;2025-11-11;11;1618
7;2025-11-11;12;1808
7;2025-11-11;13;1630
7;2025-11-11;14;1741
7;2025-11-11;15;1841
7;2025-11-11;16;1918
7;2025-11-11;17;2454
7;2025-11-11;18;2697
7;2025-11-11;19;1766
7;2025-11-11;20;1107
7;2025-11-11;21;658
7;2025-11-11;22;313
7;2025-11-11;23;211
7;2025-11-12;0;60
7;2025-11-12;1;13
7;2025-11-12;2;0
7;2025-11-12;3;0
7;2025-11-12;4;2
7;2025-11-12;5;192
7;2025-11-12;6;610
7;2025-11-12;7;1665
7;2025-11-12;8;2561
7;2025-11-12;9;1936
7;2025-11-12;10;1737
7;2025-11-12;11;1618
7;2025-11-12;12;1808
7;2025-11-12;13;1630
7;2025-11-12;14;1741
7;2025-11-12;15;1841
7;2025-11-12;16;1918
7;2025-11-12;17;2454
7;2025-11-12;18;2697
7;2025-11-12;19;1766
7;2025-11-12;20;1107
7;2025-11-12;21;658
7;2025-11-12;22;313
7;2025-11-12;23;211
7;2025-11-13;0;60
7;2025-11-13;1;13
7;2025-11-13;2;0
7;2025-11-13;3;0
7;2025-11-13;4;2
7;2025-11-13;5;192
7;2025-11-13;6;610
7;2025-11-13;7;1665
7;2025-11-13;8;2561
7;2025-11-13;9;1936
7;2025-11-13;10;1737
7;2025-11-13;11;1618
7;2025-11-13;12;1808
7;2025-11-13;13;1630
7;2025-11-13;14;1741
7;2025-11-13;15;1841
7;2025-11-13;16;1918
7;2025-11-13;17;2454
7;2025-11-13;18;2697
7;2025-11-13;19;1766
7;2025-11-13;20;1107
7;2025-11-13;21;658
7;2025-11-13;22;313
7;2025-11-13;23;211
7;2025-11-14;0;78
7;2025-11-14;1;15
7;2025-11-14;2;1
7;2025-11-14;3;0
7;2025-11-14;4;2
7;2025-11-14;5;177
7;2025-11-14;6;605
7;2025-11-14;7;1516
7;2025-11-14;8;2297
7;2025-11-14;9;1706
7;2025-11-14;10;1748
7;2025-11-14;11;1602
7;2025-11-14;12;1689
7;2025-11-14;13;1709
7;2025-11-14;14;1763
7;2025-11-14;15;1912
7;2025-11-14;16;2133
7;2025-11-14;17;2354
7;2025-11-14;18;2028
7;2025-11-14;19;1381
7;2025-11-14;20;996
7;2025-11-14;21;601
7;2025-11-14;22;331
7;2025-11-14;23;251
7;2025-11-15;0;119
7;2025-11-15;1;27
7;2025-11-15;2;0
7;2025-11-15;3;0
7;2025-11-15;4;1
7;2025-11-15;5;49
7;2025-11-15;6;263
7;2025-11-15;7;292
7;2025-11-15;8;697
7;2025-11-15;9;562
7;2025-11-15;10;624
7;2025-11-15;11;662
7;2025-11-15;12;921
7;2025-11-15;13;867
7;2025-11-15;14;828
7;2025-11-15;15;812
7;2025-11-15;16;811
7;2025-11-15;17;799
7;2025-11-15;18;751
7;2025-11-15;19;594
7;2025-11-15;20;526
7;2025-11-15;21;368
7;2025-11-15;22;207
7;2025-11-15;23;168
7;2025-11-16;0;105
7;2025-11-16;1;25
7;2025-11-16;2;0
7;2025-11-16;3;0
7;2025-11-16;4;1
7;2025-11-16;5;30
7;2025-11-16;6;132
7;2025-11-16;7;177
7;2025-11-16;8;400
7;2025-11-16;9;529
7;2025-11-16;10;410
7;2025-11-16;11;609
7;2025-11-16;12;658
7;2025-11-16;13;654
7;2025-11-16;14;683
7;2025-11-16;15;740
7;2025-11-16;16;637
7;2025-11-16;17;648
7;2025-11-16;18;673
7;2025-11-16;19;498
7;2025-11-16;20;412
7;2025-11-16;21;302
7;2025-11-16;22;156
7;2025-11-16;23;125
7;2025-11-17;0;61
7;2025-11-17;1;11
7;2025-11-17;2;0
7;2025-11-17;3;0
7;2025-11-17;4;1
7;2025-11-17;5;191
7;2025-11-17;6;588
7;2025-11-17;7;1647
7;2025-11-17;8;2670
7;2025-11-17;9;1843
7;2025-11-17;10;1661
7;2025-11-17;11;1576
7;2025-11-17;12;1567
7;2025-11-17;13;1589
7;2025-11-17;14;1623
7;2025-11-17;15;1784
7;2025-11-17;16;1827
7;2025-11-17;17;2547
7;2025-11-17;18;2633
7;2025-11-17;19;1778
7;2025-11-17;20;1083
7;2025-11-17;21;612
7;2025-11-17;22;296
7;2025-11-17;23;153
7;2025-11-18;0;60
7;2025-11-18;1;13
7;2025-11-18;2;0
7;2025-11-18;3;0
7;2025-11-18;4;2
7;2025-11-18;5;192
7;2025-11-18;6;610
7;2025-11-18;7;1665
7;2025-11-18;8;2561
7;2025-11-18;9;1936
7;2025-11-18;10;1737
7;2025-11-18;11;1618
7;2025-11-18;12;1808
7;2025-11-18;13;1630
7;2025-11-18;14;1741
7;2025-11-18;15;1841
7;2025-11-18;16;1918
7;2025-11-18;17;2454
7;2025-11-18;18;2697
7;2025-11-18;19;1766
7;2025-11-18;20;1107
7;2025-11-18;21;658
7;2025-11-18;22;313
7;2025-11-18;23;211
7;2025-11-19;0;60
7;2025-11-19;1;13
7;2025-11-19;2;0
7;2025-11-19;3;0
7;2025-11-19;4;2
7;2025-11-19;5;192
7;2025-11-19;6;610
7;2025-11-19;7;1665
7;2025-11-19;8;2561
7;2025-11-19;9;1936
7;2025-11-19;10;1737
7;2025-11-19;11;1618
7;2025-11-19;12;1808
7;2025-11-19;13;1630
7;2025-11-19;14;1741
7;2025-11-19;15;1841
7;2025-11-19;16;1918
7;2025-11-19;17;2454
7;2025-11-19;18;2697
7;2025-11-19;19;1766
7;2025-11-19;20;1107
7;2025-11-19;21;658
7;2025-11-19;22;313
7;2025-11-19;23;211
7;2025-11-20;0;60
7;2025-11-20;1;13
7;2025-11-20;2;0
7;2025-11-20;3;0
7;2025-11-20;4;2
7;2025-11-20;5;192
7;2025-11-20;6;610
7;2025-11-20;7;1665
7;2025-11-20;8;2561
7;2025-11-20;9;1936
7;2025-11-20;10;1737
7;2025-11-20;11;1618
7;2025-11-20;12;1808
7;2025-11-20;13;1630
7;2025-11-20;14;1741
7;2025-11-20;15;1841
7;2025-11-20;16;1918
7;2025-11-20;17;2454
7;2025-11-20;18;2697
7;2025-11-20;19;1766
7;2025-11-20;20;1107
7;2025-11-20;21;658
7;2025-11-20;22;313
7;2025-11-20;23;211
7;2025-11-21;0;78
7;2025-11-21;1;15
7;2025-11-21;2;1
7;2025-11-21;3;0
7;2025-11-21;4;2
7;2025-11-21;5;177
7;2025-11-21;6;605
7;2025-11-21;7;1516
7;2025-11-21;8;2297
7;2025-11-21;9;1706
7;2025-11-21;10;1748
7;2025-11-21;11;1602
7;2025-11-21;12;1689
7;2025-11-21;13;1709
7;2025-11-21;14;1763
7;2025-11-21;15;1912
7;2025-11-21;16;2133
7;2025-11-21;17;2354
7;2025-11-21;18;2028
7;2025-11-21;19;1381
7;2025-11-21;20;996
7;2025-11-21;21;601
7;2025-11-21;22;331
7;2025-11-21;23;251
7;2025-11-22;0;126
7;2025-11-22;1;28
7;2025-11-22;2;0
7;2025-11-22;3;0
7;2025-11-22;4;1
7;2025-11-22;5;51
7;2025-11-22;6;277
7;2025-11-22;7;308
7;2025-11-22;8;735
7;2025-11-22;9;592
7;2025-11-22;10;658
7;2025-11-22;11;698
7;2025-11-22;12;972
7;2025-11-22;13;914
7;2025-11-22;14;873
7;2025-11-22;15;856
7;2025-11-22;16;856
7;2025-11-22;17;843
7;2025-11-22;18;792
7;2025-11-22;19;627
7;2025-11-22;20;555
7;2025-11-22;21;388
7;2025-11-22;22;218
7;2025-11-22;23;177
7;2025-11-23;0;105
7;2025-11-23;1;25
7;2025-11-23;2;0
7;2025-11-23;3;0
7;2025-11-23;4;1
7;2025-11-23;5;30
7;2025-11-23;6;132
7;2025-11-23;7;177
7;2025-11-23;8;400
7;2025-11-23;9;529
7;2025-11-23;10;410
7;2025-11-23;11;609
7;2025-11-23;12;658
7;2025-11-23;13;654
7;2025-11-23;14;683
7;2025-11-23;15;740
7;2025-11-23;16;637
7;2025-11-23;17;648
7;2025-11-23;18;673
7;2025-11-23;19;498
7;2025-11-23;20;412
7;2025-11-23;21;302
7;2025-11-23;22;156
7;2025-11-23;23;125
7;2025-11-24;0;61
7;2025-11-24;1;11
7;2025-11-24;2;0
7;2025-11-24;3;0
7;2025-11-24;4;1
7;2025-11-24;5;191
7;2025-11-24;6;588
7;2025-11-24;7;1647
7;2025-11-24;8;2670
7;2025-11-24;9;1843
7;2025-11-24;10;1661
7;2025-11-24;11;1576
7;2025-11-24;12;1567
7;2025-11-24;13;1589
7;2025-11-24;14;1623
7;2025-11-24;15;1784
7;2025-11-24;16;1827
7;2025-11-24;17;2547
7;2025-11-24;18;2633
7;2025-11-24;19;1778
7;2025-11-24;20;1083
7;2025-11-24;21;612
7;2025-11-24;22;296
7;2025-11-24;23;153
7;2025-11-25;0;60
7;2025-11-25;1;13
7;2025-11-25;2;0
7;2025-11-25;3;0
7;2025-11-25;4;2
7;2025-11-25;5;192
7;2025-11-25;6;610
7;2025-11-25;7;1665
7;2025-11-25;8;2561
7;2025-11-25;9;1936
7;2025-11-25;10;1737
7;2025-11-25;11;1618
7;2025-11-25;12;1808
7;2025-11-25;13;1630
7;2025-11-25;14;1741
7;2025-11-25;15;1841
7;2025-11-25;16;1918
7;2025-11-25;17;2454
7;2025-11-25;18;2697
7;2025-11-25;19;1766
7;2025-11-25;20;1107
7;2025-11-25;21;658
7;2025-11-25;22;313
7;2025-11-25;23;211
7;2025-11-26;0;60
7;2025-11-26;1;13
7;2025-11-26;2;0
7;2025-11-26;3;0
7;2025-11-26;4;2
7;2025-11-26;5;192
7;2025-11-26;6;610
7;2025-11-26;7;1665
7;2025-11-26;8;2561
7;2025-11-26;9;1936
7;2025-11-26;10;1737
7;2025-11-26;11;1618
7;2025-11-26;12;1808
7;2025-11-26;13;1630
7;2025-11-26;14;1741
7;2025-11-26;15;1841
7;2025-11-26;16;1918
7;2025-11-26;17;2454
7;2025-11-26;18;2697
7;2025-11-26;19;1766
7;2025-11-26;20;1107
7;2025-11-26;21;658
7;2025-11-26;22;313
7;2025-11-26;23;211
7;2025-11-27;0;60
7;2025-11-27;1;13
7;2025-11-27;2;0
7;2025-11-27;3;0
7;2025-11-27;4;2
7;2025-11-27;5;192
7;2025-11-27;6;610
7;2025-11-27;7;1665
7;2025-11-27;8;2561
7;2025-11-27;9;1936
7;2025-11-27;10;1737
7;2025-11-27;11;1618
7;2025-11-27;12;1808
7;2025-11-27;13;1630
7;2025-11-27;14;1741
7;2025-11-27;15;1841
7;2025-11-27;16;1918
7;2025-11-27;17;2454
7;2025-11-27;18;2697
7;2025-11-27;19;1766
7;2025-11-27;20;1107
7;2025-11-27;21;658
7;2025-11-27;22;313
7;2025-11-27;23;211
7;2025-11-28;0;78
7;2025-11-28;1;15
7;2025-11-28;2;1
7;2025-11-28;3;0
7;2025-11-28;4;2
7;2025-11-28;5;177
7;2025-11-28;6;605
7;2025-11-28;7;1516
7;2025-11-28;8;2297
7;2025-11-28;9;1706
7;2025-11-28;10;1748
7;2025-11-28;11;1602
7;2025-11-28;12;1689
7;2025-11-28;13;1709
7;2025-11-28;14;1763
7;2025-11-28;15;1912
7;2025-11-28;16;2133
7;2025-11-28;17;2354
7;2025-11-28;18;2028
7;2025-11-28;19;1381
7;2025-11-28;20;996
7;2025-11-28;21;601
7;2025-11-28;22;331
7;2025-11-28;23;251
7;2025-11-29;0;126
7;2025-11-29;1;28
7;2025-11-29;2;0
7;2025-11-29;3;0
7;2025-11-29;4;1
7;2025-11-29;5;51
7;2025-11-29;6;277
7;2025-11-29;7;308
7;2025-11-29;8;735
7;2025-11-29;9;592
7;2025-11-29;10;658
7;2025-11-29;11;698
7;2025-11-29;12;972
7;2025-11-29;13;914
7;2025-11-29;14;873
7;2025-11-29;15;856
7;2025-11-29;16;856
7;2025-11-29;17;843
7;2025-11-29;18;792
7;2025-11-29;19;627
7;2025-11-29;20;555
7;2025-11-29;21;388
7;2025-11-29;22;218
7;2025-11-29;23;177
7;2025-11-30;0;105
7;2025-11-30;1;25
7;2025-11-30;2;0
7;2025-11-30;3;0
7;2025-11-30;4;1
7;2025-11-30;5;30
7;2025-11-30;6;132
7;2025-11-30;7;177
7;2025-11-30;8;400
7;2025-11-30;9;529
7;2025-11-30;10;410
7;2025-11-30;11;609
7;2025-11-30;12;658
7;2025-11-30;13;654
7;2025-11-30;14;683
7;2025-11-30;15;740
7;2025-11-30;16;637
7;2025-11-30;17;648
7;2025-11-30;18;673
7;2025-11-30;19;498
7;2025-11-30;20;412
7;2025-11-30;21;302
7;2025-11-30;22;156
7;2025-11-30;23;125
7;2025-12-01;0;61
7;2025-12-01;1;11
7;2025-12-01;2;0
7;2025-12-01;3;0
7;2025-12-01;4;1
7;2025-12-01;5;191
7;2025-12-01;6;588
7;2025-12-01;7;1647
7;2025-12-01;8;2670
7;2025-12-01;9;1843
7;2025-12-01;10;1661
7;2025-12-01;11;1576
7;2025-12-01;12;1567
7;2025-12-01;13;1589
7;2025-12-01;14;1623
7;2025-12-01;15;1784
7;2025-12-01;16;1827
7;2025-12-01;17;2547
7;2025-12-01;18;2633
7;2025-12-01;19;1778
7;2025-12-01;20;1083
7;2025-12-01;21;612
7;2025-12-01;22;296
7;2025-12-01;23;153
7;2025-12-02;0;60
7;2025-12-02;1;13
7;2025-12-02;2;0
7;2025-12-02;3;0
7;2025-12-02;4;2
7;2025-12-02;5;192
7;2025-12-02;6;610
7;2025-12-02;7;1665
7;2025-12-02;8;2561
7;2025-12-02;9;1936
7;2025-12-02;10;1737
7;2025-12-02;11;1618
7;2025-12-02;12;1808
7;2025-12-02;13;1630
7;2025-12-02;14;1741
7;2025-12-02;15;1841
7;2025-12-02;16;1918
7;2025-12-02;17;2454
7;2025-12-02;18;2697
7;2025-12-02;19;1766
7;2025-12-02;20;1107
7;2025-12-02;21;658
7;2025-12-02;22;313
7;2025-12-02;23;211
7;2025-12-03;0;60
7;2025-12-03;1;13
7;2025-12-03;2;0
7;2025-12-03;3;0
7;2025-12-03;4;2
7;2025-12-03;5;192
7;2025-12-03;6;610
7;2025-12-03;7;1665
7;2025-12-03;8;2561
7;2025-12-03;9;1936
7;2025-12-03;10;1737
7;2025-12-03;11;1618
7;2025-12-03;12;1808
7;2025-12-03;13;1630
7;2025-12-03;14;1741
7;2025-12-03;15;1841
7;2025-12-03;16;1918
7;2025-12-03;17;2454
7;2025-12-03;18;2697
7;2025-12-03;19;1766
7;2025-12-03;20;1107
7;2025-12-03;21;658
7;2025-12-03;22;313
7;2025-12-03;23;211
7;2025-12-04;0;60
7;2025-12-04;1;13
7;2025-12-04;2;0
7;2025-12-04;3;0
7;2025-12-04;4;2
7;2025-12-04;5;192
7;2025-12-04;6;610
7;2025-12-04;7;1665
7;2025-12-04;8;2561
7;2025-12-04;9;1936
7;2025-12-04;10;1737
7;2025-12-04;11;1618
7;2025-12-04;12;1808
7;2025-12-04;13;1630
7;2025-12-04;14;1741
7;2025-12-04;15;1841
7;2025-12-04;16;1918
7;2025-12-04;17;2454
7;2025-12-04;18;2697
7;2025-12-04;19;1766
7;2025-12-04;20;1107
7;2025-12-04;21;658
7;2025-12-04;22;313
7;2025-12-04;23;211
7;2025-12-05;0;78
7;2025-12-05;1;15
7;2025-12-05;2;1
7;2025-12-05;3;0
7;2025-12-05;4;2
7;2025-12-05;5;177
7;2025-12-05;6;605
7;2025-12-05;7;1516
7;2025-12-05;8;2297
7;2025-12-05;9;1706
7;2025-12-05;10;1748
7;2025-12-05;11;1602
7;2025-12-05;12;1689
7;2025-12-05;13;1709
7;2025-12-05;14;1763
7;2025-12-05;15;1912
7;2025-12-05;16;2133
7;2025-12-05;17;2354
7;2025-12-05;18;2028
7;2025-12-05;19;1381
7;2025-12-05;20;996
7;2025-12-05;21;601
7;2025-12-05;22;331
7;2025-12-05;23;251
7;2025-12-06;0;126
7;2025-12-06;1;28
7;2025-12-06;2;0
7;2025-12-06;3;0
7;2025-12-06;4;1
7;2025-12-06;5;51
7;2025-12-06;6;277
7;2025-12-06;7;308
7;2025-12-06;8;735
7;2025-12-06;9;592
7;2025-12-06;10;658
7;2025-12-06;11;698
7;2025-12-06;12;972
7;2025-12-06;13;914
7;2025-12-06;14;873
7;2025-12-06;15;856
7;2025-12-06;16;856
7;2025-12-06;17;843
7;2025-12-06;18;792
7;2025-12-06;19;627
7;2025-12-06;20;555
7;2025-12-06;21;388
7;2025-12-06;22;218
7;2025-12-06;23;177
7;2025-12-07;0;105
7;2025-12-07;1;25
7;2025-12-07;2;0
7;2025-12-07;3;0
7;2025-12-07;4;1
7;2025-12-07;5;30
7;2025-12-07;6;132
7;2025-12-07;7;177
7;2025-12-07;8;400
7;2025-12-07;9;529
7;2025-12-07;10;410
7;2025-12-07;11;609
7;2025-12-07;12;658
7;2025-12-07;13;654
7;2025-12-07;14;683
7;2025-12-07;15;740
7;2025-12-07;16;637
7;2025-12-07;17;648
7;2025-12-07;18;673
7;2025-12-07;19;498
7;2025-12-07;20;412
7;2025-12-07;21;302
7;2025-12-07;22;156
7;2025-12-07;23;125
7;2025-12-08;0;61
7;2025-12-08;1;11
7;2025-12-08;2;0
7;2025-12-08;3;0
7;2025-12-08;4;1
7;2025-12-08;5;191
7;2025-12-08;6;588
7;2025-12-08;7;1647
7;2025-12-08;8;2670
7;2025-12-08;9;1843
7;2025-12-08;10;1661
7;2025-12-08;11;1576
7;2025-12-08;12;1567
7;2025-12-08;13;1589
7;2025-12-08;14;1623
7;2025-12-08;15;1784
7;2025-12-08;16;1827
7;2025-12-08;17;2547
7;2025-12-08;18;2633
7;2025-12-08;19;1778
7;2025-12-08;20;1083
7;2025-12-08;21;612
7;2025-12-08;22;296
7;2025-12-08;23;153
7;2025-12-09;0;60
7;2025-12-09;1;13
7;2025-12-09;2;0
7;2025-12-09;3;0
7;2025-12-09;4;2
7;2025-12-09;5;192
7;2025-12-09;6;610
7;2025-12-09;7;1665
7;2025-12-09;8;2561
7;2025-12-09;9;1936
7;2025-12-09;10;1737
7;2025-12-09;11;1618
7;2025-12-09;12;1808
7;2025-12-09;13;1630
7;2025-12-09;14;1741
7;2025-12-09;15;1841
7;2025-12-09;16;1918
7;2025-12-09;17;2454
7;2025-12-09;18;2697
7;2025-12-09;19;1766
7;2025-12-09;20;1107
7;2025-12-09;21;658
7;2025-12-09;22;313
7;2025-12-09;23;211
7;2025-12-10;0;60
7;2025-12-10;1;13
7;2025-12-10;2;0
7;2025-12-10;3;0
7;2025-12-10;4;2
7;2025-12-10;5;192
7;2025-12-10;6;610
7;2025-12-10;7;1665
7;2025-12-10;8;2561
7;2025-12-10;9;1936
7;2025-12-10;10;1737
7;2025-12-10;11;1618
7;2025-12-10;12;1808
7;2025-12-10;13;1630
7;2025-12-10;14;1741
7;2025-12-10;15;1841
7;2025-12-10;16;1918
7;2025-12-10;17;2454
7;2025-12-10;18;2697
7;2025-12-10;19;1766
7;2025-12-10;20;1107
7;2025-12-10;21;658
7;2025-12-10;22;313
7;2025-12-10;23;211
7;2025-12-11;0;60
7;2025-12-11;1;13
7;2025-12-11;2;0
7;2025-12-11;3;0
7;2025-12-11;4;2
7;2025-12-11;5;192
7;2025-12-11;6;610
7;2025-12-11;7;1665
7;2025-12-11;8;2561
7;2025-12-11;9;1936
7;2025-12-11;10;1737
7;2025-12-11;11;1618
7;2025-12-11;12;1808
7;2025-12-11;13;1630
7;2025-12-11;14;1741
7;2025-12-11;15;1841
7;2025-12-11;16;1918
7;2025-12-11;17;2454
7;2025-12-11;18;2697
7;2025-12-11;19;1766
7;2025-12-11;20;1107
7;2025-12-11;21;658
7;2025-12-11;22;313
7;2025-12-11;23;211
7;2025-12-12;0;78
7;2025-12-12;1;15
7;2025-12-12;2;1
7;2025-12-12;3;0
7;2025-12-12;4;2
7;2025-12-12;5;177
7;2025-12-12;6;605
7;2025-12-12;7;1516
7;2025-12-12;8;2297
7;2025-12-12;9;1706
7;2025-12-12;10;1748
7;2025-12-12;11;1602
7;2025-12-12;12;1689
7;2025-12-12;13;1709
7;2025-12-12;14;1763
7;2025-12-12;15;1912
7;2025-12-12;16;2133
7;2025-12-12;17;2354
7;2025-12-12;18;2028
7;2025-12-12;19;1381
7;2025-12-12;20;996
7;2025-12-12;21;601
7;2025-12-12;22;331
7;2025-12-12;23;251
7;2025-12-13;0;126
7;2025-12-13;1;28
7;2025-12-13;2;0
7;2025-12-13;3;0
7;2025-12-13;4;1
7;2025-12-13;5;51
7;2025-12-13;6;277
7;2025-12-13;7;308
7;2025-12-13;8;735
7;2025-12-13;9;592
7;2025-12-13;10;658
7;2025-12-13;11;698
7;2025-12-13;12;972
7;2025-12-13;13;914
7;2025-12-13;14;873
7;2025-12-13;15;856
7;2025-12-13;16;856
7;2025-12-13;17;843
7;2025-12-13;18;792
7;2025-12-13;19;627
7;2025-12-13;20;555
7;2025-12-13;21;388
7;2025-12-13;22;218
7;2025-12-13;23;177
7;2025-12-14;0;105
7;2025-12-14;1;25
7;2025-12-14;2;0
7;2025-12-14;3;0
7;2025-12-14;4;1
7;2025-12-14;5;30
7;2025-12-14;6;132
7;2025-12-14;7;177
7;2025-12-14;8;400
7;2025-12-14;9;529
7;2025-12-14;10;410
7;2025-12-14;11;609
7;2025-12-14;12;658
7;2025-12-14;13;654
7;2025-12-14;14;683
7;2025-12-14;15;740
7;2025-12-14;16;637
7;2025-12-14;17;648
7;2025-12-14;18;673
7;2025-12-14;19;498
7;2025-12-14;20;412
7;2025-12-14;21;302
7;2025-12-14;22;156
7;2025-12-14;23;125
7;2025-12-15;0;61
7;2025-12-15;1;11
7;2025-12-15;2;0
7;2025-12-15;3;0
7;2025-12-15;4;1
7;2025-12-15;5;191
7;2025-12-15;6;588
7;2025-12-15;7;1647
7;2025-12-15;8;2670
7;2025-12-15;9;1843
7;2025-12-15;10;1661
7;2025-12-15;11;1576
7;2025-12-15;12;1567
7;2025-12-15;13;1589
7;2025-12-15;14;1623
7;2025-12-15;15;1784
7;2025-12-15;16;1827
7;2025-12-15;17;2547
7;2025-12-15;18;2633
7;2025-12-15;19;1778
7;2025-12-15;20;1083
7;2025-12-15;21;612
7;2025-12-15;22;296
7;2025-12-15;23;153
7;2025-12-16;0;60
7;2025-12-16;1;13
7;2025-12-16;2;0
7;2025-12-16;3;0
7;2025-12-16;4;2
7;2025-12-16;5;192
7;2025-12-16;6;610
7;2025-12-16;7;1665
7;2025-12-16;8;2561
7;2025-12-16;9;1936
7;2025-12-16;10;1737
7;2025-12-16;11;1618
7;2025-12-16;12;1808
7;2025-12-16;13;1630
7;2025-12-16;14;1741
7;2025-12-16;15;1841
7;2025-12-16;16;1918
7;2025-12-16;17;2454
7;2025-12-16;18;2697
7;2025-12-16;19;1766
7;2025-12-16;20;1107
7;2025-12-16;21;658
7;2025-12-16;22;313
7;2025-12-16;23;211
7;2025-12-17;0;60
7;2025-12-17;1;13
7;2025-12-17;2;0
7;2025-12-17;3;0
7;2025-12-17;4;2
7;2025-12-17;5;192
7;2025-12-17;6;610
7;2025-12-17;7;1665
7;2025-12-17;8;2561
7;2025-12-17;9;1936
7;2025-12-17;10;1737
7;2025-12-17;11;1618
7;2025-12-17;12;1808
7;2025-12-17;13;1630
7;2025-12-17;14;1741
7;2025-12-17;15;1841
7;2025-12-17;16;1918
7;2025-12-17;17;2454
7;2025-12-17;18;2697
7;2025-12-17;19;1766
7;2025-12-17;20;1107
7;2025-12-17;21;658
7;2025-12-17;22;313
7;2025-12-17;23;211
7;2025-12-18;0;60
7;2025-12-18;1;13
7;2025-12-18;2;0
7;2025-12-18;3;0
7;2025-12-18;4;2
7;2025-12-18;5;192
7;2025-12-18;6;610
7;2025-12-18;7;1665
7;2025-12-18;8;2561
7;2025-12-18;9;1936
7;2025-12-18;10;1737
7;2025-12-18;11;1618
7;2025-12-18;12;1808
7;2025-12-18;13;1630
7;2025-12-18;14;1741
7;2025-12-18;15;1841
7;2025-12-18;16;1918
7;2025-12-18;17;2454
7;2025-12-18;18;2697
7;2025-12-18;19;1766
7;2025-12-18;20;1107
7;2025-12-18;21;658
7;2025-12-18;22;313
7;2025-12-18;23;211
7;2025-12-19;0;78
7;2025-12-19;1;15
7;2025-12-19;2;1
7;2025-12-19;3;0
7;2025-12-19;4;2
7;2025-12-19;5;177
7;2025-12-19;6;605
7;2025-12-19;7;1516
7;2025-12-19;8;2297
7;2025-12-19;9;1706
7;2025-12-19;10;1748
7;2025-12-19;11;1602
7;2025-12-19;12;1689
7;2025-12-19;13;1709
7;2025-12-19;14;1763
7;2025-12-19;15;1912
7;2025-12-19;16;2133
7;2025-12-19;17;2354
7;2025-12-19;18;2028
7;2025-12-19;19;1381
7;2025-12-19;20;996
7;2025-12-19;21;601
7;2025-12-19;22;331
7;2025-12-19;23;251
7;2025-12-20;0;126
7;2025-12-20;1;28
7;2025-12-20;2;0
7;2025-12-20;3;0
7;2025-12-20;4;1
7;2025-12-20;5;51
7;2025-12-20;6;277
7;2025-12-20;7;308
7;2025-12-20;8;735
7;2025-12-20;9;592
7;2025-12-20;10;658
7;2025-12-20;11;698
7;2025-12-20;12;972
7;2025-12-20;13;914
7;2025-12-20;14;873
7;2025-12-20;15;856
7;2025-12-20;16;856
7;2025-12-20;17;843
7;2025-12-20;18;792
7;2025-12-20;19;627
7;2025-12-20;20;555
7;2025-12-20;21;388
7;2025-12-20;22;218
7;2025-12-20;23;177
7;2025-12-21;0;105
7;2025-12-21;1;25
7;2025-12-21;2;0
7;2025-12-21;3;0
7;2025-12-21;4;1
7;2025-12-21;5;30
7;2025-12-21;6;132
7;2025-12-21;7;177
7;2025-12-21;8;400
7;2025-12-21;9;529
7;2025-12-21;10;410
7;2025-12-21;11;609
7;2025-12-21;12;658
7;2025-12-21;13;654
7;2025-12-21;14;683
7;2025-12-21;15;740
7;2025-12-21;16;637
7;2025-12-21;17;648
7;2025-12-21;18;673
7;2025-12-21;19;498
7;2025-12-21;20;412
7;2025-12-21;21;302
7;2025-12-21;22;156
7;2025-12-21;23;125
7;2025-12-22;0;61
7;2025-12-22;1;11
7;2025-12-22;2;0
7;2025-12-22;3;0
7;2025-12-22;4;1
7;2025-12-22;5;191
7;2025-12-22;6;588
7;2025-12-22;7;1647
7;2025-12-22;8;2670
7;2025-12-22;9;1843
7;2025-12-22;10;1661
7;2025-12-22;11;1576
7;2025-12-22;12;1567
7;2025-12-22;13;1589
7;2025-12-22;14;1623
7;2025-12-22;15;1784
7;2025-12-22;16;1827
7;2025-12-22;17;2547
7;2025-12-22;18;2633
7;2025-12-22;19;1778
7;2025-12-22;20;1083
7;2025-12-22;21;612
7;2025-12-22;22;296
7;2025-12-22;23;153
7;2025-12-23;0;60
7;2025-12-23;1;13
7;2025-12-23;2;0
7;2025-12-23;3;0
7;2025-12-23;4;2
7;2025-12-23;5;192
7;2025-12-23;6;610
7;2025-12-23;7;1665
7;2025-12-23;8;2561
7;2025-12-23;9;1936
7;2025-12-23;10;1737
7;2025-12-23;11;1618
7;2025-12-23;12;1808
7;2025-12-23;13;1630
7;2025-12-23;14;1741
7;2025-12-23;15;1841
7;2025-12-23;16;1918
7;2025-12-23;17;2454
7;2025-12-23;18;2697
7;2025-12-23;19;1766
7;2025-12-23;20;1107
7;2025-12-23;21;658
7;2025-12-23;22;313
7;2025-12-23;23;211
7;2025-12-24;0;60
7;2025-12-24;1;13
7;2025-12-24;2;0
7;2025-12-24;3;0
7;2025-12-24;4;2
7;2025-12-24;5;192
7;2025-12-24;6;610
7;2025-12-24;7;1665
7;2025-12-24;8;2561
7;2025-12-24;9;1936
7;2025-12-24;10;1737
7;2025-12-24;11;1618
7;2025-12-24;12;1808
7;2025-12-24;13;1630
7;2025-12-24;14;1741
7;2025-12-24;15;1841
7;2025-12-24;16;1918
7;2025-12-24;17;2454
7;2025-12-24;18;2697
7;2025-12-24;19;1766
7;2025-12-24;20;1107
7;2025-12-24;21;658
7;2025-12-24;22;313
7;2025-12-24;23;211
7;2025-12-25;0;60
7;2025-12-25;1;13
7;2025-12-25;2;0
7;2025-12-25;3;0
7;2025-12-25;4;2
7;2025-12-25;5;192
7;2025-12-25;6;610
7;2025-12-25;7;1665
7;2025-12-25;8;2561
7;2025-12-25;9;1936
7;2025-12-25;10;1737
7;2025-12-25;11;1618
7;2025-12-25;12;1808
7;2025-12-25;13;1630
7;2025-12-25;14;1741
7;2025-12-25;15;1841
7;2025-12-25;16;1918
7;2025-12-25;17;2454
7;2025-12-25;18;2697
7;2025-12-25;19;1766
7;2025-12-25;20;1107
7;2025-12-25;21;658
7;2025-12-25;22;313
7;2025-12-25;23;211
7;2025-12-26;0;78
7;2025-12-26;1;15
7;2025-12-26;2;1
7;2025-12-26;3;0
7;2025-12-26;4;2
7;2025-12-26;5;177
7;2025-12-26;6;605
7;2025-12-26;7;1516
7;2025-12-26;8;2297
7;2025-12-26;9;1706
7;2025-12-26;10;1748
7;2025-12-26;11;1602
7;2025-12-26;12;1689
7;2025-12-26;13;1709
7;2025-12-26;14;1763
7;2025-12-26;15;1912
7;2025-12-26;16;2133
7;2025-12-26;17;2354
7;2025-12-26;18;2028
7;2025-12-26;19;1381
7;2025-12-26;20;996
7;2025-12-26;21;601
7;2025-12-26;22;331
7;2025-12-26;23;251
7;2025-12-27;0;126
7;2025-12-27;1;28
7;2025-12-27;2;0
7;2025-12-27;3;0
7;2025-12-27;4;1
7;2025-12-27;5;51
7;2025-12-27;6;277
7;2025-12-27;7;308
7;2025-12-27;8;735
7;2025-12-27;9;592
7;2025-12-27;10;658
7;2025-12-27;11;698
7;2025-12-27;12;972
7;2025-12-27;13;914
7;2025-12-27;14;873
7;2025-12-27;15;856
7;2025-12-27;16;856
7;2025-12-27;17;843
7;2025-12-27;18;792
7;2025-12-27;19;627
7;2025-12-27;20;555
7;2025-12-27;21;388
7;2025-12-27;22;218
7;2025-12-27;23;177
7;2025-12-28;0;105
7;2025-12-28;1;25
7;2025-12-28;2;0
7;2025-12-28;3;0
7;2025-12-28;4;1
7;2025-12-28;5;30
7;2025-12-28;6;132
7;2025-12-28;7;177
7;2025-12-28;8;400
7;2025-12-28;9;529
7;2025-12-28;10;410
7;2025-12-28;11;609
7;2025-12-28;12;658
7;2025-12-28;13;654
7;2025-12-28;14;683
7;2025-12-28;15;740
7;2025-12-28;16;637
7;2025-12-28;17;648
7;2025-12-28;18;673
7;2025-12-28;19;498
7;2025-12-28;20;412
7;2025-12-28;21;302
7;2025-12-28;22;156
7;2025-12-28;23;125
7;2025-12-29;0;67
7;2025-12-29;1;13
7;2025-12-29;2;0
7;2025-12-29;3;0
7;2025-12-29;4;2
7;2025-12-29;5;152
7;2025-12-29;6;520
7;2025-12-29;7;1304
7;2025-12-29;8;1976
7;2025-12-29;9;1467
7;2025-12-29;10;1503
7;2025-12-29;11;1378
7;2025-12-29;12;1452
7;2025-12-29;13;1469
7;2025-12-29;14;1516
7;2025-12-29;15;1644
7;2025-12-29;16;1835
7;2025-12-29;17;2024
7;2025-12-29;18;1744
7;2025-12-29;19;1187
7;2025-12-29;20;857
7;2025-12-29;21;517
7;2025-12-29;22;284
7;2025-12-29;23;216
7;2025-12-30;0;67
7;2025-12-30;1;13
7;2025-12-30;2;0
7;2025-12-30;3;0
7;2025-12-30;4;2
7;2025-12-30;5;152
7;2025-12-30;6;520
7;2025-12-30;7;1304
7;2025-12-30;8;1976
7;2025-12-30;9;1467
7;2025-12-30;10;1503
7;2025-12-30;11;1378
7;2025-12-30;12;1452
7;2025-12-30;13;1469
7;2025-12-30;14;1516
7;2025-12-30;15;1644
7;2025-12-30;16;1835
7;2025-12-30;17;2024
7;2025-12-30;18;1744
7;2025-12-30;19;1187
7;2025-12-30;20;857
7;2025-12-30;21;517
7;2025-12-30;22;284
7;2025-12-30;23;216
7;2025-12-31;0;107
7;2025-12-31;1;24
7;2025-12-31;2;0
7;2025-12-31;3;0
7;2025-12-31;4;1
7;2025-12-31;5;44
7;2025-12-31;6;235
7;2025-12-31;7;262
7;2025-12-31;8;625
7;2025-12-31;9;504
7;2025-12-31;10;559
7;2025-12-31;11;593
7;2025-12-31;12;826
7;2025-12-31;13;777
7;2025-12-31;14;742
7;2025-12-31;15;728
7;2025-12-31;16;727
7;2025-12-31;17;716
7;2025-12-31;18;673
7;2025-12-31;19;293
7;2025-12-31;20;260
7;2025-12-31;21;181
7;2025-12-31;22;102
7;2025-12-31;23;83
11;2025-11-01;0;60
11;2025-11-01;1;2
11;2025-11-01;2;0
11;2025-11-01;3;0
11;2025-11-01;4;0
11;2025-11-01;5;223
11;2025-11-01;6;1134
11;2025-11-01;7;2117
11;2025-11-01;8;2872
11;2025-11-01;9;1941
11;2025-11-01;10;1611
11;2025-11-01;11;1523
11;2025-11-01;12;1655
11;2025-11-01;13;1626
11;2025-11-01;14;1809
11;2025-11-01;15;1796
11;2025-11-01;16;1993
11;2025-11-01;17;2525
11;2025-11-01;18;2109
11;2025-11-01;19;1580
11;2025-11-01;20;1149
11;2025-11-01;21;716
11;2025-11-01;22;324
11;2025-11-01;23;291
11;2025-11-02;0;117
11;2025-11-02;1;16
11;2025-11-02;2;0
11;2025-11-02;3;0
11;2025-11-02;4;0
11;2025-11-02;5;111
11;2025-11-02;6;513
11;2025-11-02;7;509
11;2025-11-02;8;714
11;2025-11-02;9;971
11;2025-11-02;10;1075
11;2025-11-02;11;1577
11;2025-11-02;12;1654
11;2025-11-02;13;1598
11;2025-11-02;14;1710
11;2025-11-02;15;1678
11;2025-11-02;16;1581
11;2025-11-02;17;1759
11;2025-11-02;18;1294
11;2025-11-02;19;1032
11;2025-11-02;20;797
11;2025-11-02;21;610
11;2025-11-02;22;357
11;2025-11-02;23;248
11;2025-11-03;0;113
11;2025-11-03;1;15
11;2025-11-03;2;0
11;2025-11-03;3;0
11;2025-11-03;4;0
11;2025-11-03;5;107
11;2025-11-03;6;497
11;2025-11-03;7;492
11;2025-11-03;8;691
11;2025-11-03;9;939
11;2025-11-03;10;1039
11;2025-11-03;11;1525
11;2025-11-03;12;1600
11;2025-11-03;13;1545
11;2025-11-03;14;1654
11;2025-11-03;15;1623
11;2025-11-03;16;1529
11;2025-11-03;17;1701
11;2025-11-03;18;1251
11;2025-11-03;19;998
11;2025-11-03;20;770
11;2025-11-03;21;590
11;2025-11-03;22;345
11;2025-11-03;23;240
11;2025-11-04;0;113
11;2025-11-04;1;15
11;2025-11-04;2;0
11;2025-11-04;3;0
11;2025-11-04;4;0
11;2025-11-04;5;107
11;2025-11-04;6;497
11;2025-11-04;7;492
11;2025-11-04;8;691
11;2025-11-04;9;939
11;2025-11-04;10;1039
11;2025-11-04;11;1525
11;2025-11-04;12;1600
11;2025-11-04;13;1545
11;2025-11-04;14;1654
11;2025-11-04;15;1623
11;2025-11-04;16;1529
11;2025-11-04;17;1701
11;2025-11-04;18;1251
11;2025-11-04;19;998
11;2025-11-04;20;770
11;2025-11-04;21;590
11;2025-11-04;22;345
11;2025-11-04;23;240
11;2025-11-05;0;58
11;2025-11-05;1;0
11;2025-11-05;2;0
11;2025-11-05;3;0
11;2025-11-05;4;0
11;2025-11-05;5;248
11;2025-11-05;6;1316
11;2025-11-05;7;2537
11;2025-11-05;8;3278
11;2025-11-05;9;2510
11;2025-11-05;10;2080
11;2025-11-05;11;1956
11;2025-11-05;12;2013
11;2025-11-05;13;2139
11;2025-11-05;14;2093
11;2025-11-05;15;1966
11;2025-11-05;16;2220
11;2025-11-05;17;2826
11;2025-11-05;18;3126
11;2025-11-05;19;2302
11;2025-11-05;20;1468
11;2025-11-05;21;810
11;2025-11-05;22;392
11;2025-11-05;23;242
11;2025-11-06;0;58
11;2025-11-06;1;0
11;2025-11-06;2;0
11;2025-11-06;3;0
11;2025-11-06;4;0
11;2025-11-06;5;248
11;2025-11-06;6;1316
11;2025-11-06;7;2537
11;2025-11-06;8;3278
11;2025-11-06;9;2510
11;2025-11-06;10;2080
11;2025-11-06;11;1956
11;2025-11-06;12;2013
11;2025-11-06;13;2139
11;2025-11-06;14;2093
11;2025-11-06;15;1966
11;2025-11-06;16;2220
11;2025-11-06;17;2826
11;2025-11-06;18;3126
11;2025-11-06;19;2302
11;2025-11-06;20;1468
11;2025-11-06;21;810
11;2025-11-06;22;392
11;2025-11-06;23;242
11;2025-11-07;0;71
11;2025-11-07;1;3
11;2025-11-07;2;0
11;2025-11-07;3;0
11;2025-11-07;4;0
11;2025-11-07;5;263
11;2025-11-07;6;1334
11;2025-11-07;7;2491
11;2025-11-07;8;3378
11;2025-11-07;9;2284
11;2025-11-07;10;1895
11;2025-11-07;11;1791
11;2025-11-07;12;1947
11;2025-11-07;13;1913
11;2025-11-07;14;2128
11;2025-11-07;15;2113
11;2025-11-07;16;2344
11;2025-11-07;17;2970
11;2025-11-07;18;2482
11;2025-11-07;19;1859
11;2025-11-07;20;1351
11;2025-11-07;21;843
11;2025-11-07;22;381
11;2025-11-07;23;343
11;2025-11-08;0;111
11;2025-11-08;1;1
11;2025-11-08;2;0
11;2025-11-08;3;0
11;2025-11-08;4;0
11;2025-11-08;5;173
11;2025-11-08;6;863
11;2025-11-08;7;784
11;2025-11-08;8;1077
11;2025-11-08;9;1205
11;2025-11-08;10;1439
11;2025-11-08;11;1773
11;2025-11-08;12;2021
11;2025-11-08;13;1880
11;2025-11-08;14;2131
11;2025-11-08;15;1973
11;2025-11-08;16;1849
11;2025-11-08;17;1958
11;2025-11-08;18;1554
11;2025-11-08;19;1513
11;2025-11-08;20;1012
11;2025-11-08;21;733
11;2025-11-08;22;428
11;2025-11-08;23;286
11;2025-11-09;0;117
11;2025-11-09;1;16
11;2025-11-09;2;0
11;2025-11-09;3;0
11;2025-11-09;4;0
11;2025-11-09;5;111
11;2025-11-09;6;513
11;2025-11-09;7;509
11;2025-11-09;8;714
11;2025-11-09;9;971
11;2025-11-09;10;1075
11;2025-11-09;11;1577
11;2025-11-09;12;1654
11;2025-11-09;13;1598
11;2025-11-09;14;1710
11;2025-11-09;15;1678
11;2025-11-09;16;1581
11;2025-11-09;17;1759
11;2025-11-09;18;1294
11;2025-11-09;19;1032
11;2025-11-09;20;797
11;2025-11-09;21;610
11;2025-11-09;22;357
11;2025-11-09;23;248
11;2025-11-10;0;74
11;2025-11-10;1;13
11;2025-11-10;2;0
11;2025-11-10;3;0
11;2025-11-10;4;1
11;2025-11-10;5;240
11;2025-11-10;6;1365
11;2025-11-10;7;2417
11;2025-11-10;8;3237
11;2025-11-10;9;2399
11;2025-11-10;10;1928
11;2025-11-10;11;1913
11;2025-11-10;12;1839
11;2025-11-10;13;1898
11;2025-11-10;14;2033
11;2025-11-10;15;2113
11;2025-11-10;16;2251
11;2025-11-10;17;2822
11;2025-11-10;18;2987
11;2025-11-10;19;2191
11;2025-11-10;20;1188
11;2025-11-10;21;779
11;2025-11-10;22;328
11;2025-11-10;23;206
11;2025-11-11;0;58
11;2025-11-11;1;0
11;2025-11-11;2;0
11;2025-11-11;3;0
11;2025-11-11;4;0
11;2025-11-11;5;248
11;2025-11-11;6;1316
11;2025-11-11;7;2537
11;2025-11-11;8;3278
11;2025-11-11;9;2510
11;2025-11-11;10;2080
11;2025-11-11;11;1956
11;2025-11-11;12;2013
11;2025-11-11;13;2139
11;2025-11-11;14;2093
11;2025-11-11;15;1966
11;2025-11-11;16;2220
11;2025-11-11;17;2826
11;2025-11-11;18;3126
11;2025-11-11;19;2302
11;2025-11-11;20;1468
11;2025-11-11;21;810
11;2025-11-11;22;392
11;2025-11-11;23;242
11;2025-11-12;0;58
11;2025-11-12;1;0
11;2025-11-12;2;0
11;2025-11-12;3;0
11;2025-11-12;4;0
11;2025-11-12;5;248
11;2025-11-12;6;1316
11;2025-11-12;7;2537
11;2025-11-12;8;3278
11;2025-11-12;9;2510
11;2025-11-12;10;2080
11;2025-11-12;11;1956
11;2025-11-12;12;2013
11;2025-11-12;13;2139
11;2025-11-12;14;2093
11;2025-11-12;15;1966
11;2025-11-12;16;2220
11;2025-11-12;17;2826
11;2025-11-12;18;3126
11;2025-11-12;19;2302
11;2025-11-12;20;1468
11;2025-11-12;21;810
11;2025-11-12;22;392
11;2025-11-12;23;242
11;2025-11-13;0;58
11;2025-11-13;1;0
11;2025-11-13;2;0
11;2025-11-13;3;0
11;2025-11-13;4;0
11;2025-11-13;5;248
11;2025-11-13;6;1316
11;2025-11-13;7;2537
11;2025-11-13;8;3278
11;2025-11-13;9;2510
11;2025-11-13;10;2080
11;2025-11-13;11;1956
11;2025-11-13;12;2013
11;2025-11-13;13;2139
11;2025-11-13;14;2093
11;2025-11-13;15;1966
11;2025-11-13;16;2220
11;2025-11-13;17;2826
11;2025-11-13;18;3126
11;2025-11-13;19;2302
11;2025-11-13;20;1468
11;2025-11-13;21;810
11;2025-11-13;22;392
11;2025-11-13;23;242
11;2025-11-14;0;71
11;2025-11-14;1;3
11;2025-11-14;2;0
11;2025-11-14;3;0
11;2025-11-14;4;0
11;2025-11-14;5;263
11;2025-11-14;6;1334
11;2025-11-14;7;2491
11;2025-11-14;8;3378
11;2025-11-14;9;2284
11;2025-11-14;10;1895
11;2025-11-14;11;1791
11;2025-11-14;12;1947
11;2025-11-14;13;1913
11;2025-11-14;14;2128
11;2025-11-14;15;2113
11;2025-11-14;16;2344
11;2025-11-14;17;2970
11;2025-11-14;18;2482
11;2025-11-14;19;1859
11;2025-11-14;20;1351
11;2025-11-14;21;843
11;2025-11-14;22;381
11;2025-11-14;23;343
11;2025-11-15;0;105
11;2025-11-15;1;1
11;2025-11-15;2;0
11;2025-11-15;3;0
11;2025-11-15;4;0
11;2025-11-15;5;164
11;2025-11-15;6;819
11;2025-11-15;7;744
11;2025-11-15;8;1021
11;2025-11-15;9;1143
11;2025-11-15;10;1365
11;2025-11-15;11;1681
11;2025-11-15;12;1917
11;2025-11-15;13;1783
11;2025-11-15;14;2021
11;2025-11-15;15;1871
11;2025-11-15;16;1754
11;2025-11-15;17;1857
11;2025-11-15;18;1474
11;2025-11-15;19;1435
11;2025-11-15;20;959
11;2025-11-15;21;696
11;2025-11-15;22;406
11;2025-11-15;23;271
11;2025-11-16;0;117
11;2025-11-16;1;16
11;2025-11-16;2;0
11;2025-11-16;3;0
11;2025-11-16;4;0
11;2025-11-16;5;111
11;2025-11-16;6;513
11;2025-11-16;7;509
11;2025-11-16;8;714
11;2025-11-16;9;971
11;2025-11-16;10;1075
11;2025-11-16;11;1577
11;2025-11-16;12;1654
11;2025-11-16;13;1598
11;2025-11-16;14;1710
11;2025-11-16;15;1678
11;2025-11-16;16;1581
11;2025-11-16;17;1759
11;2025-11-16;18;1294
11;2025-11-16;19;1032
11;2025-11-16;20;797
11;2025-11-16;21;610
11;2025-11-16;22;357
11;2025-11-16;23;248
11;2025-11-17;0;74
11;2025-11-17;1;13
11;2025-11-17;2;0
11;2025-11-17;3;0
11;2025-11-17;4;1
11;2025-11-17;5;240
11;2025-11-17;6;1365
11;2025-11-17;7;2417
11;2025-11-17;8;3237
11;2025-11-17;9;2399
11;2025-11-17;10;1928
11;2025-11-17;11;1913
11;2025-11-17;12;1839
11;2025-11-17;13;1898
11;2025-11-17;14;2033
11;2025-11-17;15;2113
11;2025-11-17;16;2251
11;2025-11-17;17;2822
11;2025-11-17;18;2987
11;2025-11-17;19;2191
11;2025-11-17;20;1188
11;2025-11-17;21;779
11;2025-11-17;22;328
11;2025-11-17;23;206
11;2025-11-18;0;58
11;2025-11-18;1;0
11;2025-11-18;2;0
11;2025-11-18;3;0
11;2025-11-18;4;0
11;2025-11-18;5;248
11;2025-11-18;6;1316
11;2025-11-18;7;2537
11;2025-11-18;8;3278
11;2025-11-18;9;2510
11;2025-11-18;10;2080
11;2025-11-18;11;1956
11;2025-11-18;12;2013
11;2025-11-18;13;2139
11;2025-11-18;14;2093
11;2025-11-18;15;1966
11;2025-11-18;16;2220
11;2025-11-18;17;2826
11;2025-11-18;18;3126
11;2025-11-18;19;2302
11;2025-11-18;20;1468
11;2025-11-18;21;810
11;2025-11-18;22;392
11;2025-11-18;23;242
11;2025-11-19;0;58
11;2025-11-19;1;0
11;2025-11-19;2;0
11;2025-11-19;3;0
11;2025-11-19;4;0
11;2025-11-19;5;248
11;2025-11-19;6;1316
11;2025-11-19;7;2537
11;2025-11-19;8;3278
11;2025-11-19;9;2510
11;2025-11-19;10;2080
11;2025-11-19;11;1956
11;2025-11-19;12;2013
11;2025-11-19;13;2139
11;2025-11-19;14;2093
11;2025-11-19;15;1966
11;2025-11-19;16;2220
11;2025-11-19;17;2826
11;2025-11-19;18;3126
11;2025-11-19;19;2302
11;2025-11-19;20;1468
11;2025-11-19;21;810
11;2025-11-19;22;392
11;2025-11-19;23;242
11;2025-11-20;0;58
11;2025-11-20;1;0
11;2025-11-20;2;0
11;2025-11-20;3;0
11;2025-11-20;4;0
11;2025-11-20;5;248
11;2025-11-20;6;1316
11;2025-11-20;7;2537
11;2025-11-20;8;3278
11;2025-11-20;9;2510
11;2025-11-20;10;2080
11;2025-11-20;11;1956
11;2025-11-20;12;2013
11;2025-11-20;13;2139
11;2025-11-20;14;2093
11;2025-11-20;15;1966
11;2025-11-20;16;2220
11;2025-11-20;17;2826
11;2025-11-20;18;3126
11;2025-11-20;19;2302
11;2025-11-20;20;1468
11;2025-11-20;21;810
11;2025-11-20;22;392
11;2025-11-20;23;242
11;2025-11-21;0;71
11;2025-11-21;1;3
11;2025-11-21;2;0
11;2025-11-21;3;0
11;2025-11-21;4;0
11;2025-11-21;5;263
11;2025-11-21;6;1334
11;2025-11-21;7;2491
11;2025-11-21;8;3378
11;2025-11-21;9;2284
11;2025-11-21;10;1895
11;2025-11-21;11;1791
11;2025-11-21;12;1947
11;2025-11-21;13;1913
11;2025-11-21;14;2128
11;2025-11-21;15;2113
11;2025-11-21;16;2344
11;2025-11-21;17;2970
11;2025-11-21;18;2482
11;2025-11-21;19;1859
11;2025-11-21;20;1351
11;2025-11-21;21;843
11;2025-11-21;22;381
11;2025-11-21;23;343
11;2025-11-22;0;111
11;2025-11-22;1;1
11;2025-11-22;2;0
11;2025-11-22;3;0
11;2025-11-22;4;0
11;2025-11-22;5;173
11;2025-11-22;6;863
11;2025-11-22;7;784
11;2025-11-22;8;1077
11;2025-11-22;9;1205
11;2025-11-22;10;1439
11;2025-11-22;11;1773
11;2025-11-22;12;2021
11;2025-11-22;13;1880
11;2025-11-22;14;2131
11;2025-11-22;15;1973
11;2025-11-22;16;1849
11;2025-11-22;17;1958
11;2025-11-22;18;1554
11;2025-11-22;19;1513
11;2025-11-22;20;1012
11;2025-11-22;21;733
11;2025-11-22;22;428
11;2025-11-22;23;286
11;2025-11-23;0;117
11;2025-11-23;1;16
11;2025-11-23;2;0
11;2025-11-23;3;0
11;2025-11-23;4;0
11;2025-11-23;5;111
11;2025-11-23;6;513
11;2025-11-23;7;509
11;2025-11-23;8;714
11;2025-11-23;9;971
11;2025-11-23;10;1075
11;2025-11-23;11;1577
11;2025-11-23;12;1654
11;2025-11-23;13;1598
11;2025-11-23;14;1710
11;2025-11-23;15;1678
11;2025-11-23;16;1581
11;2025-11-23;17;1759
11;2025-11-23;18;1294
11;2025-11-23;19;1032
11;2025-11-23;20;797
11;2025-11-23;21;610
11;2025-11-23;22;357
11;2025-11-23;23;248
11;2025-11-24;0;74
11;2025-11-24;1;13
11;2025-11-24;2;0
11;2025-11-24;3;0
11;2025-11-24;4;1
11;2025-11-24;5;240
11;2025-11-24;6;1365
11;2025-11-24;7;2417
11;2025-11-24;8;3237
11;2025-11-24;9;2399
11;2025-11-24;10;1928
11;2025-11-24;11;1913
11;2025-11-24;12;1839
11;2025-11-24;13;1898
11;2025-11-24;14;2033
11;2025-11-24;15;2113
11;2025-11-24;16;2251
11;2025-11-24;17;2822
11;2025-11-24;18;2987
11;2025-11-24;19;2191
11;2025-11-24;20;1188
11;2025-11-24;21;779
11;2025-11-24;22;328
11;2025-11-24;23;206
11;2025-11-25;0;58
11;2025-11-25;1;0
11;2025-11-25;2;0
11;2025-11-25;3;0
11;2025-11-25;4;0
11;2025-11-25;5;248
11;2025-11-25;6;1316
11;2025-11-25;7;2537
11;2025-11-25;8;3278
11;2025-11-25;9;2510
11;2025-11-25;10;2080
11;2025-11-25;11;1956
11;2025-11-25;12;2013
11;2025-11-25;13;2139
11;2025-11-25;14;2093
11;2025-11-25;15;1966
11;2025-11-25;16;2220
11;2025-11-25;17;2826
11;2025-11-25;18;3126
11;2025-11-25;19;2302
11;2025-11-25;20;1468
11;2025-11-25;21;810
11;2025-11-25;22;392
11;2025-11-25;23;242
11;2025-11-26;0;58
11;2025-11-26;1;0
11;2025-11-26;2;0
11;2025-11-26;3;0
11;2025-11-26;4;0
11;2025-11-26;5;248
11;2025-11-26;6;1316
11;2025-11-26;7;2537
11;2025-11-26;8;3278
11;2025-11-26;9;2510
11;2025-11-26;10;2080
11;2025-11-26;11;1956
11;2025-11-26;12;2013
11;2025-11-26;13;2139
11;2025-11-26;14;2093
11;2025-11-26;15;1966
11;2025-11-26;16;2220
11;2025-11-26;17;2826
11;2025-11-26;18;3126
11;2025-11-26;19;2302
11;2025-11-26;20;1468
11;2025-11-26;21;810
11;2025-11-26;22;392
11;2025-11-26;23;242
11;2025-11-27;0;58
11;2025-11-27;1;0
11;2025-11-27;2;0
11;2025-11-27;3;0
11;2025-11-27;4;0
11;2025-11-27;5;248
11;2025-11-27;6;1316
11;2025-11-27;7;2537
11;2025-11-27;8;3278
11;2025-11-27;9;2510
11;2025-11-27;10;2080
11;2025-11-27;11;1956
11;2025-11-27;12;2013
11;2025-11-27;13;2139
11;2025-11-27;14;2093
11;2025-11-27;15;1966
11;2025-11-27;16;2220
11;2025-11-27;17;2826
11;2025-11-27;18;3126
11;2025-11-27;19;2302
11;2025-11-27;20;1468
11;2025-11-27;21;810
11;2025-11-27;22;392
11;2025-11-27;23;242
11;2025-11-28;0;71
11;2025-11-28;1;3
11;2025-11-28;2;0
11;2025-11-28;3;0
11;2025-11-28;4;0
11;2025-11-28;5;263
11;2025-11-28;6;1334
11;2025-11-28;7;2491
11;2025-11-28;8;3378
11;2025-11-28;9;2284
11;2025-11-28;10;1895
11;2025-11-28;11;1791
11;2025-11-28;12;1947
11;2025-11-28;13;1913
11;2025-11-28;14;2128
11;2025-11-28;15;2113
11;2025-11-28;16;2344
11;2025-11-28;17;2970
11;2025-11-28;18;2482
11;2025-11-28;19;1859
11;2025-11-28;20;1351
11;2025-11-28;21;843
11;2025-11-28;22;381
11;2025-11-28;23;343
11;2025-11-29;0;111
11;2025-11-29;1;1
11;2025-11-29;2;0
11;2025-11-29;3;0
11;2025-11-29;4;0
11;2025-11-29;5;173
11;2025-11-29;6;863
11;2025-11-29;7;784
11;2025-11-29;8;1077
11;2025-11-29;9;1205
11;2025-11-29;10;1439
11;2025-11-29;11;1773
11;2025-11-29;12;2021
11;2025-11-29;13;1880
11;2025-11-29;14;2131
11;2025-11-29;15;1973
11;2025-11-29;16;1849
11;2025-11-29;17;1958
11;2025-11-29;18;1554
11;2025-11-29;19;1513
11;2025-11-29;20;1012
11;2025-11-29;21;733
11;2025-11-29;22;428
11;2025-11-29;23;286
11;2025-11-30;0;117
11;2025-11-30;1;16
11;2025-11-30;2;0
11;2025-11-30;3;0
11;2025-11-30;4;0
11;2025-11-30;5;111
11;2025-11-30;6;513
11;2025-11-30;7;509
11;2025-11-30;8;714
11;2025-11-30;9;971
11;2025-11-30;10;1075
11;2025-11-30;11;1577
11;2025-11-30;12;1654
11;2025-11-30;13;1598
11;2025-11-30;14;1710
11;2025-11-30;15;1678
11;2025-11-30;16;1581
11;2025-11-30;17;1759
11;2025-11-30;18;1294
11;2025-11-30;19;1032
11;2025-11-30;20;797
11;2025-11-30;21;610
11;2025-11-30;22;357
11;2025-11-30;23;248
11;2025-12-01;0;74
11;2025-12-01;1;13
11;2025-12-01;2;0
11;2025-12-01;3;0
11;2025-12-01;4;1
11;2025-12-01;5;240
11;2025-12-01;6;1365
11;2025-12-01;7;2417
11;2025-12-01;8;3237
11;2025-12-01;9;2399
11;2025-12-01;10;1928
11;2025-12-01;11;1913
11;2025-12-01;12;1839
11;2025-12-01;13;1898
11;2025-12-01;14;2033
11;2025-12-01;15;2113
11;2025-12-01;16;2251
11;2025-12-01;17;2822
11;2025-12-01;18;2987
11;2025-12-01;19;2191
11;2025-12-01;20;1188
11;2025-12-01;21;779
11;2025-12-01;22;328
11;2025-12-01;23;206
11;2025-12-02;0;58
11;2025-12-02;1;0
11;2025-12-02;2;0
11;2025-12-02;3;0
11;2025-12-02;4;0
11;2025-12-02;5;248
11;2025-12-02;6;1316
11;2025-12-02;7;2537
11;2025-12-02;8;3278
11;2025-12-02;9;2510
11;2025-12-02;10;2080
11;2025-12-02;11;1956
11;2025-12-02;12;2013
11;2025-12-02;13;2139
11;2025-12-02;14;2093
11;2025-12-02;15;1966
11;2025-12-02;16;2220
11;2025-12-02;17;2826
11;2025-12-02;18;3126
11;2025-12-02;19;2302
11;2025-12-02;20;1468
11;2025-12-02;21;810
11;2025-12-02;22;392
11;2025-12-02;23;242
11;2025-12-03;0;58
11;2025-12-03;1;0
11;2025-12-03;2;0
11;2025-12-03;3;0
11;2025-12-03;4;0
11;2025-12-03;5;248
11;2025-12-03;6;1316
11;2025-12-03;7;2537
11;2025-12-03;8;3278
11;2025-12-03;9;2510
11;2025-12-03;10;2080
11;2025-12-03;11;1956
11;2025-12-03;12;2013
11;2025-12-03;13;2139
11;2025-12-03;14;2093
11;2025-12-03;15;1966
11;2025-12-03;16;2220
11;2025-12-03;17;2826
11;2025-12-03;18;3126
11;2025-12-03;19;2302
11;2025-12-03;20;1468
11;2025-12-03;21;810
11;2025-12-03;22;392
11;2025-12-03;23;242
11;2025-12-04;0;58
11;2025-12-04;1;0
11;2025-12-04;2;0
11;2025-12-04;3;0
11;2025-12-04;4;0
11;2025-12-04;5;248
11;2025-12-04;6;1316
11;2025-12-04;7;2537
11;2025-12-04;8;3278
11;2025-12-04;9;2510
11;2025-12-04;10;2080
11;2025-12-04;11;1956
11;2025-12-04;12;2013
11;2025-12-04;13;2139
11;2025-12-04;14;2093
11;2025-12-04;15;1966
11;2025-12-04;16;2220
11;2025-12-04;17;2826
11;2025-12-04;18;3126
11;2025-12-04;19;2302
11;2025-12-04;20;1468
11;2025-12-04;21;810
11;2025-12-04;22;392
11;2025-12-04;23;242
11;2025-12-05;0;71
11;2025-12-05;1;3
11;2025-12-05;2;0
11;2025-12-05;3;0
11;2025-12-05;4;0
11;2025-12-05;5;263
11;2025-12-05;6;1334
11;2025-12-05;7;2491
11;2025-12-05;8;3378
11;2025-12-05;9;2284
11;2025-12-05;10;1895
11;2025-12-05;11;1791
11;2025-12-05;12;1947
11;2025-12-05;13;1913
11;2025-12-05;14;2128
11;2025-12-05;15;2113
11;2025-12-05;16;2344
11;2025-12-05;17;2970
11;2025-12-05;18;2482
11;2025-12-05;19;1859
11;2025-12-05;20;1351
11;2025-12-05;21;843
11;2025-12-05;22;381
11;2025-12-05;23;343
11;2025-12-06;0;111
11;2025-12-06;1;1
11;2025-12-06;2;0
11;2025-12-06;3;0
11;2025-12-06;4;0
11;2025-12-06;5;173
11;2025-12-06;6;863
11;2025-12-06;7;784
11;2025-12-06;8;1077
11;2025-12-06;9;1205
11;2025-12-06;10;1439
11;2025-12-06;11;1773
11;2025-12-06;12;2021
11;2025-12-06;13;1880
11;2025-12-06;14;2131
11;2025-12-06;15;1973
11;2025-12-06;16;1849
11;2025-12-06;17;1958
11;2025-12-06;18;1554
11;2025-12-06;19;1513
11;2025-12-06;20;1012
11;2025-12-06;21;733
11;2025-12-06;22;428
11;2025-12-06;23;286
11;2025-12-07;0;117
11;2025-12-07;1;16
11;2025-12-07;2;0
11;2025-12-07;3;0
11;2025-12-07;4;0
11;2025-12-07;5;111
11;2025-12-07;6;513
11;2025-12-07;7;509
11;2025-12-07;8;714
11;2025-12-07;9;971
11;2025-12-07;10;1075
11;2025-12-07;11;1577
11;2025-12-07;12;1654
11;2025-12-07;13;1598
11;2025-12-07;14;1710
11;2025-12-07;15;1678
11;2025-12-07;16;1581
11;2025-12-07;17;1759
11;2025-12-07;18;1294
11;2025-12-07;19;1032
11;2025-12-07;20;797
11;2025-12-07;21;610
11;2025-12-07;22;357
11;2025-12-07;23;248
11;2025-12-08;0;74
11;2025-12-08;1;13
11;2025-12-08;2;0
11;2025-12-08;3;0
11;2025-12-08;4;1
11;2025-12-08;5;240
11;2025-12-08;6;1365
11;2025-12-08;7;2417
11;2025-12-08;8;3237
11;2025-12-08;9;2399
11;2025-12-08;10;1928
11;2025-12-08;11;1913
11;2025-12-08;12;1839
11;2025-12-08;13;1898
11;2025-12-08;14;2033
11;2025-12-08;15;2113
11;2025-12-08;16;2251
11;2025-12-08;17;2822
11;2025-12-08;18;2987
11;2025-12-08;19;2191
11;2025-12-08;20;1188
11;2025-12-08;21;779
11;2025-12-08;22;328
11;2025-12-08;23;206
11;2025-12-09;0;58
11;2025-12-09;1;0
11;2025-12-09;2;0
11;2025-12-09;3;0
11;2025-12-09;4;0
11;2025-12-09;5;248
11;2025-12-09;6;1316
11;2025-12-09;7;2537
11;2025-12-09;8;3278
11;2025-12-09;9;2510
11;2025-12-09;10;2080
11;2025-12-09;11;1956
11;2025-12-09;12;2013
11;2025-12-09;13;2139
11;2025-12-09;14;2093
11;2025-12-09;15;1966
11;2025-12-09;16;2220
11;2025-12-09;17;2826
11;2025-12-09;18;3126
11;2025-12-09;19;2302
11;2025-12-09;20;1468
11;2025-12-09;21;810
11;2025-12-09;22;392
11;2025-12-09;23;242
11;2025-12-10;0;58
11;2025-12-10;1;0
11;2025-12-10;2;0
11;2025-12-10;3;0
11;2025-12-10;4;0
11;2025-12-10;5;248
11;2025-12-10;6;1316
11;2025-12-10;7;2537
11;2025-12-10;8;3278
11;2025-12-10;9;2510
11;2025-12-10;10;2080
11;2025-12-10;11;1956
11;2025-12-10;12;2013
11;2025-12-10;13;2139
11;2025-12-10;14;2093
11;2025-12-10;15;1966
11;2025-12-10;16;2220
11;2025-12-10;17;2826
11;2025-12-10;18;3126
11;2025-12-10;19;2302
11;2025-12-10;20;1468
11;2025-12-10;21;810
11;2025-12-10;22;392
11;2025-12-10;23;242
11;2025-12-11;0;58
11;2025-12-11;1;0
11;2025-12-11;2;0
11;2025-12-11;3;0
11;2025-12-11;4;0
11;2025-12-11;5;248
11;2025-12-11;6;1316
11;2025-12-11;7;2537
11;2025-12-11;8;3278
11;2025-12-11;9;2510
11;2025-12-11;10;2080
11;2025-12-11;11;1956
11;2025-12-11;12;2013
11;2025-12-11;13;2139
11;2025-12-11;14;2093
11;2025-12-11;15;1966
11;2025-12-11;16;2220
11;2025-12-11;17;2826
11;2025-12-11;18;3126
11;2025-12-11;19;2302
11;2025-12-11;20;1468
11;2025-12-11;21;810
11;2025-12-11;22;392
11;2025-12-11;23;242
11;2025-12-12;0;71
11;2025-12-12;1;3
11;2025-12-12;2;0
11;2025-12-12;3;0
11;2025-12-12;4;0
11;2025-12-12;5;263
11;2025-12-12;6;1334
11;2025-12-12;7;2491
11;2025-12-12;8;3378
11;2025-12-12;9;2284
11;2025-12-12;10;1895
11;2025-12-12;11;1791
11;2025-12-12;12;1947
11;2025-12-12;13;1913
11;2025-12-12;14;2128
11;2025-12-12;15;2113
11;2025-12-12;16;2344
11;2025-12-12;17;2970
11;2025-12-12;18;2482
11;2025-12-12;19;1859
11;2025-12-12;20;1351
11;2025-12-12;21;843
11;2025-12-12;22;381
11;2025-12-12;23;343
11;2025-12-13;0;111
11;2025-12-13;1;1
11;2025-12-13;2;0
11;2025-12-13;3;0
11;2025-12-13;4;0
11;2025-12-13;5;173
11;2025-12-13;6;863
11;2025-12-13;7;784
11;2025-12-13;8;1077
11;2025-12-13;9;1205
11;2025-12-13;10;1439
11;2025-12-13;11;1773
11;2025-12-13;12;2021
11;2025-12-13;13;1880
11;2025-12-13;14;2131
11;2025-12-13;15;1973
11;2025-12-13;16;1849
11;2025-12-13;17;1958
11;2025-12-13;18;1554
11;2025-12-13;19;1513
11;2025-12-13;20;1012
11;2025-12-13;21;733
11;2025-12-13;22;428
11;2025-12-13;23;286
11;2025-12-14;0;117
11;2025-12-14;1;16
11;2025-12-14;2;0
11;2025-12-14;3;0
11;2025-12-14;4;0
11;2025-12-14;5;111
11;2025-12-14;6;513
11;2025-12-14;7;509
11;2025-12-14;8;714
11;2025-12-14;9;971
11;2025-12-14;10;1075
11;2025-12-14;11;1577
11;2025-12-14;12;1654
11;2025-12-14;13;1598
11;2025-12-14;14;1710
11;2025-12-14;15;1678
11;2025-12-14;16;1581
11;2025-12-14;17;1759
11;2025-12-14;18;1294
11;2025-12-14;19;1032
11;2025-12-14;20;797
11;2025-12-14;21;610
11;2025-12-14;22;357
11;2025-12-14;23;248
11;2025-12-15;0;74
11;2025-12-15;1;13
11;2025-12-15;2;0
11;2025-12-15;3;0
11;2025-12-15;4;1
11;2025-12-15;5;240
11;2025-12-15;6;1365
11;2025-12-15;7;2417
11;2025-12-15;8;3237
11;2025-12-15;9;2399
11;2025-12-15;10;1928
11;2025-12-15;11;1913
11;2025-12-15;12;1839
11;2025-12-15;13;1898
11;2025-12-15;14;2033
11;2025-12-15;15;2113
11;2025-12-15;16;2251
11;2025-12-15;17;2822
11;2025-12-15;18;2987
11;2025-12-15;19;2191
11;2025-12-15;20;1188
11;2025-12-15;21;779
11;2025-12-15;22;328
11;2025-12-15;23;206
11;2025-12-16;0;58
11;2025-12-16;1;0
11;2025-12-16;2;0
11;2025-12-16;3;0
11;2025-12-16;4;0
11;2025-12-16;5;248
11;2025-12-16;6;1316
11;2025-12-16;7;2537
11;2025-12-16;8;3278
11;2025-12-16;9;2510
11;2025-12-16;10;2080
11;2025-12-16;11;1956
11;2025-12-16;12;2013
11;2025-12-16;13;2139
11;2025-12-16;14;2093
11;2025-12-16;15;1966
11;2025-12-16;16;2220
11;2025-12-16;17;2826
11;2025-12-16;18;3126
11;2025-12-16;19;2302
11;2025-12-16;20;1468
11;2025-12-16;21;810
11;2025-12-16;22;392
11;2025-12-16;23;242
11;2025-12-17;0;58
11;2025-12-17;1;0
11;2025-12-17;2;0
11;2025-12-17;3;0
11;2025-12-17;4;0
11;2025-12-17;5;248
11;2025-12-17;6;1316
11;2025-12-17;7;2537
11;2025-12-17;8;3278
11;2025-12-17;9;2510
11;2025-12-17;10;2080
11;2025-12-17;11;1956
11;2025-12-17;12;2013
11;2025-12-17;13;2139
11;2025-12-17;14;2093
11;2025-12-17;15;1966
11;2025-12-17;16;2220
11;2025-12-17;17;2826
11;2025-12-17;18;3126
11;2025-12-17;19;2302
11;2025-12-17;20;1468
11;2025-12-17;21;810
11;2025-12-17;22;392
11;2025-12-17;23;242
11;2025-12-18;0;58
11;2025-12-18;1;0
11;2025-12-18;2;0
11;2025-12-18;3;0
11;2025-12-18;4;0
11;2025-12-18;5;248
11;2025-12-18;6;1316
11;2025-12-18;7;2537
11;2025-12-18;8;3278
11;2025-12-18;9;2510
11;2025-12-18;10;2080
11;2025-12-18;11;1956
11;2025-12-18;12;2013
11;2025-12-18;13;2139
11;2025-12-18;14;2093
11;2025-12-18;15;1966
11;2025-12-18;16;2220
11;2025-12-18;17;2826
11;2025-12-18;18;3126
11;2025-12-18;19;2302
11;2025-12-18;20;1468
11;2025-12-18;21;810
11;2025-12-18;22;392
11;2025-12-18;23;242
11;2025-12-19;0;71
11;2025-12-19;1;3
11;2025-12-19;2;0
11;2025-12-19;3;0
11;2025-12-19;4;0
11;2025-12-19;5;263
11;2025-12-19;6;1334
11;2025-12-19;7;2491
11;2025-12-19;8;3378
11;2025-12-19;9;2284
11;2025-12-19;10;1895
11;2025-12-19;11;1791
11;2025-12-19;12;1947
11;2025-12-19;13;1913
11;2025-12-19;14;2128
11;2025-12-19;15;2113
11;2025-12-19;16;2344
11;2025-12-19;17;2970
11;2025-12-19;18;2482
11;2025-12-19;19;1859
11;2025-12-19;20;1351
11;2025-12-19;21;843
11;2025-12-19;22;381
11;2025-12-19;23;343
11;2025-12-20;0;111
11;2025-12-20;1;1
11;2025-12-20;2;0
11;2025-12-20;3;0
11;2025-12-20;4;0
11;2025-12-20;5;173
11;2025-12-20;6;863
11;2025-12-20;7;784
11;2025-12-20;8;1077
11;2025-12-20;9;1205
11;2025-12-20;10;1439
11;2025-12-20;11;1773
11;2025-12-20;12;2021
11;2025-12-20;13;1880
11;2025-12-20;14;2131
11;2025-12-20;15;1973
11;2025-12-20;16;1849
11;2025-12-20;17;1958
11;2025-12-20;18;1554
11;2025-12-20;19;1513
11;2025-12-20;20;1012
11;2025-12-20;21;733
11;2025-12-20;22;428
11;2025-12-20;23;286
11;2025-12-21;0;117
11;2025-12-21;1;16
11;2025-12-21;2;0
11;2025-12-21;3;0
11;2025-12-21;4;0
11;2025-12-21;5;111
11;2025-12-21;6;513
11;2025-12-21;7;509
11;2025-12-21;8;714
11;2025-12-21;9;971
11;2025-12-21;10;1075
11;2025-12-21;11;1577
11;2025-12-21;12;1654
11;2025-12-21;13;1598
11;2025-12-21;14;1710
11;2025-12-21;15;1678
11;2025-12-21;16;1581
11;2025-12-21;17;1759
11;2025-12-21;18;1294
11;2025-12-21;19;1032
11;2025-12-21;20;797
11;2025-12-21;21;610
11;2025-12-21;22;357
11;2025-12-21;23;248
11;2025-12-22;0;74
11;2025-12-22;1;13
11;2025-12-22;2;0
11;2025-12-22;3;0
11;2025-12-22;4;1
11;2025-12-22;5;240
11;2025-12-22;6;1365
11;2025-12-22;7;2417
11;2025-12-22;8;3237
11;2025-12-22;9;2399
11;2025-12-22;10;1928
11;2025-12-22;11;1913
11;2025-12-22;12;1839
11;2025-12-22;13;1898
11;2025-12-22;14;2033
11;2025-12-22;15;2113
11;2025-12-22;16;2251
11;2025-12-22;17;2822
11;2025-12-22;18;2987
11;2025-12-22;19;2191
11;2025-12-22;20;1188
11;2025-12-22;21;779
11;2025-12-22;22;328
11;2025-12-22;23;206
11;2025-12-23;0;58
11;2025-12-23;1;0
11;2025-12-23;2;0
11;2025-12-23;3;0
11;2025-12-23;4;0
11;2025-12-23;5;248
11;2025-12-23;6;1316
11;2025-12-23;7;2537
11;2025-12-23;8;3278
11;2025-12-23;9;2510
11;2025-12-23;10;2080
11;2025-12-23;11;1956
11;2025-12-23;12;2013
11;2025-12-23;13;2139
11;2025-12-23;14;2093
11;2025-12-23;15;1966
11;2025-12-23;16;2220
11;2025-12-23;17;2826
11;2025-12-23;18;3126
11;2025-12-23;19;2302
11;2025-12-23;20;1468
11;2025-12-23;21;810
11;2025-12-23;22;392
11;2025-12-23;23;242
11;2025-12-24;0;58
11;2025-12-24;1;0
11;2025-12-24;2;0
11;2025-12-24;3;0
11;2025-12-24;4;0
11;2025-12-24;5;248
11;2025-12-24;6;1316
11;2025-12-24;7;2537
11;2025-12-24;8;3278
11;2025-12-24;9;2510
11;2025-12-24;10;2080
11;2025-12-24;11;1956
11;2025-12-24;12;2013
11;2025-12-24;13;2139
11;2025-12-24;14;2093
11;2025-12-24;15;1966
11;2025-12-24;16;2220
11;2025-12-24;17;2826
11;2025-12-24;18;3126
11;2025-12-24;19;2302
11;2025-12-24;20;1468
11;2025-12-24;21;810
11;2025-12-24;22;392
11;2025-12-24;23;242
11;2025-12-25;0;58
11;2025-12-25;1;0
11;2025-12-25;2;0
11;2025-12-25;3;0
11;2025-12-25;4;0
11;2025-12-25;5;248
11;2025-12-25;6;1316
11;2025-12-25;7;2537
11;2025-12-25;8;3278
11;2025-12-25;9;2510
11;2025-12-25;10;2080
11;2025-12-25;11;1956
11;2025-12-25;12;2013
11;2025-12-25;13;2139
11;2025-12-25;14;2093
11;2025-12-25;15;1966
11;2025-12-25;16;2220
11;2025-12-25;17;2826
11;2025-12-25;18;3126
11;2025-12-25;19;2302
11;2025-12-25;20;1468
11;2025-12-25;21;810
11;2025-12-25;22;392
11;2025-12-25;23;242
11;2025-12-26;0;71
11;2025-12-26;1;3
11;2025-12-26;2;0
11;2025-12-26;3;0
11;2025-12-26;4;0
11;2025-12-26;5;263
11;2025-12-26;6;1334
11;2025-12-26;7;2491
11;2025-12-26;8;3378
11;2025-12-26;9;2284
11;2025-12-26;10;1895
11;2025-12-26;11;1791
11;2025-12-26;12;1947
11;2025-12-26;13;1913
11;2025-12-26;14;2128
11;2025-12-26;15;2113
11;2025-12-26;16;2344
11;2025-12-26;17;2970
11;2025-12-26;18;2482
11;2025-12-26;19;1859
11;2025-12-26;20;1351
11;2025-12-26;21;843
11;2025-12-26;22;381
11;2025-12-26;23;343
11;2025-12-27;0;111
11;2025-12-27;1;1
11;2025-12-27;2;0
11;2025-12-27;3;0
11;2025-12-27;4;0
11;2025-12-27;5;173
11;2025-12-27;6;863
11;2025-12-27;7;784
11;2025-12-27;8;1077
11;2025-12-27;9;1205
11;2025-12-27;10;1439
11;2025-12-27;11;1773
11;2025-12-27;12;2021
11;2025-12-27;13;1880
11;2025-12-27;14;2131
11;2025-12-27;15;1973
11;2025-12-27;16;1849
11;2025-12-27;17;1958
11;2025-12-27;18;1554
11;2025-12-27;19;1513
11;2025-12-27;20;1012
11;2025-12-27;21;733
11;2025-12-27;22;428
11;2025-12-27;23;286
11;2025-12-28;0;117
11;2025-12-28;1;16
11;2025-12-28;2;0
11;2025-12-28;3;0
11;2025-12-28;4;0
11;2025-12-28;5;111
11;2025-12-28;6;513
11;2025-12-28;7;509
11;2025-12-28;8;714
11;2025-12-28;9;971
11;2025-12-28;10;1075
11;2025-12-28;11;1577
11;2025-12-28;12;1654
11;2025-12-28;13;1598
11;2025-12-28;14;1710
11;2025-12-28;15;1678
11;2025-12-28;16;1581
11;2025-12-28;17;1759
11;2025-12-28;18;1294
11;2025-12-28;19;1032
11;2025-12-28;20;797
11;2025-12-28;21;610
11;2025-12-28;22;357
11;2025-12-28;23;248
11;2025-12-29;0;61
11;2025-12-29;1;2
11;2025-12-29;2;0
11;2025-12-29;3;0
11;2025-12-29;4;0
11;2025-12-29;5;226
11;2025-12-29;6;1148
11;2025-12-29;7;2142
11;2025-12-29;8;2905
11;2025-12-29;9;1964
11;2025-12-29;10;1630
11;2025-12-29;11;1541
11;2025-12-29;12;1674
11;2025-12-29;13;1645
11;2025-12-29;14;1830
11;2025-12-29;15;1817
11;2025-12-29;16;2016
11;2025-12-29;17;2554
11;2025-12-29;18;2134
11;2025-12-29;19;1599
11;2025-12-29;20;1162
11;2025-12-29;21;725
11;2025-12-29;22;327
11;2025-12-29;23;295
11;2025-12-30;0;61
11;2025-12-30;1;2
11;2025-12-30;2;0
11;2025-12-30;3;0
11;2025-12-30;4;0
11;2025-12-30;5;226
11;2025-12-30;6;1148
11;2025-12-30;7;2142
11;2025-12-30;8;2905
11;2025-12-30;9;1964
11;2025-12-30;10;1630
11;2025-12-30;11;1541
11;2025-12-30;12;1674
11;2025-12-30;13;1645
11;2025-12-30;14;1830
11;2025-12-30;15;1817
11;2025-12-30;16;2016
11;2025-12-30;17;2554
11;2025-12-30;18;2134
11;2025-12-30;19;1599
11;2025-12-30;20;1162
11;2025-12-30;21;725
11;2025-12-30;22;327
11;2025-12-30;23;295
11;2025-12-31;0;94
11;2025-12-31;1;1
11;2025-12-31;2;0
11;2025-12-31;3;0
11;2025-12-31;4;0
11;2025-12-31;5;147
11;2025-12-31;6;734
11;2025-12-31;7;667
11;2025-12-31;8;915
11;2025-12-31;9;1025
11;2025-12-31;10;1223
11;2025-12-31;11;1507
11;2025-12-31;12;1718
11;2025-12-31;13;1598
11;2025-12-31;14;1811
11;2025-12-31;15;1677
11;2025-12-31;16;1572
11;2025-12-31;17;1664
11;2025-12-31;18;1321
11;2025-12-31;19;707
11;2025-12-31;20;473
11;2025-12-31;21;343
11;2025-12-31;22;200
11;2025-12-31;23;134
12;2025-11-01;0;49
12;2025-11-01;1;1
12;2025-11-01;2;0
12;2025-11-01;3;0
12;2025-11-01;4;4
12;2025-11-01;5;290
12;2025-11-01;6;1256
12;2025-11-01;7;2408
12;2025-11-01;8;2973
12;2025-11-01;9;2231
12;2025-11-01;10;1678
12;2025-11-01;11;1667
12;2025-11-01;12;1704
12;2025-11-01;13;1930
12;2025-11-01;14;1746
12;2025-11-01;15;1960
12;2025-11-01;16;2575
12;2025-11-01;17;2573
12;2025-11-01;18;2258
12;2025-11-01;19;1861
12;2025-11-01;20;1218
12;2025-11-01;21;886
12;2025-11-01;22;444
12;2025-11-01;23;294
12;2025-11-02;0;87
12;2025-11-02;1;4
12;2025-11-02;2;0
12;2025-11-02;3;0
12;2025-11-02;4;3
12;2025-11-02;5;138
12;2025-11-02;6;545
12;2025-11-02;7;741
12;2025-11-02;8;756
12;2025-11-02;9;948
12;2025-11-02;10;1198
12;2025-11-02;11;1306
12;2025-11-02;12;1387
12;2025-11-02;13;1627
12;2025-11-02;14;1524
12;2025-11-02;15;1556
12;2025-11-02;16;1559
12;2025-11-02;17;1613
12;2025-11-02;18;1400
12;2025-11-02;19;1042
12;2025-11-02;20;812
12;2025-11-02;21;622
12;2025-11-02;22;406
12;2025-11-02;23;205
12;2025-11-03;0;84
12;2025-11-03;1;4
12;2025-11-03;2;0
12;2025-11-03;3;0
12;2025-11-03;4;3
12;2025-11-03;5;133
12;2025-11-03;6;527
12;2025-11-03;7;716
12;2025-11-03;8;731
12;2025-11-03;9;917
12;2025-11-03;10;1159
12;2025-11-03;11;1263
12;2025-11-03;12;1341
12;2025-11-03;13;1573
12;2025-11-03;14;1473
12;2025-11-03;15;1504
12;2025-11-03;16;1507
12;2025-11-03;17;1559
12;2025-11-03;18;1354
12;2025-11-03;19;1008
12;2025-11-03;20;785
12;2025-11-03;21;602
12;2025-11-03;22;393
12;2025-11-03;23;198
12;2025-11-04;0;84
12;2025-11-04;1;4
12;2025-11-04;2;0
12;2025-11-04;3;0
12;2025-11-04;4;3
12;2025-11-04;5;133
12;2025-11-04;6;527
12;2025-11-04;7;716
12;2025-11-04;8;731
12;2025-11-04;9;917
12;2025-11-04;10;1159
12;2025-11-04;11;1263
12;2025-11-04;12;1341
12;2025-11-04;13;1573
12;2025-11-04;14;1473
12;2025-11-04;15;1504
12;2025-11-04;16;1507
12;2025-11-04;17;1559
12;2025-11-04;18;1354
12;2025-11-04;19;1008
12;2025-11-04;20;785
12;2025-11-04;21;602
12;2025-11-04;22;393
12;2025-11-04;23;198
12;2025-11-05;0;57
12;2025-11-05;1;1
12;2025-11-05;2;0
12;2025-11-05;3;0
12;2025-11-05;4;7
12;2025-11-05;5;332
12;2025-11-05;6;1496
12;2025-11-05;7;2856
12;2025-11-05;8;3834
12;2025-11-05;9;2729
12;2025-11-05;10;2231
12;2025-11-05;11;2128
12;2025-11-05;12;2153
12;2025-11-05;13;2192
12;2025-11-05;14;2051
12;2025-11-05;15;2302
12;2025-11-05;16;2809
12;2025-11-05;17;3182
12;2025-11-05;18;3323
12;2025-11-05;19;2477
12;2025-11-05;20;1623
12;2025-11-05;21;1012
12;2025-11-05;22;513
12;2025-11-05;23;271
12;2025-11-06;0;57
12;2025-11-06;1;1
12;2025-11-06;2;0
12;2025-11-06;3;0
12;2025-11-06;4;7
12;2025-11-06;5;332
12;2025-11-06;6;1496
12;2025-11-06;7;2856
12;2025-11-06;8;3834
12;2025-11-06;9;2729
12;2025-11-06;10;2231
12;2025-11-06;11;2128
12;2025-11-06;12;2153
12;2025-11-06;13;2192
12;2025-11-06;14;2051
12;2025-11-06;15;2302
12;2025-11-06;16;2809
12;2025-11-06;17;3182
12;2025-11-06;18;3323
12;2025-11-06;19;2477
12;2025-11-06;20;1623
12;2025-11-06;21;1012
12;2025-11-06;22;513
12;2025-11-06;23;271
12;2025-11-07;0;58
12;2025-11-07;1;1
12;2025-11-07;2;0
12;2025-11-07;3;0
12;2025-11-07;4;5
12;2025-11-07;5;341
12;2025-11-07;6;1477
12;2025-11-07;7;2833
12;2025-11-07;8;3497
12;2025-11-07;9;2624
12;2025-11-07;10;1974
12;2025-11-07;11;1961
12;2025-11-07;12;2004
12;2025-11-07;13;2270
12;2025-11-07;14;2054
12;2025-11-07;15;2306
12;2025-11-07;16;3029
12;2025-11-07;17;3027
12;2025-11-07;18;2656
12;2025-11-07;19;2189
12;2025-11-07;20;1433
12;2025-11-07;21;1042
12;2025-11-07;22;522
12;2025-11-07;23;346
12;2025-11-08;0;71
12;2025-11-08;1;2
12;2025-11-08;2;0
12;2025-11-08;3;0
12;2025-11-08;4;2
12;2025-11-08;5;234
12;2025-11-08;6;830
12;2025-11-08;7;943
12;2025-11-08;8;1100
12;2025-11-08;9;1310
12;2025-11-08;10;1557
12;2025-11-08;11;1579
12;2025-11-08;12;1621
12;2025-11-08;13;1840
12;2025-11-08;14;1662
12;2025-11-08;15;1632
12;2025-11-08;16;1758
12;2025-11-08;17;1684
12;2025-11-08;18;1673
12;2025-11-08;19;1406
12;2025-11-08;20;988
12;2025-11-08;21;802
12;2025-11-08;22;408
12;2025-11-08;23;306
12;2025-11-09;0;87
12;2025-11-09;1;4
12;2025-11-09;2;0
12;2025-11-09;3;0
12;2025-11-09;4;3
12;2025-11-09;5;138
12;2025-11-09;6;545
12;2025-11-09;7;741
12;2025-11-09;8;756
12;2025-11-09;9;948
12;2025-11-09;10;1198
12;2025-11-09;11;1306
12;2025-11-09;12;1387
12;2025-11-09;13;1627
12;2025-11-09;14;1524
12;2025-11-09;15;1556
12;2025-11-09;16;1559
12;2025-11-09;17;1613
12;2025-11-09;18;1400
12;2025-11-09;19;1042
12;2025-11-09;20;812
12;2025-11-09;21;622
12;2025-11-09;22;406
12;2025-11-09;23;205
12;2025-11-10;0;55
12;2025-11-10;1;3
12;2025-11-10;2;0
12;2025-11-10;3;0
12;2025-11-10;4;7
12;2025-11-10;5;317
12;2025-11-10;6;1489
12;2025-11-10;7;2756
12;2025-11-10;8;3678
12;2025-11-10;9;2561
12;2025-11-10;10;2025
12;2025-11-10;11;1939
12;2025-11-10;12;2125
12;2025-11-10;13;2052
12;2025-11-10;14;2037
12;2025-11-10;15;2239
12;2025-11-10;16;2786
12;2025-11-10;17;3089
12;2025-11-10;18;3251
12;2025-11-10;19;2405
12;2025-11-10;20;1678
12;2025-11-10;21;993
12;2025-11-10;22;479
12;2025-11-10;23;242
12;2025-11-11;0;57
12;2025-11-11;1;1
12;2025-11-11;2;0
12;2025-11-11;3;0
12;2025-11-11;4;7
12;2025-11-11;5;332
12;2025-11-11;6;1496
12;2025-11-11;7;2856
12;2025-11-11;8;3834
12;2025-11-11;9;2729
12;2025-11-11;10;2231
12;2025-11-11;11;2128
12;2025-11-11;12;2153
12;2025-11-11;13;2192
12;2025-11-11;14;2051
12;2025-11-11;15;2302
12;2025-11-11;16;2809
12;2025-11-11;17;3182
12;2025-11-11;18;3323
12;2025-11-11;19;2477
12;2025-11-11;20;1623
12;2025-11-11;21;1012
12;2025-11-11;22;513
12;2025-11-11;23;271
12;2025-11-12;0;57
12;2025-11-12;1;1
12;2025-11-12;2;0
12;2025-11-12;3;0
12;2025-11-12;4;7
12;2025-11-12;5;332
12;2025-11-12;6;1496
12;2025-11-12;7;2856
12;2025-11-12;8;3834
12;2025-11-12;9;2729
12;2025-11-12;10;2231
12;2025-11-12;11;2128
12;2025-11-12;12;2153
12;2025-11-12;13;2192
12;2025-11-12;14;2051
12;2025-11-12;15;2302
12;2025-11-12;16;2809
12;2025-11-12;17;3182
12;2025-11-12;18;3323
12;2025-11-12;19;2477
12;2025-11-12;20;1623
12;2025-11-12;21;1012
12;2025-11-12;22;513
12;2025-11-12;23;271
12;2025-11-13;0;57
12;2025-11-13;1;1
12;2025-11-13;2;0
12;2025-11-13;3;0
12;2025-11-13;4;7
12;2025-11-13;5;332
12;2025-11-13;6;1496
12;2025-11-13;7;2856
12;2025-11-13;8;3834
12;2025-11-13;9;2729
12;2025-11-13;10;2231
12;2025-11-13;11;2128
12;2025-11-13;12;2153
12;2025-11-13;13;2192
12;2025-11-13;14;2051
12;2025-11-13;15;2302
12;2025-11-13;16;2809
12;2025-11-13;17;3182
12;2025-11-13;18;3323
12;2025-11-13;19;2477
12;2025-11-13;20;1623
12;2025-11-13;21;1012
12;2025-11-13;22;513
12;2025-11-13;23;271
12;2025-11-14;0;58
12;2025-11-14;1;1
12;2025-11-14;2;0
12;2025-11-14;3;0
12;2025-11-14;4;5
12;2025-11-14;5;341
12;2025-11-14;6;1477
12;2025-11-14;7;2833
12;2025-11-14;8;3497
12;2025-11-14;9;2624
12;2025-11-14;10;1974
12;2025-11-14;11;1961
12;2025-11-14;12;2004
12;2025-11-14;13;2270
12;2025-11-14;14;2054
12;2025-11-14;15;2306
12;2025-11-14;16;3029
12;2025-11-14;17;3027
12;2025-11-14;18;2656
12;2025-11-14;19;2189
12;2025-11-14;20;1433
12;2025-11-14;21;1042
12;2025-11-14;22;522
12;2025-11-14;23;346
12;2025-11-15;0;67
12;2025-11-15;1;2
12;2025-11-15;2;0
12;2025-11-15;3;0
12;2025-11-15;4;1
12;2025-11-15;5;222
12;2025-11-15;6;787
12;2025-11-15;7;895
12;2025-11-15;8;1043
12;2025-11-15;9;1242
12;2025-11-15;10;1476
12;2025-11-15;11;1497
12;2025-11-15;12;1537
12;2025-11-15;13;1745
12;2025-11-15;14;1576
12;2025-11-15;15;1548
12;2025-11-15;16;1667
12;2025-11-15;17;1597
12;2025-11-15;18;1586
12;2025-11-15;19;1334
12;2025-11-15;20;937
12;2025-11-15;21;760
12;2025-11-15;22;387
12;2025-11-15;23;291
12;2025-11-16;0;87
12;2025-11-16;1;4
12;2025-11-16;2;0
12;2025-11-16;3;0
12;2025-11-16;4;3
12;2025-11-16;5;138
12;2025-11-16;6;545
12;2025-11-16;7;741
12;2025-11-16;8;756
12;2025-11-16;9;948
12;2025-11-16;10;1198
12;2025-11-16;11;1306
12;2025-11-16;12;1387
12;2025-11-16;13;1627
12;2025-11-16;14;1524
12;2025-11-16;15;1556
12;2025-11-16;16;1559
12;2025-11-16;17;1613
12;2025-11-16;18;1400
12;2025-11-16;19;1042
12;2025-11-16;20;812
12;2025-11-16;21;622
12;2025-11-16;22;406
12;2025-11-16;23;205
12;2025-11-17;0;55
12;2025-11-17;1;3
12;2025-11-17;2;0
12;2025-11-17;3;0
12;2025-11-17;4;7
12;2025-11-17;5;317
12;2025-11-17;6;1489
12;2025-11-17;7;2756
12;2025-11-17;8;3678
12;2025-11-17;9;2561
12;2025-11-17;10;2025
12;2025-11-17;11;1939
12;2025-11-17;12;2125
12;2025-11-17;13;2052
12;2025-11-17;14;2037
12;2025-11-17;15;2239
12;2025-11-17;16;2786
12;2025-11-17;17;3089
12;2025-11-17;18;3251
12;2025-11-17;19;2405
12;2025-11-17;20;1678
12;2025-11-17;21;993
12;2025-11-17;22;479
12;2025-11-17;23;242
12;2025-11-18;0;57
12;2025-11-18;1;1
12;2025-11-18;2;0
12;2025-11-18;3;0
12;2025-11-18;4;7
12;2025-11-18;5;332
12;2025-11-18;6;1496
12;2025-11-18;7;2856
12;2025-11-18;8;3834
12;2025-11-18;9;2729
12;2025-11-18;10;2231
12;2025-11-18;11;2128
12;2025-11-18;12;2153
12;2025-11-18;13;2192
12;2025-11-18;14;2051
12;2025-11-18;15;2302
12;2025-11-18;16;2809
12;2025-11-18;17;3182
12;2025-11-18;18;3323
12;2025-11-18;19;2477
12;2025-11-18;20;1623
12;2025-11-18;21;1012
12;2025-11-18;22;513
12;2025-11-18;23;271
12;2025-11-19;0;57
12;2025-11-19;1;1
12;2025-11-19;2;0
12;2025-11-19;3;0
12;2025-11-19;4;7
12;2025-11-19;5;332
12;2025-11-19;6;1496
12;2025-11-19;7;2856
12;2025-11-19;8;3834
12;2025-11-19;9;2729
12;2025-11-19;10;2231
12;2025-11-19;11;2128
12;2025-11-19;12;2153
12;2025-11-19;13;2192
12;2025-11-19;14;2051
12;2025-11-19;15;2302
12;2025-11-19;16;2809
12;2025-11-19;17;3182
12;2025-11-19;18;3323
12;2025-11-19;19;2477
12;2025-11-19;20;1623
12;2025-11-19;21;1012
12;2025-11-19;22;513
12;2025-11-19;23;271
12;2025-11-20;0;57
12;2025-11-20;1;1
12;2025-11-20;2;0
12;2025-11-20;3;0
12;2025-11-20;4;7
12;2025-11-20;5;332
12;2025-11-20;6;1496
12;2025-11-20;7;2856
12;2025-11-20;8;3834
12;2025-11-20;9;2729
12;2025-11-20;10;2231
12;2025-11-20;11;2128
12;2025-11-20;12;2153
12;2025-11-20;13;2192
12;2025-11-20;14;2051
12;2025-11-20;15;2302
12;2025-11-20;16;2809
12;2025-11-20;17;3182
12;2025-11-20;18;3323
12;2025-11-20;19;2477
12;2025-11-20;20;1623
12;2025-11-20;21;1012
12;2025-11-20;22;513
12;2025-11-20;23;271
12;2025-11-21;0;58
12;2025-11-21;1;1
12;2025-11-21;2;0
12;2025-11-21;3;0
12;2025-11-21;4;5
12;2025-11-21;5;341
12;2025-11-21;6;1477
12;2025-11-21;7;2833
12;2025-11-21;8;3497
12;2025-11-21;9;2624
12;2025-11-21;10;1974
12;2025-11-21;11;1961
12;2025-11-21;12;2004
12;2025-11-21;13;2270
12;2025-11-21;14;2054
12;2025-11-21;15;2306
12;2025-11-21;16;3029
12;2025-11-21;17;3027
12;2025-11-21;18;2656
12;2025-11-21;19;2189
12;2025-11-21;20;1433
12;2025-11-21;21;1042
12;2025-11-21;22;522
12;2025-11-21;23;346
12;2025-11-22;0;71
12;2025-11-22;1;2
12;2025-11-22;2;0
12;2025-11-22;3;0
12;2025-11-22;4;2
12;2025-11-22;5;234
12;2025-11-22;6;830
12;2025-11-22;7;943
12;2025-11-22;8;1100
12;2025-11-22;9;1310
12;2025-11-22;10;1557
12;2025-11-22;11;1579
12;2025-11-22;12;1621
12;2025-11-22;13;1840
12;2025-11-22;14;1662
12;2025-11-22;15;1632
12;2025-11-22;16;1758
12;2025-11-22;17;1684
12;2025-11-22;18;1673
12;2025-11-22;19;1406
12;2025-11-22;20;988
12;2025-11-22;21;802
12;2025-11-22;22;408
12;2025-11-22;23;306
12;2025-11-23;0;87
12;2025-11-23;1;4
12;2025-11-23;2;0
12;2025-11-23;3;0
12;2025-11-23;4;3
12;2025-11-23;5;138
12;2025-11-23;6;545
12;2025-11-23;7;741
12;2025-11-23;8;756
12;2025-11-23;9;948
12;2025-11-23;10;1198
12;2025-11-23;11;1306
12;2025-11-23;12;1387
12;2025-11-23;13;1627
12;2025-11-23;14;1524
12;2025-11-23;15;1556
12;2025-11-23;16;1559
12;2025-11-23;17;1613
12;2025-11-23;18;1400
12;2025-11-23;19;1042
12;2025-11-23;20;812
12;2025-11-23;21;622
12;2025-11-23;22;406
12;2025-11-23;23;205
12;2025-11-24;0;55
12;2025-11-24;1;3
12;2025-11-24;2;0
12;2025-11-24;3;0
12;2025-11-24;4;7
12;2025-11-24;5;317
12;2025-11-24;6;1489
12;2025-11-24;7;2756
12;2025-11-24;8;3678
12;2025-11-24;9;2561
12;2025-11-24;10;2025
12;2025-11-24;11;1939
12;2025-11-24;12;2125
12;2025-11-24;13;2052
12;2025-11-24;14;2037
12;2025-11-24;15;2239
12;2025-11-24;16;2786
12;2025-11-24;17;3089
12;2025-11-24;18;3251
12;2025-11-24;19;2405
12;2025-11-24;20;1678
12;2025-11-24;21;993
12;2025-11-24;22;479
12;2025-11-24;23;242
12;2025-11-25;0;57
12;2025-11-25;1;1
12;2025-11-25;2;0
12;2025-11-25;3;0
12;2025-11-25;4;7
12;2025-11-25;5;332
12;2025-11-25;6;1496
12;2025-11-25;7;2856
12;2025-11-25;8;3834
12;2025-11-25;9;2729
12;2025-11-25;10;2231
12;2025-11-25;11;2128
12;2025-11-25;12;2153
12;2025-11-25;13;2192
12;2025-11-25;14;2051
12;2025-11-25;15;2302
12;2025-11-25;16;2809
12;2025-11-25;17;3182
12;2025-11-25;18;3323
12;2025-11-25;19;2477
12;2025-11-25;20;1623
12;2025-11-25;21;1012
12;2025-11-25;22;513
12;2025-11-25;23;271
12;2025-11-26;0;57
12;2025-11-26;1;1
12;2025-11-26;2;0
12;2025-11-26;3;0
12;2025-11-26;4;7
12;2025-11-26;5;332
12;2025-11-26;6;1496
12;2025-11-26;7;2856
12;2025-11-26;8;3834
12;2025-11-26;9;2729
12;2025-11-26;10;2231
12;2025-11-26;11;2128
12;2025-11-26;12;2153
12;2025-11-26;13;2192
12;2025-11-26;14;2051
12;2025-11-26;15;2302
12;2025-11-26;16;2809
12;2025-11-26;17;3182
12;2025-11-26;18;3323
12;2025-11-26;19;2477
12;2025-11-26;20;1623
12;2025-11-26;21;1012
12;2025-11-26;22;513
12;2025-11-26;23;271
12;2025-11-27;0;57
12;2025-11-27;1;1
12;2025-11-27;2;0
12;2025-11-27;3;0
12;2025-11-27;4;7
12;2025-11-27;5;332
12;2025-11-27;6;1496
12;2025-11-27;7;2856
12;2025-11-27;8;3834
12;2025-11-27;9;2729
12;2025-11-27;10;2231
12;2025-11-27;11;2128
12;2025-11-27;12;2153
12;2025-11-27;13;2192
12;2025-11-27;14;2051
12;2025-11-27;15;2302
12;2025-11-27;16;2809
12;2025-11-27;17;3182
12;2025-11-27;18;3323
12;2025-11-27;19;2477
12;2025-11-27;20;1623
12;2025-11-27;21;1012
12;2025-11-27;22;513
12;2025-11-27;23;271
12;2025-11-28;0;58
12;2025-11-28;1;1
12;2025-11-28;2;0
12;2025-11-28;3;0
12;2025-11-28;4;5
12;2025-11-28;5;341
12;2025-11-28;6;1477
12;2025-11-28;7;2833
12;2025-11-28;8;3497
12;2025-11-28;9;2624
12;2025-11-28;10;1974
12;2025-11-28;11;1961
12;2025-11-28;12;2004
12;2025-11-28;13;2270
12;2025-11-28;14;2054
12;2025-11-28;15;2306
12;2025-11-28;16;3029
12;2025-11-28;17;3027
12;2025-11-28;18;2656
12;2025-11-28;19;2189
12;2025-11-28;20;1433
12;2025-11-28;21;1042
12;2025-11-28;22;522
12;2025-11-28;23;346
12;2025-11-29;0;71
12;2025-11-29;1;2
12;2025-11-29;2;0
12;2025-11-29;3;0
12;2025-11-29;4;2
12;2025-11-29;5;234
12;2025-11-29;6;830
12;2025-11-29;7;943
12;2025-11-29;8;1100
12;2025-11-29;9;1310
12;2025-11-29;10;1557
12;2025-11-29;11;1579
12;2025-11-29;12;1621
12;2025-11-29;13;1840
12;2025-11-29;14;1662
12;2025-11-29;15;1632
12;2025-11-29;16;1758
12;2025-11-29;17;1684
12;2025-11-29;18;1673
12;2025-11-29;19;1406
12;2025-11-29;20;988
12;2025-11-29;21;802
12;2025-11-29;22;408
12;2025-11-29;23;306
12;2025-11-30;0;87
12;2025-11-30;1;4
12;2025-11-30;2;0
12;2025-11-30;3;0
12;2025-11-30;4;3
12;2025-11-30;5;138
12;2025-11-30;6;545
12;2025-11-30;7;741
12;2025-11-30;8;756
12;2025-11-30;9;948
12;2025-11-30;10;1198
12;2025-11-30;11;1306
12;2025-11-30;12;1387
12;2025-11-30;13;1627
12;2025-11-30;14;1524
12;2025-11-30;15;1556
12;2025-11-30;16;1559
12;2025-11-30;17;1613
12;2025-11-30;18;1400
12;2025-11-30;19;1042
12;2025-11-30;20;812
12;2025-11-30;21;622
12;2025-11-30;22;406
12;2025-11-30;23;205
12;2025-12-01;0;55
12;2025-12-01;1;3
12;2025-12-01;2;0
12;2025-12-01;3;0
12;2025-12-01;4;7
12;2025-12-01;5;317
12;2025-12-01;6;1489
12;2025-12-01;7;2756
12;2025-12-01;8;3678
12;2025-12-01;9;2561
12;2025-12-01;10;2025
12;2025-12-01;11;1939
12;2025-12-01;12;2125
12;2025-12-01;13;2052
12;2025-12-01;14;2037
12;2025-12-01;15;2239
12;2025-12-01;16;2786
12;2025-12-01;17;3089
12;2025-12-01;18;3251
12;2025-12-01;19;2405
12;2025-12-01;20;1678
12;2025-12-01;21;993
12;2025-12-01;22;479
12;2025-12-01;23;242
12;2025-12-02;0;57
12;2025-12-02;1;1
12;2025-12-02;2;0
12;2025-12-02;3;0
12;2025-12-02;4;7
12;2025-12-02;5;332
12;2025-12-02;6;1496
12;2025-12-02;7;2856
12;2025-12-02;8;3834
12;2025-12-02;9;2729
12;2025-12-02;10;2231
12;2025-12-02;11;2128
12;2025-12-02;12;2153
12;2025-12-02;13;2192
12;2025-12-02;14;2051
12;2025-12-02;15;2302
12;2025-12-02;16;2809
12;2025-12-02;17;3182
12;2025-12-02;18;3323
12;2025-12-02;19;2477
12;2025-12-02;20;1623
12;2025-12-02;21;1012
12;2025-12-02;22;513
12;2025-12-02;23;271
12;2025-12-03;0;57
12;2025-12-03;1;1
12;2025-12-03;2;0
12;2025-12-03;3;0
12;2025-12-03;4;7
12;2025-12-03;5;332
12;2025-12-03;6;1496
12;2025-12-03;7;2856
12;2025-12-03;8;3834
12;2025-12-03;9;2729
12;2025-12-03;10;2231
12;2025-12-03;11;2128
12;2025-12-03;12;2153
12;2025-12-03;13;2192
12;2025-12-03;14;2051
12;2025-12-03;15;2302
12;2025-12-03;16;2809
12;2025-12-03;17;3182
12;2025-12-03;18;3323
12;2025-12-03;19;2477
12;2025-12-03;20;1623
12;2025-12-03;21;1012
12;2025-12-03;22;513
12;2025-12-03;23;271
12;2025-12-04;0;57
12;2025-12-04;1;1
12;2025-12-04;2;0
12;2025-12-04;3;0
12;2025-12-04;4;7
12;2025-12-04;5;332
12;2025-12-04;6;1496
12;2025-12-04;7;2856
12;2025-12-04;8;3834
12;2025-12-04;9;2729
12;2025-12-04;10;2231
12;2025-12-04;11;2128
12;2025-12-04;12;2153
12;2025-12-04;13;2192
12;2025-12-04;14;2051
12;2025-12-04;15;2302
12;2025-12-04;16;2809
12;2025-12-04;17;3182
12;2025-12-04;18;3323
12;2025-12-04;19;2477
12;2025-12-04;20;1623
12;2025-12-04;21;1012
12;2025-12-04;22;513
12;2025-12-04;23;271
12;2025-12-05;0;58
12;2025-12-05;1;1
12;2025-12-05;2;0
12;2025-12-05;3;0
12;2025-12-05;4;5
12;2025-12-05;5;341
12;2025-12-05;6;1477
12;2025-12-05;7;2833
12;2025-12-05;8;3497
12;2025-12-05;9;2624
12;2025-12-05;10;1974
12;2025-12-05;11;1961
12;2025-12-05;12;2004
12;2025-12-05;13;2270
12;2025-12-05;14;2054
12;2025-12-05;15;2306
12;2025-12-05;16;3029
12;2025-12-05;17;3027
12;2025-12-05;18;2656
12;2025-12-05;19;2189
12;2025-12-05;20;1433
12;2025-12-05;21;1042
12;2025-12-05;22;522
12;2025-12-05;23;346
12;2025-12-06;0;71
12;2025-12-06;1;2
12;2025-12-06;2;0
12;2025-12-06;3;0
12;2025-12-06;4;2
12;2025-12-06;5;234
12;2025-12-06;6;830
12;2025-12-06;7;943
12;2025-12-06;8;1100
12;2025-12-06;9;1310
12;2025-12-06;10;1557
12;2025-12-06;11;1579
12;2025-12-06;12;1621
12;2025-12-06;13;1840
12;2025-12-06;14;1662
12;2025-12-06;15;1632
12;2025-12-06;16;1758
12;2025-12-06;17;1684
12;2025-12-06;18;1673
12;2025-12-06;19;1406
12;2025-12-06;20;988
12;2025-12-06;21;802
12;2025-12-06;22;408
12;2025-12-06;23;306
12;2025-12-07;0;87
12;2025-12-07;1;4
12;2025-12-07;2;0
12;2025-12-07;3;0
12;2025-12-07;4;3
12;2025-12-07;5;138
12;2025-12-07;6;545
12;2025-12-07;7;741
12;2025-12-07;8;756
12;2025-12-07;9;948
12;2025-12-07;10;1198
12;2025-12-07;11;1306
12;2025-12-07;12;1387
12;2025-12-07;13;1627
12;2025-12-07;14;1524
12;2025-12-07;15;1556
12;2025-12-07;16;1559
12;2025-12-07;17;1613
12;2025-12-07;18;1400
12;2025-12-07;19;1042
12;2025-12-07;20;812
12;2025-12-07;21;622
12;2025-12-07;22;406
12;2025-12-07;23;205
12;2025-12-08;0;55
12;2025-12-08;1;3
12;2025-12-08;2;0
12;2025-12-08;3;0
12;2025-12-08;4;7
12;2025-12-08;5;317
12;2025-12-08;6;1489
12;2025-12-08;7;2756
12;2025-12-08;8;3678
12;2025-12-08;9;2561
12;2025-12-08;10;2025
12;2025-12-08;11;1939
12;2025-12-08;12;2125
12;2025-12-08;13;2052
12;2025-12-08;14;2037
12;2025-12-08;15;2239
12;2025-12-08;16;2786
12;2025-12-08;17;3089
12;2025-12-08;18;3251
12;2025-12-08;19;2405
12;2025-12-08;20;1678
12;2025-12-08;21;993
12;2025-12-08;22;479
12;2025-12-08;23;242
12;2025-12-09;0;57
12;2025-12-09;1;1
12;2025-12-09;2;0
12;2025-12-09;3;0
12;2025-12-09;4;7
12;2025-12-09;5;332
12;2025-12-09;6;1496
12;2025-12-09;7;2856
12;2025-12-09;8;3834
12;2025-12-09;9;2729
12;2025-12-09;10;2231
12;2025-12-09;11;2128
12;2025-12-09;12;2153
12;2025-12-09;13;2192
12;2025-12-09;14;2051
12;2025-12-09;15;2302
12;2025-12-09;16;2809
12;2025-12-09;17;3182
12;2025-12-09;18;3323
12;2025-12-09;19;2477
12;2025-12-09;20;1623
12;2025-12-09;21;1012
12;2025-12-09;22;513
12;2025-12-09;23;271
12;2025-12-10;0;57
12;2025-12-10;1;1
12;2025-12-10;2;0
12;2025-12-10;3;0
12;2025-12-10;4;7
12;2025-12-10;5;332
12;2025-12-10;6;1496
12;2025-12-10;7;2856
12;2025-12-10;8;3834
12;2025-12-10;9;2729
12;2025-12-10;10;2231
12;2025-12-10;11;2128
12;2025-12-10;12;2153
12;2025-12-10;13;2192
12;2025-12-10;14;2051
12;2025-12-10;15;2302
12;2025-12-10;16;2809
12;2025-12-10;17;3182
12;2025-12-10;18;3323
12;2025-12-10;19;2477
12;2025-12-10;20;1623
12;2025-12-10;21;1012
12;2025-12-10;22;513
12;2025-12-10;23;271
12;2025-12-11;0;57
12;2025-12-11;1;1
12;2025-12-11;2;0
12;2025-12-11;3;0
12;2025-12-11;4;7
12;2025-12-11;5;332
12;2025-12-11;6;1496
12;2025-12-11;7;2856
12;2025-12-11;8;3834
12;2025-12-11;9;2729
12;2025-12-11;10;2231
12;2025-12-11;11;2128
12;2025-12-11;12;2153
12;2025-12-11;13;2192
12;2025-12-11;14;2051
12;2025-12-11;15;2302
12;2025-12-11;16;2809
12;2025-12-11;17;3182
12;2025-12-11;18;3323
12;2025-12-11;19;2477
12;2025-12-11;20;1623
12;2025-12-11;21;1012
12;2025-12-11;22;513
12;2025-12-11;23;271
12;2025-12-12;0;58
12;2025-12-12;1;1
12;2025-12-12;2;0
12;2025-12-12;3;0
12;2025-12-12;4;5
12;2025-12-12;5;341
12;2025-12-12;6;1477
12;2025-12-12;7;2833
12;2025-12-12;8;3497
12;2025-12-12;9;2624
12;2025-12-12;10;1974
12;2025-12-12;11;1961
12;2025-12-12;12;2004
12;2025-12-12;13;2270
12;2025-12-12;14;2054
12;2025-12-12;15;2306
12;2025-12-12;16;3029
12;2025-12-12;17;3027
12;2025-12-12;18;2656
12;2025-12-12;19;2189
12;2025-12-12;20;1433
12;2025-12-12;21;1042
12;2025-12-12;22;522
12;2025-12-12;23;346
12;2025-12-13;0;71
12;2025-12-13;1;2
12;2025-12-13;2;0
12;2025-12-13;3;0
12;2025-12-13;4;2
12;2025-12-13;5;234
12;2025-12-13;6;830
12;2025-12-13;7;943
12;2025-12-13;8;1100
12;2025-12-13;9;1310
12;2025-12-13;10;1557
12;2025-12-13;11;1579
12;2025-12-13;12;1621
12;2025-12-13;13;1840
12;2025-12-13;14;1662
12;2025-12-13;15;1632
12;2025-12-13;16;1758
12;2025-12-13;17;1684
12;2025-12-13;18;1673
12;2025-12-13;19;1406
12;2025-12-13;20;988
12;2025-12-13;21;802
12;2025-12-13;22;408
12;2025-12-13;23;306
12;2025-12-14;0;87
12;2025-12-14;1;4
12;2025-12-14;2;0
12;2025-12-14;3;0
12;2025-12-14;4;3
12;2025-12-14;5;138
12;2025-12-14;6;545
12;2025-12-14;7;741
12;2025-12-14;8;756
12;2025-12-14;9;948
12;2025-12-14;10;1198
12;2025-12-14;11;1306
12;2025-12-14;12;1387
12;2025-12-14;13;1627
12;2025-12-14;14;1524
12;2025-12-14;15;1556
12;2025-12-14;16;1559
12;2025-12-14;17;1613
12;2025-12-14;18;1400
12;2025-12-14;19;1042
12;2025-12-14;20;812
12;2025-12-14;21;622
12;2025-12-14;22;406
12;2025-12-14;23;205
12;2025-12-15;0;55
12;2025-12-15;1;3
12;2025-12-15;2;0
12;2025-12-15;3;0
12;2025-12-15;4;7
12;2025-12-15;5;317
12;2025-12-15;6;1489
12;2025-12-15;7;2756
12;2025-12-15;8;3678
12;2025-12-15;9;2561
12;2025-12-15;10;2025
12;2025-12-15;11;1939
12;2025-12-15;12;2125
12;2025-12-15;13;2052
12;2025-12-15;14;2037
12;2025-12-15;15;2239
12;2025-12-15;16;2786
12;2025-12-15;17;3089
12;2025-12-15;18;3251
12;2025-12-15;19;2405
12;2025-12-15;20;1678
12;2025-12-15;21;993
12;2025-12-15;22;479
12;2025-12-15;23;242
12;2025-12-16;0;57
12;2025-12-16;1;1
12;2025-12-16;2;0
12;2025-12-16;3;0
12;2025-12-16;4;7
12;2025-12-16;5;332
12;2025-12-16;6;1496
12;2025-12-16;7;2856
12;2025-12-16;8;3834
12;2025-12-16;9;2729
12;2025-12-16;10;2231
12;2025-12-16;11;2128
12;2025-12-16;12;2153
12;2025-12-16;13;2192
12;2025-12-16;14;2051
12;2025-12-16;15;2302
12;2025-12-16;16;2809
12;2025-12-16;17;3182
12;2025-12-16;18;3323
12;2025-12-16;19;2477
12;2025-12-16;20;1623
12;2025-12-16;21;1012
12;2025-12-16;22;513
12;2025-12-16;23;271
12;2025-12-17;0;57
12;2025-12-17;1;1
12;2025-12-17;2;0
12;2025-12-17;3;0
12;2025-12-17;4;7
12;2025-12-17;5;332
12;2025-12-17;6;1496
12;2025-12-17;7;2856
12;2025-12-17;8;3834
12;2025-12-17;9;2729
12;2025-12-17;10;2231
12;2025-12-17;11;2128
12;2025-12-17;12;2153
12;2025-12-17;13;2192
12;2025-12-17;14;2051
12;2025-12-17;15;2302
12;2025-12-17;16;2809
12;2025-12-17;17;3182
12;2025-12-17;18;3323
12;2025-12-17;19;2477
12;2025-12-17;20;1623
12;2025-12-17;21;1012
12;2025-12-17;22;513
12;2025-12-17;23;271
12;2025-12-18;0;57
12;2025-12-18;1;1
12;2025-12-18;2;0
12;2025-12-18;3;0
12;2025-12-18;4;7
12;2025-12-18;5;332
12;2025-12-18;6;1496
12;2025-12-18;7;2856
12;2025-12-18;8;3834
12;2025-12-18;9;2729
12;2025-12-18;10;2231
12;2025-12-18;11;2128
12;2025-12-18;12;2153
12;2025-12-18;13;2192
12;2025-12-18;14;2051
12;2025-12-18;15;2302
12;2025-12-18;16;2809
12;2025-12-18;17;3182
12;2025-12-18;18;3323
12;2025-12-18;19;2477
12;2025-12-18;20;1623
12;2025-12-18;21;1012
12;2025-12-18;22;513
12;2025-12-18;23;271
12;2025-12-19;0;58
12;2025-12-19;1;1
12;2025-12-19;2;0
12;2025-12-19;3;0
12;2025-12-19;4;5
12;2025-12-19;5;341
12;2025-12-19;6;1477
12;2025-12-19;7;2833
12;2025-12-19;8;3497
12;2025-12-19;9;2624
12;2025-12-19;10;1974
12;2025-12-19;11;1961
12;2025-12-19;12;2004
12;2025-12-19;13;2270
12;2025-12-19;14;2054
12;2025-12-19;15;2306
12;2025-12-19;16;3029
12;2025-12-19;17;3027
12;2025-12-19;18;2656
12;2025-12-19;19;2189
12;2025-12-19;20;1433
12;2025-12-19;21;1042
12;2025-12-19;22;522
12;2025-12-19;23;346
12;2025-12-20;0;71
12;2025-12-20;1;2
12;2025-12-20;2;0
12;2025-12-20;3;0
12;2025-12-20;4;2
12;2025-12-20;5;234
12;2025-12-20;6;830
12;2025-12-20;7;943
12;2025-12-20;8;1100
12;2025-12-20;9;1310
12;2025-12-20;10;1557
12;2025-12-20;11;1579
12;2025-12-20;12;1621
12;2025-12-20;13;1840
12;2025-12-20;14;1662
12;2025-12-20;15;1632
12;2025-12-20;16;1758
12;2025-12-20;17;1684
12;2025-12-20;18;1673
12;2025-12-20;19;1406
12;2025-12-20;20;988
12;2025-12-20;21;802
12;2025-12-20;22;408
12;2025-12-20;23;306
12;2025-12-21;0;87
12;2025-12-21;1;4
12;2025-12-21;2;0
12;2025-12-21;3;0
12;2025-12-21;4;3
12;2025-12-21;5;138
12;2025-12-21;6;545
12;2025-12-21;7;741
12;2025-12-21;8;756
12;2025-12-21;9;948
12;2025-12-21;10;1198
12;2025-12-21;11;1306
12;2025-12-21;12;1387
12;2025-12-21;13;1627
12;2025-12-21;14;1524
12;2025-12-21;15;1556
12;2025-12-21;16;1559
12;2025-12-21;17;1613
12;2025-12-21;18;1400
12;2025-12-21;19;1042
12;2025-12-21;20;812
12;2025-12-21;21;622
12;2025-12-21;22;406
12;2025-12-21;23;205
12;2025-12-22;0;55
12;2025-12-22;1;3
12;2025-12-22;2;0
12;2025-12-22;3;0
12;2025-12-22;4;7
12;2025-12-22;5;317
12;2025-12-22;6;1489
12;2025-12-22;7;2756
12;2025-12-22;8;3678
12;2025-12-22;9;2561
12;2025-12-22;10;2025
12;2025-12-22;11;1939
12;2025-12-22;12;2125
12;2025-12-22;13;2052
12;2025-12-22;14;2037
12;2025-12-22;15;2239
12;2025-12-22;16;2786
12;2025-12-22;17;3089
12;2025-12-22;18;3251
12;2025-12-22;19;2405
12;2025-12-22;20;1678
12;2025-12-22;21;993
12;2025-12-22;22;479
12;2025-12-22;23;242
12;2025-12-23;0;57
12;2025-12-23;1;1
12;2025-12-23;2;0
12;2025-12-23;3;0
12;2025-12-23;4;7
12;2025-12-23;5;332
12;2025-12-23;6;1496
12;2025-12-23;7;2856
12;2025-12-23;8;3834
12;2025-12-23;9;2729
12;2025-12-23;10;2231
12;2025-12-23;11;2128
12;2025-12-23;12;2153
12;2025-12-23;13;2192
12;2025-12-23;14;2051
12;2025-12-23;15;2302
12;2025-12-23;16;2809
12;2025-12-23;17;3182
12;2025-12-23;18;3323
12;2025-12-23;19;2477
12;2025-12-23;20;1623
12;2025-12-23;21;1012
12;2025-12-23;22;513
12;2025-12-23;23;271
12;2025-12-24;0;57
12;2025-12-24;1;1
12;2025-12-24;2;0
12;2025-12-24;3;0
12;2025-12-24;4;7
12;2025-12-24;5;332
12;2025-12-24;6;1496
12;2025-12-24;7;2856
12;2025-12-24;8;3834
12;2025-12-24;9;2729
12;2025-12-24;10;2231
12;2025-12-24;11;2128
12;2025-12-24;12;2153
12;2025-12-24;13;2192
12;2025-12-24;14;2051
12;2025-12-24;15;2302
12;2025-12-24;16;2809
12;2025-12-24;17;3182
12;2025-12-24;18;3323
12;2025-12-24;19;2477
12;2025-12-24;20;1623
12;2025-12-24;21;1012
12;2025-12-24;22;513
12;2025-12-24;23;271
12;2025-12-25;0;57
12;2025-12-25;1;1
12;2025-12-25;2;0
12;2025-12-25;3;0
12;2025-12-25;4;7
12;2025-12-25;5;332
12;2025-12-25;6;1496
12;2025-12-25;7;2856
12;2025-12-25;8;3834
12;2025-12-25;9;2729
12;2025-12-25;10;2231
12;2025-12-25;11;2128
12;2025-12-25;12;2153
12;2025-12-25;13;2192
12;2025-12-25;14;2051
12;2025-12-25;15;2302
12;2025-12-25;16;2809
12;2025-12-25;17;3182
12;2025-12-25;18;3323
12;2025-12-25;19;2477
12;2025-12-25;20;1623
12;2025-12-25;21;1012
12;2025-12-25;22;513
12;2025-12-25;23;271
12;2025-12-26;0;58
12;2025-12-26;1;1
12;2025-12-26;2;0
12;2025-12-26;3;0
12;2025-12-26;4;5
12;2025-12-26;5;341
12;2025-12-26;6;1477
12;2025-12-26;7;2833
12;2025-12-26;8;3497
12;2025-12-26;9;2624
12;2025-12-26;10;1974
12;2025-12-26;11;1961
12;2025-12-26;12;2004
12;2025-12-26;13;2270
12;2025-12-26;14;2054
12;2025-12-26;15;2306
12;2025-12-26;16;3029
12;2025-12-26;17;3027
12;2025-12-26;18;2656
12;2025-12-26;19;2189
12;2025-12-26;20;1433
12;2025-12-26;21;1042
12;2025-12-26;22;522
12;2025-12-26;23;346
12;2025-12-27;0;71
12;2025-12-27;1;2
12;2025-12-27;2;0
12;2025-12-27;3;0
12;2025-12-27;4;2
12;2025-12-27;5;234
12;2025-12-27;6;830
12;2025-12-27;7;943
12;2025-12-27;8;1100
12;2025-12-27;9;1310
12;2025-12-27;10;1557
12;2025-12-27;11;1579
12;2025-12-27;12;1621
12;2025-12-27;13;1840
12;2025-12-27;14;1662
12;2025-12-27;15;1632
12;2025-12-27;16;1758
12;2025-12-27;17;1684
12;2025-12-27;18;1673
12;2025-12-27;19;1406
12;2025-12-27;20;988
12;2025-12-27;21;802
12;2025-12-27;22;408
12;2025-12-27;23;306
12;2025-12-28;0;87
12;2025-12-28;1;4
12;2025-12-28;2;0
12;2025-12-28;3;0
12;2025-12-28;4;3
12;2025-12-28;5;138
12;2025-12-28;6;545
12;2025-12-28;7;741
12;2025-12-28;8;756
12;2025-12-28;9;948
12;2025-12-28;10;1198
12;2025-12-28;11;1306
12;2025-12-28;12;1387
12;2025-12-28;13;1627
12;2025-12-28;14;1524
12;2025-12-28;15;1556
12;2025-12-28;16;1559
12;2025-12-28;17;1613
12;2025-12-28;18;1400
12;2025-12-28;19;1042
12;2025-12-28;20;812
12;2025-12-28;21;622
12;2025-12-28;22;406
12;2025-12-28;23;205
12;2025-12-29;0;50
12;2025-12-29;1;1
12;2025-12-29;2;0
12;2025-12-29;3;0
12;2025-12-29;4;4
12;2025-12-29;5;293
12;2025-12-29;6;1271
12;2025-12-29;7;2436
12;2025-12-29;8;3008
12;2025-12-29;9;2257
12;2025-12-29;10;1697
12;2025-12-29;11;1686
12;2025-12-29;12;1724
12;2025-12-29;13;1953
12;2025-12-29;14;1767
12;2025-12-29;15;1983
12;2025-12-29;16;2605
12;2025-12-29;17;2603
12;2025-12-29;18;2284
12;2025-12-29;19;1883
12;2025-12-29;20;1233
12;2025-12-29;21;896
12;2025-12-29;22;449
12;2025-12-29;23;298
12;2025-12-30;0;50
12;2025-12-30;1;1
12;2025-12-30;2;0
12;2025-12-30;3;0
12;2025-12-30;4;4
12;2025-12-30;5;293
12;2025-12-30;6;1271
12;2025-12-30;7;2436
12;2025-12-30;8;3008
12;2025-12-30;9;2257
12;2025-12-30;10;1697
12;2025-12-30;11;1686
12;2025-12-30;12;1724
12;2025-12-30;13;1953
12;2025-12-30;14;1767
12;2025-12-30;15;1983
12;2025-12-30;16;2605
12;2025-12-30;17;2603
12;2025-12-30;18;2284
12;2025-12-30;19;1883
12;2025-12-30;20;1233
12;2025-12-30;21;896
12;2025-12-30;22;449
12;2025-12-30;23;298
12;2025-12-31;0;60
12;2025-12-31;1;2
12;2025-12-31;2;0
12;2025-12-31;3;0
12;2025-12-31;4;1
12;2025-12-31;5;199
12;2025-12-31;6;705
12;2025-12-31;7;802
12;2025-12-31;8;935
12;2025-12-31;9;1113
12;2025-12-31;10;1323
12;2025-12-31;11;1342
12;2025-12-31;12;1378
12;2025-12-31;13;1564
12;2025-12-31;14;1413
12;2025-12-31;15;1388
12;2025-12-31;16;1494
12;2025-12-31;17;1431
12;2025-12-31;18;1422
12;2025-12-31;19;657
12;2025-12-31;20;462
12;2025-12-31;21;375
12;2025-12-31;22;191
12;2025-12-31;23;143
17;2025-11-01;0;127
17;2025-11-01;1;16
17;2025-11-01;2;0
17;2025-11-01;3;0
17;2025-11-01;4;22
17;2025-11-01;5;276
17;2025-11-01;6;1354
17;2025-11-01;7;3671
17;2025-11-01;8;4651
17;2025-11-01;9;3361
17;2025-11-01;10;2661
17;2025-11-01;11;2708
17;2025-11-01;12;2676
17;2025-11-01;13;2755
17;2025-11-01;14;2816
17;2025-11-01;15;3060
17;2025-11-01;16;3700
17;2025-11-01;17;4208
17;2025-11-01;18;3818
17;2025-11-01;19;2825
17;2025-11-01;20;2081
17;2025-11-01;21;1400
17;2025-11-01;22;674
17;2025-11-01;23;419
17;2025-11-02;0;193
17;2025-11-02;1;24
17;2025-11-02;2;0
17;2025-11-02;3;0
17;2025-11-02;4;3
17;2025-11-02;5;110
17;2025-11-02;6;454
17;2025-11-02;7;883
17;2025-11-02;8;1286
17;2025-11-02;9;1761
17;2025-11-02;10;2078
17;2025-11-02;11;2672
17;2025-11-02;12;3032
17;2025-11-02;13;3291
17;2025-11-02;14;3431
17;2025-11-02;15;3360
17;2025-11-02;16;3268
17;2025-11-02;17;3102
17;2025-11-02;18;2674
17;2025-11-02;19;2140
17;2025-11-02;20;1578
17;2025-11-02;21;1166
17;2025-11-02;22;714
17;2025-11-02;23;328
17;2025-11-03;0;187
17;2025-11-03;1;24
17;2025-11-03;2;0
17;2025-11-03;3;0
17;2025-11-03;4;3
17;2025-11-03;5;107
17;2025-11-03;6;439
17;2025-11-03;7;854
17;2025-11-03;8;1243
17;2025-11-03;9;1702
17;2025-11-03;10;2009
17;2025-11-03;11;2583
17;2025-11-03;12;2931
17;2025-11-03;13;3182
17;2025-11-03;14;3318
17;2025-11-03;15;3249
17;2025-11-03;16;3159
17;2025-11-03;17;2999
17;2025-11-03;18;2585
17;2025-11-03;19;2069
17;2025-11-03;20;1525
17;2025-11-03;21;1127
17;2025-11-03;22;690
17;2025-11-03;23;317
17;2025-11-04;0;187
17;2025-11-04;1;24
17;2025-11-04;2;0
17;2025-11-04;3;0
17;2025-11-04;4;3
17;2025-11-04;5;107
17;2025-11-04;6;439
17;2025-11-04;7;854
17;2025-11-04;8;1243
17;2025-11-04;9;1702
17;2025-11-04;10;2009
17;2025-11-04;11;2583
17;2025-11-04;12;2931
17;2025-11-04;13;3182
17;2025-11-04;14;3318
17;2025-11-04;15;3249
17;2025-11-04;16;3159
17;2025-11-04;17;2999
17;2025-11-04;18;2585
17;2025-11-04;19;2069
17;2025-11-04;20;1525
17;2025-11-04;21;1127
17;2025-11-04;22;690
17;2025-11-04;23;317
17;2025-11-05;0;123
17;2025-11-05;1;11
17;2025-11-05;2;0
17;2025-11-05;3;0
17;2025-11-05;4;26
17;2025-11-05;5;325
17;2025-11-05;6;1584
17;2025-11-05;7;4376
17;2025-11-05;8;5583
17;2025-11-05;9;4010
17;2025-11-05;10;3186
17;2025-11-05;11;3151
17;2025-11-05;12;3163
17;2025-11-05;13;3216
17;2025-11-05;14;3348
17;2025-11-05;15;3400
17;2025-11-05;16;3785
17;2025-11-05;17;4702
17;2025-11-05;18;4964
17;2025-11-05;19;3448
17;2025-11-05;20;2426
17;2025-11-05;21;1503
17;2025-11-05;22;718
17;2025-11-05;23;390
17;2025-11-06;0;123
17;2025-11-06;1;11
17;2025-11-06;2;0
17;2025-11-06;3;0
17;2025-11-06;4;26
17;2025-11-06;5;325
17;2025-11-06;6;1584
17;2025-11-06;7;4376
17;2025-11-06;8;5583
17;2025-11-06;9;4010
17;2025-11-06;10;3186
17;2025-11-06;11;3151
17;2025-11-06;12;3163
17;2025-11-06;13;3216
17;2025-11-06;14;3348
17;2025-11-06;15;3400
17;2025-11-06;16;3785
17;2025-11-06;17;4702
17;2025-11-06;18;4964
17;2025-11-06;19;3448
17;2025-11-06;20;2426
17;2025-11-06;21;1503
17;2025-11-06;22;718
17;2025-11-06;23;390
17;2025-11-07;0;150
17;2025-11-07;1;18
17;2025-11-07;2;0
17;2025-11-07;3;0
17;2025-11-07;4;25
17;2025-11-07;5;325
17;2025-11-07;6;1593
17;2025-11-07;7;4319
17;2025-11-07;8;5472
17;2025-11-07;9;3954
17;2025-11-07;10;3131
17;2025-11-07;11;3186
17;2025-11-07;12;3148
17;2025-11-07;13;3242
17;2025-11-07;14;3313
17;2025-11-07;15;3600
17;2025-11-07;16;4353
17;2025-11-07;17;4950
17;2025-11-07;18;4491
17;2025-11-07;19;3323
17;2025-11-07;20;2448
17;2025-11-07;21;1647
17;2025-11-07;22;793
17;2025-11-07;23;493
17;2025-11-08;0;209
17;2025-11-08;1;29
17;2025-11-08;2;0
17;2025-11-08;3;0
17;2025-11-08;4;6
17;2025-11-08;5;141
17;2025-11-08;6;602
17;2025-11-08;7;1312
17;2025-11-08;8;1861
17;2025-11-08;9;2367
17;2025-11-08;10;2646
17;2025-11-08;11;3154
17;2025-11-08;12;3493
17;2025-11-08;13;3768
17;2025-11-08;14;3783
17;2025-11-08;15;3776
17;2025-11-08;16;3793
17;2025-11-08;17;3493
17;2025-11-08;18;3092
17;2025-11-08;19;2444
17;2025-11-08;20;1924
17;2025-11-08;21;1381
17;2025-11-08;22;831
17;2025-11-08;23;466
17;2025-11-09;0;193
17;2025-11-09;1;24
17;2025-11-09;2;0
17;2025-11-09;3;0
17;2025-11-09;4;3
17;2025-11-09;5;110
17;2025-11-09;6;454
17;2025-11-09;7;883
17;2025-11-09;8;1286
17;2025-11-09;9;1761
17;2025-11-09;10;2078
17;2025-11-09;11;2672
17;2025-11-09;12;3032
17;2025-11-09;13;3291
17;2025-11-09;14;3431
17;2025-11-09;15;3360
17;2025-11-09;16;3268
17;2025-11-09;17;3102
17;2025-11-09;18;2674
17;2025-11-09;19;2140
17;2025-11-09;20;1578
17;2025-11-09;21;1166
17;2025-11-09;22;714
17;2025-11-09;23;328
17;2025-11-10;0;125
17;2025-11-10;1;14
17;2025-11-10;2;0
17;2025-11-10;3;0
17;2025-11-10;4;28
17;2025-11-10;5;304
17;2025-11-10;6;1573
17;2025-11-10;7;4229
17;2025-11-10;8;5561
17;2025-11-10;9;3937
17;2025-11-10;10;2988
17;2025-11-10;11;2927
17;2025-11-10;12;2976
17;2025-11-10;13;3099
17;2025-11-10;14;3117
17;2025-11-10;15;3212
17;2025-11-10;16;3734
17;2025-11-10;17;4386
17;2025-11-10;18;4682
17;2025-11-10;19;2839
17;2025-11-10;20;2102
17;2025-11-10;21;1386
17;2025-11-10;22;650
17;2025-11-10;23;319
17;2025-11-11;0;123
17;2025-11-11;1;11
17;2025-11-11;2;0
17;2025-11-11;3;0
17;2025-11-11;4;26
17;2025-11-11;5;325
17;2025-11-11;6;1584
17;2025-11-11;7;4376
17;2025-11-11;8;5583
17;2025-11-11;9;4010
17;2025-11-11;10;3186
17;2025-11-11;11;3151
17;2025-11-11;12;3163
17;2025-11-11;13;3216
17;2025-11-11;14;3348
17;2025-11-11;15;3400
17;2025-11-11;16;3785
17;2025-11-11;17;4702
17;2025-11-11;18;4964
17;2025-11-11;19;3448
17;2025-11-11;20;2426
17;2025-11-11;21;1503
17;2025-11-11;22;718
17;2025-11-11;23;390
17;2025-11-12;0;123
17;2025-11-12;1;11
17;2025-11-12;2;0
17;2025-11-12;3;0
17;2025-11-12;4;26
17;2025-11-12;5;325
17;2025-11-12;6;1584
17;2025-11-12;7;4376
17;2025-11-12;8;5583
17;2025-11-12;9;4010
17;2025-11-12;10;3186
17;2025-11-12;11;3151
17;2025-11-12;12;3163
17;2025-11-12;13;3216
17;2025-11-12;14;3348
17;2025-11-12;15;3400
17;2025-11-12;16;3785
17;2025-11-12;17;4702
17;2025-11-12;18;4964
17;2025-11-12;19;3448
17;2025-11-12;20;2426
17;2025-11-12;21;1503
17;2025-11-12;22;718
17;2025-11-12;23;390
17;2025-11-13;0;123
17;2025-11-13;1;11
17;2025-11-13;2;0
17;2025-11-13;3;0
17;2025-11-13;4;26
17;2025-11-13;5;325
17;2025-11-13;6;1584
17;2025-11-13;7;4376
17;2025-11-13;8;5583
17;2025-11-13;9;4010
17;2025-11-13;10;3186
17;2025-11-13;11;3151
17;2025-11-13;12;3163
17;2025-11-13;13;3216
17;2025-11-13;14;3348
17;2025-11-13;15;3400
17;2025-11-13;16;3785
17;2025-11-13;17;4702
17;2025-11-13;18;4964
17;2025-11-13;19;3448
17;2025-11-13;20;2426
17;2025-11-13;21;1503
17;2025-11-13;22;718
17;2025-11-13;23;390
17;2025-11-14;0;150
17;2025-11-14;1;18
17;2025-11-14;2;0
17;2025-11-14;3;0
17;2025-11-14;4;25
17;2025-11-14;5;325
17;2025-11-14;6;1593
17;2025-11-14;7;4319
17;2025-11-14;8;5472
17;2025-11-14;9;3954
17;2025-11-14;10;3131
17;2025-11-14;11;3186
17;2025-11-14;12;3148
17;2025-11-14;13;3242
17;2025-11-14;14;3313
17;2025-11-14;15;3600
17;2025-11-14;16;4353
17;2025-11-14;17;4950
17;2025-11-14;18;4491
17;2025-11-14;19;3323
17;2025-11-14;20;2448
17;2025-11-14;21;1647
17;2025-11-14;22;793
17;2025-11-14;23;493
17;2025-11-15;0;199
17;2025-11-15;1;27
17;2025-11-15;2;0
17;2025-11-15;3;0
17;2025-11-15;4;5
17;2025-11-15;5;134
17;2025-11-15;6;571
17;2025-11-15;7;1244
17;2025-11-15;8;1764
17;2025-11-15;9;2244
17;2025-11-15;10;2509
17;2025-11-15;11;2990
17;2025-11-15;12;3312
17;2025-11-15;13;3573
17;2025-11-15;14;3588
17;2025-11-15;15;3580
17;2025-11-15;16;3597
17;2025-11-15;17;3312
17;2025-11-15;18;2932
17;2025-11-15;19;2317
17;2025-11-15;20;1825
17;2025-11-15;21;1309
17;2025-11-15;22;788
17;2025-11-15;23;442
17;2025-11-16;0;193
17;2025-11-16;1;24
17;2025-11-16;2;0
17;2025-11-16;3;0
17;2025-11-16;4;3
17;2025-11-16;5;110
17;2025-11-16;6;454
17;2025-11-16;7;883
17;2025-11-16;8;1286
17;2025-11-16;9;1761
17;2025-11-16;10;2078
17;2025-11-16;11;2672
17;2025-11-16;12;3032
17;2025-11-16;13;3291
17;2025-11-16;14;3431
17;2025-11-16;15;3360
17;2025-11-16;16;3268
17;2025-11-16;17;3102
17;2025-11-16;18;2674
17;2025-11-16;19;2140
17;2025-11-16;20;1578
17;2025-11-16;21;1166
17;2025-11-16;22;714
17;2025-11-16;23;328
17;2025-11-17;0;125
17;2025-11-17;1;14
17;2025-11-17;2;0
17;2025-11-17;3;0
17;2025-11-17;4;28
17;2025-11-17;5;304
17;2025-11-17;6;1573
17;2025-11-17;7;4229
17;2025-11-17;8;5561
17;2025-11-17;9;3937
17;2025-11-17;10;2988
17;2025-11-17;11;2927
17;2025-11-17;12;2976
17;2025-11-17;13;3099
17;2025-11-17;14;3117
17;2025-11-17;15;3212
17;2025-11-17;16;3734
17;2025-11-17;17;4386
17;2025-11-17;18;4682
17;2025-11-17;19;2839
17;2025-11-17;20;2102
17;2025-11-17;21;1386
17;2025-11-17;22;650
17;2025-11-17;23;319
17;2025-11-18;0;123
17;2025-11-18;1;11
17;2025-11-18;2;0
17;2025-11-18;3;0
17;2025-11-18;4;26
17;2025-11-18;5;325
17;2025-11-18;6;1584
17;2025-11-18;7;4376
17;2025-11-18;8;5583
17;2025-11-18;9;4010
17;2025-11-18;10;3186
17;2025-11-18;11;3151
17;2025-11-18;12;3163
17;2025-11-18;13;3216
17;2025-11-18;14;3348
17;2025-11-18;15;3400
17;2025-11-18;16;3785
17;2025-11-18;17;4702
17;2025-11-18;18;4964
17;2025-11-18;19;3448
17;2025-11-18;20;2426
17;2025-11-18;21;1503
17;2025-11-18;22;718
17;2025-11-18;23;390
17;2025-11-19;0;123
17;2025-11-19;1;11
17;2025-11-19;2;0
17;2025-11-19;3;0
17;2025-11-19;4;26
17;2025-11-19;5;325
17;2025-11-19;6;1584
17;2025-11-19;7;4376
17;2025-11-19;8;5583
17;2025-11-19;9;4010
17;2025-11-19;10;3186
17;2025-11-19;11;3151
17;2025-11-19;12;3163
17;2025-11-19;13;3216
17;2025-11-19;14;3348
17;2025-11-19;15;3400
17;2025-11-19;16;3785
17;2025-11-19;17;4702
17;2025-11-19;18;4964
17;2025-11-19;19;3448
17;2025-11-19;20;2426
17;2025-11-19;21;1503
17;2025-11-19;22;718
17;2025-11-19;23;390
17;2025-11-20;0;123
17;2025-11-20;1;11
17;2025-11-20;2;0
17;2025-11-20;3;0
17;2025-11-20;4;26
17;2025-11-20;5;325
17;2025-11-20;6;1584
17;2025-11-20;7;4376
17;2025-11-20;8;5583
17;2025-11-20;9;4010
17;2025-11-20;10;3186
17;2025-11-20;11;3151
17;2025-11-20;12;3163
17;2025-11-20;13;3216
17;2025-11-20;14;3348
17;2025-11-20;15;3400
17;2025-11-20;16;3785
17;2025-11-20;17;4702
17;2025-11-20;18;4964
17;2025-11-20;19;3448
17;2025-11-20;20;2426
17;2025-11-20;21;1503
17;2025-11-20;22;718
17;2025-11-20;23;390
17;2025-11-21;0;150
17;2025-11-21;1;18
17;2025-11-21;2;0
17;2025-11-21;3;0
17;2025-11-21;4;25
17;2025-11-21;5;325
17;2025-11-21;6;1593
17;2025-11-21;7;4319
17;2025-11-21;8;5472
17;2025-11-21;9;3954
17;2025-11-21;10;3131
17;2025-11-21;11;3186
17;2025-11-21;12;3148
17;2025-11-21;13;3242
17;2025-11-21;14;3313
17;2025-11-21;15;3600
17;2025-11-21;16;4353
17;2025-11-21;17;4950
17;2025-11-21;18;4491
17;2025-11-21;19;3323
17;2025-11-21;20;2448
17;2025-11-21;21;1647
17;2025-11-21;22;793
17;2025-11-21;23;493
17;2025-11-22;0;209
17;2025-11-22;1;29
17;2025-11-22;2;0
17;2025-11-22;3;0
17;2025-11-22;4;6
17;2025-11-22;5;141
17;2025-11-22;6;602
17;2025-11-22;7;1312
17;2025-11-22;8;1861
17;2025-11-22;9;2367
17;2025-11-22;10;2646
17;2025-11-22;11;3154
17;2025-11-22;12;3493
17;2025-11-22;13;3768
17;2025-11-22;14;3783
17;2025-11-22;15;3776
17;2025-11-22;16;3793
17;2025-11-22;17;3493
17;2025-11-22;18;3092
17;2025-11-22;19;2444
17;2025-11-22;20;1924
17;2025-11-22;21;1381
17;2025-11-22;22;831
17;2025-11-22;23;466
17;2025-11-23;0;193
17;2025-11-23;1;24
17;2025-11-23;2;0
17;2025-11-23;3;0
17;2025-11-23;4;3
17;2025-11-23;5;110
17;2025-11-23;6;454
17;2025-11-23;7;883
17;2025-11-23;8;1286
17;2025-11-23;9;1761
17;2025-11-23;10;2078
17;2025-11-23;11;2672
17;2025-11-23;12;3032
17;2025-11-23;13;3291
17;2025-11-23;14;3431
17;2025-11-23;15;3360
17;2025-11-23;16;3268
17;2025-11-23;17;3102
17;2025-11-23;18;2674
17;2025-11-23;19;2140
17;2025-11-23;20;1578
17;2025-11-23;21;1166
17;2025-11-23;22;714
17;2025-11-23;23;328
17;2025-11-24;0;125
17;2025-11-24;1;14
17;2025-11-24;2;0
17;2025-11-24;3;0
17;2025-11-24;4;28
17;2025-11-24;5;304
17;2025-11-24;6;1573
17;2025-11-24;7;4229
17;2025-11-24;8;5561
17;2025-11-24;9;3937
17;2025-11-24;10;2988
17;2025-11-24;11;2927
17;2025-11-24;12;2976
17;2025-11-24;13;3099
17;2025-11-24;14;3117
17;2025-11-24;15;3212
17;2025-11-24;16;3734
17;2025-11-24;17;4386
17;2025-11-24;18;4682
17;2025-11-24;19;2839
17;2025-11-24;20;2102
17;2025-11-24;21;1386
17;2025-11-24;22;650
17;2025-11-24;23;319
17;2025-11-25;0;123
17;2025-11-25;1;11
17;2025-11-25;2;0
17;2025-11-25;3;0
17;2025-11-25;4;26
17;2025-11-25;5;325
17;2025-11-25;6;1584
17;2025-11-25;7;4376
17;2025-11-25;8;5583
17;2025-11-25;9;4010
17;2025-11-25;10;3186
17;2025-11-25;11;3151
17;2025-11-25;12;3163
17;2025-11-25;13;3216
17;2025-11-25;14;3348
17;2025-11-25;15;3400
17;2025-11-25;16;3785
17;2025-11-25;17;4702
17;2025-11-25;18;4964
17;2025-11-25;19;3448
17;2025-11-25;20;2426
17;2025-11-25;21;1503
17;2025-11-25;22;718
17;2025-11-25;23;390
17;2025-11-26;0;123
17;2025-11-26;1;11
17;2025-11-26;2;0
17;2025-11-26;3;0
17;2025-11-26;4;26
17;2025-11-26;5;325
17;2025-11-26;6;1584
17;2025-11-26;7;4376
17;2025-11-26;8;5583
17;2025-11-26;9;4010
17;2025-11-26;10;3186
17;2025-11-26;11;3151
17;2025-11-26;12;3163
17;2025-11-26;13;3216
17;2025-11-26;14;3348
17;2025-11-26;15;3400
17;2025-11-26;16;3785
17;2025-11-26;17;4702
17;2025-11-26;18;4964
17;2025-11-26;19;3448
17;2025-11-26;20;2426
17;2025-11-26;21;1503
17;2025-11-26;22;718
17;2025-11-26;23;390
17;2025-11-27;0;123
17;2025-11-27;1;11
17;2025-11-27;2;0
17;2025-11-27;3;0
17;2025-11-27;4;26
17;2025-11-27;5;325
17;2025-11-27;6;1584
17;2025-11-27;7;4376
17;2025-11-27;8;5583
17;2025-11-27;9;4010
17;2025-11-27;10;3186
17;2025-11-27;11;3151
17;2025-11-27;12;3163
17;2025-11-27;13;3216
17;2025-11-27;14;3348
17;2025-11-27;15;3400
17;2025-11-27;16;3785
17;2025-11-27;17;4702
17;2025-11-27;18;4964
17;2025-11-27;19;3448
17;2025-11-27;20;2426
17;2025-11-27;21;1503
17;2025-11-27;22;718
17;2025-11-27;23;390
17;2025-11-28;0;150
17;2025-11-28;1;18
17;2025-11-28;2;0
17;2025-11-28;3;0
17;2025-11-28;4;25
17;2025-11-28;5;325
17;2025-11-28;6;1593
17;2025-11-28;7;4319
17;2025-11-28;8;5472
17;2025-11-28;9;3954
17;2025-11-28;10;3131
17;2025-11-28;11;3186
17;2025-11-28;12;3148
17;2025-11-28;13;3242
17;2025-11-28;14;3313
17;2025-11-28;15;3600
17;2025-11-28;16;4353
17;2025-11-28;17;4950
17;2025-11-28;18;4491
17;2025-11-28;19;3323
17;2025-11-28;20;2448
17;2025-11-28;21;1647
17;2025-11-28;22;793
17;2025-11-28;23;493
17;2025-11-29;0;209
17;2025-11-29;1;29
17;2025-11-29;2;0
17;2025-11-29;3;0
17;2025-11-29;4;6
17;2025-11-29;5;141
17;2025-11-29;6;602
17;2025-11-29;7;1312
17;2025-11-29;8;1861
17;2025-11-29;9;2367
17;2025-11-29;10;2646
17;2025-11-29;11;3154
17;2025-11-29;12;3493
17;2025-11-29;13;3768
17;2025-11-29;14;3783
17;2025-11-29;15;3776
17;2025-11-29;16;3793
17;2025-11-29;17;3493
17;2025-11-29;18;3092
17;2025-11-29;19;2444
17;2025-11-29;20;1924
17;2025-11-29;21;1381
17;2025-11-29;22;831
17;2025-11-29;23;466
17;2025-11-30;0;193
17;2025-11-30;1;24
17;2025-11-30;2;0
17;2025-11-30;3;0
17;2025-11-30;4;3
17;2025-11-30;5;110
17;2025-11-30;6;454
17;2025-11-30;7;883
17;2025-11-30;8;1286
17;2025-11-30;9;1761
17;2025-11-30;10;2078
17;2025-11-30;11;2672
17;2025-11-30;12;3032
17;2025-11-30;13;3291
17;2025-11-30;14;3431
17;2025-11-30;15;3360
17;2025-11-30;16;3268
17;2025-11-30;17;3102
17;2025-11-30;18;2674
17;2025-11-30;19;2140
17;2025-11-30;20;1578
17;2025-11-30;21;1166
17;2025-11-30;22;714
17;2025-11-30;23;328
17;2025-12-01;0;125
17;2025-12-01;1;14
17;2025-12-01;2;0
17;2025-12-01;3;0
17;2025-12-01;4;28
17;2025-12-01;5;304
17;2025-12-01;6;1573
17;2025-12-01;7;4229
17;2025-12-01;8;5561
17;2025-12-01;9;3937
17;2025-12-01;10;2988
17;2025-12-01;11;2927
17;2025-12-01;12;2976
17;2025-12-01;13;3099
17;2025-12-01;14;3117
17;2025-12-01;15;3212
17;2025-12-01;16;3734
17;2025-12-01;17;4386
17;2025-12-01;18;4682
17;2025-12-01;19;2839
17;2025-12-01;20;2102
17;2025-12-01;21;1386
17;2025-12-01;22;650
17;2025-12-01;23;319
17;2025-12-02;0;123
17;2025-12-02;1;11
17;2025-12-02;2;0
17;2025-12-02;3;0
17;2025-12-02;4;26
17;2025-12-02;5;325
17;2025-12-02;6;1584
17;2025-12-02;7;4376
17;2025-12-02;8;5583
17;2025-12-02;9;4010
17;2025-12-02;10;3186
17;2025-12-02;11;3151
17;2025-12-02;12;3163
17;2025-12-02;13;3216
17;2025-12-02;14;3348
17;2025-12-02;15;3400
17;2025-12-02;16;3785
17;2025-12-02;17;4702
17;2025-12-02;18;4964
17;2025-12-02;19;3448
17;2025-12-02;20;2426
17;2025-12-02;21;1503
17;2025-12-02;22;718
17;2025-12-02;23;390
17;2025-12-03;0;123
17;2025-12-03;1;11
17;2025-12-03;2;0
17;2025-12-03;3;0
17;2025-12-03;4;26
17;2025-12-03;5;325
17;2025-12-03;6;1584
17;2025-12-03;7;4376
17;2025-12-03;8;5583
17;2025-12-03;9;4010
17;2025-12-03;10;3186
17;2025-12-03;11;3151
17;2025-12-03;12;3163
17;2025-12-03;13;3216
17;2025-12-03;14;3348
17;2025-12-03;15;3400
17;2025-12-03;16;3785
17;2025-12-03;17;4702
17;2025-12-03;18;4964
17;2025-12-03;19;3448
17;2025-12-03;20;2426
17;2025-12-03;21;1503
17;2025-12-03;22;718
17;2025-12-03;23;390
17;2025-12-04;0;123
17;2025-12-04;1;11
17;2025-12-04;2;0
17;2025-12-04;3;0
17;2025-12-04;4;26
17;2025-12-04;5;325
17;2025-12-04;6;1584
17;2025-12-04;7;4376
17;2025-12-04;8;5583
17;2025-12-04;9;4010
17;2025-12-04;10;3186
17;2025-12-04;11;3151
17;2025-12-04;12;3163
17;2025-12-04;13;3216
17;2025-12-04;14;3348
17;2025-12-04;15;3400
17;2025-12-04;16;3785
17;2025-12-04;17;4702
17;2025-12-04;18;4964
17;2025-12-04;19;3448
17;2025-12-04;20;2426
17;2025-12-04;21;1503
17;2025-12-04;22;718
17;2025-12-04;23;390
17;2025-12-05;0;150
17;2025-12-05;1;18
17;2025-12-05;2;0
17;2025-12-05;3;0
17;2025-12-05;4;25
17;2025-12-05;5;325
17;2025-12-05;6;1593
17;2025-12-05;7;4319
17;2025-12-05;8;5472
17;2025-12-05;9;3954
17;2025-12-05;10;3131
17;2025-12-05;11;3186
17;2025-12-05;12;3148
17;2025-12-05;13;3242
17;2025-12-05;14;3313
17;2025-12-05;15;3600
17;2025-12-05;16;4353
17;2025-12-05;17;4950
17;2025-12-05;18;4491
17;2025-12-05;19;3323
17;2025-12-05;20;2448
17;2025-12-05;21;1647
17;2025-12-05;22;793
17;2025-12-05;23;493
17;2025-12-06;0;209
17;2025-12-06;1;29
17;2025-12-06;2;0
17;2025-12-06;3;0
17;2025-12-06;4;6
17;2025-12-06;5;141
17;2025-12-06;6;602
17;2025-12-06;7;1312
17;2025-12-06;8;1861
17;2025-12-06;9;2367
17;2025-12-06;10;2646
17;2025-12-06;11;3154
17;2025-12-06;12;3493
17;2025-12-06;13;3768
17;2025-12-06;14;3783
17;2025-12-06;15;3776
17;2025-12-06;16;3793
17;2025-12-06;17;3493
17;2025-12-06;18;3092
17;2025-12-06;19;2444
17;2025-12-06;20;1924
17;2025-12-06;21;1381
17;2025-12-06;22;831
17;2025-12-06;23;466
17;2025-12-07;0;193
17;2025-12-07;1;24
17;2025-12-07;2;0
17;2025-12-07;3;0
17;2025-12-07;4;3
17;2025-12-07;5;110
17;2025-12-07;6;454
17;2025-12-07;7;883
17;2025-12-07;8;1286
17;2025-12-07;9;1761
17;2025-12-07;10;2078
17;2025-12-07;11;2672
17;2025-12-07;12;3032
17;2025-12-07;13;3291
17;2025-12-07;14;3431
17;2025-12-07;15;3360
17;2025-12-07;16;3268
17;2025-12-07;17;3102
17;2025-12-07;18;2674
17;2025-12-07;19;2140
17;2025-12-07;20;1578
17;2025-12-07;21;1166
17;2025-12-07;22;714
17;2025-12-07;23;328
17;2025-12-08;0;125
17;2025-12-08;1;14
17;2025-12-08;2;0
17;2025-12-08;3;0
17;2025-12-08;4;28
17;2025-12-08;5;304
17;2025-12-08;6;1573
17;2025-12-08;7;4229
17;2025-12-08;8;5561
17;2025-12-08;9;3937
17;2025-12-08;10;2988
17;2025-12-08;11;2927
17;2025-12-08;12;2976
17;2025-12-08;13;3099
17;2025-12-08;14;3117
17;2025-12-08;15;3212
17;2025-12-08;16;3734
17;2025-12-08;17;4386
17;2025-12-08;18;4682
17;2025-12-08;19;2839
17;2025-12-08;20;2102
17;2025-12-08;21;1386
17;2025-12-08;22;650
17;2025-12-08;23;319
17;2025-12-09;0;123
17;2025-12-09;1;11
17;2025-12-09;2;0
17;2025-12-09;3;0
17;2025-12-09;4;26
17;2025-12-09;5;325
17;2025-12-09;6;1584
17;2025-12-09;7;4376
17;2025-12-09;8;5583
17;2025-12-09;9;4010
17;2025-12-09;10;3186
17;2025-12-09;11;3151
17;2025-12-09;12;3163
17;2025-12-09;13;3216
17;2025-12-09;14;3348
17;2025-12-09;15;3400
17;2025-12-09;16;3785
17;2025-12-09;17;4702
17;2025-12-09;18;4964
17;2025-12-09;19;3448
17;2025-12-09;20;2426
17;2025-12-09;21;1503
17;2025-12-09;22;718
17;2025-12-09;23;390
17;2025-12-10;0;123
17;2025-12-10;1;11
17;2025-12-10;2;0
17;2025-12-10;3;0
17;2025-12-10;4;26
17;2025-12-10;5;325
17;2025-12-10;6;1584
17;2025-12-10;7;4376
17;2025-12-10;8;5583
17;2025-12-10;9;4010
17;2025-12-10;10;3186
17;2025-12-10;11;3151
17;2025-12-10;12;3163
17;2025-12-10;13;3216
17;2025-12-10;14;3348
17;2025-12-10;15;3400
17;2025-12-10;16;3785
17;2025-12-10;17;4702
17;2025-12-10;18;4964
17;2025-12-10;19;3448
17;2025-12-10;20;2426
17;2025-12-10;21;1503
17;2025-12-10;22;718
17;2025-12-10;23;390
17;2025-12-11;0;123
17;2025-12-11;1;11
17;2025-12-11;2;0
17;2025-12-11;3;0
17;2025-12-11;4;26
17;2025-12-11;5;325
17;2025-12-11;6;1584
17;2025-12-11;7;4376
17;2025-12-11;8;5583
17;2025-12-11;9;4010
17;2025-12-11;10;3186
17;2025-12-11;11;3151
17;2025-12-11;12;3163
17;2025-12-11;13;3216
17;2025-12-11;14;3348
17;2025-12-11;15;3400
17;2025-12-11;16;3785
17;2025-12-11;17;4702
17;2025-12-11;18;4964
17;2025-12-11;19;3448
17;2025-12-11;20;2426
17;2025-12-11;21;1503
17;2025-12-11;22;718
17;2025-12-11;23;390
17;2025-12-12;0;150
17;2025-12-12;1;18
17;2025-12-12;2;0
17;2025-12-12;3;0
17;2025-12-12;4;25
17;2025-12-12;5;325
17;2025-12-12;6;1593
17;2025-12-12;7;4319
17;2025-12-12;8;5472
17;2025-12-12;9;3954
17;2025-12-12;10;3131
17;2025-12-12;11;3186
17;2025-12-12;12;3148
17;2025-12-12;13;3242
17;2025-12-12;14;3313
17;2025-12-12;15;3600
17;2025-12-12;16;4353
17;2025-12-12;17;4950
17;2025-12-12;18;4491
17;2025-12-12;19;3323
17;2025-12-12;20;2448
17;2025-12-12;21;1647
17;2025-12-12;22;793
17;2025-12-12;23;493
17;2025-12-13;0;209
17;2025-12-13;1;29
17;2025-12-13;2;0
17;2025-12-13;3;0
17;2025-12-13;4;6
17;2025-12-13;5;141
17;2025-12-13;6;602
17;2025-12-13;7;1312
17;2025-12-13;8;1861
17;2025-12-13;9;2367
17;2025-12-13;10;2646
17;2025-12-13;11;3154
17;2025-12-13;12;3493
17;2025-12-13;13;3768
17;2025-12-13;14;3783
17;2025-12-13;15;3776
17;2025-12-13;16;3793
17;2025-12-13;17;3493
17;2025-12-13;18;3092
17;2025-12-13;19;2444
17;2025-12-13;20;1924
17;2025-12-13;21;1381
17;2025-12-13;22;831
17;2025-12-13;23;466
17;2025-12-14;0;193
17;2025-12-14;1;24
17;2025-12-14;2;0
17;2025-12-14;3;0
17;2025-12-14;4;3
17;2025-12-14;5;110
17;2025-12-14;6;454
17;2025-12-14;7;883
17;2025-12-14;8;1286
17;2025-12-14;9;1761
17;2025-12-14;10;2078
17;2025-12-14;11;2672
17;2025-12-14;12;3032
17;2025-12-14;13;3291
17;2025-12-14;14;3431
17;2025-12-14;15;3360
17;2025-12-14;16;3268
17;2025-12-14;17;3102
17;2025-12-14;18;2674
17;2025-12-14;19;2140
17;2025-12-14;20;1578
17;2025-12-14;21;1166
17;2025-12-14;22;714
17;2025-12-14;23;328
17;2025-12-15;0;125
17;2025-12-15;1;14
17;2025-12-15;2;0
17;2025-12-15;3;0
17;2025-12-15;4;28
17;2025-12-15;5;304
17;2025-12-15;6;1573
17;2025-12-15;7;4229
17;2025-12-15;8;5561
17;2025-12-15;9;3937
17;2025-12-15;10;2988
17;2025-12-15;11;2927
17;2025-12-15;12;2976
17;2025-12-15;13;3099
17;2025-12-15;14;3117
17;2025-12-15;15;3212
17;2025-12-15;16;3734
17;2025-12-15;17;4386
17;2025-12-15;18;4682
17;2025-12-15;19;2839
17;2025-12-15;20;2102
17;2025-12-15;21;1386
17;2025-12-15;22;650
17;2025-12-15;23;319
17;2025-12-16;0;123
17;2025-12-16;1;11
17;2025-12-16;2;0
17;2025-12-16;3;0
17;2025-12-16;4;26
17;2025-12-16;5;325
17;2025-12-16;6;1584
17;2025-12-16;7;4376
17;2025-12-16;8;5583
17;2025-12-16;9;4010
17;2025-12-16;10;3186
17;2025-12-16;11;3151
17;2025-12-16;12;3163
17;2025-12-16;13;3216
17;2025-12-16;14;3348
17;2025-12-16;15;3400
17;2025-12-16;16;3785
17;2025-12-16;17;4702
17;2025-12-16;18;4964
17;2025-12-16;19;3448
17;2025-12-16;20;2426
17;2025-12-16;21;1503
17;2025-12-16;22;718
17;2025-12-16;23;390
17;2025-12-17;0;123
17;2025-12-17;1;11
17;2025-12-17;2;0
17;2025-12-17;3;0
17;2025-12-17;4;26
17;2025-12-17;5;325
17;2025-12-17;6;1584
17;2025-12-17;7;4376
17;2025-12-17;8;5583
17;2025-12-17;9;4010
17;2025-12-17;10;3186
17;2025-12-17;11;3151
17;2025-12-17;12;3163
17;2025-12-17;13;3216
17;2025-12-17;14;3348
17;2025-12-17;15;3400
17;2025-12-17;16;3785
17;2025-12-17;17;4702
17;2025-12-17;18;4964
17;2025-12-17;19;3448
17;2025-12-17;20;2426
17;2025-12-17;21;1503
17;2025-12-17;22;718
17;2025-12-17;23;390
17;2025-12-18;0;123
17;2025-12-18;1;11
17;2025-12-18;2;0
17;2025-12-18;3;0
17;2025-12-18;4;26
17;2025-12-18;5;325
17;2025-12-18;6;1584
17;2025-12-18;7;4376
17;2025-12-18;8;5583
17;2025-12-18;9;4010
17;2025-12-18;10;3186
17;2025-12-18;11;3151
17;2025-12-18;12;3163
17;2025-12-18;13;3216
17;2025-12-18;14;3348
17;2025-12-18;15;3400
17;2025-12-18;16;3785
17;2025-12-18;17;4702
17;2025-12-18;18;4964
17;2025-12-18;19;3448
17;2025-12-18;20;2426
17;2025-12-18;21;1503
17;2025-12-18;22;718
17;2025-12-18;23;390
17;2025-12-19;0;150
17;2025-12-19;1;18
17;2025-12-19;2;0
17;2025-12-19;3;0
17;2025-12-19;4;25
17;2025-12-19;5;325
17;2025-12-19;6;1593
17;2025-12-19;7;4319
17;2025-12-19;8;5472
17;2025-12-19;9;3954
17;2025-12-19;10;3131
17;2025-12-19;11;3186
17;2025-12-19;12;3148
17;2025-12-19;13;3242
17;2025-12-19;14;3313
17;2025-12-19;15;3600
17;2025-12-19;16;4353
17;2025-12-19;17;4950
17;2025-12-19;18;4491
17;2025-12-19;19;3323
17;2025-12-19;20;2448
17;2025-12-19;21;1647
17;2025-12-19;22;793
17;2025-12-19;23;493
17;2025-12-20;0;209
17;2025-12-20;1;29
17;2025-12-20;2;0
17;2025-12-20;3;0
17;2025-12-20;4;6
17;2025-12-20;5;141
17;2025-12-20;6;602
17;2025-12-20;7;1312
17;2025-12-20;8;1861
17;2025-12-20;9;2367
17;2025-12-20;10;2646
17;2025-12-20;11;3154
17;2025-12-20;12;3493
17;2025-12-20;13;3768
17;2025-12-20;14;3783
17;2025-12-20;15;3776
17;2025-12-20;16;3793
17;2025-12-20;17;3493
17;2025-12-20;18;3092
17;2025-12-20;19;2444
17;2025-12-20;20;1924
17;2025-12-20;21;1381
17;2025-12-20;22;831
17;2025-12-20;23;466
17;2025-12-21;0;193
17;2025-12-21;1;24
17;2025-12-21;2;0
17;2025-12-21;3;0
17;2025-12-21;4;3
17;2025-12-21;5;110
17;2025-12-21;6;454
17;2025-12-21;7;883
17;2025-12-21;8;1286
17;2025-12-21;9;1761
17;2025-12-21;10;2078
17;2025-12-21;11;2672
17;2025-12-21;12;3032
17;2025-12-21;13;3291
17;2025-12-21;14;3431
17;2025-12-21;15;3360
17;2025-12-21;16;3268
17;2025-12-21;17;3102
17;2025-12-21;18;2674
17;2025-12-21;19;2140
17;2025-12-21;20;1578
17;2025-12-21;21;1166
17;2025-12-21;22;714
17;2025-12-21;23;328
17;2025-12-22;0;125
17;2025-12-22;1;14
17;2025-12-22;2;0
17;2025-12-22;3;0
17;2025-12-22;4;28
17;2025-12-22;5;304
17;2025-12-22;6;1573
17;2025-12-22;7;4229
17;2025-12-22;8;5561
17;2025-12-22;9;3937
17;2025-12-22;10;2988
17;2025-12-22;11;2927
17;2025-12-22;12;2976
17;2025-12-22;13;3099
17;2025-12-22;14;3117
17;2025-12-22;15;3212
17;2025-12-22;16;3734
17;2025-12-22;17;4386
17;2025-12-22;18;4682
17;2025-12-22;19;2839
17;2025-12-22;20;2102
17;2025-12-22;21;1386
17;2025-12-22;22;650
17;2025-12-22;23;319
17;2025-12-23;0;123
17;2025-12-23;1;11
17;2025-12-23;2;0
17;2025-12-23;3;0
17;2025-12-23;4;26
17;2025-12-23;5;325
17;2025-12-23;6;1584
17;2025-12-23;7;4376
17;2025-12-23;8;5583
17;2025-12-23;9;4010
17;2025-12-23;10;3186
17;2025-12-23;11;3151
17;2025-12-23;12;3163
17;2025-12-23;13;3216
17;2025-12-23;14;3348
17;2025-12-23;15;3400
17;2025-12-23;16;3785
17;2025-12-23;17;4702
17;2025-12-23;18;4964
17;2025-12-23;19;3448
17;2025-12-23;20;2426
17;2025-12-23;21;1503
17;2025-12-23;22;718
17;2025-12-23;23;390
17;2025-12-24;0;123
17;2025-12-24;1;11
17;2025-12-24;2;0
17;2025-12-24;3;0
17;2025-12-24;4;26
17;2025-12-24;5;325
17;2025-12-24;6;1584
17;2025-12-24;7;4376
17;2025-12-24;8;5583
17;2025-12-24;9;4010
17;2025-12-24;10;3186
17;2025-12-24;11;3151
17;2025-12-24;12;3163
17;2025-12-24;13;3216
17;2025-12-24;14;3348
17;2025-12-24;15;3400
17;2025-12-24;16;3785
17;2025-12-24;17;4702
17;2025-12-24;18;4964
17;2025-12-24;19;3448
17;2025-12-24;20;2426
17;2025-12-24;21;1503
17;2025-12-24;22;718
17;2025-12-24;23;390
17;2025-12-25;0;123
17;2025-12-25;1;11
17;2025-12-25;2;0
17;2025-12-25;3;0
17;2025-12-25;4;26
17;2025-12-25;5;325
17;2025-12-25;6;1584
17;2025-12-25;7;4376
17;2025-12-25;8;5583
17;2025-12-25;9;4010
17;2025-12-25;10;3186
17;2025-12-25;11;3151
17;2025-12-25;12;3163
17;2025-12-25;13;3216
17;2025-12-25;14;3348
17;2025-12-25;15;3400
17;2025-12-25;16;3785
17;2025-12-25;17;4702
17;2025-12-25;18;4964
17;2025-12-25;19;3448
17;2025-12-25;20;2426
17;2025-12-25;21;1503
17;2025-12-25;22;718
17;2025-12-25;23;390
17;2025-12-26;0;150
17;2025-12-26;1;18
17;2025-12-26;2;0
17;2025-12-26;3;0
17;2025-12-26;4;25
17;2025-12-26;5;325
17;2025-12-26;6;1593
17;2025-12-26;7;4319
17;2025-12-26;8;5472
17;2025-12-26;9;3954
17;2025-12-26;10;3131
17;2025-12-26;11;3186
17;2025-12-26;12;3148
17;2025-12-26;13;3242
17;2025-12-26;14;3313
17;2025-12-26;15;3600
17;2025-12-26;16;4353
17;2025-12-26;17;4950
17;2025-12-26;18;4491
17;2025-12-26;19;3323
17;2025-12-26;20;2448
17;2025-12-26;21;1647
17;2025-12-26;22;793
17;2025-12-26;23;493
17;2025-12-27;0;209
17;2025-12-27;1;29
17;2025-12-27;2;0
17;2025-12-27;3;0
17;2025-12-27;4;6
17;2025-12-27;5;141
17;2025-12-27;6;602
17;2025-12-27;7;1312
17;2025-12-27;8;1861
17;2025-12-27;9;2367
17;2025-12-27;10;2646
17;2025-12-27;11;3154
17;2025-12-27;12;3493
17;2025-12-27;13;3768
17;2025-12-27;14;3783
17;2025-12-27;15;3776
17;2025-12-27;16;3793
17;2025-12-27;17;3493
17;2025-12-27;18;3092
17;2025-12-27;19;2444
17;2025-12-27;20;1924
17;2025-12-27;21;1381
17;2025-12-27;22;831
17;2025-12-27;23;466
17;2025-12-28;0;193
17;2025-12-28;1;24
17;2025-12-28;2;0
17;2025-12-28;3;0
17;2025-12-28;4;3
17;2025-12-28;5;110
17;2025-12-28;6;454
17;2025-12-28;7;883
17;2025-12-28;8;1286
17;2025-12-28;9;1761
17;2025-12-28;10;2078
17;2025-12-28;11;2672
17;2025-12-28;12;3032
17;2025-12-28;13;3291
17;2025-12-28;14;3431
17;2025-12-28;15;3360
17;2025-12-28;16;3268
17;2025-12-28;17;3102
17;2025-12-28;18;2674
17;2025-12-28;19;2140
17;2025-12-28;20;1578
17;2025-12-28;21;1166
17;2025-12-28;22;714
17;2025-12-28;23;328
17;2025-12-29;0;129
17;2025-12-29;1;16
17;2025-12-29;2;0
17;2025-12-29;3;0
17;2025-12-29;4;22
17;2025-12-29;5;279
17;2025-12-29;6;1370
17;2025-12-29;7;3715
17;2025-12-29;8;4706
17;2025-12-29;9;3400
17;2025-12-29;10;2693
17;2025-12-29;11;2740
17;2025-12-29;12;2707
17;2025-12-29;13;2788
17;2025-12-29;14;2849
17;2025-12-29;15;3096
17;2025-12-29;16;3744
17;2025-12-29;17;4257
17;2025-12-29;18;3863
17;2025-12-29;19;2858
17;2025-12-29;20;2105
17;2025-12-29;21;1416
17;2025-12-29;22;682
17;2025-12-29;23;424
17;2025-12-30;0;129
17;2025-12-30;1;16
17;2025-12-30;2;0
17;2025-12-30;3;0
17;2025-12-30;4;22
17;2025-12-30;5;279
17;2025-12-30;6;1370
17;2025-12-30;7;3715
17;2025-12-30;8;4706
17;2025-12-30;9;3400
17;2025-12-30;10;2693
17;2025-12-30;11;2740
17;2025-12-30;12;2707
17;2025-12-30;13;2788
17;2025-12-30;14;2849
17;2025-12-30;15;3096
17;2025-12-30;16;3744
17;2025-12-30;17;4257
17;2025-12-30;18;3863
17;2025-12-30;19;2858
17;2025-12-30;20;2105
17;2025-12-30;21;1416
17;2025-12-30;22;682
17;2025-12-30;23;424
17;2025-12-31;0;178
17;2025-12-31;1;24
17;2025-12-31;2;0
17;2025-12-31;3;0
17;2025-12-31;4;5
17;2025-12-31;5;120
17;2025-12-31;6;512
17;2025-12-31;7;1115
17;2025-12-31;8;1582
17;2025-12-31;9;2012
17;2025-12-31;10;2249
17;2025-12-31;11;2680
17;2025-12-31;12;2969
17;2025-12-31;13;3203
17;2025-12-31;14;3216
17;2025-12-31;15;3209
17;2025-12-31;16;3224
17;2025-12-31;17;2969
17;2025-12-31;18;2628
17;2025-12-31;19;1142
17;2025-12-31;20;900
17;2025-12-31;21;645
17;2025-12-31;22;389
17;2025-12-31;23;218
25;2025-11-01;0;0
25;2025-11-01;1;0
25;2025-11-01;2;0
25;2025-11-01;3;0
25;2025-11-01;4;0
25;2025-11-01;5;15
25;2025-11-01;6;250
25;2025-11-01;7;512
25;2025-11-01;8;787
25;2025-11-01;9;400
25;2025-11-01;10;366
25;2025-11-01;11;404
25;2025-11-01;12;386
25;2025-11-01;13;510
25;2025-11-01;14;424
25;2025-11-01;15;588
25;2025-11-01;16;748
25;2025-11-01;17;719
25;2025-11-01;18;634
25;2025-11-01;19;583
25;2025-11-01;20;311
25;2025-11-01;21;202
25;2025-11-01;22;99
25;2025-11-01;23;13
25;2025-11-02;0;17
25;2025-11-02;1;1
25;2025-11-02;2;0
25;2025-11-02;3;0
25;2025-11-02;4;0
25;2025-11-02;5;11
25;2025-11-02;6;117
25;2025-11-02;7;110
25;2025-11-02;8;207
25;2025-11-02;9;233
25;2025-11-02;10;237
25;2025-11-02;11;340
25;2025-11-02;12;407
25;2025-11-02;13;536
25;2025-11-02;14;633
25;2025-11-02;15;724
25;2025-11-02;16;616
25;2025-11-02;17;614
25;2025-11-02;18;470
25;2025-11-02;19;315
25;2025-11-02;20;250
25;2025-11-02;21;156
25;2025-11-02;22;99
25;2025-11-02;23;37
25;2025-11-03;0;16
25;2025-11-03;1;1
25;2025-11-03;2;0
25;2025-11-03;3;0
25;2025-11-03;4;0
25;2025-11-03;5;11
25;2025-11-03;6;113
25;2025-11-03;7;106
25;2025-11-03;8;200
25;2025-11-03;9;226
25;2025-11-03;10;229
25;2025-11-03;11;328
25;2025-11-03;12;394
25;2025-11-03;13;519
25;2025-11-03;14;612
25;2025-11-03;15;700
25;2025-11-03;16;596
25;2025-11-03;17;593
25;2025-11-03;18;455
25;2025-11-03;19;305
25;2025-11-03;20;242
25;2025-11-03;21;151
25;2025-11-03;22;96
25;2025-11-03;23;36
25;2025-11-04;0;16
25;2025-11-04;1;1
25;2025-11-04;2;0
25;2025-11-04;3;0
25;2025-11-04;4;0
25;2025-11-04;5;11
25;2025-11-04;6;113
25;2025-11-04;7;106
25;2025-11-04;8;200
25;2025-11-04;9;226
25;2025-11-04;10;229
25;2025-11-04;11;328
25;2025-11-04;12;394
25;2025-11-04;13;519
25;2025-11-04;14;612
25;2025-11-04;15;700
25;2025-11-04;16;596
25;2025-11-04;17;593
25;2025-11-04;18;455
25;2025-11-04;19;305
25;2025-11-04;20;242
25;2025-11-04;21;151
25;2025-11-04;22;96
25;2025-11-04;23;36
25;2025-11-05;0;1
25;2025-11-05;1;0
25;2025-11-05;2;0
25;2025-11-05;3;0
25;2025-11-05;4;0
25;2025-11-05;5;22
25;2025-11-05;6;286
25;2025-11-05;7;562
25;2025-11-05;8;950
25;2025-11-05;9;486
25;2025-11-05;10;404
25;2025-11-05;11;472
25;2025-11-05;12;461
25;2025-11-05;13;558
25;2025-11-05;14;503
25;2025-11-05;15;641
25;2025-11-05;16;728
25;2025-11-05;17;828
25;2025-11-05;18;825
25;2025-11-05;19;651
25;2025-11-05;20;347
25;2025-11-05;21;238
25;2025-11-05;22;96
25;2025-11-05;23;7
25;2025-11-06;0;1
25;2025-11-06;1;0
25;2025-11-06;2;0
25;2025-11-06;3;0
25;2025-11-06;4;0
25;2025-11-06;5;22
25;2025-11-06;6;286
25;2025-11-06;7;562
25;2025-11-06;8;950
25;2025-11-06;9;486
25;2025-11-06;10;404
25;2025-11-06;11;472
25;2025-11-06;12;461
25;2025-11-06;13;558
25;2025-11-06;14;503
25;2025-11-06;15;641
25;2025-11-06;16;728
25;2025-11-06;17;828
25;2025-11-06;18;825
25;2025-11-06;19;651
25;2025-11-06;20;347
25;2025-11-06;21;238
25;2025-11-06;22;96
25;2025-11-06;23;7
25;2025-11-07;0;0
25;2025-11-07;1;0
25;2025-11-07;2;0
25;2025-11-07;3;0
25;2025-11-07;4;0
25;2025-11-07;5;17
25;2025-11-07;6;294
25;2025-11-07;7;603
25;2025-11-07;8;926
25;2025-11-07;9;470
25;2025-11-07;10;431
25;2025-11-07;11;476
25;2025-11-07;12;454
25;2025-11-07;13;601
25;2025-11-07;14;499
25;2025-11-07;15;691
25;2025-11-07;16;880
25;2025-11-07;17;846
25;2025-11-07;18;745
25;2025-11-07;19;686
25;2025-11-07;20;366
25;2025-11-07;21;237
25;2025-11-07;22;116
25;2025-11-07;23;16
25;2025-11-08;0;6
25;2025-11-08;1;0
25;2025-11-08;2;0
25;2025-11-08;3;0
25;2025-11-08;4;0
25;2025-11-08;5;22
25;2025-11-08;6;147
25;2025-11-08;7;143
25;2025-11-08;8;332
25;2025-11-08;9;299
25;2025-11-08;10;308
25;2025-11-08;11;409
25;2025-11-08;12;431
25;2025-11-08;13;712
25;2025-11-08;14;719
25;2025-11-08;15;844
25;2025-11-08;16;791
25;2025-11-08;17;633
25;2025-11-08;18;556
25;2025-11-08;19;480
25;2025-11-08;20;272
25;2025-11-08;21;208
25;2025-11-08;22;121
25;2025-11-08;23;46
25;2025-11-09;0;17
25;2025-11-09;1;1
25;2025-11-09;2;0
25;2025-11-09;3;0
25;2025-11-09;4;0
25;2025-11-09;5;11
25;2025-11-09;6;117
25;2025-11-09;7;110
25;2025-11-09;8;207
25;2025-11-09;9;233
25;2025-11-09;10;237
25;2025-11-09;11;340
25;2025-11-09;12;407
25;2025-11-09;13;536
25;2025-11-09;14;633
25;2025-11-09;15;724
25;2025-11-09;16;616
25;2025-11-09;17;614
25;2025-11-09;18;470
25;2025-11-09;19;315
25;2025-11-09;20;250
25;2025-11-09;21;156
25;2025-11-09;22;99
25;2025-11-09;23;37
25;2025-11-10;0;8
25;2025-11-10;1;0
25;2025-11-10;2;0
25;2025-11-10;3;0
25;2025-11-10;4;0
25;2025-11-10;5;22
25;2025-11-10;6;271
25;2025-11-10;7;571
25;2025-11-10;8;1028
25;2025-11-10;9;574
25;2025-11-10;10;362
25;2025-11-10;11;449
25;2025-11-10;12;442
25;2025-11-10;13;603
25;2025-11-10;14;502
25;2025-11-10;15;512
25;2025-11-10;16;736
25;2025-11-10;17;805
25;2025-11-10;18;784
25;2025-11-10;19;598
25;2025-11-10;20;311
25;2025-11-10;21;201
25;2025-11-10;22;84
25;2025-11-10;23;11
25;2025-11-11;0;1
25;2025-11-11;1;0
25;2025-11-11;2;0
25;2025-11-11;3;0
25;2025-11-11;4;0
25;2025-11-11;5;22
25;2025-11-11;6;286
25;2025-11-11;7;562
25;2025-11-11;8;950
25;2025-11-11;9;486
25;2025-11-11;10;404
25;2025-11-11;11;472
25;2025-11-11;12;461
25;2025-11-11;13;558
25;2025-11-11;14;503
25;2025-11-11;15;641
25;2025-11-11;16;728
25;2025-11-11;17;828
25;2025-11-11;18;825
25;2025-11-11;19;651
25;2025-11-11;20;347
25;2025-11-11;21;238
25;2025-11-11;22;96
25;2025-11-11;23;7
25;2025-11-12;0;1
25;2025-11-12;1;0
25;2025-11-12;2;0
25;2025-11-12;3;0
25;2025-11-12;4;0
25;2025-11-12;5;22
25;2025-11-12;6;286
25;2025-11-12;7;562
25;2025-11-12;8;950
25;2025-11-12;9;486
25;2025-11-12;10;404
25;2025-11-12;11;472
25;2025-11-12;12;461
25;2025-11-12;13;558
25;2025-11-12;14;503
25;2025-11-12;15;641
25;2025-11-12;16;728
25;2025-11-12;17;828
25;2025-11-12;18;825
25;2025-11-12;19;651
25;2025-11-12;20;347
25;2025-11-12;21;238
25;2025-11-12;22;96
25;2025-11-12;23;7
25;2025-11-13;0;1
25;2025-11-13;1;0
25;2025-11-13;2;0
25;2025-11-13;3;0
25;2025-11-13;4;0
25;2025-11-13;5;22
25;2025-11-13;6;286
25;2025-11-13;7;562
25;2025-11-13;8;950
25;2025-11-13;9;486
25;2025-11-13;10;404
25;2025-11-13;11;472
25;2025-11-13;12;461
25;2025-11-13;13;558
25;2025-11-13;14;503
25;2025-11-13;15;641
25;2025-11-13;16;728
25;2025-11-13;17;828
25;2025-11-13;18;825
25;2025-11-13;19;651
25;2025-11-13;20;347
25;2025-11-13;21;238
25;2025-11-13;22;96
25;2025-11-13;23;7
25;2025-11-14;0;0
25;2025-11-14;1;0
25;2025-11-14;2;0
25;2025-11-14;3;0
25;2025-11-14;4;0
25;2025-11-14;5;17
25;2025-11-14;6;294
25;2025-11-14;7;603
25;2025-11-14;8;926
25;2025-11-14;9;470
25;2025-11-14;10;431
25;2025-11-14;11;476
25;2025-11-14;12;454
25;2025-11-14;13;601
25;2025-11-14;14;499
25;2025-11-14;15;691
25;2025-11-14;16;880
25;2025-11-14;17;846
25;2025-11-14;18;745
25;2025-11-14;19;686
25;2025-11-14;20;366
25;2025-11-14;21;237
25;2025-11-14;22;116
25;2025-11-14;23;16
25;2025-11-15;0;6
25;2025-11-15;1;0
25;2025-11-15;2;0
25;2025-11-15;3;0
25;2025-11-15;4;0
25;2025-11-15;5;21
25;2025-11-15;6;139
25;2025-11-15;7;136
25;2025-11-15;8;315
25;2025-11-15;9;284
25;2025-11-15;10;292
25;2025-11-15;11;388
25;2025-11-15;12;408
25;2025-11-15;13;675
25;2025-11-15;14;682
25;2025-11-15;15;800
25;2025-11-15;16;750
25;2025-11-15;17;600
25;2025-11-15;18;527
25;2025-11-15;19;455
25;2025-11-15;20;258
25;2025-11-15;21;197
25;2025-11-15;22;114
25;2025-11-15;23;43
25;2025-11-16;0;17
25;2025-11-16;1;1
25;2025-11-16;2;0
25;2025-11-16;3;0
25;2025-11-16;4;0
25;2025-11-16;5;11
25;2025-11-16;6;117
25;2025-11-16;7;110
25;2025-11-16;8;207
25;2025-11-16;9;233
25;2025-11-16;10;237
25;2025-11-16;11;340
25;2025-11-16;12;407
25;2025-11-16;13;536
25;2025-11-16;14;633
25;2025-11-16;15;724
25;2025-11-16;16;616
25;2025-11-16;17;614
25;2025-11-16;18;470
25;2025-11-16;19;315
25;2025-11-16;20;250
25;2025-11-16;21;156
25;2025-11-16;22;99
25;2025-11-16;23;37
25;2025-11-17;0;8
25;2025-11-17;1;0
25;2025-11-17;2;0
25;2025-11-17;3;0
25;2025-11-17;4;0
25;2025-11-17;5;22
25;2025-11-17;6;271
25;2025-11-17;7;571
25;2025-11-17;8;1028
25;2025-11-17;9;574
25;2025-11-17;10;362
25;2025-11-17;11;449
25;2025-11-17;12;442
25;2025-11-17;13;603
25;2025-11-17;14;502
25;2025-11-17;15;512
25;2025-11-17;16;736
25;2025-11-17;17;805
25;2025-11-17;18;784
25;2025-11-17;19;598
25;2025-11-17;20;311
25;2025-11-17;21;201
25;2025-11-17;22;84
25;2025-11-17;23;11
25;2025-11-18;0;1
25;2025-11-18;1;0
25;2025-11-18;2;0
25;2025-11-18;3;0
25;2025-11-18;4;0
25;2025-11-18;5;22
25;2025-11-18;6;286
25;2025-11-18;7;562
25;2025-11-18;8;950
25;2025-11-18;9;486
25;2025-11-18;10;404
25;2025-11-18;11;472
25;2025-11-18;12;461
25;2025-11-18;13;558
25;2025-11-18;14;503
25;2025-11-18;15;641
25;2025-11-18;16;728
25;2025-11-18;17;828
25;2025-11-18;18;825
25;2025-11-18;19;651
25;2025-11-18;20;347
25;2025-11-18;21;238
25;2025-11-18;22;96
25;2025-11-18;23;7
25;2025-11-19;0;1
25;2025-11-19;1;0
25;2025-11-19;2;0
25;2025-11-19;3;0
25;2025-11-19;4;0
25;2025-11-19;5;22
25;2025-11-19;6;286
25;2025-11-19;7;562
25;2025-11-19;8;950
25;2025-11-19;9;486
25;2025-11-19;10;404
25;2025-11-19;11;472
25;2025-11-19;12;461
25;2025-11-19;13;558
25;2025-11-19;14;503
25;2025-11-19;15;641
25;2025-11-19;16;728
25;2025-11-19;17;828
25;2025-11-19;18;825
25;2025-11-19;19;651
25;2025-11-19;20;347
25;2025-11-19;21;238
25;2025-11-19;22;96
25;2025-11-19;23;7
25;2025-11-20;0;1
25;2025-11-20;1;0
25;2025-11-20;2;0
25;2025-11-20;3;0
25;2025-11-20;4;0
25;2025-11-20;5;22
25;2025-11-20;6;286
25;2025-11-20;7;562
25;2025-11-20;8;950
25;2025-11-20;9;486
25;2025-11-20;10;404
25;2025-11-20;11;472
25;2025-11-20;12;461
25;2025-11-20;13;558
25;2025-11-20;14;503
25;2025-11-20;15;641
25;2025-11-20;16;728
25;2025-11-20;17;828
25;2025-11-20;18;825
25;2025-11-20;19;651
25;2025-11-20;20;347
25;2025-11-20;21;238
25;2025-11-20;22;96
25;2025-11-20;23;7
25;2025-11-21;0;0
25;2025-11-21;1;0
25;2025-11-21;2;0
25;2025-11-21;3;0
25;2025-11-21;4;0
25;2025-11-21;5;17
25;2025-11-21;6;294
25;2025-11-21;7;603
25;2025-11-21;8;926
25;2025-11-21;9;470
25;2025-11-21;10;431
25;2025-11-21;11;476
25;2025-11-21;12;454
25;2025-11-21;13;601
25;2025-11-21;14;499
25;2025-11-21;15;691
25;2025-11-21;16;880
25;2025-11-21;17;846
25;2025-11-21;18;745
25;2025-11-21;19;686
25;2025-11-21;20;366
25;2025-11-21;21;237
25;2025-11-21;22;116
25;2025-11-21;23;16
25;2025-11-22;0;6
25;2025-11-22;1;0
25;2025-11-22;2;0
25;2025-11-22;3;0
25;2025-11-22;4;0
25;2025-11-22;5;22
25;2025-11-22;6;147
25;2025-11-22;7;143
25;2025-11-22;8;332
25;2025-11-22;9;299
25;2025-11-22;10;308
25;2025-11-22;11;409
25;2025-11-22;12;431
25;2025-11-22;13;712
25;2025-11-22;14;719
25;2025-11-22;15;844
25;2025-11-22;16;791
25;2025-11-22;17;633
25;2025-11-22;18;556
25;2025-11-22;19;480
25;2025-11-22;20;272
25;2025-11-22;21;208
25;2025-11-22;22;121
25;2025-11-22;23;46
25;2025-11-23;0;17
25;2025-11-23;1;1
25;2025-11-23;2;0
25;2025-11-23;3;0
25;2025-11-23;4;0
25;2025-11-23;5;11
25;2025-11-23;6;117
25;2025-11-23;7;110
25;2025-11-23;8;207
25;2025-11-23;9;233
25;2025-11-23;10;237
25;2025-11-23;11;340
25;2025-11-23;12;407
25;2025-11-23;13;536
25;2025-11-23;14;633
25;2025-11-23;15;724
25;2025-11-23;16;616
25;2025-11-23;17;614
25;2025-11-23;18;470
25;2025-11-23;19;315
25;2025-11-23;20;250
25;2025-11-23;21;156
25;2025-11-23;22;99
25;2025-11-23;23;37
25;2025-11-24;0;8
25;2025-11-24;1;0
25;2025-11-24;2;0
25;2025-11-24;3;0
25;2025-11-24;4;0
25;2025-11-24;5;22
25;2025-11-24;6;271
25;2025-11-24;7;571
25;2025-11-24;8;1028
25;2025-11-24;9;574
25;2025-11-24;10;362
25;2025-11-24;11;449
25;2025-11-24;12;442
25;2025-11-24;13;603
25;2025-11-24;14;502
25;2025-11-24;15;512
25;2025-11-24;16;736
25;2025-11-24;17;805
25;2025-11-24;18;784
25;2025-11-24;19;598
25;2025-11-24;20;311
25;2025-11-24;21;201
25;2025-11-24;22;84
25;2025-11-24;23;11
25;2025-11-25;0;1
25;2025-11-25;1;0
25;2025-11-25;2;0
25;2025-11-25;3;0
25;2025-11-25;4;0
25;2025-11-25;5;22
25;2025-11-25;6;286
25;2025-11-25;7;562
25;2025-11-25;8;950
25;2025-11-25;9;486
25;2025-11-25;10;404
25;2025-11-25;11;472
25;2025-11-25;12;461
25;2025-11-25;13;558
25;2025-11-25;14;503
25;2025-11-25;15;641
25;2025-11-25;16;728
25;2025-11-25;17;828
25;2025-11-25;18;825
25;2025-11-25;19;651
25;2025-11-25;20;347
25;2025-11-25;21;238
25;2025-11-25;22;96
25;2025-11-25;23;7
25;2025-11-26;0;1
25;2025-11-26;1;0
25;2025-11-26;2;0
25;2025-11-26;3;0
25;2025-11-26;4;0
25;2025-11-26;5;22
25;2025-11-26;6;286
25;2025-11-26;7;562
25;2025-11-26;8;950
25;2025-11-26;9;486
25;2025-11-26;10;404
25;2025-11-26;11;472
25;2025-11-26;12;461
25;2025-11-26;13;558
25;2025-11-26;14;503
25;2025-11-26;15;641
25;2025-11-26;16;728
25;2025-11-26;17;828
25;2025-11-26;18;825
25;2025-11-26;19;651
25;2025-11-26;20;347
25;2025-11-26;21;238
25;2025-11-26;22;96
25;2025-11-26;23;7
25;2025-11-27;0;1
25;2025-11-27;1;0
25;2025-11-27;2;0
25;2025-11-27;3;0
25;2025-11-27;4;0
25;2025-11-27;5;22
25;2025-11-27;6;286
25;2025-11-27;7;562
25;2025-11-27;8;950
25;2025-11-27;9;486
25;2025-11-27;10;404
25;2025-11-27;11;472
25;2025-11-27;12;461
25;2025-11-27;13;558
25;2025-11-27;14;503
25;2025-11-27;15;641
25;2025-11-27;16;728
25;2025-11-27;17;828
25;2025-11-27;18;825
25;2025-11-27;19;651
25;2025-11-27;20;347
25;2025-11-27;21;238
25;2025-11-27;22;96
25;2025-11-27;23;7
25;2025-11-28;0;0
25;2025-11-28;1;0
25;2025-11-28;2;0
25;2025-11-28;3;0
25;2025-11-28;4;0
25;2025-11-28;5;17
25;2025-11-28;6;294
25;2025-11-28;7;603
25;2025-11-28;8;926
25;2025-11-28;9;470
25;2025-11-28;10;431
25;2025-11-28;11;476
25;2025-11-28;12;454
25;2025-11-28;13;601
25;2025-11-28;14;499
25;2025-11-28;15;691
25;2025-11-28;16;880
25;2025-11-28;17;846
25;2025-11-28;18;745
25;2025-11-28;19;686
25;2025-11-28;20;366
25;2025-11-28;21;237
25;2025-11-28;22;116
25;2025-11-28;23;16
25;2025-11-29;0;6
25;2025-11-29;1;0
25;2025-11-29;2;0
25;2025-11-29;3;0
25;2025-11-29;4;0
25;2025-11-29;5;22
25;2025-11-29;6;147
25;2025-11-29;7;143
25;2025-11-29;8;332
25;2025-11-29;9;299
25;2025-11-29;10;308
25;2025-11-29;11;409
25;2025-11-29;12;431
25;2025-11-29;13;712
25;2025-11-29;14;719
25;2025-11-29;15;844
25;2025-11-29;16;791
25;2025-11-29;17;633
25;2025-11-29;18;556
25;2025-11-29;19;480
25;2025-11-29;20;272
25;2025-11-29;21;208
25;2025-11-29;22;121
25;2025-11-29;23;46
25;2025-11-30;0;17
25;2025-11-30;1;1
25;2025-11-30;2;0
25;2025-11-30;3;0
25;2025-11-30;4;0
25;2025-11-30;5;11
25;2025-11-30;6;117
25;2025-11-30;7;110
25;2025-11-30;8;207
25;2025-11-30;9;233
25;2025-11-30;10;237
25;2025-11-30;11;340
25;2025-11-30;12;407
25;2025-11-30;13;536
25;2025-11-30;14;633
25;2025-11-30;15;724
25;2025-11-30;16;616
25;2025-11-30;17;614
25;2025-11-30;18;470
25;2025-11-30;19;315
25;2025-11-30;20;250
25;2025-11-30;21;156
25;2025-11-30;22;99
25;2025-11-30;23;37
25;2025-12-01;0;8
25;2025-12-01;1;0
25;2025-12-01;2;0
25;2025-12-01;3;0
25;2025-12-01;4;0
25;2025-12-01;5;22
25;2025-12-01;6;271
25;2025-12-01;7;571
25;2025-12-01;8;1028
25;2025-12-01;9;574
25;2025-12-01;10;362
25;2025-12-01;11;449
25;2025-12-01;12;442
25;2025-12-01;13;603
25;2025-12-01;14;502
25;2025-12-01;15;512
25;2025-12-01;16;736
25;2025-12-01;17;805
25;2025-12-01;18;784
25;2025-12-01;19;598
25;2025-12-01;20;311
25;2025-12-01;21;201
25;2025-12-01;22;84
25;2025-12-01;23;11
25;2025-12-02;0;1
25;2025-12-02;1;0
25;2025-12-02;2;0
25;2025-12-02;3;0
25;2025-12-02;4;0
25;2025-12-02;5;22
25;2025-12-02;6;286
25;2025-12-02;7;562
25;2025-12-02;8;950
25;2025-12-02;9;486
25;2025-12-02;10;404
25;2025-12-02;11;472
25;2025-12-02;12;461
25;2025-12-02;13;558
25;2025-12-02;14;503
25;2025-12-02;15;641
25;2025-12-02;16;728
25;2025-12-02;17;828
25;2025-12-02;18;825
25;2025-12-02;19;651
25;2025-12-02;20;347
25;2025-12-02;21;238
25;2025-12-02;22;96
25;2025-12-02;23;7
25;2025-12-03;0;1
25;2025-12-03;1;0
25;2025-12-03;2;0
25;2025-12-03;3;0
25;2025-12-03;4;0
25;2025-12-03;5;22
25;2025-12-03;6;286
25;2025-12-03;7;562
25;2025-12-03;8;950
25;2025-12-03;9;486
25;2025-12-03;10;404
25;2025-12-03;11;472
25;2025-12-03;12;461
25;2025-12-03;13;558
25;2025-12-03;14;503
25;2025-12-03;15;641
25;2025-12-03;16;728
25;2025-12-03;17;828
25;2025-12-03;18;825
25;2025-12-03;19;651
25;2025-12-03;20;347
25;2025-12-03;21;238
25;2025-12-03;22;96
25;2025-12-03;23;7
25;2025-12-04;0;1
25;2025-12-04;1;0
25;2025-12-04;2;0
25;2025-12-04;3;0
25;2025-12-04;4;0
25;2025-12-04;5;22
25;2025-12-04;6;286
25;2025-12-04;7;562
25;2025-12-04;8;950
25;2025-12-04;9;486
25;2025-12-04;10;404
25;2025-12-04;11;472
25;2025-12-04;12;461
25;2025-12-04;13;558
25;2025-12-04;14;503
25;2025-12-04;15;641
25;2025-12-04;16;728
25;2025-12-04;17;828
25;2025-12-04;18;825
25;2025-12-04;19;651
25;2025-12-04;20;347
25;2025-12-04;21;238
25;2025-12-04;22;96
25;2025-12-04;23;7
25;2025-12-05;0;0
25;2025-12-05;1;0
25;2025-12-05;2;0
25;2025-12-05;3;0
25;2025-12-05;4;0
25;2025-12-05;5;17
25;2025-12-05;6;294
25;2025-12-05;7;603
25;2025-12-05;8;926
25;2025-12-05;9;470
25;2025-12-05;10;431
25;2025-12-05;11;476
25;2025-12-05;12;454
25;2025-12-05;13;601
25;2025-12-05;14;499
25;2025-12-05;15;691
25;2025-12-05;16;880
25;2025-12-05;17;846
25;2025-12-05;18;745
25;2025-12-05;19;686
25;2025-12-05;20;366
25;2025-12-05;21;237
25;2025-12-05;22;116
25;2025-12-05;23;16
25;2025-12-06;0;6
25;2025-12-06;1;0
25;2025-12-06;2;0
25;2025-12-06;3;0
25;2025-12-06;4;0
25;2025-12-06;5;22
25;2025-12-06;6;147
25;2025-12-06;7;143
25;2025-12-06;8;332
25;2025-12-06;9;299
25;2025-12-06;10;308
25;2025-12-06;11;409
25;2025-12-06;12;431
25;2025-12-06;13;712
25;2025-12-06;14;719
25;2025-12-06;15;844
25;2025-12-06;16;791
25;2025-12-06;17;633
25;2025-12-06;18;556
25;2025-12-06;19;480
25;2025-12-06;20;272
25;2025-12-06;21;208
25;2025-12-06;22;121
25;2025-12-06;23;46
25;2025-12-07;0;17
25;2025-12-07;1;1
25;2025-12-07;2;0
25;2025-12-07;3;0
25;2025-12-07;4;0
25;2025-12-07;5;11
25;2025-12-07;6;117
25;2025-12-07;7;110
25;2025-12-07;8;207
25;2025-12-07;9;233
25;2025-12-07;10;237
25;2025-12-07;11;340
25;2025-12-07;12;407
25;2025-12-07;13;536
25;2025-12-07;14;633
25;2025-12-07;15;724
25;2025-12-07;16;616
25;2025-12-07;17;614
25;2025-12-07;18;470
25;2025-12-07;19;315
25;2025-12-07;20;250
25;2025-12-07;21;156
25;2025-12-07;22;99
25;2025-12-07;23;37
25;2025-12-08;0;8
25;2025-12-08;1;0
25;2025-12-08;2;0
25;2025-12-08;3;0
25;2025-12-08;4;0
25;2025-12-08;5;22
25;2025-12-08;6;271
25;2025-12-08;7;571
25;2025-12-08;8;1028
25;2025-12-08;9;574
25;2025-12-08;10;362
25;2025-12-08;11;449
25;2025-12-08;12;442
25;2025-12-08;13;603
25;2025-12-08;14;502
25;2025-12-08;15;512
25;2025-12-08;16;736
25;2025-12-08;17;805
25;2025-12-08;18;784
25;2025-12-08;19;598
25;2025-12-08;20;311
25;2025-12-08;21;201
25;2025-12-08;22;84
25;2025-12-08;23;11
25;2025-12-09;0;1
25;2025-12-09;1;0
25;2025-12-09;2;0
25;2025-12-09;3;0
25;2025-12-09;4;0
25;2025-12-09;5;22
25;2025-12-09;6;286
25;2025-12-09;7;562
25;2025-12-09;8;950
25;2025-12-09;9;486
25;2025-12-09;10;404
25;2025-12-09;11;472
25;2025-12-09;12;461
25;2025-12-09;13;558
25;2025-12-09;14;503
25;2025-12-09;15;641
25;2025-12-09;16;728
25;2025-12-09;17;828
25;2025-12-09;18;825
25;2025-12-09;19;651
25;2025-12-09;20;347
25;2025-12-09;21;238
25;2025-12-09;22;96
25;2025-12-09;23;7
25;2025-12-10;0;1
25;2025-12-10;1;0
25;2025-12-10;2;0
25;2025-12-10;3;0
25;2025-12-10;4;0
25;2025-12-10;5;22
25;2025-12-10;6;286
25;2025-12-10;7;562
25;2025-12-10;8;950
25;2025-12-10;9;486
25;2025-12-10;10;404
25;2025-12-10;11;472
25;2025-12-10;12;461
25;2025-12-10;13;558
25;2025-12-10;14;503
25;2025-12-10;15;641
25;2025-12-10;16;728
25;2025-12-10;17;828
25;2025-12-10;18;825
25;2025-12-10;19;651
25;2025-12-10;20;347
25;2025-12-10;21;238
25;2025-12-10;22;96
25;2025-12-10;23;7
25;2025-12-11;0;1
25;2025-12-11;1;0
25;2025-12-11;2;0
25;2025-12-11;3;0
25;2025-12-11;4;0
25;2025-12-11;5;22
25;2025-12-11;6;286
25;2025-12-11;7;562
25;2025-12-11;8;950
25;2025-12-11;9;486
25;2025-12-11;10;404
25;2025-12-11;11;472
25;2025-12-11;12;461
25;2025-12-11;13;558
25;2025-12-11;14;503
25;2025-12-11;15;641
25;2025-12-11;16;728
25;2025-12-11;17;828
25;2025-12-11;18;825
25;2025-12-11;19;651
25;2025-12-11;20;347
25;2025-12-11;21;238
25;2025-12-11;22;96
25;2025-12-11;23;7
25;2025-12-12;0;0
25;2025-12-12;1;0
25;2025-12-12;2;0
25;2025-12-12;3;0
25;2025-12-12;4;0
25;2025-12-12;5;17
25;2025-12-12;6;294
25;2025-12-12;7;603
25;2025-12-12;8;926
25;2025-12-12;9;470
25;2025-12-12;10;431
25;2025-12-12;11;476
25;2025-12-12;12;454
25;2025-12-12;13;601
25;2025-12-12;14;499
25;2025-12-12;15;691
25;2025-12-12;16;880
25;2025-12-12;17;846
25;2025-12-12;18;745
25;2025-12-12;19;686
25;2025-12-12;20;366
25;2025-12-12;21;237
25;2025-12-12;22;116
25;2025-12-12;23;16
25;2025-12-13;0;6
25;2025-12-13;1;0
25;2025-12-13;2;0
25;2025-12-13;3;0
25;2025-12-13;4;0
25;2025-12-13;5;22
25;2025-12-13;6;147
25;2025-12-13;7;143
25;2025-12-13;8;332
25;2025-12-13;9;299
25;2025-12-13;10;308
25;2025-12-13;11;409
25;2025-12-13;12;431
25;2025-12-13;13;712
25;2025-12-13;14;719
25;2025-12-13;15;844
25;2025-12-13;16;791
25;2025-12-13;17;633
25;2025-12-13;18;556
25;2025-12-13;19;480
25;2025-12-13;20;272
25;2025-12-13;21;208
25;2025-12-13;22;121
25;2025-12-13;23;46
25;2025-12-14;0;17
25;2025-12-14;1;1
25;2025-12-14;2;0
25;2025-12-14;3;0
25;2025-12-14;4;0
25;2025-12-14;5;11
25;2025-12-14;6;117
25;2025-12-14;7;110
25;2025-12-14;8;207
25;2025-12-14;9;233
25;2025-12-14;10;237
25;2025-12-14;11;340
25;2025-12-14;12;407
25;2025-12-14;13;536
25;2025-12-14;14;633
25;2025-12-14;15;724
25;2025-12-14;16;616
25;2025-12-14;17;614
25;2025-12-14;18;470
25;2025-12-14;19;315
25;2025-12-14;20;250
25;2025-12-14;21;156
25;2025-12-14;22;99
25;2025-12-14;23;37
25;2025-12-15;0;8
25;2025-12-15;1;0
25;2025-12-15;2;0
25;2025-12-15;3;0
25;2025-12-15;4;0
25;2025-12-15;5;22
25;2025-12-15;6;271
25;2025-12-15;7;571
25;2025-12-15;8;1028
25;2025-12-15;9;574
25;2025-12-15;10;362
25;2025-12-15;11;449
25;2025-12-15;12;442
25;2025-12-15;13;603
25;2025-12-15;14;502
25;2025-12-15;15;512
25;2025-12-15;16;736
25;2025-12-15;17;805
25;2025-12-15;18;784
25;2025-12-15;19;598
25;2025-12-15;20;311
25;2025-12-15;21;201
25;2025-12-15;22;84
25;2025-12-15;23;11
25;2025-12-16;0;1
25;2025-12-16;1;0
25;2025-12-16;2;0
25;2025-12-16;3;0
25;2025-12-16;4;0
25;2025-12-16;5;22
25;2025-12-16;6;286
25;2025-12-16;7;562
25;2025-12-16;8;950
25;2025-12-16;9;486
25;2025-12-16;10;404
25;2025-12-16;11;472
25;2025-12-16;12;461
25;2025-12-16;13;558
25;2025-12-16;14;503
25;2025-12-16;15;641
25;2025-12-16;16;728
25;2025-12-16;17;828
25;2025-12-16;18;825
25;2025-12-16;19;651
25;2025-12-16;20;347
25;2025-12-16;21;238
25;2025-12-16;22;96
25;2025-12-16;23;7
25;2025-12-17;0;1
25;2025-12-17;1;0
25;2025-12-17;2;0
25;2025-12-17;3;0
25;2025-12-17;4;0
25;2025-12-17;5;22
25;2025-12-17;6;286
25;2025-12-17;7;562
25;2025-12-17;8;950
25;2025-12-17;9;486
25;2025-12-17;10;404
25;2025-12-17;11;472
25;2025-12-17;12;461
25;2025-12-17;13;558
25;2025-12-17;14;503
25;2025-12-17;15;641
25;2025-12-17;16;728
25;2025-12-17;17;828
25;2025-12-17;18;825
25;2025-12-17;19;651
25;2025-12-17;20;347
25;2025-12-17;21;238
25;2025-12-17;22;96
25;2025-12-17;23;7
25;2025-12-18;0;1
25;2025-12-18;1;0
25;2025-12-18;2;0
25;2025-12-18;3;0
25;2025-12-18;4;0
25;2025-12-18;5;22
25;2025-12-18;6;286
25;2025-12-18;7;562
25;2025-12-18;8;950
25;2025-12-18;9;486
25;2025-12-18;10;404
25;2025-12-18;11;472
25;2025-12-18;12;461
25;2025-12-18;13;558
25;2025-12-18;14;503
25;2025-12-18;15;641
25;2025-12-18;16;728
25;2025-12-18;17;828
25;2025-12-18;18;825
25;2025-12-18;19;651
25;2025-12-18;20;347
25;2025-12-18;21;238
25;2025-12-18;22;96
25;2025-12-18;23;7
25;2025-12-19;0;0
25;2025-12-19;1;0
25;2025-12-19;2;0
25;2025-12-19;3;0
25;2025-12-19;4;0
25;2025-12-19;5;17
25;2025-12-19;6;294
25;2025-12-19;7;603
25;2025-12-19;8;926
25;2025-12-19;9;470
25;2025-12-19;10;431
25;2025-12-19;11;476
25;2025-12-19;12;454
25;2025-12-19;13;601
25;2025-12-19;14;499
25;2025-12-19;15;691
25;2025-12-19;16;880
25;2025-12-19;17;846
25;2025-12-19;18;745
25;2025-12-19;19;686
25;2025-12-19;20;366
25;2025-12-19;21;237
25;2025-12-19;22;116
25;2025-12-19;23;16
25;2025-12-20;0;6
25;2025-12-20;1;0
25;2025-12-20;2;0
25;2025-12-20;3;0
25;2025-12-20;4;0
25;2025-12-20;5;22
25;2025-12-20;6;147
25;2025-12-20;7;143
25;2025-12-20;8;332
25;2025-12-20;9;299
25;2025-12-20;10;308
25;2025-12-20;11;409
25;2025-12-20;12;431
25;2025-12-20;13;712
25;2025-12-20;14;719
25;2025-12-20;15;844
25;2025-12-20;16;791
25;2025-12-20;17;633
25;2025-12-20;18;556
25;2025-12-20;19;480
25;2025-12-20;20;272
25;2025-12-20;21;208
25;2025-12-20;22;121
25;2025-12-20;23;46
25;2025-12-21;0;17
25;2025-12-21;1;1
25;2025-12-21;2;0
25;2025-12-21;3;0
25;2025-12-21;4;0
25;2025-12-21;5;11
25;2025-12-21;6;117
25;2025-12-21;7;110
25;2025-12-21;8;207
25;2025-12-21;9;233
25;2025-12-21;10;237
25;2025-12-21;11;340
25;2025-12-21;12;407
25;2025-12-21;13;536
25;2025-12-21;14;633
25;2025-12-21;15;724
25;2025-12-21;16;616
25;2025-12-21;17;614
25;2025-12-21;18;470
25;2025-12-21;19;315
25;2025-12-21;20;250
25;2025-12-21;21;156
25;2025-12-21;22;99
25;2025-12-21;23;37
25;2025-12-22;0;8
25;2025-12-22;1;0
25;2025-12-22;2;0
25;2025-12-22;3;0
25;2025-12-22;4;0
25;2025-12-22;5;22
25;2025-12-22;6;271
25;2025-12-22;7;571
25;2025-12-22;8;1028
25;2025-12-22;9;574
25;2025-12-22;10;362
25;2025-12-22;11;449
25;2025-12-22;12;442
25;2025-12-22;13;603
25;2025-12-22;14;502
25;2025-12-22;15;512
25;2025-12-22;16;736
25;2025-12-22;17;805
25;2025-12-22;18;784
25;2025-12-22;19;598
25;2025-12-22;20;311
25;2025-12-22;21;201
25;2025-12-22;22;84
25;2025-12-22;23;11
25;2025-12-23;0;1
25;2025-12-23;1;0
25;2025-12-23;2;0
25;2025-12-23;3;0
25;2025-12-23;4;0
25;2025-12-23;5;22
25;2025-12-23;6;286
25;2025-12-23;7;562
25;2025-12-23;8;950
25;2025-12-23;9;486
25;2025-12-23;10;404
25;2025-12-23;11;472
25;2025-12-23;12;461
25;2025-12-23;13;558
25;2025-12-23;14;503
25;2025-12-23;15;641
25;2025-12-23;16;728
25;2025-12-23;17;828
25;2025-12-23;18;825
25;2025-12-23;19;651
25;2025-12-23;20;347
25;2025-12-23;21;238
25;2025-12-23;22;96
25;2025-12-23;23;7
25;2025-12-24;0;1
25;2025-12-24;1;0
25;2025-12-24;2;0
25;2025-12-24;3;0
25;2025-12-24;4;0
25;2025-12-24;5;22
25;2025-12-24;6;286
25;2025-12-24;7;562
25;2025-12-24;8;950
25;2025-12-24;9;486
25;2025-12-24;10;404
25;2025-12-24;11;472
25;2025-12-24;12;461
25;2025-12-24;13;558
25;2025-12-24;14;503
25;2025-12-24;15;641
25;2025-12-24;16;728
25;2025-12-24;17;828
25;2025-12-24;18;825
25;2025-12-24;19;651
25;2025-12-24;20;347
25;2025-12-24;21;238
25;2025-12-24;22;96
25;2025-12-24;23;7
25;2025-12-25;0;1
25;2025-12-25;1;0
25;2025-12-25;2;0
25;2025-12-25;3;0
25;2025-12-25;4;0
25;2025-12-25;5;22
25;2025-12-25;6;286
25;2025-12-25;7;562
25;2025-12-25;8;950
25;2025-12-25;9;486
25;2025-12-25;10;404
25;2025-12-25;11;472
25;2025-12-25;12;461
25;2025-12-25;13;558
25;2025-12-25;14;503
25;2025-12-25;15;641
25;2025-12-25;16;728
25;2025-12-25;17;828
25;2025-12-25;18;825
25;2025-12-25;19;651
25;2025-12-25;20;347
25;2025-12-25;21;238
25;2025-12-25;22;96
25;2025-12-25;23;7
25;2025-12-26;0;0
25;2025-12-26;1;0
25;2025-12-26;2;0
25;2025-12-26;3;0
25;2025-12-26;4;0
25;2025-12-26;5;17
25;2025-12-26;6;294
25;2025-12-26;7;603
25;2025-12-26;8;926
25;2025-12-26;9;470
25;2025-12-26;10;431
25;2025-12-26;11;476
25;2025-12-26;12;454
25;2025-12-26;13;601
25;2025-12-26;14;499
25;2025-12-26;15;691
25;2025-12-26;16;880
25;2025-12-26;17;846
25;2025-12-26;18;745
25;2025-12-26;19;686
25;2025-12-26;20;366
25;2025-12-26;21;237
25;2025-12-26;22;116
25;2025-12-26;23;16
25;2025-12-27;0;6
25;2025-12-27;1;0
25;2025-12-27;2;0
25;2025-12-27;3;0
25;2025-12-27;4;0
25;2025-12-27;5;22
25;2025-12-27;6;147
25;2025-12-27;7;143
25;2025-12-27;8;332
25;2025-12-27;9;299
25;2025-12-27;10;308
25;2025-12-27;11;409
25;2025-12-27;12;431
25;2025-12-27;13;712
25;2025-12-27;14;719
25;2025-12-27;15;844
25;2025-12-27;16;791
25;2025-12-27;17;633
25;2025-12-27;18;556
25;2025-12-27;19;480
25;2025-12-27;20;272
25;2025-12-27;21;208
25;2025-12-27;22;121
25;2025-12-27;23;46
25;2025-12-28;0;17
25;2025-12-28;1;1
25;2025-12-28;2;0
25;2025-12-28;3;0
25;2025-12-28;4;0
25;2025-12-28;5;11
25;2025-12-28;6;117
25;2025-12-28;7;110
25;2025-12-28;8;207
25;2025-12-28;9;233
25;2025-12-28;10;237
25;2025-12-28;11;340
25;2025-12-28;12;407
25;2025-12-28;13;536
25;2025-12-28;14;633
25;2025-12-28;15;724
25;2025-12-28;16;616
25;2025-12-28;17;614
25;2025-12-28;18;470
25;2025-12-28;19;315
25;2025-12-28;20;250
25;2025-12-28;21;156
25;2025-12-28;22;99
25;2025-12-28;23;37
25;2025-12-29;0;0
25;2025-12-29;1;0
25;2025-12-29;2;0
25;2025-12-29;3;0
25;2025-12-29;4;0
25;2025-12-29;5;15
25;2025-12-29;6;253
25;2025-12-29;7;518
25;2025-12-29;8;796
25;2025-12-29;9;404
25;2025-12-29;10;370
25;2025-12-29;11;409
25;2025-12-29;12;390
25;2025-12-29;13;516
25;2025-12-29;14;429
25;2025-12-29;15;594
25;2025-12-29;16;757
25;2025-12-29;17;728
25;2025-12-29;18;641
25;2025-12-29;19;590
25;2025-12-29;20;315
25;2025-12-29;21;204
25;2025-12-29;22;100
25;2025-12-29;23;13
25;2025-12-30;0;0
25;2025-12-30;1;0
25;2025-12-30;2;0
25;2025-12-30;3;0
25;2025-12-30;4;0
25;2025-12-30;5;15
25;2025-12-30;6;253
25;2025-12-30;7;518
25;2025-12-30;8;796
25;2025-12-30;9;404
25;2025-12-30;10;370
25;2025-12-30;11;409
25;2025-12-30;12;390
25;2025-12-30;13;516
25;2025-12-30;14;429
25;2025-12-30;15;594
25;2025-12-30;16;757
25;2025-12-30;17;728
25;2025-12-30;18;641
25;2025-12-30;19;590
25;2025-12-30;20;315
25;2025-12-30;21;204
25;2025-12-30;22;100
25;2025-12-30;23;13
25;2025-12-31;0;5
25;2025-12-31;1;0
25;2025-12-31;2;0
25;2025-12-31;3;0
25;2025-12-31;4;0
25;2025-12-31;5;19
25;2025-12-31;6;125
25;2025-12-31;7;122
25;2025-12-31;8;282
25;2025-12-31;9;254
25;2025-12-31;10;262
25;2025-12-31;11;347
25;2025-12-31;12;366
25;2025-12-31;13;605
25;2025-12-31;14;611
25;2025-12-31;15;717
25;2025-12-31;16;673
25;2025-12-31;17;538
25;2025-12-31;18;472
25;2025-12-31;19;224
25;2025-12-31;20;127
25;2025-12-31;21;97
25;2025-12-31;22;56
25;2025-12-31;23;21
26;2025-11-01;0;26
26;2025-11-01;1;1
26;2025-11-01;2;0
26;2025-11-01;3;0
26;2025-11-01;4;1
26;2025-11-01;5;71
26;2025-11-01;6;416
26;2025-11-01;7;878
26;2025-11-01;8;1903
26;2025-11-01;9;1191
26;2025-11-01;10;1070
26;2025-11-01;11;956
26;2025-11-01;12;949
26;2025-11-01;13;978
26;2025-11-01;14;1171
26;2025-11-01;15;1157
26;2025-11-01;16;1415
26;2025-11-01;17;1524
26;2025-11-01;18;1117
26;2025-11-01;19;875
26;2025-11-01;20;557
26;2025-11-01;21;398
26;2025-11-01;22;167
26;2025-11-01;23;131
26;2025-11-02;0;50
26;2025-11-02;1;4
26;2025-11-02;2;0
26;2025-11-02;3;0
26;2025-11-02;4;2
26;2025-11-02;5;21
26;2025-11-02;6;158
26;2025-11-02;7;260
26;2025-11-02;8;385
26;2025-11-02;9;529
26;2025-11-02;10;595
26;2025-11-02;11;831
26;2025-11-02;12;821
26;2025-11-02;13;883
26;2025-11-02;14;863
26;2025-11-02;15;789
26;2025-11-02;16;753
26;2025-11-02;17;778
26;2025-11-02;18;698
26;2025-11-02;19;511
26;2025-11-02;20;401
26;2025-11-02;21;278
26;2025-11-02;22;160
26;2025-11-02;23;106
26;2025-11-03;0;48
26;2025-11-03;1;4
26;2025-11-03;2;0
26;2025-11-03;3;0
26;2025-11-03;4;1
26;2025-11-03;5;20
26;2025-11-03;6;153
26;2025-11-03;7;251
26;2025-11-03;8;372
26;2025-11-03;9;511
26;2025-11-03;10;575
26;2025-11-03;11;804
26;2025-11-03;12;794
26;2025-11-03;13;854
26;2025-11-03;14;835
26;2025-11-03;15;763
26;2025-11-03;16;728
26;2025-11-03;17;753
26;2025-11-03;18;675
26;2025-11-03;19;494
26;2025-11-03;20;387
26;2025-11-03;21;269
26;2025-11-03;22;155
26;2025-11-03;23;103
26;2025-11-04;0;48
26;2025-11-04;1;4
26;2025-11-04;2;0
26;2025-11-04;3;0
26;2025-11-04;4;1
26;2025-11-04;5;20
26;2025-11-04;6;153
26;2025-11-04;7;251
26;2025-11-04;8;372
26;2025-11-04;9;511
26;2025-11-04;10;575
26;2025-11-04;11;804
26;2025-11-04;12;794
26;2025-11-04;13;854
26;2025-11-04;14;835
26;2025-11-04;15;763
26;2025-11-04;16;728
26;2025-11-04;17;753
26;2025-11-04;18;675
26;2025-11-04;19;494
26;2025-11-04;20;387
26;2025-11-04;21;269
26;2025-11-04;22;155
26;2025-11-04;23;103
26;2025-11-05;0;34
26;2025-11-05;1;1
26;2025-11-05;2;0
26;2025-11-05;3;0
26;2025-11-05;4;2
26;2025-11-05;5;99
26;2025-11-05;6;470
26;2025-11-05;7;1109
26;2025-11-05;8;2301
26;2025-11-05;9;1496
26;2025-11-05;10;1234
26;2025-11-05;11;1133
26;2025-11-05;12;1217
26;2025-11-05;13;1191
26;2025-11-05;14;1372
26;2025-11-05;15;1416
26;2025-11-05;16;1531
26;2025-11-05;17;1767
26;2025-11-05;18;1916
26;2025-11-05;19;1272
26;2025-11-05;20;758
26;2025-11-05;21;509
26;2025-11-05;22;207
26;2025-11-05;23;128
26;2025-11-06;0;34
26;2025-11-06;1;1
26;2025-11-06;2;0
26;2025-11-06;3;0
26;2025-11-06;4;2
26;2025-11-06;5;99
26;2025-11-06;6;470
26;2025-11-06;7;1109
26;2025-11-06;8;2301
26;2025-11-06;9;1496
26;2025-11-06;10;1234
26;2025-11-06;11;1133
26;2025-11-06;12;1217
26;2025-11-06;13;1191
26;2025-11-06;14;1372
26;2025-11-06;15;1416
26;2025-11-06;16;1531
26;2025-11-06;17;1767
26;2025-11-06;18;1916
26;2025-11-06;19;1272
26;2025-11-06;20;758
26;2025-11-06;21;509
26;2025-11-06;22;207
26;2025-11-06;23;128
26;2025-11-07;0;31
26;2025-11-07;1;1
26;2025-11-07;2;0
26;2025-11-07;3;0
26;2025-11-07;4;1
26;2025-11-07;5;84
26;2025-11-07;6;490
26;2025-11-07;7;1033
26;2025-11-07;8;2239
26;2025-11-07;9;1402
26;2025-11-07;10;1259
26;2025-11-07;11;1125
26;2025-11-07;12;1116
26;2025-11-07;13;1151
26;2025-11-07;14;1378
26;2025-11-07;15;1362
26;2025-11-07;16;1664
26;2025-11-07;17;1793
26;2025-11-07;18;1314
26;2025-11-07;19;1030
26;2025-11-07;20;655
26;2025-11-07;21;468
26;2025-11-07;22;197
26;2025-11-07;23;154
26;2025-11-08;0;53
26;2025-11-08;1;2
26;2025-11-08;2;0
26;2025-11-08;3;0
26;2025-11-08;4;2
26;2025-11-08;5;52
26;2025-11-08;6;234
26;2025-11-08;7;374
26;2025-11-08;8;626
26;2025-11-08;9;676
26;2025-11-08;10;836
26;2025-11-08;11;1003
26;2025-11-08;12;1082
26;2025-11-08;13;1057
26;2025-11-08;14;1108
26;2025-11-08;15;997
26;2025-11-08;16;1046
26;2025-11-08;17;956
26;2025-11-08;18;884
26;2025-11-08;19;768
26;2025-11-08;20;542
26;2025-11-08;21;352
26;2025-11-08;22;202
26;2025-11-08;23;158
26;2025-11-09;0;50
26;2025-11-09;1;4
26;2025-11-09;2;0
26;2025-11-09;3;0
26;2025-11-09;4;2
26;2025-11-09;5;21
26;2025-11-09;6;158
26;2025-11-09;7;260
26;2025-11-09;8;385
26;2025-11-09;9;529
26;2025-11-09;10;595
26;2025-11-09;11;831
26;2025-11-09;12;821
26;2025-11-09;13;883
26;2025-11-09;14;863
26;2025-11-09;15;789
26;2025-11-09;16;753
26;2025-11-09;17;778
26;2025-11-09;18;698
26;2025-11-09;19;511
26;2025-11-09;20;401
26;2025-11-09;21;278
26;2025-11-09;22;160
26;2025-11-09;23;106
26;2025-11-10;0;25
26;2025-11-10;1;2
26;2025-11-10;2;0
26;2025-11-10;3;0
26;2025-11-10;4;2
26;2025-11-10;5;94
26;2025-11-10;6;466
26;2025-11-10;7;1145
26;2025-11-10;8;2236
26;2025-11-10;9;1422
26;2025-11-10;10;1229
26;2025-11-10;11;1054
26;2025-11-10;12;1085
26;2025-11-10;13;1159
26;2025-11-10;14;1281
26;2025-11-10;15;1312
26;2025-11-10;16;1416
26;2025-11-10;17;1723
26;2025-11-10;18;1886
26;2025-11-10;19;1202
26;2025-11-10;20;748
26;2025-11-10;21;466
26;2025-11-10;22;193
26;2025-11-10;23;110
26;2025-11-11;0;34
26;2025-11-11;1;1
26;2025-11-11;2;0
26;2025-11-11;3;0
26;2025-11-11;4;2
26;2025-11-11;5;99
26;2025-11-11;6;470
26;2025-11-11;7;1109
26;2025-11-11;8;2301
26;2025-11-11;9;1496
26;2025-11-11;10;1234
26;2025-11-11;11;1133
26;2025-11-11;12;1217
26;2025-11-11;13;1191
26;2025-11-11;14;1372
26;2025-11-11;15;1416
26;2025-11-11;16;1531
26;2025-11-11;17;1767
26;2025-11-11;18;1916
26;2025-11-11;19;1272
26;2025-11-11;20;758
26;2025-11-11;21;509
26;2025-11-11;22;207
26;2025-11-11;23;128
26;2025-11-12;0;34
26;2025-11-12;1;1
26;2025-11-12;2;0
26;2025-11-12;3;0
26;2025-11-12;4;2
26;2025-11-12;5;99
26;2025-11-12;6;470
26;2025-11-12;7;1109
26;2025-11-12;8;2301
26;2025-11-12;9;1496
26;2025-11-12;10;1234
26;2025-11-12;11;1133
26;2025-11-12;12;1217
26;2025-11-12;13;1191
26;2025-11-12;14;1372
26;2025-11-12;15;1416
26;2025-11-12;16;1531
26;2025-11-12;17;1767
26;2025-11-12;18;1916
26;2025-11-12;19;1272
26;2025-11-12;20;758
26;2025-11-12;21;509
26;2025-11-12;22;207
26;2025-11-12;23;128
26;2025-11-13;0;34
26;2025-11-13;1;1
26;2025-11-13;2;0
26;2025-11-13;3;0
26;2025-11-13;4;2
26;2025-11-13;5;99
26;2025-11-13;6;470
26;2025-11-13;7;1109
26;2025-11-13;8;2301
26;2025-11-13;9;1496
26;2025-11-13;10;1234
26;2025-11-13;11;1133
26;2025-11-13;12;1217
26;2025-11-13;13;1191
26;2025-11-13;14;1372
26;2025-11-13;15;1416
26;2025-11-13;16;1531
26;2025-11-13;17;1767
26;2025-11-13;18;1916
26;2025-11-13;19;1272
26;2025-11-13;20;758
26;2025-11-13;21;509
26;2025-11-13;22;207
26;2025-11-13;23;128
26;2025-11-14;0;31
26;2025-11-14;1;1
26;2025-11-14;2;0
26;2025-11-14;3;0
26;2025-11-14;4;1
26;2025-11-14;5;84
26;2025-11-14;6;490
26;2025-11-14;7;1033
26;2025-11-14;8;2239
26;2025-11-14;9;1402
26;2025-11-14;10;1259
26;2025-11-14;11;1125
26;2025-11-14;12;1116
26;2025-11-14;13;1151
26;2025-11-14;14;1378
26;2025-11-14;15;1362
26;2025-11-14;16;1664
26;2025-11-14;17;1793
26;2025-11-14;18;1314
26;2025-11-14;19;1030
26;2025-11-14;20;655
26;2025-11-14;21;468
26;2025-11-14;22;197
26;2025-11-14;23;154
26;2025-11-15;0;50
26;2025-11-15;1;2
26;2025-11-15;2;0
26;2025-11-15;3;0
26;2025-11-15;4;2
26;2025-11-15;5;49
26;2025-11-15;6;222
26;2025-11-15;7;355
26;2025-11-15;8;593
26;2025-11-15;9;641
26;2025-11-15;10;793
26;2025-11-15;11;952
26;2025-11-15;12;1026
26;2025-11-15;13;1002
26;2025-11-15;14;1050
26;2025-11-15;15;946
26;2025-11-15;16;992
26;2025-11-15;17;907
26;2025-11-15;18;838
26;2025-11-15;19;729
26;2025-11-15;20;514
26;2025-11-15;21;334
26;2025-11-15;22;192
26;2025-11-15;23;149
26;2025-11-16;0;50
26;2025-11-16;1;4
26;2025-11-16;2;0
26;2025-11-16;3;0
26;2025-11-16;4;2
26;2025-11-16;5;21
26;2025-11-16;6;158
26;2025-11-16;7;260
26;2025-11-16;8;385
26;2025-11-16;9;529
26;2025-11-16;10;595
26;2025-11-16;11;831
26;2025-11-16;12;821
26;2025-11-16;13;883
26;2025-11-16;14;863
26;2025-11-16;15;789
26;2025-11-16;16;753
26;2025-11-16;17;778
26;2025-11-16;18;698
26;2025-11-16;19;511
26;2025-11-16;20;401
26;2025-11-16;21;278
26;2025-11-16;22;160
26;2025-11-16;23;106
26;2025-11-17;0;25
26;2025-11-17;1;2
26;2025-11-17;2;0
26;2025-11-17;3;0
26;2025-11-17;4;2
26;2025-11-17;5;94
26;2025-11-17;6;466
26;2025-11-17;7;1145
26;2025-11-17;8;2236
26;2025-11-17;9;1422
26;2025-11-17;10;1229
26;2025-11-17;11;1054
26;2025-11-17;12;1085
26;2025-11-17;13;1159
26;2025-11-17;14;1281
26;2025-11-17;15;1312
26;2025-11-17;16;1416
26;2025-11-17;17;1723
26;2025-11-17;18;1886
26;2025-11-17;19;1202
26;2025-11-17;20;748
26;2025-11-17;21;466
26;2025-11-17;22;193
26;2025-11-17;23;110
26;2025-11-18;0;34
26;2025-11-18;1;1
26;2025-11-18;2;0
26;2025-11-18;3;0
26;2025-11-18;4;2
26;2025-11-18;5;99
26;2025-11-18;6;470
26;2025-11-18;7;1109
26;2025-11-18;8;2301
26;2025-11-18;9;1496
26;2025-11-18;10;1234
26;2025-11-18;11;1133
26;2025-11-18;12;1217
26;2025-11-18;13;1191
26;2025-11-18;14;1372
26;2025-11-18;15;1416
26;2025-11-18;16;1531
26;2025-11-18;17;1767
26;2025-11-18;18;1916
26;2025-11-18;19;1272
26;2025-11-18;20;758
26;2025-11-18;21;509
26;2025-11-18;22;207
26;2025-11-18;23;128
26;2025-11-19;0;34
26;2025-11-19;1;1
26;2025-11-19;2;0
26;2025-11-19;3;0
26;2025-11-19;4;2
26;2025-11-19;5;99
26;2025-11-19;6;470
26;2025-11-19;7;1109
26;2025-11-19;8;2301
26;2025-11-19;9;1496
26;2025-11-19;10;1234
26;2025-11-19;11;1133
26;2025-11-19;12;1217
26;2025-11-19;13;1191
26;2025-11-19;14;1372
26;2025-11-19;15;1416
26;2025-11-19;16;1531
26;2025-11-19;17;1767
26;2025-11-19;18;1916
26;2025-11-19;19;1272
26;2025-11-19;20;758
26;2025-11-19;21;509
26;2025-11-19;22;207
26;2025-11-19;23;128
26;2025-11-20;0;34
26;2025-11-20;1;1
26;2025-11-20;2;0
26;2025-11-20;3;0
26;2025-11-20;4;2
26;2025-11-20;5;99
26;2025-11-20;6;470
26;2025-11-20;7;1109
26;2025-11-20;8;2301
26;2025-11-20;9;1496
26;2025-11-20;10;1234
26;2025-11-20;11;1133
26;2025-11-20;12;1217
26;2025-11-20;13;1191
26;2025-11-20;14;1372
26;2025-11-20;15;1416
26;2025-11-20;16;1531
26;2025-11-20;17;1767
26;2025-11-20;18;1916
26;2025-11-20;19;1272
26;2025-11-20;20;758
26;2025-11-20;21;509
26;2025-11-20;22;207
26;2025-11-20;23;128
26;2025-11-21;0;31
26;2025-11-21;1;1
26;2025-11-21;2;0
26;2025-11-21;3;0
26;2025-11-21;4;1
26;2025-11-21;5;84
26;2025-11-21;6;490
26;2025-11-21;7;1033
26;2025-11-21;8;2239
26;2025-11-21;9;1402
26;2025-11-21;10;1259
26;2025-11-21;11;1125
26;2025-11-21;12;1116
26;2025-11-21;13;1151
26;2025-11-21;14;1378
26;2025-11-21;15;1362
26;2025-11-21;16;1664
26;2025-11-21;17;1793
26;2025-11-21;18;1314
26;2025-11-21;19;1030
26;2025-11-21;20;655
26;2025-11-21;21;468
26;2025-11-21;22;197
26;2025-11-21;23;154
26;2025-11-22;0;53
26;2025-11-22;1;2
26;2025-11-22;2;0
26;2025-11-22;3;0
26;2025-11-22;4;2
26;2025-11-22;5;52
26;2025-11-22;6;234
26;2025-11-22;7;374
26;2025-11-22;8;626
26;2025-11-22;9;676
26;2025-11-22;10;836
26;2025-11-22;11;1003
26;2025-11-22;12;1082
26;2025-11-22;13;1057
26;2025-11-22;14;1108
26;2025-11-22;15;997
26;2025-11-22;16;1046
26;2025-11-22;17;956
26;2025-11-22;18;884
26;2025-11-22;19;768
26;2025-11-22;20;542
26;2025-11-22;21;352
26;2025-11-22;22;202
26;2025-11-22;23;158
26;2025-11-23;0;50
26;2025-11-23;1;4
26;2025-11-23;2;0
26;2025-11-23;3;0
26;2025-11-23;4;2
26;2025-11-23;5;21
26;2025-11-23;6;158
26;2025-11-23;7;260
26;2025-11-23;8;385
26;2025-11-23;9;529
26;2025-11-23;10;595
26;2025-11-23;11;831
26;2025-11-23;12;821
26;2025-11-23;13;883
26;2025-11-23;14;863
26;2025-11-23;15;789
26;2025-11-23;16;753
26;2025-11-23;17;778
26;2025-11-23;18;698
26;2025-11-23;19;511
26;2025-11-23;20;401
26;2025-11-23;21;278
26;2025-11-23;22;160
26;2025-11-23;23;106
26;2025-11-24;0;25
26;2025-11-24;1;2
26;2025-11-24;2;0
26;2025-11-24;3;0
26;2025-11-24;4;2
26;2025-11-24;5;94
26;2025-11-24;6;466
26;2025-11-24;7;1145
26;2025-11-24;8;2236
26;2025-11-24;9;1422
26;2025-11-24;10;1229
26;2025-11-24;11;1054
26;2025-11-24;12;1085
26;2025-11-24;13;1159
26;2025-11-24;14;1281
26;2025-11-24;15;1312
26;2025-11-24;16;1416
26;2025-11-24;17;1723
26;2025-11-24;18;1886
26;2025-11-24;19;1202
26;2025-11-24;20;748
26;2025-11-24;21;466
26;2025-11-24;22;193
26;2025-11-24;23;110
26;2025-11-25;0;34
26;2025-11-25;1;1
26;2025-11-25;2;0
26;2025-11-25;3;0
26;2025-11-25;4;2
26;2025-11-25;5;99
26;2025-11-25;6;470
26;2025-11-25;7;1109
26;2025-11-25;8;2301
26;2025-11-25;9;1496
26;2025-11-25;10;1234
26;2025-11-25;11;1133
26;2025-11-25;12;1217
26;2025-11-25;13;1191
26;2025-11-25;14;1372
26;2025-11-25;15;1416
26;2025-11-25;16;1531
26;2025-11-25;17;1767
26;2025-11-25;18;1916
26;2025-11-25;19;1272
26;2025-11-25;20;758
26;2025-11-25;21;509
26;2025-11-25;22;207
26;2025-11-25;23;128
26;2025-11-26;0;34
26;2025-11-26;1;1
26;2025-11-26;2;0
26;2025-11-26;3;0
26;2025-11-26;4;2
26;2025-11-26;5;99
26;2025-11-26;6;470
26;2025-11-26;7;1109
26;2025-11-26;8;2301
26;2025-11-26;9;1496
26;2025-11-26;10;1234
26;2025-11-26;11;1133
26;2025-11-26;12;1217
26;2025-11-26;13;1191
26;2025-11-26;14;1372
26;2025-11-26;15;1416
26;2025-11-26;16;1531
26;2025-11-26;17;1767
26;2025-11-26;18;1916
26;2025-11-26;19;1272
26;2025-11-26;20;758
26;2025-11-26;21;509
26;2025-11-26;22;207
26;2025-11-26;23;128
26;2025-11-27;0;34
26;2025-11-27;1;1
26;2025-11-27;2;0
26;2025-11-27;3;0
26;2025-11-27;4;2
26;2025-11-27;5;99
26;2025-11-27;6;470
26;2025-11-27;7;1109
26;2025-11-27;8;2301
26;2025-11-27;9;1496
26;2025-11-27;10;1234
26;2025-11-27;11;1133
26;2025-11-27;12;1217
26;2025-11-27;13;1191
26;2025-11-27;14;1372
26;2025-11-27;15;1416
26;2025-11-27;16;1531
26;2025-11-27;17;1767
26;2025-11-27;18;1916
26;2025-11-27;19;1272
26;2025-11-27;20;758
26;2025-11-27;21;509
26;2025-11-27;22;207
26;2025-11-27;23;128
26;2025-11-28;0;31
26;2025-11-28;1;1
26;2025-11-28;2;0
26;2025-11-28;3;0
26;2025-11-28;4;1
26;2025-11-28;5;84
26;2025-11-28;6;490
26;2025-11-28;7;1033
26;2025-11-28;8;2239
26;2025-11-28;9;1402
26;2025-11-28;10;1259
26;2025-11-28;11;1125
26;2025-11-28;12;1116
26;2025-11-28;13;1151
26;2025-11-28;14;1378
26;2025-11-28;15;1362
26;2025-11-28;16;1664
26;2025-11-28;17;1793
26;2025-11-28;18;1314
26;2025-11-28;19;1030
26;2025-11-28;20;655
26;2025-11-28;21;468
26;2025-11-28;22;197
26;2025-11-28;23;154
26;2025-11-29;0;53
26;2025-11-29;1;2
26;2025-11-29;2;0
26;2025-11-29;3;0
26;2025-11-29;4;2
26;2025-11-29;5;52
26;2025-11-29;6;234
26;2025-11-29;7;374
26;2025-11-29;8;626
26;2025-11-29;9;676
26;2025-11-29;10;836
26;2025-11-29;11;1003
26;2025-11-29;12;1082
26;2025-11-29;13;1057
26;2025-11-29;14;1108
26;2025-11-29;15;997
26;2025-11-29;16;1046
26;2025-11-29;17;956
26;2025-11-29;18;884
26;2025-11-29;19;768
26;2025-11-29;20;542
26;2025-11-29;21;352
26;2025-11-29;22;202
26;2025-11-29;23;158
26;2025-11-30;0;50
26;2025-11-30;1;4
26;2025-11-30;2;0
26;2025-11-30;3;0
26;2025-11-30;4;2
26;2025-11-30;5;21
26;2025-11-30;6;158
26;2025-11-30;7;260
26;2025-11-30;8;385
26;2025-11-30;9;529
26;2025-11-30;10;595
26;2025-11-30;11;831
26;2025-11-30;12;821
26;2025-11-30;13;883
26;2025-11-30;14;863
26;2025-11-30;15;789
26;2025-11-30;16;753
26;2025-11-30;17;778
26;2025-11-30;18;698
26;2025-11-30;19;511
26;2025-11-30;20;401
26;2025-11-30;21;278
26;2025-11-30;22;160
26;2025-11-30;23;106
26;2025-12-01;0;25
26;2025-12-01;1;2
26;2025-12-01;2;0
26;2025-12-01;3;0
26;2025-12-01;4;2
26;2025-12-01;5;94
26;2025-12-01;6;466
26;2025-12-01;7;1145
26;2025-12-01;8;2236
26;2025-12-01;9;1422
26;2025-12-01;10;1229
26;2025-12-01;11;1054
26;2025-12-01;12;1085
26;2025-12-01;13;1159
26;2025-12-01;14;1281
26;2025-12-01;15;1312
26;2025-12-01;16;1416
26;2025-12-01;17;1723
26;2025-12-01;18;1886
26;2025-12-01;19;1202
26;2025-12-01;20;748
26;2025-12-01;21;466
26;2025-12-01;22;193
26;2025-12-01;23;110
26;2025-12-02;0;34
26;2025-12-02;1;1
26;2025-12-02;2;0
26;2025-12-02;3;0
26;2025-12-02;4;2
26;2025-12-02;5;99
26;2025-12-02;6;470
26;2025-12-02;7;1109
26;2025-12-02;8;2301
26;2025-12-02;9;1496
26;2025-12-02;10;1234
26;2025-12-02;11;1133
26;2025-12-02;12;1217
26;2025-12-02;13;1191
26;2025-12-02;14;1372
26;2025-12-02;15;1416
26;2025-12-02;16;1531
26;2025-12-02;17;1767
26;2025-12-02;18;1916
26;2025-12-02;19;1272
26;2025-12-02;20;758
26;2025-12-02;21;509
26;2025-12-02;22;207
26;2025-12-02;23;128
26;2025-12-03;0;34
26;2025-12-03;1;1
26;2025-12-03;2;0
26;2025-12-03;3;0
26;2025-12-03;4;2
26;2025-12-03;5;99
26;2025-12-03;6;470
26;2025-12-03;7;1109
26;2025-12-03;8;2301
26;2025-12-03;9;1496
26;2025-12-03;10;1234
26;2025-12-03;11;1133
26;2025-12-03;12;1217
26;2025-12-03;13;1191
26;2025-12-03;14;1372
26;2025-12-03;15;1416
26;2025-12-03;16;1531
26;2025-12-03;17;1767
26;2025-12-03;18;1916
26;2025-12-03;19;1272
26;2025-12-03;20;758
26;2025-12-03;21;509
26;2025-12-03;22;207
26;2025-12-03;23;128
26;2025-12-04;0;34
26;2025-12-04;1;1
26;2025-12-04;2;0
26;2025-12-04;3;0
26;2025-12-04;4;2
26;2025-12-04;5;99
26;2025-12-04;6;470
26;2025-12-04;7;1109
26;2025-12-04;8;2301
26;2025-12-04;9;1496
26;2025-12-04;10;1234
26;2025-12-04;11;1133
26;2025-12-04;12;1217
26;2025-12-04;13;1191
26;2025-12-04;14;1372
26;2025-12-04;15;1416
26;2025-12-04;16;1531
26;2025-12-04;17;1767
26;2025-12-04;18;1916
26;2025-12-04;19;1272
26;2025-12-04;20;758
26;2025-12-04;21;509
26;2025-12-04;22;207
26;2025-12-04;23;128
26;2025-12-05;0;31
26;2025-12-05;1;1
26;2025-12-05;2;0
26;2025-12-05;3;0
26;2025-12-05;4;1
26;2025-12-05;5;84
26;2025-12-05;6;490
26;2025-12-05;7;1033
26;2025-12-05;8;2239
26;2025-12-05;9;1402
26;2025-12-05;10;1259
26;2025-12-05;11;1125
26;2025-12-05;12;1116
26;2025-12-05;13;1151
26;2025-12-05;14;1378
26;2025-12-05;15;1362
26;2025-12-05;16;1664
26;2025-12-05;17;1793
26;2025-12-05;18;1314
26;2025-12-05;19;1030
26;2025-12-05;20;655
26;2025-12-05;21;468
26;2025-12-05;22;197
26;2025-12-05;23;154
26;2025-12-06;0;53
26;2025-12-06;1;2
26;2025-12-06;2;0
26;2025-12-06;3;0
26;2025-12-06;4;2
26;2025-12-06;5;52
26;2025-12-06;6;234
26;2025-12-06;7;374
26;2025-12-06;8;626
26;2025-12-06;9;676
26;2025-12-06;10;836
26;2025-12-06;11;1003
26;2025-12-06;12;1082
26;2025-12-06;13;1057
26;2025-12-06;14;1108
26;2025-12-06;15;997
26;2025-12-06;16;1046
26;2025-12-06;17;956
26;2025-12-06;18;884
26;2025-12-06;19;768
26;2025-12-06;20;542
26;2025-12-06;21;352
26;2025-12-06;22;202
26;2025-12-06;23;158
26;2025-12-07;0;50
26;2025-12-07;1;4
26;2025-12-07;2;0
26;2025-12-07;3;0
26;2025-12-07;4;2
26;2025-12-07;5;21
26;2025-12-07;6;158
26;2025-12-07;7;260
26;2025-12-07;8;385
26;2025-12-07;9;529
26;2025-12-07;10;595
26;2025-12-07;11;831
26;2025-12-07;12;821
26;2025-12-07;13;883
26;2025-12-07;14;863
26;2025-12-07;15;789
26;2025-12-07;16;753
26;2025-12-07;17;778
26;2025-12-07;18;698
26;2025-12-07;19;511
26;2025-12-07;20;401
26;2025-12-07;21;278
26;2025-12-07;22;160
26;2025-12-07;23;106
26;2025-12-08;0;25
26;2025-12-08;1;2
26;2025-12-08;2;0
26;2025-12-08;3;0
26;2025-12-08;4;2
26;2025-12-08;5;94
26;2025-12-08;6;466
26;2025-12-08;7;1145
26;2025-12-08;8;2236
26;2025-12-08;9;1422
26;2025-12-08;10;1229
26;2025-12-08;11;1054
26;2025-12-08;12;1085
26;2025-12-08;13;1159
26;2025-12-08;14;1281
26;2025-12-08;15;1312
26;2025-12-08;16;1416
26;2025-12-08;17;1723
26;2025-12-08;18;1886
26;2025-12-08;19;1202
26;2025-12-08;20;748
26;2025-12-08;21;466
26;2025-12-08;22;193
26;2025-12-08;23;110
26;2025-12-09;0;34
26;2025-12-09;1;1
26;2025-12-09;2;0
26;2025-12-09;3;0
26;2025-12-09;4;2
26;2025-12-09;5;99
26;2025-12-09;6;470
26;2025-12-09;7;1109
26;2025-12-09;8;2301
26;2025-12-09;9;1496
26;2025-12-09;10;1234
26;2025-12-09;11;1133
26;2025-12-09;12;1217
26;2025-12-09;13;1191
26;2025-12-09;14;1372
26;2025-12-09;15;1416
26;2025-12-09;16;1531
26;2025-12-09;17;1767
26;2025-12-09;18;1916
26;2025-12-09;19;1272
26;2025-12-09;20;758
26;2025-12-09;21;509
26;2025-12-09;22;207
26;2025-12-09;23;128
26;2025-12-10;0;34
26;2025-12-10;1;1
26;2025-12-10;2;0
26;2025-12-10;3;0
26;2025-12-10;4;2
26;2025-12-10;5;99
26;2025-12-10;6;470
26;2025-12-10;7;1109
26;2025-12-10;8;2301
26;2025-12-10;9;1496
26;2025-12-10;10;1234
26;2025-12-10;11;1133
26;2025-12-10;12;1217
26;2025-12-10;13;1191
26;2025-12-10;14;1372
26;2025-12-10;15;1416
26;2025-12-10;16;1531
26;2025-12-10;17;1767
26;2025-12-10;18;1916
26;2025-12-10;19;1272
26;2025-12-10;20;758
26;2025-12-10;21;509
26;2025-12-10;22;207
26;2025-12-10;23;128
26;2025-12-11;0;34
26;2025-12-11;1;1
26;2025-12-11;2;0
26;2025-12-11;3;0
26;2025-12-11;4;2
26;2025-12-11;5;99
26;2025-12-11;6;470
26;2025-12-11;7;1109
26;2025-12-11;8;2301
26;2025-12-11;9;1496
26;2025-12-11;10;1234
26;2025-12-11;11;1133
26;2025-12-11;12;1217
26;2025-12-11;13;1191
26;2025-12-11;14;1372
26;2025-12-11;15;1416
26;2025-12-11;16;1531
26;2025-12-11;17;1767
26;2025-12-11;18;1916
26;2025-12-11;19;1272
26;2025-12-11;20;758
26;2025-12-11;21;509
26;2025-12-11;22;207
26;2025-12-11;23;128
26;2025-12-12;0;31
26;2025-12-12;1;1
26;2025-12-12;2;0
26;2025-12-12;3;0
26;2025-12-12;4;1
26;2025-12-12;5;84
26;2025-12-12;6;490
26;2025-12-12;7;1033
26;2025-12-12;8;2239
26;2025-12-12;9;1402
26;2025-12-12;10;1259
26;2025-12-12;11;1125
26;2025-12-12;12;1116
26;2025-12-12;13;1151
26;2025-12-12;14;1378
26;2025-12-12;15;1362
26;2025-12-12;16;1664
26;2025-12-12;17;1793
26;2025-12-12;18;1314
26;2025-12-12;19;1030
26;2025-12-12;20;655
26;2025-12-12;21;468
26;2025-12-12;22;197
26;2025-12-12;23;154
26;2025-12-13;0;53
26;2025-12-13;1;2
26;2025-12-13;2;0
26;2025-12-13;3;0
26;2025-12-13;4;2
26;2025-12-13;5;52
26;2025-12-13;6;234
26;2025-12-13;7;374
26;2025-12-13;8;626
26;2025-12-13;9;676
26;2025-12-13;10;836
26;2025-12-13;11;1003
26;2025-12-13;12;1082
26;2025-12-13;13;1057
26;2025-12-13;14;1108
26;2025-12-13;15;997
26;2025-12-13;16;1046
26;2025-12-13;17;956
26;2025-12-13;18;884
26;2025-12-13;19;768
26;2025-12-13;20;542
26;2025-12-13;21;352
26;2025-12-13;22;202
26;2025-12-13;23;158
26;2025-12-14;0;50
26;2025-12-14;1;4
26;2025-12-14;2;0
26;2025-12-14;3;0
26;2025-12-14;4;2
26;2025-12-14;5;21
26;2025-12-14;6;158
26;2025-12-14;7;260
26;2025-12-14;8;385
26;2025-12-14;9;529
26;2025-12-14;10;595
26;2025-12-14;11;831
26;2025-12-14;12;821
26;2025-12-14;13;883
26;2025-12-14;14;863
26;2025-12-14;15;789
26;2025-12-14;16;753
26;2025-12-14;17;778
26;2025-12-14;18;698
26;2025-12-14;19;511
26;2025-12-14;20;401
26;2025-12-14;21;278
26;2025-12-14;22;160
26;2025-12-14;23;106
26;2025-12-15;0;25
26;2025-12-15;1;2
26;2025-12-15;2;0
26;2025-12-15;3;0
26;2025-12-15;4;2
26;2025-12-15;5;94
26;2025-12-15;6;466
26;2025-12-15;7;1145
26;2025-12-15;8;2236
26;2025-12-15;9;1422
26;2025-12-15;10;1229
26;2025-12-15;11;1054
26;2025-12-15;12;1085
26;2025-12-15;13;1159
26;2025-12-15;14;1281
26;2025-12-15;15;1312
26;2025-12-15;16;1416
26;2025-12-15;17;1723
26;2025-12-15;18;1886
26;2025-12-15;19;1202
26;2025-12-15;20;748
26;2025-12-15;21;466
26;2025-12-15;22;193
26;2025-12-15;23;110
26;2025-12-16;0;34
26;2025-12-16;1;1
26;2025-12-16;2;0
26;2025-12-16;3;0
26;2025-12-16;4;2
26;2025-12-16;5;99
26;2025-12-16;6;470
26;2025-12-16;7;1109
26;2025-12-16;8;2301
26;2025-12-16;9;1496
26;2025-12-16;10;1234
26;2025-12-16;11;1133
26;2025-12-16;12;1217
26;2025-12-16;13;1191
26;2025-12-16;14;1372
26;2025-12-16;15;1416
26;2025-12-16;16;1531
26;2025-12-16;17;1767
26;2025-12-16;18;1916
26;2025-12-16;19;1272
26;2025-12-16;20;758
26;2025-12-16;21;509
26;2025-12-16;22;207
26;2025-12-16;23;128
26;2025-12-17;0;34
26;2025-12-17;1;1
26;2025-12-17;2;0
26;2025-12-17;3;0
26;2025-12-17;4;2
26;2025-12-17;5;99
26;2025-12-17;6;470
26;2025-12-17;7;1109
26;2025-12-17;8;2301
26;2025-12-17;9;1496
26;2025-12-17;10;1234
26;2025-12-17;11;1133
26;2025-12-17;12;1217
26;2025-12-17;13;1191
26;2025-12-17;14;1372
26;2025-12-17;15;1416
26;2025-12-17;16;1531
26;2025-12-17;17;1767
26;2025-12-17;18;1916
26;2025-12-17;19;1272
26;2025-12-17;20;758
26;2025-12-17;21;509
26;2025-12-17;22;207
26;2025-12-17;23;128
26;2025-12-18;0;34
26;2025-12-18;1;1
26;2025-12-18;2;0
26;2025-12-18;3;0
26;2025-12-18;4;2
26;2025-12-18;5;99
26;2025-12-18;6;470
26;2025-12-18;7;1109
26;2025-12-18;8;2301
26;2025-12-18;9;1496
26;2025-12-18;10;1234
26;2025-12-18;11;1133
26;2025-12-18;12;1217
26;2025-12-18;13;1191
26;2025-12-18;14;1372
26;2025-12-18;15;1416
26;2025-12-18;16;1531
26;2025-12-18;17;1767
26;2025-12-18;18;1916
26;2025-12-18;19;1272
26;2025-12-18;20;758
26;2025-12-18;21;509
26;2025-12-18;22;207
26;2025-12-18;23;128
26;2025-12-19;0;31
26;2025-12-19;1;1
26;2025-12-19;2;0
26;2025-12-19;3;0
26;2025-12-19;4;1
26;2025-12-19;5;84
26;2025-12-19;6;490
26;2025-12-19;7;1033
26;2025-12-19;8;2239
26;2025-12-19;9;1402
26;2025-12-19;10;1259
26;2025-12-19;11;1125
26;2025-12-19;12;1116
26;2025-12-19;13;1151
26;2025-12-19;14;1378
26;2025-12-19;15;1362
26;2025-12-19;16;1664
26;2025-12-19;17;1793
26;2025-12-19;18;1314
26;2025-12-19;19;1030
26;2025-12-19;20;655
26;2025-12-19;21;468
26;2025-12-19;22;197
26;2025-12-19;23;154
26;2025-12-20;0;53
26;2025-12-20;1;2
26;2025-12-20;2;0
26;2025-12-20;3;0
26;2025-12-20;4;2
26;2025-12-20;5;52
26;2025-12-20;6;234
26;2025-12-20;7;374
26;2025-12-20;8;626
26;2025-12-20;9;676
26;2025-12-20;10;836
26;2025-12-20;11;1003
26;2025-12-20;12;1082
26;2025-12-20;13;1057
26;2025-12-20;14;1108
26;2025-12-20;15;997
26;2025-12-20;16;1046
26;2025-12-20;17;956
26;2025-12-20;18;884
26;2025-12-20;19;768
26;2025-12-20;20;542
26;2025-12-20;21;352
26;2025-12-20;22;202
26;2025-12-20;23;158
26;2025-12-21;0;50
26;2025-12-21;1;4
26;2025-12-21;2;0
26;2025-12-21;3;0
26;2025-12-21;4;2
26;2025-12-21;5;21
26;2025-12-21;6;158
26;2025-12-21;7;260
26;2025-12-21;8;385
26;2025-12-21;9;529
26;2025-12-21;10;595
26;2025-12-21;11;831
26;2025-12-21;12;821
26;2025-12-21;13;883
26;2025-12-21;14;863
26;2025-12-21;15;789
26;2025-12-21;16;753
26;2025-12-21;17;778
26;2025-12-21;18;698
26;2025-12-21;19;511
26;2025-12-21;20;401
26;2025-12-21;21;278
26;2025-12-21;22;160
26;2025-12-21;23;106
26;2025-12-22;0;25
26;2025-12-22;1;2
26;2025-12-22;2;0
26;2025-12-22;3;0
26;2025-12-22;4;2
26;2025-12-22;5;94
26;2025-12-22;6;466
26;2025-12-22;7;1145
26;2025-12-22;8;2236
26;2025-12-22;9;1422
26;2025-12-22;10;1229
26;2025-12-22;11;1054
26;2025-12-22;12;1085
26;2025-12-22;13;1159
26;2025-12-22;14;1281
26;2025-12-22;15;1312
26;2025-12-22;16;1416
26;2025-12-22;17;1723
26;2025-12-22;18;1886
26;2025-12-22;19;1202
26;2025-12-22;20;748
26;2025-12-22;21;466
26;2025-12-22;22;193
26;2025-12-22;23;110
26;2025-12-23;0;34
26;2025-12-23;1;1
26;2025-12-23;2;0
26;2025-12-23;3;0
26;2025-12-23;4;2
26;2025-12-23;5;99
26;2025-12-23;6;470
26;2025-12-23;7;1109
26;2025-12-23;8;2301
26;2025-12-23;9;1496
26;2025-12-23;10;1234
26;2025-12-23;11;1133
26;2025-12-23;12;1217
26;2025-12-23;13;1191
26;2025-12-23;14;1372
26;2025-12-23;15;1416
26;2025-12-23;16;1531
26;2025-12-23;17;1767
26;2025-12-23;18;1916
26;2025-12-23;19;1272
26;2025-12-23;20;758
26;2025-12-23;21;509
26;2025-12-23;22;207
26;2025-12-23;23;128
26;2025-12-24;0;34
26;2025-12-24;1;1
26;2025-12-24;2;0
26;2025-12-24;3;0
26;2025-12-24;4;2
26;2025-12-24;5;99
26;2025-12-24;6;470
26;2025-12-24;7;1109
26;2025-12-24;8;2301
26;2025-12-24;9;1496
26;2025-12-24;10;1234
26;2025-12-24;11;1133
26;2025-12-24;12;1217
26;2025-12-24;13;1191
26;2025-12-24;14;1372
26;2025-12-24;15;1416
26;2025-12-24;16;1531
26;2025-12-24;17;1767
26;2025-12-24;18;1916
26;2025-12-24;19;1272
26;2025-12-24;20;758
26;2025-12-24;21;509
26;2025-12-24;22;207
26;2025-12-24;23;128
26;2025-12-25;0;34
26;2025-12-25;1;1
26;2025-12-25;2;0
26;2025-12-25;3;0
26;2025-12-25;4;2
26;2025-12-25;5;99
26;2025-12-25;6;470
26;2025-12-25;7;1109
26;2025-12-25;8;2301
26;2025-12-25;9;1496
26;2025-12-25;10;1234
26;2025-12-25;11;1133
26;2025-12-25;12;1217
26;2025-12-25;13;1191
26;2025-12-25;14;1372
26;2025-12-25;15;1416
26;2025-12-25;16;1531
26;2025-12-25;17;1767
26;2025-12-25;18;1916
26;2025-12-25;19;1272
26;2025-12-25;20;758
26;2025-12-25;21;509
26;2025-12-25;22;207
26;2025-12-25;23;128
26;2025-12-26;0;31
26;2025-12-26;1;1
26;2025-12-26;2;0
26;2025-12-26;3;0
26;2025-12-26;4;1
26;2025-12-26;5;84
26;2025-12-26;6;490
26;2025-12-26;7;1033
26;2025-12-26;8;2239
26;2025-12-26;9;1402
26;2025-12-26;10;1259
26;2025-12-26;11;1125
26;2025-12-26;12;1116
26;2025-12-26;13;1151
26;2025-12-26;14;1378
26;2025-12-26;15;1362
26;2025-12-26;16;1664
26;2025-12-26;17;1793
26;2025-12-26;18;1314
26;2025-12-26;19;1030
26;2025-12-26;20;655
26;2025-12-26;21;468
26;2025-12-26;22;197
26;2025-12-26;23;154
26;2025-12-27;0;53
26;2025-12-27;1;2
26;2025-12-27;2;0
26;2025-12-27;3;0
26;2025-12-27;4;2
26;2025-12-27;5;52
26;2025-12-27;6;234
26;2025-12-27;7;374
26;2025-12-27;8;626
26;2025-12-27;9;676
26;2025-12-27;10;836
26;2025-12-27;11;1003
26;2025-12-27;12;1082
26;2025-12-27;13;1057
26;2025-12-27;14;1108
26;2025-12-27;15;997
26;2025-12-27;16;1046
26;2025-12-27;17;956
26;2025-12-27;18;884
26;2025-12-27;19;768
26;2025-12-27;20;542
26;2025-12-27;21;352
26;2025-12-27;22;202
26;2025-12-27;23;158
26;2025-12-28;0;50
26;2025-12-28;1;4
26;2025-12-28;2;0
26;2025-12-28;3;0
26;2025-12-28;4;2
26;2025-12-28;5;21
26;2025-12-28;6;158
26;2025-12-28;7;260
26;2025-12-28;8;385
26;2025-12-28;9;529
26;2025-12-28;10;595
26;2025-12-28;11;831
26;2025-12-28;12;821
26;2025-12-28;13;883
26;2025-12-28;14;863
26;2025-12-28;15;789
26;2025-12-28;16;753
26;2025-12-28;17;778
26;2025-12-28;18;698
26;2025-12-28;19;511
26;2025-12-28;20;401
26;2025-12-28;21;278
26;2025-12-28;22;160
26;2025-12-28;23;106
26;2025-12-29;0;27
26;2025-12-29;1;1
26;2025-12-29;2;0
26;2025-12-29;3;0
26;2025-12-29;4;1
26;2025-12-29;5;72
26;2025-12-29;6;421
26;2025-12-29;7;889
26;2025-12-29;8;1926
26;2025-12-29;9;1205
26;2025-12-29;10;1083
26;2025-12-29;11;967
26;2025-12-29;12;960
26;2025-12-29;13;990
26;2025-12-29;14;1185
26;2025-12-29;15;1171
26;2025-12-29;16;1431
26;2025-12-29;17;1542
26;2025-12-29;18;1130
26;2025-12-29;19;886
26;2025-12-29;20;564
26;2025-12-29;21;402
26;2025-12-29;22;169
26;2025-12-29;23;132
26;2025-12-30;0;27
26;2025-12-30;1;1
26;2025-12-30;2;0
26;2025-12-30;3;0
26;2025-12-30;4;1
26;2025-12-30;5;72
26;2025-12-30;6;421
26;2025-12-30;7;889
26;2025-12-30;8;1926
26;2025-12-30;9;1205
26;2025-12-30;10;1083
26;2025-12-30;11;967
26;2025-12-30;12;960
26;2025-12-30;13;990
26;2025-12-30;14;1185
26;2025-12-30;15;1171
26;2025-12-30;16;1431
26;2025-12-30;17;1542
26;2025-12-30;18;1130
26;2025-12-30;19;886
26;2025-12-30;20;564
26;2025-12-30;21;402
26;2025-12-30;22;169
26;2025-12-30;23;132
26;2025-12-31;0;45
26;2025-12-31;1;2
26;2025-12-31;2;0
26;2025-12-31;3;0
26;2025-12-31;4;2
26;2025-12-31;5;44
26;2025-12-31;6;199
26;2025-12-31;7;318
26;2025-12-31;8;532
26;2025-12-31;9;574
26;2025-12-31;10;711
26;2025-12-31;11;853
26;2025-12-31;12;920
26;2025-12-31;13;898
26;2025-12-31;14;941
26;2025-12-31;15;848
26;2025-12-31;16;889
26;2025-12-31;17;813
26;2025-12-31;18;751
26;2025-12-31;19;359
26;2025-12-31;20;253
26;2025-12-31;21;165
26;2025-12-31;22;95
26;2025-12-31;23;74
28;2025-11-01;0;2
28;2025-11-01;1;0
28;2025-11-01;2;0
28;2025-11-01;3;0
28;2025-11-01;4;1
28;2025-11-01;5;67
28;2025-11-01;6;246
28;2025-11-01;7;756
28;2025-11-01;8;1163
28;2025-11-01;9;745
28;2025-11-01;10;559
28;2025-11-01;11;535
28;2025-11-01;12;704
28;2025-11-01;13;642
28;2025-11-01;14;631
28;2025-11-01;15;647
28;2025-11-01;16;850
28;2025-11-01;17;891
28;2025-11-01;18;779
28;2025-11-01;19;580
28;2025-11-01;20;378
28;2025-11-01;21;293
28;2025-11-01;22;114
28;2025-11-01;23;17
28;2025-11-02;0;2
28;2025-11-02;1;0
28;2025-11-02;2;0
28;2025-11-02;3;0
28;2025-11-02;4;0
28;2025-11-02;5;30
28;2025-11-02;6;79
28;2025-11-02;7;169
28;2025-11-02;8;262
28;2025-11-02;9;362
28;2025-11-02;10;408
28;2025-11-02;11;447
28;2025-11-02;12;461
28;2025-11-02;13;562
28;2025-11-02;14;533
28;2025-11-02;15;528
28;2025-11-02;16;472
28;2025-11-02;17;510
28;2025-11-02;18;438
28;2025-11-02;19;396
28;2025-11-02;20;298
28;2025-11-02;21;240
28;2025-11-02;22;113
28;2025-11-02;23;13
28;2025-11-03;0;2
28;2025-11-03;1;0
28;2025-11-03;2;0
28;2025-11-03;3;0
28;2025-11-03;4;0
28;2025-11-03;5;29
28;2025-11-03;6;76
28;2025-11-03;7;163
28;2025-11-03;8;253
28;2025-11-03;9;350
28;2025-11-03;10;394
28;2025-11-03;11;432
28;2025-11-03;12;446
28;2025-11-03;13;544
28;2025-11-03;14;515
28;2025-11-03;15;511
28;2025-11-03;16;457
28;2025-11-03;17;494
28;2025-11-03;18;424
28;2025-11-03;19;383
28;2025-11-03;20;288
28;2025-11-03;21;232
28;2025-11-03;22;109
28;2025-11-03;23;13
28;2025-11-04;0;2
28;2025-11-04;1;0
28;2025-11-04;2;0
28;2025-11-04;3;0
28;2025-11-04;4;0
28;2025-11-04;5;29
28;2025-11-04;6;76
28;2025-11-04;7;163
28;2025-11-04;8;253
28;2025-11-04;9;350
28;2025-11-04;10;394
28;2025-11-04;11;432
28;2025-11-04;12;446
28;2025-11-04;13;544
28;2025-11-04;14;515
28;2025-11-04;15;511
28;2025-11-04;16;457
28;2025-11-04;17;494
28;2025-11-04;18;424
28;2025-11-04;19;383
28;2025-11-04;20;288
28;2025-11-04;21;232
28;2025-11-04;22;109
28;2025-11-04;23;13
28;2025-11-05;0;0
28;2025-11-05;1;0
28;2025-11-05;2;0
28;2025-11-05;3;0
28;2025-11-05;4;1
28;2025-11-05;5;81
28;2025-11-05;6;260
28;2025-11-05;7;827
28;2025-11-05;8;1368
28;2025-11-05;9;874
28;2025-11-05;10;647
28;2025-11-05;11;593
28;2025-11-05;12;734
28;2025-11-05;13;730
28;2025-11-05;14;699
28;2025-11-05;15;732
28;2025-11-05;16;935
28;2025-11-05;17;1118
28;2025-11-05;18;1095
28;2025-11-05;19;800
28;2025-11-05;20;563
28;2025-11-05;21;345
28;2025-11-05;22;125
28;2025-11-05;23;12
28;2025-11-06;0;0
28;2025-11-06;1;0
28;2025-11-06;2;0
28;2025-11-06;3;0
28;2025-11-06;4;1
28;2025-11-06;5;81
28;2025-11-06;6;260
28;2025-11-06;7;827
28;2025-11-06;8;1368
28;2025-11-06;9;874
28;2025-11-06;10;647
28;2025-11-06;11;593
28;2025-11-06;12;734
28;2025-11-06;13;730
28;2025-11-06;14;699
28;2025-11-06;15;732
28;2025-11-06;16;935
28;2025-11-06;17;1118
28;2025-11-06;18;1095
28;2025-11-06;19;800
28;2025-11-06;20;563
28;2025-11-06;21;345
28;2025-11-06;22;125
28;2025-11-06;23;12
28;2025-11-07;0;2
28;2025-11-07;1;0
28;2025-11-07;2;0
28;2025-11-07;3;0
28;2025-11-07;4;2
28;2025-11-07;5;79
28;2025-11-07;6;290
28;2025-11-07;7;890
28;2025-11-07;8;1368
28;2025-11-07;9;876
28;2025-11-07;10;658
28;2025-11-07;11;629
28;2025-11-07;12;829
28;2025-11-07;13;755
28;2025-11-07;14;742
28;2025-11-07;15;762
28;2025-11-07;16;1000
28;2025-11-07;17;1048
28;2025-11-07;18;917
28;2025-11-07;19;683
28;2025-11-07;20;445
28;2025-11-07;21;345
28;2025-11-07;22;134
28;2025-11-07;23;20
28;2025-11-08;0;2
28;2025-11-08;1;0
28;2025-11-08;2;0
28;2025-11-08;3;0
28;2025-11-08;4;1
28;2025-11-08;5;41
28;2025-11-08;6;110
28;2025-11-08;7;242
28;2025-11-08;8;421
28;2025-11-08;9;475
28;2025-11-08;10;518
28;2025-11-08;11;524
28;2025-11-08;12;620
28;2025-11-08;13;626
28;2025-11-08;14;581
28;2025-11-08;15;629
28;2025-11-08;16;633
28;2025-11-08;17;607
28;2025-11-08;18;524
28;2025-11-08;19;397
28;2025-11-08;20;293
28;2025-11-08;21;266
28;2025-11-08;22;106
28;2025-11-08;23;12
28;2025-11-09;0;2
28;2025-11-09;1;0
28;2025-11-09;2;0
28;2025-11-09;3;0
28;2025-11-09;4;0
28;2025-11-09;5;30
28;2025-11-09;6;79
28;2025-11-09;7;169
28;2025-11-09;8;262
28;2025-11-09;9;362
28;2025-11-09;10;408
28;2025-11-09;11;447
28;2025-11-09;12;461
28;2025-11-09;13;562
28;2025-11-09;14;533
28;2025-11-09;15;528
28;2025-11-09;16;472
28;2025-11-09;17;510
28;2025-11-09;18;438
28;2025-11-09;19;396
28;2025-11-09;20;298
28;2025-11-09;21;240
28;2025-11-09;22;113
28;2025-11-09;23;13
28;2025-11-10;0;0
28;2025-11-10;1;1
28;2025-11-10;2;0
28;2025-11-10;3;0
28;2025-11-10;4;2
28;2025-11-10;5;75
28;2025-11-10;6;261
28;2025-11-10;7;757
28;2025-11-10;8;1299
28;2025-11-10;9;849
28;2025-11-10;10;638
28;2025-11-10;11;547
28;2025-11-10;12;713
28;2025-11-10;13;695
28;2025-11-10;14;651
28;2025-11-10;15;628
28;2025-11-10;16;908
28;2025-11-10;17;1017
28;2025-11-10;18;967
28;2025-11-10;19;721
28;2025-11-10;20;464
28;2025-11-10;21;297
28;2025-11-10;22;105
28;2025-11-10;23;3
28;2025-11-11;0;0
28;2025-11-11;1;0
28;2025-11-11;2;0
28;2025-11-11;3;0
28;2025-11-11;4;1
28;2025-11-11;5;81
28;2025-11-11;6;260
28;2025-11-11;7;827
28;2025-11-11;8;1368
28;2025-11-11;9;874
28;2025-11-11;10;647
28;2025-11-11;11;593
28;2025-11-11;12;734
28;2025-11-11;13;730
28;2025-11-11;14;699
28;2025-11-11;15;732
28;2025-11-11;16;935
28;2025-11-11;17;1118
28;2025-11-11;18;1095
28;2025-11-11;19;800
28;2025-11-11;20;563
28;2025-11-11;21;345
28;2025-11-11;22;125
28;2025-11-11;23;12
28;2025-11-12;0;0
28;2025-11-12;1;0
28;2025-11-12;2;0
28;2025-11-12;3;0
28;2025-11-12;4;1
28;2025-11-12;5;81
28;2025-11-12;6;260
28;2025-11-12;7;827
28;2025-11-12;8;1368
28;2025-11-12;9;874
28;2025-11-12;10;647
28;2025-11-12;11;593
28;2025-11-12;12;734
28;2025-11-12;13;730
28;2025-11-12;14;699
28;2025-11-12;15;732
28;2025-11-12;16;935
28;2025-11-12;17;1118
28;2025-11-12;18;1095
28;2025-11-12;19;800
28;2025-11-12;20;563
28;2025-11-12;21;345
28;2025-11-12;22;125
28;2025-11-12;23;12
28;2025-11-13;0;0
28;2025-11-13;1;0
28;2025-11-13;2;0
28;2025-11-13;3;0
28;2025-11-13;4;1
28;2025-11-13;5;81
28;2025-11-13;6;260
28;2025-11-13;7;827
28;2025-11-13;8;1368
28;2025-11-13;9;874
28;2025-11-13;10;647
28;2025-11-13;11;593
28;2025-11-13;12;734
28;2025-11-13;13;730
28;2025-11-13;14;699
28;2025-11-13;15;732
28;2025-11-13;16;935
28;2025-11-13;17;1118
28;2025-11-13;18;1095
28;2025-11-13;19;800
28;2025-11-13;20;563
28;2025-11-13;21;345
28;2025-11-13;22;125
28;2025-11-13;23;12
28;2025-11-14;0;2
28;2025-11-14;1;0
28;2025-11-14;2;0
28;2025-11-14;3;0
28;2025-11-14;4;2
28;2025-11-14;5;79
28;2025-11-14;6;290
28;2025-11-14;7;890
28;2025-11-14;8;1368
28;2025-11-14;9;876
28;2025-11-14;10;658
28;2025-11-14;11;629
28;2025-11-14;12;829
28;2025-11-14;13;755
28;2025-11-14;14;742
28;2025-11-14;15;762
28;2025-11-14;16;1000
28;2025-11-14;17;1048
28;2025-11-14;18;917
28;2025-11-14;19;683
28;2025-11-14;20;445
28;2025-11-14;21;345
28;2025-11-14;22;134
28;2025-11-14;23;20
28;2025-11-15;0;2
28;2025-11-15;1;0
28;2025-11-15;2;0
28;2025-11-15;3;0
28;2025-11-15;4;1
28;2025-11-15;5;38
28;2025-11-15;6;105
28;2025-11-15;7;230
28;2025-11-15;8;400
28;2025-11-15;9;450
28;2025-11-15;10;491
28;2025-11-15;11;497
28;2025-11-15;12;588
28;2025-11-15;13;594
28;2025-11-15;14;551
28;2025-11-15;15;597
28;2025-11-15;16;600
28;2025-11-15;17;576
28;2025-11-15;18;497
28;2025-11-15;19;376
28;2025-11-15;20;278
28;2025-11-15;21;252
28;2025-11-15;22;101
28;2025-11-15;23;12
28;2025-11-16;0;2
28;2025-11-16;1;0
28;2025-11-16;2;0
28;2025-11-16;3;0
28;2025-11-16;4;0
28;2025-11-16;5;30
28;2025-11-16;6;79
28;2025-11-16;7;169
28;2025-11-16;8;262
28;2025-11-16;9;362
28;2025-11-16;10;408
28;2025-11-16;11;447
28;2025-11-16;12;461
28;2025-11-16;13;562
28;2025-11-16;14;533
28;2025-11-16;15;528
28;2025-11-16;16;472
28;2025-11-16;17;510
28;2025-11-16;18;438
28;2025-11-16;19;396
28;2025-11-16;20;298
28;2025-11-16;21;240
28;2025-11-16;22;113
28;2025-11-16;23;13
28;2025-11-17;0;0
28;2025-11-17;1;1
28;2025-11-17;2;0
28;2025-11-17;3;0
28;2025-11-17;4;2
28;2025-11-17;5;75
28;2025-11-17;6;261
28;2025-11-17;7;757
28;2025-11-17;8;1299
28;2025-11-17;9;849
28;2025-11-17;10;638
28;2025-11-17;11;547
28;2025-11-17;12;713
28;2025-11-17;13;695
28;2025-11-17;14;651
28;2025-11-17;15;628
28;2025-11-17;16;908
28;2025-11-17;17;1017
28;2025-11-17;18;967
28;2025-11-17;19;721
28;2025-11-17;20;464
28;2025-11-17;21;297
28;2025-11-17;22;105
28;2025-11-17;23;3
28;2025-11-18;0;0
28;2025-11-18;1;0
28;2025-11-18;2;0
28;2025-11-18;3;0
28;2025-11-18;4;1
28;2025-11-18;5;81
28;2025-11-18;6;260
28;2025-11-18;7;827
28;2025-11-18;8;1368
28;2025-11-18;9;874
28;2025-11-18;10;647
28;2025-11-18;11;593
28;2025-11-18;12;734
28;2025-11-18;13;730
28;2025-11-18;14;699
28;2025-11-18;15;732
28;2025-11-18;16;935
28;2025-11-18;17;1118
28;2025-11-18;18;1095
28;2025-11-18;19;800
28;2025-11-18;20;563
28;2025-11-18;21;345
28;2025-11-18;22;125
28;2025-11-18;23;12
28;2025-11-19;0;0
28;2025-11-19;1;0
28;2025-11-19;2;0
28;2025-11-19;3;0
28;2025-11-19;4;1
28;2025-11-19;5;81
28;2025-11-19;6;260
28;2025-11-19;7;827
28;2025-11-19;8;1368
28;2025-11-19;9;874
28;2025-11-19;10;647
28;2025-11-19;11;593
28;2025-11-19;12;734
28;2025-11-19;13;730
28;2025-11-19;14;699
28;2025-11-19;15;732
28;2025-11-19;16;935
28;2025-11-19;17;1118
28;2025-11-19;18;1095
28;2025-11-19;19;800
28;2025-11-19;20;563
28;2025-11-19;21;345
28;2025-11-19;22;125
28;2025-11-19;23;12
28;2025-11-20;0;0
28;2025-11-20;1;0
28;2025-11-20;2;0
28;2025-11-20;3;0
28;2025-11-20;4;1
28;2025-11-20;5;81
28;2025-11-20;6;260
28;2025-11-20;7;827
28;2025-11-20;8;1368
28;2025-11-20;9;874
28;2025-11-20;10;647
28;2025-11-20;11;593
28;2025-11-20;12;734
28;2025-11-20;13;730
28;2025-11-20;14;699
28;2025-11-20;15;732
28;2025-11-20;16;935
28;2025-11-20;17;1118
28;2025-11-20;18;1095
28;2025-11-20;19;800
28;2025-11-20;20;563
28;2025-11-20;21;345
28;2025-11-20;22;125
28;2025-11-20;23;12
28;2025-11-21;0;2
28;2025-11-21;1;0
28;2025-11-21;2;0
28;2025-11-21;3;0
28;2025-11-21;4;2
28;2025-11-21;5;79
28;2025-11-21;6;290
28;2025-11-21;7;890
28;2025-11-21;8;1368
28;2025-11-21;9;876
28;2025-11-21;10;658
28;2025-11-21;11;629
28;2025-11-21;12;829
28;2025-11-21;13;755
28;2025-11-21;14;742
28;2025-11-21;15;762
28;2025-11-21;16;1000
28;2025-11-21;17;1048
28;2025-11-21;18;917
28;2025-11-21;19;683
28;2025-11-21;20;445
28;2025-11-21;21;345
28;2025-11-21;22;134
28;2025-11-21;23;20
28;2025-11-22;0;2
28;2025-11-22;1;0
28;2025-11-22;2;0
28;2025-11-22;3;0
28;2025-11-22;4;1
28;2025-11-22;5;41
28;2025-11-22;6;110
28;2025-11-22;7;242
28;2025-11-22;8;421
28;2025-11-22;9;475
28;2025-11-22;10;518
28;2025-11-22;11;524
28;2025-11-22;12;620
28;2025-11-22;13;626
28;2025-11-22;14;581
28;2025-11-22;15;629
28;2025-11-22;16;633
28;2025-11-22;17;607
28;2025-11-22;18;524
28;2025-11-22;19;397
28;2025-11-22;20;293
28;2025-11-22;21;266
28;2025-11-22;22;106
28;2025-11-22;23;12
28;2025-11-23;0;2
28;2025-11-23;1;0
28;2025-11-23;2;0
28;2025-11-23;3;0
28;2025-11-23;4;0
28;2025-11-23;5;30
28;2025-11-23;6;79
28;2025-11-23;7;169
28;2025-11-23;8;262
28;2025-11-23;9;362
28;2025-11-23;10;408
28;2025-11-23;11;447
28;2025-11-23;12;461
28;2025-11-23;13;562
28;2025-11-23;14;533
28;2025-11-23;15;528
28;2025-11-23;16;472
28;2025-11-23;17;510
28;2025-11-23;18;438
28;2025-11-23;19;396
28;2025-11-23;20;298
28;2025-11-23;21;240
28;2025-11-23;22;113
28;2025-11-23;23;13
28;2025-11-24;0;0
28;2025-11-24;1;1
28;2025-11-24;2;0
28;2025-11-24;3;0
28;2025-11-24;4;2
28;2025-11-24;5;75
28;2025-11-24;6;261
28;2025-11-24;7;757
28;2025-11-24;8;1299
28;2025-11-24;9;849
28;2025-11-24;10;638
28;2025-11-24;11;547
28;2025-11-24;12;713
28;2025-11-24;13;695
28;2025-11-24;14;651
28;2025-11-24;15;628
28;2025-11-24;16;908
28;2025-11-24;17;1017
28;2025-11-24;18;967
28;2025-11-24;19;721
28;2025-11-24;20;464
28;2025-11-24;21;297
28;2025-11-24;22;105
28;2025-11-24;23;3
28;2025-11-25;0;0
28;2025-11-25;1;0
28;2025-11-25;2;0
28;2025-11-25;3;0
28;2025-11-25;4;1
28;2025-11-25;5;81
28;2025-11-25;6;260
28;2025-11-25;7;827
28;2025-11-25;8;1368
28;2025-11-25;9;874
28;2025-11-25;10;647
28;2025-11-25;11;593
28;2025-11-25;12;734
28;2025-11-25;13;730
28;2025-11-25;14;699
28;2025-11-25;15;732
28;2025-11-25;16;935
28;2025-11-25;17;1118
28;2025-11-25;18;1095
28;2025-11-25;19;800
28;2025-11-25;20;563
28;2025-11-25;21;345
28;2025-11-25;22;125
28;2025-11-25;23;12
28;2025-11-26;0;0
28;2025-11-26;1;0
28;2025-11-26;2;0
28;2025-11-26;3;0
28;2025-11-26;4;1
28;2025-11-26;5;81
28;2025-11-26;6;260
28;2025-11-26;7;827
28;2025-11-26;8;1368
28;2025-11-26;9;874
28;2025-11-26;10;647
28;2025-11-26;11;593
28;2025-11-26;12;734
28;2025-11-26;13;730
28;2025-11-26;14;699
28;2025-11-26;15;732
28;2025-11-26;16;935
28;2025-11-26;17;1118
28;2025-11-26;18;1095
28;2025-11-26;19;800
28;2025-11-26;20;563
28;2025-11-26;21;345
28;2025-11-26;22;125
28;2025-11-26;23;12
28;2025-11-27;0;0
28;2025-11-27;1;0
28;2025-11-27;2;0
28;2025-11-27;3;0
28;2025-11-27;4;1
28;2025-11-27;5;81
28;2025-11-27;6;260
28;2025-11-27;7;827
28;2025-11-27;8;1368
28;2025-11-27;9;874
28;2025-11-27;10;647
28;2025-11-27;11;593
28;2025-11-27;12;734
28;2025-11-27;13;730
28;2025-11-27;14;699
28;2025-11-27;15;732
28;2025-11-27;16;935
28;2025-11-27;17;1118
28;2025-11-27;18;1095
28;2025-11-27;19;800
28;2025-11-27;20;563
28;2025-11-27;21;345
28;2025-11-27;22;125
28;2025-11-27;23;12
28;2025-11-28;0;2
28;2025-11-28;1;0
28;2025-11-28;2;0
28;2025-11-28;3;0
28;2025-11-28;4;2
28;2025-11-28;5;79
28;2025-11-28;6;290
28;2025-11-28;7;890
28;2025-11-28;8;1368
28;2025-11-28;9;876
28;2025-11-28;10;658
28;2025-11-28;11;629
28;2025-11-28;12;829
28;2025-11-28;13;755
28;2025-11-28;14;742
28;2025-11-28;15;762
28;2025-11-28;16;1000
28;2025-11-28;17;1048
28;2025-11-28;18;917
28;2025-11-28;19;683
28;2025-11-28;20;445
28;2025-11-28;21;345
28;2025-11-28;22;134
28;2025-11-28;23;20
28;2025-11-29;0;2
28;2025-11-29;1;0
28;2025-11-29;2;0
28;2025-11-29;3;0
28;2025-11-29;4;1
28;2025-11-29;5;41
28;2025-11-29;6;110
28;2025-11-29;7;242
28;2025-11-29;8;421
28;2025-11-29;9;475
28;2025-11-29;10;518
28;2025-11-29;11;524
28;2025-11-29;12;620
28;2025-11-29;13;626
28;2025-11-29;14;581
28;2025-11-29;15;629
28;2025-11-29;16;633
28;2025-11-29;17;607
28;2025-11-29;18;524
28;2025-11-29;19;397
28;2025-11-29;20;293
28;2025-11-29;21;266
28;2025-11-29;22;106
28;2025-11-29;23;12
28;2025-11-30;0;2
28;2025-11-30;1;0
28;2025-11-30;2;0
28;2025-11-30;3;0
28;2025-11-30;4;0
28;2025-11-30;5;30
28;2025-11-30;6;79
28;2025-11-30;7;169
28;2025-11-30;8;262
28;2025-11-30;9;362
28;2025-11-30;10;408
28;2025-11-30;11;447
28;2025-11-30;12;461
28;2025-11-30;13;562
28;2025-11-30;14;533
28;2025-11-30;15;528
28;2025-11-30;16;472
28;2025-11-30;17;510
28;2025-11-30;18;438
28;2025-11-30;19;396
28;2025-11-30;20;298
28;2025-11-30;21;240
28;2025-11-30;22;113
28;2025-11-30;23;13
28;2025-12-01;0;0
28;2025-12-01;1;1
28;2025-12-01;2;0
28;2025-12-01;3;0
28;2025-12-01;4;2
28;2025-12-01;5;75
28;2025-12-01;6;261
28;2025-12-01;7;757
28;2025-12-01;8;1299
28;2025-12-01;9;849
28;2025-12-01;10;638
28;2025-12-01;11;547
28;2025-12-01;12;713
28;2025-12-01;13;695
28;2025-12-01;14;651
28;2025-12-01;15;628
28;2025-12-01;16;908
28;2025-12-01;17;1017
28;2025-12-01;18;967
28;2025-12-01;19;721
28;2025-12-01;20;464
28;2025-12-01;21;297
28;2025-12-01;22;105
28;2025-12-01;23;3
28;2025-12-02;0;0
28;2025-12-02;1;0
28;2025-12-02;2;0
28;2025-12-02;3;0
28;2025-12-02;4;1
28;2025-12-02;5;81
28;2025-12-02;6;260
28;2025-12-02;7;827
28;2025-12-02;8;1368
28;2025-12-02;9;874
28;2025-12-02;10;647
28;2025-12-02;11;593
28;2025-12-02;12;734
28;2025-12-02;13;730
28;2025-12-02;14;699
28;2025-12-02;15;732
28;2025-12-02;16;935
28;2025-12-02;17;1118
28;2025-12-02;18;1095
28;2025-12-02;19;800
28;2025-12-02;20;563
28;2025-12-02;21;345
28;2025-12-02;22;125
28;2025-12-02;23;12
28;2025-12-03;0;0
28;2025-12-03;1;0
28;2025-12-03;2;0
28;2025-12-03;3;0
28;2025-12-03;4;1
28;2025-12-03;5;81
28;2025-12-03;6;260
28;2025-12-03;7;827
28;2025-12-03;8;1368
28;2025-12-03;9;874
28;2025-12-03;10;647
28;2025-12-03;11;593
28;2025-12-03;12;734
28;2025-12-03;13;730
28;2025-12-03;14;699
28;2025-12-03;15;732
28;2025-12-03;16;935
28;2025-12-03;17;1118
28;2025-12-03;18;1095
28;2025-12-03;19;800
28;2025-12-03;20;563
28;2025-12-03;21;345
28;2025-12-03;22;125
28;2025-12-03;23;12
28;2025-12-04;0;0
28;2025-12-04;1;0
28;2025-12-04;2;0
28;2025-12-04;3;0
28;2025-12-04;4;1
28;2025-12-04;5;81
28;2025-12-04;6;260
28;2025-12-04;7;827
28;2025-12-04;8;1368
28;2025-12-04;9;874
28;2025-12-04;10;647
28;2025-12-04;11;593
28;2025-12-04;12;734
28;2025-12-04;13;730
28;2025-12-04;14;699
28;2025-12-04;15;732
28;2025-12-04;16;935
28;2025-12-04;17;1118
28;2025-12-04;18;1095
28;2025-12-04;19;800
28;2025-12-04;20;563
28;2025-12-04;21;345
28;2025-12-04;22;125
28;2025-12-04;23;12
28;2025-12-05;0;2
28;2025-12-05;1;0
28;2025-12-05;2;0
28;2025-12-05;3;0
28;2025-12-05;4;2
28;2025-12-05;5;79
28;2025-12-05;6;290
28;2025-12-05;7;890
28;2025-12-05;8;1368
28;2025-12-05;9;876
28;2025-12-05;10;658
28;2025-12-05;11;629
28;2025-12-05;12;829
28;2025-12-05;13;755
28;2025-12-05;14;742
28;2025-12-05;15;762
28;2025-12-05;16;1000
28;2025-12-05;17;1048
28;2025-12-05;18;917
28;2025-12-05;19;683
28;2025-12-05;20;445
28;2025-12-05;21;345
28;2025-12-05;22;134
28;2025-12-05;23;20
28;2025-12-06;0;2
28;2025-12-06;1;0
28;2025-12-06;2;0
28;2025-12-06;3;0
28;2025-12-06;4;1
28;2025-12-06;5;41
28;2025-12-06;6;110
28;2025-12-06;7;242
28;2025-12-06;8;421
28;2025-12-06;9;475
28;2025-12-06;10;518
28;2025-12-06;11;524
28;2025-12-06;12;620
28;2025-12-06;13;626
28;2025-12-06;14;581
28;2025-12-06;15;629
28;2025-12-06;16;633
28;2025-12-06;17;607
28;2025-12-06;18;524
28;2025-12-06;19;397
28;2025-12-06;20;293
28;2025-12-06;21;266
28;2025-12-06;22;106
28;2025-12-06;23;12
28;2025-12-07;0;2
28;2025-12-07;1;0
28;2025-12-07;2;0
28;2025-12-07;3;0
28;2025-12-07;4;0
28;2025-12-07;5;30
28;2025-12-07;6;79
28;2025-12-07;7;169
28;2025-12-07;8;262
28;2025-12-07;9;362
28;2025-12-07;10;408
28;2025-12-07;11;447
28;2025-12-07;12;461
28;2025-12-07;13;562
28;2025-12-07;14;533
28;2025-12-07;15;528
28;2025-12-07;16;472
28;2025-12-07;17;510
28;2025-12-07;18;438
28;2025-12-07;19;396
28;2025-12-07;20;298
28;2025-12-07;21;240
28;2025-12-07;22;113
28;2025-12-07;23;13
28;2025-12-08;0;0
28;2025-12-08;1;1
28;2025-12-08;2;0
28;2025-12-08;3;0
28;2025-12-08;4;2
28;2025-12-08;5;75
28;2025-12-08;6;261
28;2025-12-08;7;757
28;2025-12-08;8;1299
28;2025-12-08;9;849
28;2025-12-08;10;638
28;2025-12-08;11;547
28;2025-12-08;12;713
28;2025-12-08;13;695
28;2025-12-08;14;651
28;2025-12-08;15;628
28;2025-12-08;16;908
28;2025-12-08;17;1017
28;2025-12-08;18;967
28;2025-12-08;19;721
28;2025-12-08;20;464
28;2025-12-08;21;297
28;2025-12-08;22;105
28;2025-12-08;23;3
28;2025-12-09;0;0
28;2025-12-09;1;0
28;2025-12-09;2;0
28;2025-12-09;3;0
28;2025-12-09;4;1
28;2025-12-09;5;81
28;2025-12-09;6;260
28;2025-12-09;7;827
28;2025-12-09;8;1368
28;2025-12-09;9;874
28;2025-12-09;10;647
28;2025-12-09;11;593
28;2025-12-09;12;734
28;2025-12-09;13;730
28;2025-12-09;14;699
28;2025-12-09;15;732
28;2025-12-09;16;935
28;2025-12-09;17;1118
28;2025-12-09;18;1095
28;2025-12-09;19;800
28;2025-12-09;20;563
28;2025-12-09;21;345
28;2025-12-09;22;125
28;2025-12-09;23;12
28;2025-12-10;0;0
28;2025-12-10;1;0
28;2025-12-10;2;0
28;2025-12-10;3;0
28;2025-12-10;4;1
28;2025-12-10;5;81
28;2025-12-10;6;260
28;2025-12-10;7;827
28;2025-12-10;8;1368
28;2025-12-10;9;874
28;2025-12-10;10;647
28;2025-12-10;11;593
28;2025-12-10;12;734
28;2025-12-10;13;730
28;2025-12-10;14;699
28;2025-12-10;15;732
28;2025-12-10;16;935
28;2025-12-10;17;1118
28;2025-12-10;18;1095
28;2025-12-10;19;800
28;2025-12-10;20;563
28;2025-12-10;21;345
28;2025-12-10;22;125
28;2025-12-10;23;12
28;2025-12-11;0;0
28;2025-12-11;1;0
28;2025-12-11;2;0
28;2025-12-11;3;0
28;2025-12-11;4;1
28;2025-12-11;5;81
28;2025-12-11;6;260
28;2025-12-11;7;827
28;2025-12-11;8;1368
28;2025-12-11;9;874
28;2025-12-11;10;647
28;2025-12-11;11;593
28;2025-12-11;12;734
28;2025-12-11;13;730
28;2025-12-11;14;699
28;2025-12-11;15;732
28;2025-12-11;16;935
28;2025-12-11;17;1118
28;2025-12-11;18;1095
28;2025-12-11;19;800
28;2025-12-11;20;563
28;2025-12-11;21;345
28;2025-12-11;22;125
28;2025-12-11;23;12
28;2025-12-12;0;2
28;2025-12-12;1;0
28;2025-12-12;2;0
28;2025-12-12;3;0
28;2025-12-12;4;2
28;2025-12-12;5;79
28;2025-12-12;6;290
28;2025-12-12;7;890
28;2025-12-12;8;1368
28;2025-12-12;9;876
28;2025-12-12;10;658
28;2025-12-12;11;629
28;2025-12-12;12;829
28;2025-12-12;13;755
28;2025-12-12;14;742
28;2025-12-12;15;762
28;2025-12-12;16;1000
28;2025-12-12;17;1048
28;2025-12-12;18;917
28;2025-12-12;19;683
28;2025-12-12;20;445
28;2025-12-12;21;345
28;2025-12-12;22;134
28;2025-12-12;23;20
28;2025-12-13;0;2
28;2025-12-13;1;0
28;2025-12-13;2;0
28;2025-12-13;3;0
28;2025-12-13;4;1
28;2025-12-13;5;41
28;2025-12-13;6;110
28;2025-12-13;7;242
28;2025-12-13;8;421
28;2025-12-13;9;475
28;2025-12-13;10;518
28;2025-12-13;11;524
28;2025-12-13;12;620
28;2025-12-13;13;626
28;2025-12-13;14;581
28;2025-12-13;15;629
28;2025-12-13;16;633
28;2025-12-13;17;607
28;2025-12-13;18;524
28;2025-12-13;19;397
28;2025-12-13;20;293
28;2025-12-13;21;266
28;2025-12-13;22;106
28;2025-12-13;23;12
28;2025-12-14;0;2
28;2025-12-14;1;0
28;2025-12-14;2;0
28;2025-12-14;3;0
28;2025-12-14;4;0
28;2025-12-14;5;30
28;2025-12-14;6;79
28;2025-12-14;7;169
28;2025-12-14;8;262
28;2025-12-14;9;362
28;2025-12-14;10;408
28;2025-12-14;11;447
28;2025-12-14;12;461
28;2025-12-14;13;562
28;2025-12-14;14;533
28;2025-12-14;15;528
28;2025-12-14;16;472
28;2025-12-14;17;510
28;2025-12-14;18;438
28;2025-12-14;19;396
28;2025-12-14;20;298
28;2025-12-14;21;240
28;2025-12-14;22;113
28;2025-12-14;23;13
28;2025-12-15;0;0
28;2025-12-15;1;1
28;2025-12-15;2;0
28;2025-12-15;3;0
28;2025-12-15;4;2
28;2025-12-15;5;75
28;2025-12-15;6;261
28;2025-12-15;7;757
28;2025-12-15;8;1299
28;2025-12-15;9;849
28;2025-12-15;10;638
28;2025-12-15;11;547
28;2025-12-15;12;713
28;2025-12-15;13;695
28;2025-12-15;14;651
28;2025-12-15;15;628
28;2025-12-15;16;908
28;2025-12-15;17;1017
28;2025-12-15;18;967
28;2025-12-15;19;721
28;2025-12-15;20;464
28;2025-12-15;21;297
28;2025-12-15;22;105
28;2025-12-15;23;3
28;2025-12-16;0;0
28;2025-12-16;1;0
28;2025-12-16;2;0
28;2025-12-16;3;0
28;2025-12-16;4;1
28;2025-12-16;5;81
28;2025-12-16;6;260
28;2025-12-16;7;827
28;2025-12-16;8;1368
28;2025-12-16;9;874
28;2025-12-16;10;647
28;2025-12-16;11;593
28;2025-12-16;12;734
28;2025-12-16;13;730
28;2025-12-16;14;699
28;2025-12-16;15;732
28;2025-12-16;16;935
28;2025-12-16;17;1118
28;2025-12-16;18;1095
28;2025-12-16;19;800
28;2025-12-16;20;563
28;2025-12-16;21;345
28;2025-12-16;22;125
28;2025-12-16;23;12
28;2025-12-17;0;0
28;2025-12-17;1;0
28;2025-12-17;2;0
28;2025-12-17;3;0
28;2025-12-17;4;1
28;2025-12-17;5;81
28;2025-12-17;6;260
28;2025-12-17;7;827
28;2025-12-17;8;1368
28;2025-12-17;9;874
28;2025-12-17;10;647
28;2025-12-17;11;593
28;2025-12-17;12;734
28;2025-12-17;13;730
28;2025-12-17;14;699
28;2025-12-17;15;732
28;2025-12-17;16;935
28;2025-12-17;17;1118
28;2025-12-17;18;1095
28;2025-12-17;19;800
28;2025-12-17;20;563
28;2025-12-17;21;345
28;2025-12-17;22;125
28;2025-12-17;23;12
28;2025-12-18;0;0
28;2025-12-18;1;0
28;2025-12-18;2;0
28;2025-12-18;3;0
28;2025-12-18;4;1
28;2025-12-18;5;81
28;2025-12-18;6;260
28;2025-12-18;7;827
28;2025-12-18;8;1368
28;2025-12-18;9;874
28;2025-12-18;10;647
28;2025-12-18;11;593
28;2025-12-18;12;734
28;2025-12-18;13;730
28;2025-12-18;14;699
28;2025-12-18;15;732
28;2025-12-18;16;935
28;2025-12-18;17;1118
28;2025-12-18;18;1095
28;2025-12-18;19;800
28;2025-12-18;20;563
28;2025-12-18;21;345
28;2025-12-18;22;125
28;2025-12-18;23;12
28;2025-12-19;0;2
28;2025-12-19;1;0
28;2025-12-19;2;0
28;2025-12-19;3;0
28;2025-12-19;4;2
28;2025-12-19;5;79
28;2025-12-19;6;290
28;2025-12-19;7;890
28;2025-12-19;8;1368
28;2025-12-19;9;876
28;2025-12-19;10;658
28;2025-12-19;11;629
28;2025-12-19;12;829
28;2025-12-19;13;755
28;2025-12-19;14;742
28;2025-12-19;15;762
28;2025-12-19;16;1000
28;2025-12-19;17;1048
28;2025-12-19;18;917
28;2025-12-19;19;683
28;2025-12-19;20;445
28;2025-12-19;21;345
28;2025-12-19;22;134
28;2025-12-19;23;20
28;2025-12-20;0;2
28;2025-12-20;1;0
28;2025-12-20;2;0
28;2025-12-20;3;0
28;2025-12-20;4;1
28;2025-12-20;5;41
28;2025-12-20;6;110
28;2025-12-20;7;242
28;2025-12-20;8;421
28;2025-12-20;9;475
28;2025-12-20;10;518
28;2025-12-20;11;524
28;2025-12-20;12;620
28;2025-12-20;13;626
28;2025-12-20;14;581
28;2025-12-20;15;629
28;2025-12-20;16;633
28;2025-12-20;17;607
28;2025-12-20;18;524
28;2025-12-20;19;397
28;2025-12-20;20;293
28;2025-12-20;21;266
28;2025-12-20;22;106
28;2025-12-20;23;12
28;2025-12-21;0;2
28;2025-12-21;1;0
28;2025-12-21;2;0
28;2025-12-21;3;0
28;2025-12-21;4;0
28;2025-12-21;5;30
28;2025-12-21;6;79
28;2025-12-21;7;169
28;2025-12-21;8;262
28;2025-12-21;9;362
28;2025-12-21;10;408
28;2025-12-21;11;447
28;2025-12-21;12;461
28;2025-12-21;13;562
28;2025-12-21;14;533
28;2025-12-21;15;528
28;2025-12-21;16;472
28;2025-12-21;17;510
28;2025-12-21;18;438
28;2025-12-21;19;396
28;2025-12-21;20;298
28;2025-12-21;21;240
28;2025-12-21;22;113
28;2025-12-21;23;13
28;2025-12-22;0;0
28;2025-12-22;1;1
28;2025-12-22;2;0
28;2025-12-22;3;0
28;2025-12-22;4;2
28;2025-12-22;5;75
28;2025-12-22;6;261
28;2025-12-22;7;757
28;2025-12-22;8;1299
28;2025-12-22;9;849
28;2025-12-22;10;638
28;2025-12-22;11;547
28;2025-12-22;12;713
28;2025-12-22;13;695
28;2025-12-22;14;651
28;2025-12-22;15;628
28;2025-12-22;16;908
28;2025-12-22;17;1017
28;2025-12-22;18;967
28;2025-12-22;19;721
28;2025-12-22;20;464
28;2025-12-22;21;297
28;2025-12-22;22;105
28;2025-12-22;23;3
28;2025-12-23;0;0
28;2025-12-23;1;0
28;2025-12-23;2;0
28;2025-12-23;3;0
28;2025-12-23;4;1
28;2025-12-23;5;81
28;2025-12-23;6;260
28;2025-12-23;7;827
28;2025-12-23;8;1368
28;2025-12-23;9;874
28;2025-12-23;10;647
28;2025-12-23;11;593
28;2025-12-23;12;734
28;2025-12-23;13;730
28;2025-12-23;14;699
28;2025-12-23;15;732
28;2025-12-23;16;935
28;2025-12-23;17;1118
28;2025-12-23;18;1095
28;2025-12-23;19;800
28;2025-12-23;20;563
28;2025-12-23;21;345
28;2025-12-23;22;125
28;2025-12-23;23;12
28;2025-12-24;0;0
28;2025-12-24;1;0
28;2025-12-24;2;0
28;2025-12-24;3;0
28;2025-12-24;4;1
28;2025-12-24;5;81
28;2025-12-24;6;260
28;2025-12-24;7;827
28;2025-12-24;8;1368
28;2025-12-24;9;874
28;2025-12-24;10;647
28;2025-12-24;11;593
28;2025-12-24;12;734
28;2025-12-24;13;730
28;2025-12-24;14;699
28;2025-12-24;15;732
28;2025-12-24;16;935
28;2025-12-24;17;1118
28;2025-12-24;18;1095
28;2025-12-24;19;800
28;2025-12-24;20;563
28;2025-12-24;21;345
28;2025-12-24;22;125
28;2025-12-24;23;12
28;2025-12-25;0;0
28;2025-12-25;1;0
28;2025-12-25;2;0
28;2025-12-25;3;0
28;2025-12-25;4;1
28;2025-12-25;5;81
28;2025-12-25;6;260
28;2025-12-25;7;827
28;2025-12-25;8;1368
28;2025-12-25;9;874
28;2025-12-25;10;647
28;2025-12-25;11;593
28;2025-12-25;12;734
28;2025-12-25;13;730
28;2025-12-25;14;699
28;2025-12-25;15;732
28;2025-12-25;16;935
28;2025-12-25;17;1118
28;2025-12-25;18;1095
28;2025-12-25;19;800
28;2025-12-25;20;563
28;2025-12-25;21;345
28;2025-12-25;22;125
28;2025-12-25;23;12
28;2025-12-26;0;2
28;2025-12-26;1;0
28;2025-12-26;2;0
28;2025-12-26;3;0
28;2025-12-26;4;2
28;2025-12-26;5;79
28;2025-12-26;6;290
28;2025-12-26;7;890
28;2025-12-26;8;1368
28;2025-12-26;9;876
28;2025-12-26;10;658
28;2025-12-26;11;629
28;2025-12-26;12;829
28;2025-12-26;13;755
28;2025-12-26;14;742
28;2025-12-26;15;762
28;2025-12-26;16;1000
28;2025-12-26;17;1048
28;2025-12-26;18;917
28;2025-12-26;19;683
28;2025-12-26;20;445
28;2025-12-26;21;345
28;2025-12-26;22;134
28;2025-12-26;23;20
28;2025-12-27;0;2
28;2025-12-27;1;0
28;2025-12-27;2;0
28;2025-12-27;3;0
28;2025-12-27;4;1
28;2025-12-27;5;41
28;2025-12-27;6;110
28;2025-12-27;7;242
28;2025-12-27;8;421
28;2025-12-27;9;475
28;2025-12-27;10;518
28;2025-12-27;11;524
28;2025-12-27;12;620
28;2025-12-27;13;626
28;2025-12-27;14;581
28;2025-12-27;15;629
28;2025-12-27;16;633
28;2025-12-27;17;607
28;2025-12-27;18;524
28;2025-12-27;19;397
28;2025-12-27;20;293
28;2025-12-27;21;266
28;2025-12-27;22;106
28;2025-12-27;23;12
28;2025-12-28;0;2
28;2025-12-28;1;0
28;2025-12-28;2;0
28;2025-12-28;3;0
28;2025-12-28;4;0
28;2025-12-28;5;30
28;2025-12-28;6;79
28;2025-12-28;7;169
28;2025-12-28;8;262
28;2025-12-28;9;362
28;2025-12-28;10;408
28;2025-12-28;11;447
28;2025-12-28;12;461
28;2025-12-28;13;562
28;2025-12-28;14;533
28;2025-12-28;15;528
28;2025-12-28;16;472
28;2025-12-28;17;510
28;2025-12-28;18;438
28;2025-12-28;19;396
28;2025-12-28;20;298
28;2025-12-28;21;240
28;2025-12-28;22;113
28;2025-12-28;23;13
28;2025-12-29;0;2
28;2025-12-29;1;0
28;2025-12-29;2;0
28;2025-12-29;3;0
28;2025-12-29;4;1
28;2025-12-29;5;68
28;2025-12-29;6;249
28;2025-12-29;7;765
28;2025-12-29;8;1177
28;2025-12-29;9;754
28;2025-12-29;10;566
28;2025-12-29;11;541
28;2025-12-29;12;713
28;2025-12-29;13;649
28;2025-12-29;14;638
28;2025-12-29;15;655
28;2025-12-29;16;860
28;2025-12-29;17;901
28;2025-12-29;18;788
28;2025-12-29;19;587
28;2025-12-29;20;382
28;2025-12-29;21;297
28;2025-12-29;22;115
28;2025-12-29;23;17
28;2025-12-30;0;2
28;2025-12-30;1;0
28;2025-12-30;2;0
28;2025-12-30;3;0
28;2025-12-30;4;1
28;2025-12-30;5;68
28;2025-12-30;6;249
28;2025-12-30;7;765
28;2025-12-30;8;1177
28;2025-12-30;9;754
28;2025-12-30;10;566
28;2025-12-30;11;541
28;2025-12-30;12;713
28;2025-12-30;13;649
28;2025-12-30;14;638
28;2025-12-30;15;655
28;2025-12-30;16;860
28;2025-12-30;17;901
28;2025-12-30;18;788
28;2025-12-30;19;587
28;2025-12-30;20;382
28;2025-12-30;21;297
28;2025-12-30;22;115
28;2025-12-30;23;17
28;2025-12-31;0;2
28;2025-12-31;1;0
28;2025-12-31;2;0
28;2025-12-31;3;0
28;2025-12-31;4;1
28;2025-12-31;5;34
28;2025-12-31;6;94
28;2025-12-31;7;206
28;2025-12-31;8;358
28;2025-12-31;9;404
28;2025-12-31;10;440
28;2025-12-31;11;445
28;2025-12-31;12;527
28;2025-12-31;13;532
28;2025-12-31;14;494
28;2025-12-31;15;535
28;2025-12-31;16;538
28;2025-12-31;17;516
28;2025-12-31;18;445
28;2025-12-31;19;185
28;2025-12-31;20;137
28;2025-12-31;21;124
28;2025-12-31;22;50
28;2025-12-31;23;6
50;2025-11-01;0;32
50;2025-11-01;1;1
50;2025-11-01;2;0
50;2025-11-01;3;0
50;2025-11-01;4;3
50;2025-11-01;5;61
50;2025-11-01;6;448
50;2025-11-01;7;1541
50;2025-11-01;8;2438
50;2025-11-01;9;1899
50;2025-11-01;10;1321
50;2025-11-01;11;1328
50;2025-11-01;12;1235
50;2025-11-01;13;1337
50;2025-11-01;14;1274
50;2025-11-01;15;1521
50;2025-11-01;16;1993
50;2025-11-01;17;1888
50;2025-11-01;18;1404
50;2025-11-01;19;1043
50;2025-11-01;20;754
50;2025-11-01;21;478
50;2025-11-01;22;237
50;2025-11-01;23;143
50;2025-11-02;0;2
50;2025-11-02;1;0
50;2025-11-02;2;0
50;2025-11-02;3;0
50;2025-11-02;4;0
50;2025-11-02;5;1
50;2025-11-02;6;3
50;2025-11-02;7;5
50;2025-11-02;8;11
50;2025-11-02;9;8
50;2025-11-02;10;23
50;2025-11-02;11;76
50;2025-11-02;12;58
50;2025-11-02;13;71
50;2025-11-02;14;120
50;2025-11-02;15;98
50;2025-11-02;16;115
50;2025-11-02;17;103
50;2025-11-02;18;61
50;2025-11-02;19;66
50;2025-11-02;20;48
50;2025-11-02;21;31
50;2025-11-02;22;36
50;2025-11-02;23;10
50;2025-11-03;0;2
50;2025-11-03;1;0
50;2025-11-03;2;0
50;2025-11-03;3;0
50;2025-11-03;4;0
50;2025-11-03;5;1
50;2025-11-03;6;3
50;2025-11-03;7;5
50;2025-11-03;8;11
50;2025-11-03;9;8
50;2025-11-03;10;22
50;2025-11-03;11;74
50;2025-11-03;12;57
50;2025-11-03;13;69
50;2025-11-03;14;116
50;2025-11-03;15;95
50;2025-11-03;16;112
50;2025-11-03;17;100
50;2025-11-03;18;59
50;2025-11-03;19;64
50;2025-11-03;20;47
50;2025-11-03;21;30
50;2025-11-03;22;35
50;2025-11-03;23;10
50;2025-11-04;0;2
50;2025-11-04;1;0
50;2025-11-04;2;0
50;2025-11-04;3;0
50;2025-11-04;4;0
50;2025-11-04;5;1
50;2025-11-04;6;3
50;2025-11-04;7;5
50;2025-11-04;8;11
50;2025-11-04;9;8
50;2025-11-04;10;22
50;2025-11-04;11;74
50;2025-11-04;12;57
50;2025-11-04;13;69
50;2025-11-04;14;116
50;2025-11-04;15;95
50;2025-11-04;16;112
50;2025-11-04;17;100
50;2025-11-04;18;59
50;2025-11-04;19;64
50;2025-11-04;20;47
50;2025-11-04;21;30
50;2025-11-04;22;35
50;2025-11-04;23;10
50;2025-11-05;0;30
50;2025-11-05;1;2
50;2025-11-05;2;0
50;2025-11-05;3;0
50;2025-11-05;4;3
50;2025-11-05;5;78
50;2025-11-05;6;542
50;2025-11-05;7;1729
50;2025-11-05;8;2884
50;2025-11-05;9;2229
50;2025-11-05;10;1776
50;2025-11-05;11;1567
50;2025-11-05;12;1507
50;2025-11-05;13;1569
50;2025-11-05;14;1471
50;2025-11-05;15;1720
50;2025-11-05;16;1718
50;2025-11-05;17;2499
50;2025-11-05;18;2508
50;2025-11-05;19;1502
50;2025-11-05;20;971
50;2025-11-05;21;662
50;2025-11-05;22;251
50;2025-11-05;23;153
50;2025-11-06;0;30
50;2025-11-06;1;2
50;2025-11-06;2;0
50;2025-11-06;3;0
50;2025-11-06;4;3
50;2025-11-06;5;78
50;2025-11-06;6;542
50;2025-11-06;7;1729
50;2025-11-06;8;2884
50;2025-11-06;9;2229
50;2025-11-06;10;1776
50;2025-11-06;11;1567
50;2025-11-06;12;1507
50;2025-11-06;13;1569
50;2025-11-06;14;1471
50;2025-11-06;15;1720
50;2025-11-06;16;1718
50;2025-11-06;17;2499
50;2025-11-06;18;2508
50;2025-11-06;19;1502
50;2025-11-06;20;971
50;2025-11-06;21;662
50;2025-11-06;22;251
50;2025-11-06;23;153
50;2025-11-07;0;38
50;2025-11-07;1;1
50;2025-11-07;2;0
50;2025-11-07;3;0
50;2025-11-07;4;4
50;2025-11-07;5;71
50;2025-11-07;6;527
50;2025-11-07;7;1813
50;2025-11-07;8;2868
50;2025-11-07;9;2234
50;2025-11-07;10;1554
50;2025-11-07;11;1562
50;2025-11-07;12;1453
50;2025-11-07;13;1573
50;2025-11-07;14;1499
50;2025-11-07;15;1789
50;2025-11-07;16;2345
50;2025-11-07;17;2222
50;2025-11-07;18;1652
50;2025-11-07;19;1227
50;2025-11-07;20;887
50;2025-11-07;21;562
50;2025-11-07;22;279
50;2025-11-07;23;168
50;2025-11-08;0;53
50;2025-11-08;1;6
50;2025-11-08;2;0
50;2025-11-08;3;2
50;2025-11-08;4;0
50;2025-11-08;5;9
50;2025-11-08;6;11
50;2025-11-08;7;17
50;2025-11-08;8;34
50;2025-11-08;9;67
50;2025-11-08;10;25
50;2025-11-08;11;42
50;2025-11-08;12;76
50;2025-11-08;13;50
50;2025-11-08;14;62
50;2025-11-08;15;91
50;2025-11-08;16;58
50;2025-11-08;17;57
50;2025-11-08;18;14
50;2025-11-08;19;13
50;2025-11-08;20;9
50;2025-11-08;21;9
50;2025-11-08;22;9
50;2025-11-08;23;3
50;2025-11-09;0;2
50;2025-11-09;1;0
50;2025-11-09;2;0
50;2025-11-09;3;0
50;2025-11-09;4;0
50;2025-11-09;5;1
50;2025-11-09;6;3
50;2025-11-09;7;5
50;2025-11-09;8;11
50;2025-11-09;9;8
50;2025-11-09;10;23
50;2025-11-09;11;76
50;2025-11-09;12;58
50;2025-11-09;13;71
50;2025-11-09;14;120
50;2025-11-09;15;98
50;2025-11-09;16;115
50;2025-11-09;17;103
50;2025-11-09;18;61
50;2025-11-09;19;66
50;2025-11-09;20;48
50;2025-11-09;21;31
50;2025-11-09;22;36
50;2025-11-09;23;10
50;2025-11-10;0;9
50;2025-11-10;1;3
50;2025-11-10;2;2
50;2025-11-10;3;0
50;2025-11-10;4;4
50;2025-11-10;5;69
50;2025-11-10;6;534
50;2025-11-10;7;1746
50;2025-11-10;8;2901
50;2025-11-10;9;2337
50;2025-11-10;10;1683
50;2025-11-10;11;1485
50;2025-11-10;12;1353
50;2025-11-10;13;1516
50;2025-11-10;14;1430
50;2025-11-10;15;1700
50;2025-11-10;16;1656
50;2025-11-10;17;2352
50;2025-11-10;18;2577
50;2025-11-10;19;1316
50;2025-11-10;20;893
50;2025-11-10;21;648
50;2025-11-10;22;230
50;2025-11-10;23;123
50;2025-11-11;0;30
50;2025-11-11;1;2
50;2025-11-11;2;0
50;2025-11-11;3;0
50;2025-11-11;4;3
50;2025-11-11;5;78
50;2025-11-11;6;542
50;2025-11-11;7;1729
50;2025-11-11;8;2884
50;2025-11-11;9;2229
50;2025-11-11;10;1776
50;2025-11-11;11;1567
50;2025-11-11;12;1507
50;2025-11-11;13;1569
50;2025-11-11;14;1471
50;2025-11-11;15;1720
50;2025-11-11;16;1718
50;2025-11-11;17;2499
50;2025-11-11;18;2508
50;2025-11-11;19;1502
50;2025-11-11;20;971
50;2025-11-11;21;662
50;2025-11-11;22;251
50;2025-11-11;23;153
50;2025-11-12;0;30
50;2025-11-12;1;2
50;2025-11-12;2;0
50;2025-11-12;3;0
50;2025-11-12;4;3
50;2025-11-12;5;78
50;2025-11-12;6;542
50;2025-11-12;7;1729
50;2025-11-12;8;2884
50;2025-11-12;9;2229
50;2025-11-12;10;1776
50;2025-11-12;11;1567
50;2025-11-12;12;1507
50;2025-11-12;13;1569
50;2025-11-12;14;1471
50;2025-11-12;15;1720
50;2025-11-12;16;1718
50;2025-11-12;17;2499
50;2025-11-12;18;2508
50;2025-11-12;19;1502
50;2025-11-12;20;971
50;2025-11-12;21;662
50;2025-11-12;22;251
50;2025-11-12;23;153
50;2025-11-13;0;30
50;2025-11-13;1;2
50;2025-11-13;2;0
50;2025-11-13;3;0
50;2025-11-13;4;3
50;2025-11-13;5;78
50;2025-11-13;6;542
50;2025-11-13;7;1729
50;2025-11-13;8;2884
50;2025-11-13;9;2229
50;2025-11-13;10;1776
50;2025-11-13;11;1567
50;2025-11-13;12;1507
50;2025-11-13;13;1569
50;2025-11-13;14;1471
50;2025-11-13;15;1720
50;2025-11-13;16;1718
50;2025-11-13;17;2499
50;2025-11-13;18;2508
50;2025-11-13;19;1502
50;2025-11-13;20;971
50;2025-11-13;21;662
50;2025-11-13;22;251
50;2025-11-13;23;153
50;2025-11-14;0;38
50;2025-11-14;1;1
50;2025-11-14;2;0
50;2025-11-14;3;0
50;2025-11-14;4;4
50;2025-11-14;5;71
50;2025-11-14;6;527
50;2025-11-14;7;1813
50;2025-11-14;8;2868
50;2025-11-14;9;2234
50;2025-11-14;10;1554
50;2025-11-14;11;1562
50;2025-11-14;12;1453
50;2025-11-14;13;1573
50;2025-11-14;14;1499
50;2025-11-14;15;1789
50;2025-11-14;16;2345
50;2025-11-14;17;2222
50;2025-11-14;18;1652
50;2025-11-14;19;1227
50;2025-11-14;20;887
50;2025-11-14;21;562
50;2025-11-14;22;279
50;2025-11-14;23;168
50;2025-11-15;0;50
50;2025-11-15;1;6
50;2025-11-15;2;0
50;2025-11-15;3;2
50;2025-11-15;4;0
50;2025-11-15;5;8
50;2025-11-15;6;10
50;2025-11-15;7;16
50;2025-11-15;8;32
50;2025-11-15;9;64
50;2025-11-15;10;24
50;2025-11-15;11;40
50;2025-11-15;12;72
50;2025-11-15;13;48
50;2025-11-15;14;59
50;2025-11-15;15;86
50;2025-11-15;16;55
50;2025-11-15;17;54
50;2025-11-15;18;13
50;2025-11-15;19;12
50;2025-11-15;20;8
50;2025-11-15;21;9
50;2025-11-15;22;9
50;2025-11-15;23;2
50;2025-11-16;0;2
50;2025-11-16;1;0
50;2025-11-16;2;0
50;2025-11-16;3;0
50;2025-11-16;4;0
50;2025-11-16;5;1
50;2025-11-16;6;3
50;2025-11-16;7;5
50;2025-11-16;8;11
50;2025-11-16;9;8
50;2025-11-16;10;23
50;2025-11-16;11;76
50;2025-11-16;12;58
50;2025-11-16;13;71
50;2025-11-16;14;120
50;2025-11-16;15;98
50;2025-11-16;16;115
50;2025-11-16;17;103
50;2025-11-16;18;61
50;2025-11-16;19;66
50;2025-11-16;20;48
50;2025-11-16;21;31
50;2025-11-16;22;36
50;2025-11-16;23;10
50;2025-11-17;0;9
50;2025-11-17;1;3
50;2025-11-17;2;2
50;2025-11-17;3;0
50;2025-11-17;4;4
50;2025-11-17;5;69
50;2025-11-17;6;534
50;2025-11-17;7;1746
50;2025-11-17;8;2901
50;2025-11-17;9;2337
50;2025-11-17;10;1683
50;2025-11-17;11;1485
50;2025-11-17;12;1353
50;2025-11-17;13;1516
50;2025-11-17;14;1430
50;2025-11-17;15;1700
50;2025-11-17;16;1656
50;2025-11-17;17;2352
50;2025-11-17;18;2577
50;2025-11-17;19;1316
50;2025-11-17;20;893
50;2025-11-17;21;648
50;2025-11-17;22;230
50;2025-11-17;23;123
50;2025-11-18;0;30
50;2025-11-18;1;2
50;2025-11-18;2;0
50;2025-11-18;3;0
50;2025-11-18;4;3
50;2025-11-18;5;78
50;2025-11-18;6;542
50;2025-11-18;7;1729
50;2025-11-18;8;2884
50;2025-11-18;9;2229
50;2025-11-18;10;1776
50;2025-11-18;11;1567
50;2025-11-18;12;1507
50;2025-11-18;13;1569
50;2025-11-18;14;1471
50;2025-11-18;15;1720
50;2025-11-18;16;1718
50;2025-11-18;17;2499
50;2025-11-18;18;2508
50;2025-11-18;19;1502
50;2025-11-18;20;971
50;2025-11-18;21;662
50;2025-11-18;22;251
50;2025-11-18;23;153
50;2025-11-19;0;30
50;2025-11-19;1;2
50;2025-11-19;2;0
50;2025-11-19;3;0
50;2025-11-19;4;3
50;2025-11-19;5;78
50;2025-11-19;6;542
50;2025-11-19;7;1729
50;2025-11-19;8;2884
50;2025-11-19;9;2229
50;2025-11-19;10;1776
50;2025-11-19;11;1567
50;2025-11-19;12;1507
50;2025-11-19;13;1569
50;2025-11-19;14;1471
50;2025-11-19;15;1720
50;2025-11-19;16;1718
50;2025-11-19;17;2499
50;2025-11-19;18;2508
50;2025-11-19;19;1502
50;2025-11-19;20;971
50;2025-11-19;21;662
50;2025-11-19;22;251
50;2025-11-19;23;153
50;2025-11-20;0;30
50;2025-11-20;1;2
50;2025-11-20;2;0
50;2025-11-20;3;0
50;2025-11-20;4;3
50;2025-11-20;5;78
50;2025-11-20;6;542
50;2025-11-20;7;1729
50;2025-11-20;8;2884
50;2025-11-20;9;2229
50;2025-11-20;10;1776
50;2025-11-20;11;1567
50;2025-11-20;12;1507
50;2025-11-20;13;1569
50;2025-11-20;14;1471
50;2025-11-20;15;1720
50;2025-11-20;16;1718
50;2025-11-20;17;2499
50;2025-11-20;18;2508
50;2025-11-20;19;1502
50;2025-11-20;20;971
50;2025-11-20;21;662
50;2025-11-20;22;251
50;2025-11-20;23;153
50;2025-11-21;0;38
50;2025-11-21;1;1
50;2025-11-21;2;0
50;2025-11-21;3;0
50;2025-11-21;4;4
50;2025-11-21;5;71
50;2025-11-21;6;527
50;2025-11-21;7;1813
50;2025-11-21;8;2868
50;2025-11-21;9;2234
50;2025-11-21;10;1554
50;2025-11-21;11;1562
50;2025-11-21;12;1453
50;2025-11-21;13;1573
50;2025-11-21;14;1499
50;2025-11-21;15;1789
50;2025-11-21;16;2345
50;2025-11-21;17;2222
50;2025-11-21;18;1652
50;2025-11-21;19;1227
50;2025-11-21;20;887
50;2025-11-21;21;562
50;2025-11-21;22;279
50;2025-11-21;23;168
50;2025-11-22;0;53
50;2025-11-22;1;6
50;2025-11-22;2;0
50;2025-11-22;3;2
50;2025-11-22;4;0
50;2025-11-22;5;9
50;2025-11-22;6;11
50;2025-11-22;7;17
50;2025-11-22;8;34
50;2025-11-22;9;67
50;2025-11-22;10;25
50;2025-11-22;11;42
50;2025-11-22;12;76
50;2025-11-22;13;50
50;2025-11-22;14;62
50;2025-11-22;15;91
50;2025-11-22;16;58
50;2025-11-22;17;57
50;2025-11-22;18;14
50;2025-11-22;19;13
50;2025-11-22;20;9
50;2025-11-22;21;9
50;2025-11-22;22;9
50;2025-11-22;23;3
50;2025-11-23;0;2
50;2025-11-23;1;0
50;2025-11-23;2;0
50;2025-11-23;3;0
50;2025-11-23;4;0
50;2025-11-23;5;1
50;2025-11-23;6;3
50;2025-11-23;7;5
50;2025-11-23;8;11
50;2025-11-23;9;8
50;2025-11-23;10;23
50;2025-11-23;11;76
50;2025-11-23;12;58
50;2025-11-23;13;71
50;2025-11-23;14;120
50;2025-11-23;15;98
50;2025-11-23;16;115
50;2025-11-23;17;103
50;2025-11-23;18;61
50;2025-11-23;19;66
50;2025-11-23;20;48
50;2025-11-23;21;31
50;2025-11-23;22;36
50;2025-11-23;23;10
50;2025-11-24;0;9
50;2025-11-24;1;3
50;2025-11-24;2;2
50;2025-11-24;3;0
50;2025-11-24;4;4
50;2025-11-24;5;69
50;2025-11-24;6;534
50;2025-11-24;7;1746
50;2025-11-24;8;2901
50;2025-11-24;9;2337
50;2025-11-24;10;1683
50;2025-11-24;11;1485
50;2025-11-24;12;1353
50;2025-11-24;13;1516
50;2025-11-24;14;1430
50;2025-11-24;15;1700
50;2025-11-24;16;1656
50;2025-11-24;17;2352
50;2025-11-24;18;2577
50;2025-11-24;19;1316
50;2025-11-24;20;893
50;2025-11-24;21;648
50;2025-11-24;22;230
50;2025-11-24;23;123
50;2025-11-25;0;30
50;2025-11-25;1;2
50;2025-11-25;2;0
50;2025-11-25;3;0
50;2025-11-25;4;3
50;2025-11-25;5;78
50;2025-11-25;6;542
50;2025-11-25;7;1729
50;2025-11-25;8;2884
50;2025-11-25;9;2229
50;2025-11-25;10;1776
50;2025-11-25;11;1567
50;2025-11-25;12;1507
50;2025-11-25;13;1569
50;2025-11-25;14;1471
50;2025-11-25;15;1720
50;2025-11-25;16;1718
50;2025-11-25;17;2499
50;2025-11-25;18;2508
50;2025-11-25;19;1502
50;2025-11-25;20;971
50;2025-11-25;21;662
50;2025-11-25;22;251
50;2025-11-25;23;153
50;2025-11-26;0;30
50;2025-11-26;1;2
50;2025-11-26;2;0
50;2025-11-26;3;0
50;2025-11-26;4;3
50;2025-11-26;5;78
50;2025-11-26;6;542
50;2025-11-26;7;1729
50;2025-11-26;8;2884
50;2025-11-26;9;2229
50;2025-11-26;10;1776
50;2025-11-26;11;1567
50;2025-11-26;12;1507
50;2025-11-26;13;1569
50;2025-11-26;14;1471
50;2025-11-26;15;1720
50;2025-11-26;16;1718
50;2025-11-26;17;2499
50;2025-11-26;18;2508
50;2025-11-26;19;1502
50;2025-11-26;20;971
50;2025-11-26;21;662
50;2025-11-26;22;251
50;2025-11-26;23;153
50;2025-11-27;0;30
50;2025-11-27;1;2
50;2025-11-27;2;0
50;2025-11-27;3;0
50;2025-11-27;4;3
50;2025-11-27;5;78
50;2025-11-27;6;542
50;2025-11-27;7;1729
50;2025-11-27;8;2884
50;2025-11-27;9;2229
50;2025-11-27;10;1776
50;2025-11-27;11;1567
50;2025-11-27;12;1507
50;2025-11-27;13;1569
50;2025-11-27;14;1471
50;2025-11-27;15;1720
50;2025-11-27;16;1718
50;2025-11-27;17;2499
50;2025-11-27;18;2508
50;2025-11-27;19;1502
50;2025-11-27;20;971
50;2025-11-27;21;662
50;2025-11-27;22;251
50;2025-11-27;23;153
50;2025-11-28;0;38
50;2025-11-28;1;1
50;2025-11-28;2;0
50;2025-11-28;3;0
50;2025-11-28;4;4
50;2025-11-28;5;71
50;2025-11-28;6;527
50;2025-11-28;7;1813
50;2025-11-28;8;2868
50;2025-11-28;9;2234
50;2025-11-28;10;1554
50;2025-11-28;11;1562
50;2025-11-28;12;1453
50;2025-11-28;13;1573
50;2025-11-28;14;1499
50;2025-11-28;15;1789
50;2025-11-28;16;2345
50;2025-11-28;17;2222
50;2025-11-28;18;1652
50;2025-11-28;19;1227
50;2025-11-28;20;887
50;2025-11-28;21;562
50;2025-11-28;22;279
50;2025-11-28;23;168
50;2025-11-29;0;53
50;2025-11-29;1;6
50;2025-11-29;2;0
50;2025-11-29;3;2
50;2025-11-29;4;0
50;2025-11-29;5;9
50;2025-11-29;6;11
50;2025-11-29;7;17
50;2025-11-29;8;34
50;2025-11-29;9;67
50;2025-11-29;10;25
50;2025-11-29;11;42
50;2025-11-29;12;76
50;2025-11-29;13;50
50;2025-11-29;14;62
50;2025-11-29;15;91
50;2025-11-29;16;58
50;2025-11-29;17;57
50;2025-11-29;18;14
50;2025-11-29;19;13
50;2025-11-29;20;9
50;2025-11-29;21;9
50;2025-11-29;22;9
50;2025-11-29;23;3
50;2025-11-30;0;2
50;2025-11-30;1;0
50;2025-11-30;2;0
50;2025-11-30;3;0
50;2025-11-30;4;0
50;2025-11-30;5;1
50;2025-11-30;6;3
50;2025-11-30;7;5
50;2025-11-30;8;11
50;2025-11-30;9;8
50;2025-11-30;10;23
50;2025-11-30;11;76
50;2025-11-30;12;58
50;2025-11-30;13;71
50;2025-11-30;14;120
50;2025-11-30;15;98
50;2025-11-30;16;115
50;2025-11-30;17;103
50;2025-11-30;18;61
50;2025-11-30;19;66
50;2025-11-30;20;48
50;2025-11-30;21;31
50;2025-11-30;22;36
50;2025-11-30;23;10
50;2025-12-01;0;9
50;2025-12-01;1;3
50;2025-12-01;2;2
50;2025-12-01;3;0
50;2025-12-01;4;4
50;2025-12-01;5;69
50;2025-12-01;6;534
50;2025-12-01;7;1746
50;2025-12-01;8;2901
50;2025-12-01;9;2337
50;2025-12-01;10;1683
50;2025-12-01;11;1485
50;2025-12-01;12;1353
50;2025-12-01;13;1516
50;2025-12-01;14;1430
50;2025-12-01;15;1700
50;2025-12-01;16;1656
50;2025-12-01;17;2352
50;2025-12-01;18;2577
50;2025-12-01;19;1316
50;2025-12-01;20;893
50;2025-12-01;21;648
50;2025-12-01;22;230
50;2025-12-01;23;123
50;2025-12-02;0;30
50;2025-12-02;1;2
50;2025-12-02;2;0
50;2025-12-02;3;0
50;2025-12-02;4;3
50;2025-12-02;5;78
50;2025-12-02;6;542
50;2025-12-02;7;1729
50;2025-12-02;8;2884
50;2025-12-02;9;2229
50;2025-12-02;10;1776
50;2025-12-02;11;1567
50;2025-12-02;12;1507
50;2025-12-02;13;1569
50;2025-12-02;14;1471
50;2025-12-02;15;1720
50;2025-12-02;16;1718
50;2025-12-02;17;2499
50;2025-12-02;18;2508
50;2025-12-02;19;1502
50;2025-12-02;20;971
50;2025-12-02;21;662
50;2025-12-02;22;251
50;2025-12-02;23;153
50;2025-12-03;0;30
50;2025-12-03;1;2
50;2025-12-03;2;0
50;2025-12-03;3;0
50;2025-12-03;4;3
50;2025-12-03;5;78
50;2025-12-03;6;542
50;2025-12-03;7;1729
50;2025-12-03;8;2884
50;2025-12-03;9;2229
50;2025-12-03;10;1776
50;2025-12-03;11;1567
50;2025-12-03;12;1507
50;2025-12-03;13;1569
50;2025-12-03;14;1471
50;2025-12-03;15;1720
50;2025-12-03;16;1718
50;2025-12-03;17;2499
50;2025-12-03;18;2508
50;2025-12-03;19;1502
50;2025-12-03;20;971
50;2025-12-03;21;662
50;2025-12-03;22;251
50;2025-12-03;23;153
50;2025-12-04;0;30
50;2025-12-04;1;2
50;2025-12-04;2;0
50;2025-12-04;3;0
50;2025-12-04;4;3
50;2025-12-04;5;78
50;2025-12-04;6;542
50;2025-12-04;7;1729
50;2025-12-04;8;2884
50;2025-12-04;9;2229
50;2025-12-04;10;1776
50;2025-12-04;11;1567
50;2025-12-04;12;1507
50;2025-12-04;13;1569
50;2025-12-04;14;1471
50;2025-12-04;15;1720
50;2025-12-04;16;1718
50;2025-12-04;17;2499
50;2025-12-04;18;2508
50;2025-12-04;19;1502
50;2025-12-04;20;971
50;2025-12-04;21;662
50;2025-12-04;22;251
50;2025-12-04;23;153
50;2025-12-05;0;38
50;2025-12-05;1;1
50;2025-12-05;2;0
50;2025-12-05;3;0
50;2025-12-05;4;4
50;2025-12-05;5;71
50;2025-12-05;6;527
50;2025-12-05;7;1813
50;2025-12-05;8;2868
50;2025-12-05;9;2234
50;2025-12-05;10;1554
50;2025-12-05;11;1562
50;2025-12-05;12;1453
50;2025-12-05;13;1573
50;2025-12-05;14;1499
50;2025-12-05;15;1789
50;2025-12-05;16;2345
50;2025-12-05;17;2222
50;2025-12-05;18;1652
50;2025-12-05;19;1227
50;2025-12-05;20;887
50;2025-12-05;21;562
50;2025-12-05;22;279
50;2025-12-05;23;168
50;2025-12-06;0;53
50;2025-12-06;1;6
50;2025-12-06;2;0
50;2025-12-06;3;2
50;2025-12-06;4;0
50;2025-12-06;5;9
50;2025-12-06;6;11
50;2025-12-06;7;17
50;2025-12-06;8;34
50;2025-12-06;9;67
50;2025-12-06;10;25
50;2025-12-06;11;42
50;2025-12-06;12;76
50;2025-12-06;13;50
50;2025-12-06;14;62
50;2025-12-06;15;91
50;2025-12-06;16;58
50;2025-12-06;17;57
50;2025-12-06;18;14
50;2025-12-06;19;13
50;2025-12-06;20;9
50;2025-12-06;21;9
50;2025-12-06;22;9
50;2025-12-06;23;3
50;2025-12-07;0;2
50;2025-12-07;1;0
50;2025-12-07;2;0
50;2025-12-07;3;0
50;2025-12-07;4;0
50;2025-12-07;5;1
50;2025-12-07;6;3
50;2025-12-07;7;5
50;2025-12-07;8;11
50;2025-12-07;9;8
50;2025-12-07;10;23
50;2025-12-07;11;76
50;2025-12-07;12;58
50;2025-12-07;13;71
50;2025-12-07;14;120
50;2025-12-07;15;98
50;2025-12-07;16;115
50;2025-12-07;17;103
50;2025-12-07;18;61
50;2025-12-07;19;66
50;2025-12-07;20;48
50;2025-12-07;21;31
50;2025-12-07;22;36
50;2025-12-07;23;10
50;2025-12-08;0;9
50;2025-12-08;1;3
50;2025-12-08;2;2
50;2025-12-08;3;0
50;2025-12-08;4;4
50;2025-12-08;5;69
50;2025-12-08;6;534
50;2025-12-08;7;1746
50;2025-12-08;8;2901
50;2025-12-08;9;2337
50;2025-12-08;10;1683
50;2025-12-08;11;1485
50;2025-12-08;12;1353
50;2025-12-08;13;1516
50;2025-12-08;14;1430
50;2025-12-08;15;1700
50;2025-12-08;16;1656
50;2025-12-08;17;2352
50;2025-12-08;18;2577
50;2025-12-08;19;1316
50;2025-12-08;20;893
50;2025-12-08;21;648
50;2025-12-08;22;230
50;2025-12-08;23;123
50;2025-12-09;0;30
50;2025-12-09;1;2
50;2025-12-09;2;0
50;2025-12-09;3;0
50;2025-12-09;4;3
50;2025-12-09;5;78
50;2025-12-09;6;542
50;2025-12-09;7;1729
50;2025-12-09;8;2884
50;2025-12-09;9;2229
50;2025-12-09;10;1776
50;2025-12-09;11;1567
50;2025-12-09;12;1507
50;2025-12-09;13;1569
50;2025-12-09;14;1471
50;2025-12-09;15;1720
50;2025-12-09;16;1718
50;2025-12-09;17;2499
50;2025-12-09;18;2508
50;2025-12-09;19;1502
50;2025-12-09;20;971
50;2025-12-09;21;662
50;2025-12-09;22;251
50;2025-12-09;23;153
50;2025-12-10;0;30
50;2025-12-10;1;2
50;2025-12-10;2;0
50;2025-12-10;3;0
50;2025-12-10;4;3
50;2025-12-10;5;78
50;2025-12-10;6;542
50;2025-12-10;7;1729
50;2025-12-10;8;2884
50;2025-12-10;9;2229
50;2025-12-10;10;1776
50;2025-12-10;11;1567
50;2025-12-10;12;1507
50;2025-12-10;13;1569
50;2025-12-10;14;1471
50;2025-12-10;15;1720
50;2025-12-10;16;1718
50;2025-12-10;17;2499
50;2025-12-10;18;2508
50;2025-12-10;19;1502
50;2025-12-10;20;971
50;2025-12-10;21;662
50;2025-12-10;22;251
50;2025-12-10;23;153
50;2025-12-11;0;30
50;2025-12-11;1;2
50;2025-12-11;2;0
50;2025-12-11;3;0
50;2025-12-11;4;3
50;2025-12-11;5;78
50;2025-12-11;6;542
50;2025-12-11;7;1729
50;2025-12-11;8;2884
50;2025-12-11;9;2229
50;2025-12-11;10;1776
50;2025-12-11;11;1567
50;2025-12-11;12;1507
50;2025-12-11;13;1569
50;2025-12-11;14;1471
50;2025-12-11;15;1720
50;2025-12-11;16;1718
50;2025-12-11;17;2499
50;2025-12-11;18;2508
50;2025-12-11;19;1502
50;2025-12-11;20;971
50;2025-12-11;21;662
50;2025-12-11;22;251
50;2025-12-11;23;153
50;2025-12-12;0;38
50;2025-12-12;1;1
50;2025-12-12;2;0
50;2025-12-12;3;0
50;2025-12-12;4;4
50;2025-12-12;5;71
50;2025-12-12;6;527
50;2025-12-12;7;1813
50;2025-12-12;8;2868
50;2025-12-12;9;2234
50;2025-12-12;10;1554
50;2025-12-12;11;1562
50;2025-12-12;12;1453
50;2025-12-12;13;1573
50;2025-12-12;14;1499
50;2025-12-12;15;1789
50;2025-12-12;16;2345
50;2025-12-12;17;2222
50;2025-12-12;18;1652
50;2025-12-12;19;1227
50;2025-12-12;20;887
50;2025-12-12;21;562
50;2025-12-12;22;279
50;2025-12-12;23;168
50;2025-12-13;0;53
50;2025-12-13;1;6
50;2025-12-13;2;0
50;2025-12-13;3;2
50;2025-12-13;4;0
50;2025-12-13;5;9
50;2025-12-13;6;11
50;2025-12-13;7;17
50;2025-12-13;8;34
50;2025-12-13;9;67
50;2025-12-13;10;25
50;2025-12-13;11;42
50;2025-12-13;12;76
50;2025-12-13;13;50
50;2025-12-13;14;62
50;2025-12-13;15;91
50;2025-12-13;16;58
50;2025-12-13;17;57
50;2025-12-13;18;14
50;2025-12-13;19;13
50;2025-12-13;20;9
50;2025-12-13;21;9
50;2025-12-13;22;9
50;2025-12-13;23;3
50;2025-12-14;0;2
50;2025-12-14;1;0
50;2025-12-14;2;0
50;2025-12-14;3;0
50;2025-12-14;4;0
50;2025-12-14;5;1
50;2025-12-14;6;3
50;2025-12-14;7;5
50;2025-12-14;8;11
50;2025-12-14;9;8
50;2025-12-14;10;23
50;2025-12-14;11;76
50;2025-12-14;12;58
50;2025-12-14;13;71
50;2025-12-14;14;120
50;2025-12-14;15;98
50;2025-12-14;16;115
50;2025-12-14;17;103
50;2025-12-14;18;61
50;2025-12-14;19;66
50;2025-12-14;20;48
50;2025-12-14;21;31
50;2025-12-14;22;36
50;2025-12-14;23;10
50;2025-12-15;0;9
50;2025-12-15;1;3
50;2025-12-15;2;2
50;2025-12-15;3;0
50;2025-12-15;4;4
50;2025-12-15;5;69
50;2025-12-15;6;534
50;2025-12-15;7;1746
50;2025-12-15;8;2901
50;2025-12-15;9;2337
50;2025-12-15;10;1683
50;2025-12-15;11;1485
50;2025-12-15;12;1353
50;2025-12-15;13;1516
50;2025-12-15;14;1430
50;2025-12-15;15;1700
50;2025-12-15;16;1656
50;2025-12-15;17;2352
50;2025-12-15;18;2577
50;2025-12-15;19;1316
50;2025-12-15;20;893
50;2025-12-15;21;648
50;2025-12-15;22;230
50;2025-12-15;23;123
50;2025-12-16;0;30
50;2025-12-16;1;2
50;2025-12-16;2;0
50;2025-12-16;3;0
50;2025-12-16;4;3
50;2025-12-16;5;78
50;2025-12-16;6;542
50;2025-12-16;7;1729
50;2025-12-16;8;2884
50;2025-12-16;9;2229
50;2025-12-16;10;1776
50;2025-12-16;11;1567
50;2025-12-16;12;1507
50;2025-12-16;13;1569
50;2025-12-16;14;1471
50;2025-12-16;15;1720
50;2025-12-16;16;1718
50;2025-12-16;17;2499
50;2025-12-16;18;2508
50;2025-12-16;19;1502
50;2025-12-16;20;971
50;2025-12-16;21;662
50;2025-12-16;22;251
50;2025-12-16;23;153
50;2025-12-17;0;30
50;2025-12-17;1;2
50;2025-12-17;2;0
50;2025-12-17;3;0
50;2025-12-17;4;3
50;2025-12-17;5;78
50;2025-12-17;6;542
50;2025-12-17;7;1729
50;2025-12-17;8;2884
50;2025-12-17;9;2229
50;2025-12-17;10;1776
50;2025-12-17;11;1567
50;2025-12-17;12;1507
50;2025-12-17;13;1569
50;2025-12-17;14;1471
50;2025-12-17;15;1720
50;2025-12-17;16;1718
50;2025-12-17;17;2499
50;2025-12-17;18;2508
50;2025-12-17;19;1502
50;2025-12-17;20;971
50;2025-12-17;21;662
50;2025-12-17;22;251
50;2025-12-17;23;153
50;2025-12-18;0;30
50;2025-12-18;1;2
50;2025-12-18;2;0
50;2025-12-18;3;0
50;2025-12-18;4;3
50;2025-12-18;5;78
50;2025-12-18;6;542
50;2025-12-18;7;1729
50;2025-12-18;8;2884
50;2025-12-18;9;2229
50;2025-12-18;10;1776
50;2025-12-18;11;1567
50;2025-12-18;12;1507
50;2025-12-18;13;1569
50;2025-12-18;14;1471
50;2025-12-18;15;1720
50;2025-12-18;16;1718
50;2025-12-18;17;2499
50;2025-12-18;18;2508
50;2025-12-18;19;1502
50;2025-12-18;20;971
50;2025-12-18;21;662
50;2025-12-18;22;251
50;2025-12-18;23;153
50;2025-12-19;0;38
50;2025-12-19;1;1
50;2025-12-19;2;0
50;2025-12-19;3;0
50;2025-12-19;4;4
50;2025-12-19;5;71
50;2025-12-19;6;527
50;2025-12-19;7;1813
50;2025-12-19;8;2868
50;2025-12-19;9;2234
50;2025-12-19;10;1554
50;2025-12-19;11;1562
50;2025-12-19;12;1453
50;2025-12-19;13;1573
50;2025-12-19;14;1499
50;2025-12-19;15;1789
50;2025-12-19;16;2345
50;2025-12-19;17;2222
50;2025-12-19;18;1652
50;2025-12-19;19;1227
50;2025-12-19;20;887
50;2025-12-19;21;562
50;2025-12-19;22;279
50;2025-12-19;23;168
50;2025-12-20;0;53
50;2025-12-20;1;6
50;2025-12-20;2;0
50;2025-12-20;3;2
50;2025-12-20;4;0
50;2025-12-20;5;9
50;2025-12-20;6;11
50;2025-12-20;7;17
50;2025-12-20;8;34
50;2025-12-20;9;67
50;2025-12-20;10;25
50;2025-12-20;11;42
50;2025-12-20;12;76
50;2025-12-20;13;50
50;2025-12-20;14;62
50;2025-12-20;15;91
50;2025-12-20;16;58
50;2025-12-20;17;57
50;2025-12-20;18;14
50;2025-12-20;19;13
50;2025-12-20;20;9
50;2025-12-20;21;9
50;2025-12-20;22;9
50;2025-12-20;23;3
50;2025-12-21;0;2
50;2025-12-21;1;0
50;2025-12-21;2;0
50;2025-12-21;3;0
50;2025-12-21;4;0
50;2025-12-21;5;1
50;2025-12-21;6;3
50;2025-12-21;7;5
50;2025-12-21;8;11
50;2025-12-21;9;8
50;2025-12-21;10;23
50;2025-12-21;11;76
50;2025-12-21;12;58
50;2025-12-21;13;71
50;2025-12-21;14;120
50;2025-12-21;15;98
50;2025-12-21;16;115
50;2025-12-21;17;103
50;2025-12-21;18;61
50;2025-12-21;19;66
50;2025-12-21;20;48
50;2025-12-21;21;31
50;2025-12-21;22;36
50;2025-12-21;23;10
50;2025-12-22;0;9
50;2025-12-22;1;3
50;2025-12-22;2;2
50;2025-12-22;3;0
50;2025-12-22;4;4
50;2025-12-22;5;69
50;2025-12-22;6;534
50;2025-12-22;7;1746
50;2025-12-22;8;2901
50;2025-12-22;9;2337
50;2025-12-22;10;1683
50;2025-12-22;11;1485
50;2025-12-22;12;1353
50;2025-12-22;13;1516
50;2025-12-22;14;1430
50;2025-12-22;15;1700
50;2025-12-22;16;1656
50;2025-12-22;17;2352
50;2025-12-22;18;2577
50;2025-12-22;19;1316
50;2025-12-22;20;893
50;2025-12-22;21;648
50;2025-12-22;22;230
50;2025-12-22;23;123
50;2025-12-23;0;30
50;2025-12-23;1;2
50;2025-12-23;2;0
50;2025-12-23;3;0
50;2025-12-23;4;3
50;2025-12-23;5;78
50;2025-12-23;6;542
50;2025-12-23;7;1729
50;2025-12-23;8;2884
50;2025-12-23;9;2229
50;2025-12-23;10;1776
50;2025-12-23;11;1567
50;2025-12-23;12;1507
50;2025-12-23;13;1569
50;2025-12-23;14;1471
50;2025-12-23;15;1720
50;2025-12-23;16;1718
50;2025-12-23;17;2499
50;2025-12-23;18;2508
50;2025-12-23;19;1502
50;2025-12-23;20;971
50;2025-12-23;21;662
50;2025-12-23;22;251
50;2025-12-23;23;153
50;2025-12-24;0;30
50;2025-12-24;1;2
50;2025-12-24;2;0
50;2025-12-24;3;0
50;2025-12-24;4;3
50;2025-12-24;5;78
50;2025-12-24;6;542
50;2025-12-24;7;1729
50;2025-12-24;8;2884
50;2025-12-24;9;2229
50;2025-12-24;10;1776
50;2025-12-24;11;1567
50;2025-12-24;12;1507
50;2025-12-24;13;1569
50;2025-12-24;14;1471
50;2025-12-24;15;1720
50;2025-12-24;16;1718
50;2025-12-24;17;2499
50;2025-12-24;18;2508
50;2025-12-24;19;1502
50;2025-12-24;20;971
50;2025-12-24;21;662
50;2025-12-24;22;251
50;2025-12-24;23;153
50;2025-12-25;0;30
50;2025-12-25;1;2
50;2025-12-25;2;0
50;2025-12-25;3;0
50;2025-12-25;4;3
50;2025-12-25;5;78
50;2025-12-25;6;542
50;2025-12-25;7;1729
50;2025-12-25;8;2884
50;2025-12-25;9;2229
50;2025-12-25;10;1776
50;2025-12-25;11;1567
50;2025-12-25;12;1507
50;2025-12-25;13;1569
50;2025-12-25;14;1471
50;2025-12-25;15;1720
50;2025-12-25;16;1718
50;2025-12-25;17;2499
50;2025-12-25;18;2508
50;2025-12-25;19;1502
50;2025-12-25;20;971
50;2025-12-25;21;662
50;2025-12-25;22;251
50;2025-12-25;23;153
50;2025-12-26;0;38
50;2025-12-26;1;1
50;2025-12-26;2;0
50;2025-12-26;3;0
50;2025-12-26;4;4
50;2025-12-26;5;71
50;2025-12-26;6;527
50;2025-12-26;7;1813
50;2025-12-26;8;2868
50;2025-12-26;9;2234
50;2025-12-26;10;1554
50;2025-12-26;11;1562
50;2025-12-26;12;1453
50;2025-12-26;13;1573
50;2025-12-26;14;1499
50;2025-12-26;15;1789
50;2025-12-26;16;2345
50;2025-12-26;17;2222
50;2025-12-26;18;1652
50;2025-12-26;19;1227
50;2025-12-26;20;887
50;2025-12-26;21;562
50;2025-12-26;22;279
50;2025-12-26;23;168
50;2025-12-27;0;53
50;2025-12-27;1;6
50;2025-12-27;2;0
50;2025-12-27;3;2
50;2025-12-27;4;0
50;2025-12-27;5;9
50;2025-12-27;6;11
50;2025-12-27;7;17
50;2025-12-27;8;34
50;2025-12-27;9;67
50;2025-12-27;10;25
50;2025-12-27;11;42
50;2025-12-27;12;76
50;2025-12-27;13;50
50;2025-12-27;14;62
50;2025-12-27;15;91
50;2025-12-27;16;58
50;2025-12-27;17;57
50;2025-12-27;18;14
50;2025-12-27;19;13
50;2025-12-27;20;9
50;2025-12-27;21;9
50;2025-12-27;22;9
50;2025-12-27;23;3
50;2025-12-28;0;2
50;2025-12-28;1;0
50;2025-12-28;2;0
50;2025-12-28;3;0
50;2025-12-28;4;0
50;2025-12-28;5;1
50;2025-12-28;6;3
50;2025-12-28;7;5
50;2025-12-28;8;11
50;2025-12-28;9;8
50;2025-12-28;10;23
50;2025-12-28;11;76
50;2025-12-28;12;58
50;2025-12-28;13;71
50;2025-12-28;14;120
50;2025-12-28;15;98
50;2025-12-28;16;115
50;2025-12-28;17;103
50;2025-12-28;18;61
50;2025-12-28;19;66
50;2025-12-28;20;48
50;2025-12-28;21;31
50;2025-12-28;22;36
50;2025-12-28;23;10
50;2025-12-29;0;32
50;2025-12-29;1;1
50;2025-12-29;2;0
50;2025-12-29;3;0
50;2025-12-29;4;3
50;2025-12-29;5;61
50;2025-12-29;6;453
50;2025-12-29;7;1560
50;2025-12-29;8;2467
50;2025-12-29;9;1922
50;2025-12-29;10;1336
50;2025-12-29;11;1344
50;2025-12-29;12;1249
50;2025-12-29;13;1353
50;2025-12-29;14;1289
50;2025-12-29;15;1539
50;2025-12-29;16;2016
50;2025-12-29;17;1911
50;2025-12-29;18;1421
50;2025-12-29;19;1055
50;2025-12-29;20;762
50;2025-12-29;21;483
50;2025-12-29;22;240
50;2025-12-29;23;144
50;2025-12-30;0;32
50;2025-12-30;1;1
50;2025-12-30;2;0
50;2025-12-30;3;0
50;2025-12-30;4;3
50;2025-12-30;5;61
50;2025-12-30;6;453
50;2025-12-30;7;1560
50;2025-12-30;8;2467
50;2025-12-30;9;1922
50;2025-12-30;10;1336
50;2025-12-30;11;1344
50;2025-12-30;12;1249
50;2025-12-30;13;1353
50;2025-12-30;14;1289
50;2025-12-30;15;1539
50;2025-12-30;16;2016
50;2025-12-30;17;1911
50;2025-12-30;18;1421
50;2025-12-30;19;1055
50;2025-12-30;20;762
50;2025-12-30;21;483
50;2025-12-30;22;240
50;2025-12-30;23;144
50;2025-12-31;0;45
50;2025-12-31;1;5
50;2025-12-31;2;0
50;2025-12-31;3;2
50;2025-12-31;4;0
50;2025-12-31;5;7
50;2025-12-31;6;9
50;2025-12-31;7;15
50;2025-12-31;8;29
50;2025-12-31;9;57
50;2025-12-31;10;21
50;2025-12-31;11;36
50;2025-12-31;12;65
50;2025-12-31;13;43
50;2025-12-31;14;53
50;2025-12-31;15;77
50;2025-12-31;16;49
50;2025-12-31;17;48
50;2025-12-31;18;12
50;2025-12-31;19;6
50;2025-12-31;20;4
50;2025-12-31;21;4
50;2025-12-31;22;4
50;2025-12-31;23;1
